state,protocol,fold,train_domain,eval_domain,kind,tile,n_pos,n_neg,auc,ap,bfe,panel_scale,elev,hand,imperv,water
VT,band,0,A,A,ID,35_51,139,42,0.8835217540253512,0.9458490216465252,0.632824558747173,24000.0,29.56999969482422,0.0,0.0,0.7277777777804377
VT,band,0,A,A,ID,36_49,738,660,0.9853781719635378,0.9837599854550119,1.2456999735442347,6000.0,292.9557800292969,8.050003051757812,0.0,0.0
VT,band,0,A,A,ID,36_51,402,643,0.989500398474192,0.9842913004859825,2.7378647473443487,6000.0,289.32427978515625,23.399993896484375,0.0,0.0
VT,band,0,A,A,ID,37_48,570,636,0.9901550259296038,0.9903575519020372,2.0980755805239,12000.0,452.94000244140625,13.699989318847656,0.0,0.0
VT,band,0,A,AE,OOD,35_51,413,71,0.9658970773795315,0.9920227441626945,0.632824558747173,24000.0,29.56999969482422,0.0,0.0,0.8244444444461272
VT,band,0,A,AE,OOD,36_49,367,604,0.9901474276846455,0.974759650343076,1.2456999735442347,12000.0,331.9808044433594,22.29998779296875,0.0,0.0
VT,band,0,A,AE,OOD,36_51,568,846,0.9923833782838877,0.9887356440491616,2.7378647473443487,6000.0,298.05999755859375,21.099998474121094,0.0,0.0
VT,band,0,A,AE,OOD,37_48,264,317,0.9887917025141,0.9874227341583168,2.0980755805239,12000.0,459.6463317871094,12.70001220703125,0.0,0.0
VT,band,0,AE,A,OOD,35_51,139,42,0.8823227132579652,0.9495817235511923,0.632824558747173,24000.0,29.56999969482422,0.0,0.0,0.7277777777804377
VT,band,0,AE,A,OOD,36_49,738,660,0.9848443787468177,0.9813946616273298,1.2456999735442347,6000.0,292.9557800292969,8.050003051757812,0.0,0.0
VT,band,0,AE,A,OOD,36_51,402,643,0.9899762462957375,0.9824869044464072,2.7378647473443487,6000.0,289.32427978515625,23.399993896484375,0.0,0.0
VT,band,0,AE,A,OOD,37_48,570,636,0.9888999227628821,0.9885095117025166,2.0980755805239,12000.0,452.94000244140625,13.699989318847656,0.0,0.0
VT,band,0,AE,AE,ID,35_51,413,71,0.9519830849503803,0.9899105093277353,0.632824558747173,24000.0,29.56999969482422,0.0,0.0,0.8244444444461272
VT,band,0,AE,AE,ID,36_49,367,604,0.9882978147499865,0.9726207338431652,1.2456999735442347,12000.0,331.9808044433594,22.29998779296875,0.0,0.0
VT,band,0,AE,AE,ID,36_51,568,846,0.9941106449572136,0.9914515820323875,2.7378647473443487,6000.0,298.05999755859375,21.099998474121094,0.0,0.0
VT,band,0,AE,AE,ID,37_48,264,317,0.9873339068922665,0.9851671030397825,2.0980755805239,12000.0,459.6463317871094,12.70001220703125,0.0,0.0
VT,band,1,A,A,ID,36_48,211,280,0.9899289099526067,0.9849822145035743,2.966575696441484,6000.0,297.4963684082031,11.0,0.0,0.0
VT,band,1,A,A,ID,36_50,1469,1150,0.9894243348033268,0.9911771681390078,1.2456999735442347,12000.0,203.10137939453125,6.3000030517578125,0.0,0.0
VT,band,1,A,A,ID,37_51,222,250,0.9673873873873874,0.9606437147662609,0.8394054991673486,12000.0,267.01953125,9.900009155273438,0.0,0.0
VT,band,1,A,A,ID,37_52,405,397,0.9500699692135461,0.9423326932348716,2.7378647473443487,12000.0,374.4640350341797,10.149993896484375,0.0,0.0
VT,band,1,A,AE,OOD,36_48,183,399,0.9894682060342113,0.9755826706359811,2.966575696441484,6000.0,328.5121612548828,22.399993896484375,0.0,0.0
VT,band,1,A,AE,OOD,36_50,755,734,0.9882202212317519,0.9892107170483213,1.2456999735442347,12000.0,229.01193237304688,8.5,0.0,0.0
VT,band,1,A,AE,OOD,37_51,299,250,0.9622207357859531,0.964232364593834,0.8394054991673486,12000.0,269.3572998046875,7.6999969482421875,0.0,0.0
VT,band,1,A,AE,OOD,37_52,117,139,0.9316854208940539,0.9311145532612046,2.7378647473443487,12000.0,374.6499938964844,16.300003051757812,0.0,0.0
VT,band,1,AE,A,OOD,36_48,211,280,0.9907921462423832,0.9879322842121949,2.966575696441484,6000.0,297.4963684082031,11.0,0.0,0.0
VT,band,1,AE,A,OOD,36_50,1469,1150,0.9883073371415042,0.9894291551149957,1.2456999735442347,12000.0,203.10137939453125,6.3000030517578125,0.0,0.0
VT,band,1,AE,A,OOD,37_51,222,250,0.960954954954955,0.9520829768941609,0.8394054991673486,12000.0,267.01953125,9.900009155273438,0.0,0.0
VT,band,1,AE,A,OOD,37_52,405,397,0.946835836676307,0.9364366017667968,2.7378647473443487,12000.0,374.4640350341797,10.149993896484375,0.0,0.0
VT,band,1,AE,AE,ID,36_48,183,399,0.988838215757974,0.9698373157324287,2.966575696441484,6000.0,328.5121612548828,22.399993896484375,0.0,0.0
VT,band,1,AE,AE,ID,36_50,755,734,0.9888102928704188,0.9900838310043403,1.2456999735442347,12000.0,229.01193237304688,8.5,0.0,0.0
VT,band,1,AE,AE,ID,37_51,299,250,0.9560267558528428,0.9578111040521136,0.8394054991673486,12000.0,269.3572998046875,7.6999969482421875,0.0,0.0
VT,band,1,AE,AE,ID,37_52,117,139,0.9404168972514296,0.9423729283058788,2.7378647473443487,12000.0,374.6499938964844,16.300003051757812,0.0,0.0
VT,band,2,A,A,ID,36_52,402,530,0.982497887918896,0.9729731485197594,0.632824558747173,6000.0,250.21517944335938,12.25,0.0,0.0
VT,band,2,A,A,ID,36_53,29,37,0.9794967381174278,0.9713853677273447,8.058741670771274,12000.0,267.219482421875,10.800010681152344,0.0,0.0
VT,band,2,A,A,ID,37_50,494,705,0.9908002411921785,0.9844659561266949,3.899178062337426,6000.0,311.4225158691406,18.899993896484375,0.0,0.0
VT,band,2,A,AE,OOD,36_52,511,757,0.9779203623325157,0.963107217504666,0.632824558747173,6000.0,250.2450408935547,12.700008392333984,0.0,0.0
VT,band,2,A,AE,OOD,36_53,43,120,0.9841085271317829,0.9452403231617732,8.058741670771274,12000.0,299.3232727050781,35.0,0.0,0.0
VT,band,2,A,AE,OOD,37_50,705,866,0.9868491310828297,0.9834695386230985,3.899178062337426,6000.0,302.4149169921875,14.0,0.0,0.0
VT,band,2,AE,A,OOD,36_52,402,530,0.9814747019618888,0.9702272671467033,0.632824558747173,6000.0,250.21517944335938,12.25,0.0,0.0
VT,band,2,AE,A,OOD,36_53,29,37,0.9813606710158435,0.972749135764994,8.058741670771274,12000.0,267.219482421875,10.800010681152344,0.0,0.0
VT,band,2,AE,A,OOD,37_50,494,705,0.9908461825595085,0.985944492600016,3.899178062337426,6000.0,311.4225158691406,18.899993896484375,0.0,0.0
VT,band,2,AE,AE,ID,36_52,511,757,0.975953074630261,0.957265597948504,0.632824558747173,6000.0,250.2450408935547,12.700008392333984,0.0,0.0
VT,band,2,AE,AE,ID,36_53,43,120,0.9864341085271318,0.9504546394541593,8.058741670771274,12000.0,299.3232727050781,35.0,0.0,0.0
VT,band,2,AE,AE,ID,37_50,705,866,0.990182300624048,0.9874769798902189,3.899178062337426,6000.0,302.4149169921875,14.0,0.0,0.0
VT,band,3,A,A,ID,35_52,222,129,0.9839025071583212,0.9902483587564799,0.632824558747173,6000.0,56.29670715332031,2.0,0.0,0.027777777777525516
VT,band,3,A,A,ID,37_49,693,855,0.987718454385121,0.9848901833463055,2.0980755805239,6000.0,337.20330810546875,15.850006103515625,0.0,0.0
VT,band,3,A,AE,OOD,35_52,950,262,0.9627119325030131,0.9858893209139261,0.632824558747173,6000.0,31.477102279663086,0.4499998092651367,0.0,0.11000000000029249
VT,band,3,A,AE,OOD,37_49,918,992,0.985963964438822,0.9854379337362942,2.0980755805239,6000.0,315.317138671875,14.29998779296875,0.0,0.0
VT,band,3,AE,A,OOD,35_52,222,129,0.9746839863118932,0.9849676794773122,0.632824558747173,6000.0,56.29670715332031,2.0,0.0,0.027777777777525516
VT,band,3,AE,A,OOD,37_49,693,855,0.9861910668928213,0.9813763853229976,2.0980755805239,6000.0,337.20330810546875,15.850006103515625,0.0,0.0
VT,band,3,AE,AE,ID,35_52,950,262,0.957127360385697,0.9862267125715429,0.632824558747173,6000.0,31.477102279663086,0.4499998092651367,0.0,0.11000000000029249
VT,band,3,AE,AE,ID,37_49,918,992,0.9852534875957552,0.9846021732263434,2.0980755805239,6000.0,315.317138671875,14.29998779296875,0.0,0.0
VT,shadedX,0,A,A,ID,36_49,738,66,0.7563439270756345,0.9673482425510412,1.2456999735442347,6000.0,212.06592559814453,0.9000091552734375,0.0,0.0
VT,shadedX,0,A,A,ID,36_51,402,148,0.8163069786204115,0.919348403130477,2.7378647473443487,6000.0,163.85140991210938,2.1000022888183594,0.0,0.0
VT,shadedX,0,A,A,ID,37_48,570,53,0.7541211519364449,0.9689419012289191,2.0980755805239,12000.0,376.9096984863281,0.0,0.0,0.030000000000024646
VT,shadedX,0,A,AE,OOD,36_49,367,58,0.804942215540731,0.9597399959135232,1.2456999735442347,12000.0,204.11477661132812,1.3000030517578125,0.0,0.0
VT,shadedX,0,A,AE,OOD,36_51,568,124,0.8161489095865516,0.9486203986339277,2.7378647473443487,6000.0,176.23644256591797,1.7000007629394531,0.0,0.0
VT,shadedX,0,A,AE,OOD,37_48,264,56,0.7742830086580087,0.9312314657913631,2.0980755805239,12000.0,404.76109313964844,0.5,0.0,0.0077777777773372836
VT,shadedX,0,AE,A,OOD,36_49,738,66,0.7937710437710437,0.9737167260399515,1.2456999735442347,6000.0,212.06592559814453,0.9000091552734375,0.0,0.0
VT,shadedX,0,AE,A,OOD,36_51,402,148,0.8279212047868765,0.9248614684134104,2.7378647473443487,6000.0,163.85140991210938,2.1000022888183594,0.0,0.0
VT,shadedX,0,AE,A,OOD,37_48,570,53,0.7369745117510758,0.9626001140965901,2.0980755805239,12000.0,376.9096984863281,0.0,0.0,0.030000000000024646
VT,shadedX,0,AE,AE,ID,36_49,367,58,0.759184440477309,0.9474790577412657,1.2456999735442347,12000.0,204.11477661132812,1.3000030517578125,0.0,0.0
VT,shadedX,0,AE,AE,ID,36_51,568,124,0.8485773512039981,0.9627812275381645,2.7378647473443487,6000.0,176.23644256591797,1.7000007629394531,0.0,0.0
VT,shadedX,0,AE,AE,ID,37_48,264,56,0.7245670995670995,0.9135407847867957,2.0980755805239,12000.0,404.76109313964844,0.5,0.0,0.0077777777773372836
VT,shadedX,1,A,A,ID,36_48,211,33,0.8458997558523625,0.9676747382774378,2.966575696441484,6000.0,227.94055938720703,2.0,0.0,0.0011111111110979888
VT,shadedX,1,A,A,ID,36_50,1469,111,0.7301222256974469,0.9709810575615583,1.2456999735442347,12000.0,149.8724365234375,2.0,0.0,0.0
VT,shadedX,1,A,A,ID,37_51,222,46,0.6170191931061496,0.869333285312052,0.8394054991673486,12000.0,205.3835220336914,2.450000762939453,0.0,0.0
VT,shadedX,1,A,A,ID,37_52,405,26,0.868471035137702,0.9899106627101832,2.7378647473443487,12000.0,321.12457275390625,0.9000244140625,0.0,0.0
VT,shadedX,1,A,AE,OOD,36_48,183,37,0.9042977403633141,0.9806931103309895,2.966575696441484,6000.0,228.37808227539062,1.7500076293945312,0.0,0.0005555555555414153
VT,shadedX,1,A,AE,OOD,36_50,755,113,0.7700521596436734,0.9519247257172152,1.2456999735442347,12000.0,161.34817504882812,1.899993896484375,0.0,0.0
VT,shadedX,1,A,AE,OOD,37_51,299,46,0.5562745383161262,0.8932649701147028,0.8394054991673486,12000.0,206.0107421875,2.0999984741210938,0.0,0.0
VT,shadedX,1,A,AE,OOD,37_52,117,27,0.8670465337132004,0.9678098153458841,2.7378647473443487,12000.0,294.12083435058594,1.9499969482421875,0.0,0.0
VT,shadedX,1,AE,A,OOD,36_48,211,33,0.8392934080137872,0.969143484316944,2.966575696441484,6000.0,227.94055938720703,2.0,0.0,0.0011111111110979888
VT,shadedX,1,AE,A,OOD,36_50,1469,111,0.7528992573240361,0.9753623696386446,1.2456999735442347,12000.0,149.8724365234375,2.0,0.0,0.0
VT,shadedX,1,AE,A,OOD,37_51,222,46,0.5547395221308266,0.81685811001953,0.8394054991673486,12000.0,205.3835220336914,2.450000762939453,0.0,0.0
VT,shadedX,1,AE,A,OOD,37_52,405,26,0.915764482431149,0.993993335459185,2.7378647473443487,12000.0,321.12457275390625,0.9000244140625,0.0,0.0
VT,shadedX,1,AE,AE,ID,36_48,183,37,0.8780091566976813,0.9701282888351888,2.966575696441484,6000.0,228.37808227539062,1.7500076293945312,0.0,0.0005555555555414153
VT,shadedX,1,AE,AE,ID,36_50,755,113,0.7691965070620641,0.9562287936901313,1.2456999735442347,12000.0,161.34817504882812,1.899993896484375,0.0,0.0
VT,shadedX,1,AE,AE,ID,37_51,299,46,0.5109059182783191,0.8389509070327923,0.8394054991673486,12000.0,206.0107421875,2.0999984741210938,0.0,0.0
VT,shadedX,1,AE,AE,ID,37_52,117,27,0.9012345679012346,0.9771833339857012,2.7378647473443487,12000.0,294.12083435058594,1.9499969482421875,0.0,0.0
VT,shadedX,2,A,A,ID,36_52,402,95,0.7923016496465042,0.9393606011127613,0.632824558747173,6000.0,196.28245544433594,2.0,0.0,0.0
VT,shadedX,2,A,A,ID,37_50,494,165,0.7625199362041468,0.9117557367094262,3.899178062337426,6000.0,182.57752990722656,2.899993896484375,0.0,0.008888888888450429
VT,shadedX,2,A,AE,OOD,36_52,511,114,0.7682047584715213,0.9217772858954547,0.632824558747173,6000.0,198.77561950683594,2.0999908447265625,0.0,0.0
VT,shadedX,2,A,AE,OOD,37_50,705,139,0.800877595795704,0.9531167115535385,3.899178062337426,6000.0,185.52005004882812,1.6999969482421875,0.0,0.0022222222221959776
VT,shadedX,2,AE,A,OOD,36_52,402,95,0.7924325739722441,0.9399240239928432,0.632824558747173,6000.0,196.28245544433594,2.0,0.0,0.0
VT,shadedX,2,AE,A,OOD,37_50,494,165,0.7631824316034842,0.9069281475755118,3.899178062337426,6000.0,182.57752990722656,2.899993896484375,0.0,0.008888888888450429
VT,shadedX,2,AE,AE,ID,36_52,511,114,0.8169911079067531,0.9467020261359997,0.632824558747173,6000.0,198.77561950683594,2.0999908447265625,0.0,0.0
VT,shadedX,2,AE,AE,ID,37_50,705,139,0.8045104342058269,0.9536834059505588,3.899178062337426,6000.0,185.52005004882812,1.6999969482421875,0.0,0.0022222222221959776
VT,shadedX,3,A,A,ID,35_52,222,109,0.9018100669476816,0.9535541844048527,0.632824558747173,6000.0,34.43815994262695,0.7999992370605469,0.0,0.0966666666666922
VT,shadedX,3,A,A,ID,37_49,693,200,0.7425468975468975,0.8972594882510906,2.0980755805239,6000.0,244.0197296142578,2.0,0.0,0.0
VT,shadedX,3,A,AE,OOD,35_52,950,108,0.9017446393762183,0.9874317828271084,0.632824558747173,6000.0,30.864272117614746,0.0,0.0,0.13166666666692312
VT,shadedX,3,A,AE,OOD,37_49,918,225,0.7144855967078189,0.9020843379248003,2.0980755805239,6000.0,216.56224060058594,3.0,0.0,0.0
VT,shadedX,3,AE,A,OOD,35_52,222,109,0.9074716918753617,0.9524020951916061,0.632824558747173,6000.0,34.43815994262695,0.7999992370605469,0.0,0.0966666666666922
VT,shadedX,3,AE,A,OOD,37_49,693,200,0.7502741702741702,0.8992206579826177,2.0980755805239,6000.0,244.0197296142578,2.0,0.0,0.0
VT,shadedX,3,AE,AE,ID,35_52,950,108,0.9012573099415208,0.9875600750770617,0.632824558747173,6000.0,30.864272117614746,0.0,0.0,0.13166666666692312
VT,shadedX,3,AE,AE,ID,37_49,918,225,0.6955071411280562,0.8908407865616366,2.0980755805239,6000.0,216.56224060058594,3.0,0.0,0.0
CO,band,0,A,A,ID,-11_33,452,173,0.9690649138063329,0.986782673569379,0.5340172771990488,12000.0,1060.7296142578125,1.300048828125,0.0,0.0
CO,band,0,A,A,ID,-14_36,473,277,0.9708748979171277,0.9828584853142204,1.8972700132404465,24000.0,1761.2210083007812,2.5,0.0,0.0
CO,band,0,A,A,ID,-14_37,419,233,0.9913241214008419,0.9951304850882084,2.618682738577198,24000.0,1585.0201416015625,2.10003662109375,0.0,0.0
CO,band,0,A,A,ID,-15_32,87,56,0.9819376026272577,0.9841051738309703,0.26492988682649626,24000.0,1797.51220703125,3.0999755859375,0.0,0.0
CO,band,0,A,A,ID,-15_34,640,566,0.9881018109540636,0.9897418254664081,0.6992865332940402,12000.0,1447.8450317382812,2.699951171875,0.0,0.0
CO,band,0,A,A,ID,-15_37,414,414,0.9852738687017201,0.9795180686664932,2.618682738577198,12000.0,1720.4225463867188,3.699951171875,0.0,0.0
CO,band,0,A,A,ID,-15_38,568,282,0.9773686444910598,0.9879895104533063,0.4985742665666153,12000.0,1513.8509521484375,1.9000244140625,0.0,0.0
CO,band,0,A,A,ID,-16_34,522,435,0.9896992116968336,0.9909924931573381,0.6992865332940402,12000.0,1578.298583984375,4.0,0.0,0.0
CO,band,0,A,A,ID,-16_36,84,311,0.9893201653651814,0.9503230040401554,1.8972700132404465,6000.0,2232.51806640625,28.0,0.0,0.0
CO,band,0,A,A,ID,-18_37,100,211,0.9929857819905213,0.984646485442546,1.4738408079160736,6000.0,2954.24853515625,41.10009765625,0.0,0.0
CO,band,0,A,A,ID,-19_37,72,216,0.9949845679012346,0.9816879981434166,2.742322162871958,6000.0,2453.02099609375,44.550048828125,0.0,0.0
CO,band,0,A,A,ID,-20_32,111,292,0.9937985931136616,0.9632456186395774,0.8200771853291582,12000.0,2218.86083984375,31.39990234375,0.0,0.0
CO,band,0,A,A,ID,-20_36,52,118,1.0,1.0,2.9405562386278166,12000.0,2094.106201171875,35.550048828125,0.0,0.0
CO,band,0,A,A,ID,-20_38,49,84,1.0,1.0,0.019068590551404925,12000.0,2263.533203125,21.0999755859375,0.0,0.0
CO,band,0,A,AE,OOD,-11_33,336,40,0.9661458333333334,0.9955300889913936,0.5340172771990488,12000.0,1056.0014038085938,1.0,0.0,0.0
CO,band,0,A,AE,OOD,-14_36,41,66,0.9168514412416852,0.900124413345581,1.8972700132404465,24000.0,1745.984375,4.0,0.0,0.0
CO,band,0,A,AE,OOD,-15_32,56,75,0.9833333333333333,0.9795387349454018,0.26492988682649626,24000.0,1804.202880859375,4.0999755859375,0.0,0.0
CO,band,0,A,AE,OOD,-15_34,558,647,0.985826505570236,0.9868580544368792,0.6992865332940402,12000.0,1453.62548828125,3.4000244140625,0.0,0.0
CO,band,0,A,AE,OOD,-15_37,689,934,0.9887168506012189,0.9855690041763766,2.618682738577198,12000.0,1714.9801025390625,4.5999755859375,0.0,0.0
CO,band,0,A,AE,OOD,-15_38,1082,738,0.9834342705719109,0.9886295092193441,0.4985742665666153,12000.0,1517.80126953125,2.0999755859375,0.0,0.0
CO,band,0,A,AE,OOD,-16_34,244,215,0.9858940144872284,0.9890229090834396,0.6992865332940402,12000.0,1584.3172607421875,3.89990234375,0.0,0.0
CO,band,0,A,AE,OOD,-16_36,99,305,0.9916873654578573,0.9744459653206498,1.8972700132404465,6000.0,2227.36669921875,25.1500244140625,0.0,0.0
CO,band,0,A,AE,OOD,-18_37,54,224,0.9950396825396826,0.9783928419718582,1.4738408079160736,6000.0,2990.10986328125,60.599853515625,0.0,0.0
CO,band,0,A,AE,OOD,-19_37,77,277,0.9973275821651273,0.9875795786784678,2.742322162871958,6000.0,2475.89794921875,64.0,0.0,0.0
CO,band,0,A,AE,OOD,-19_38,93,144,0.9981332138590203,0.9974960297540942,3.8036216647881775,6000.0,2127.780517578125,18.300048828125,0.0,0.0
CO,band,0,A,AE,OOD,-20_32,40,141,0.9968085106382979,0.9892951560498267,0.8200771853291582,12000.0,2226.931640625,35.900146484375,0.0,0.0
CO,band,0,A,AE,OOD,-20_36,45,162,0.9987654320987654,0.9952199772852349,2.742322162871958,24000.0,2267.1630859375,45.199951171875,0.0,0.0
CO,band,0,AE,A,OOD,-11_33,452,173,0.9750754514297406,0.9901022672134041,0.5340172771990488,12000.0,1060.7296142578125,1.300048828125,0.0,0.0
CO,band,0,AE,A,OOD,-14_36,473,277,0.9683485853412812,0.9801171365160981,1.8972700132404465,24000.0,1761.2210083007812,2.5,0.0,0.0
CO,band,0,AE,A,OOD,-14_37,419,233,0.9918772470730434,0.9954212178723323,2.618682738577198,24000.0,1585.0201416015625,2.10003662109375,0.0,0.0
CO,band,0,AE,A,OOD,-15_32,87,56,0.9872742200328407,0.9897411182327632,0.26492988682649626,24000.0,1797.51220703125,3.0999755859375,0.0,0.0
CO,band,0,AE,A,OOD,-15_34,640,566,0.9876214664310955,0.988774370381735,0.6992865332940402,12000.0,1447.8450317382812,2.699951171875,0.0,0.0
CO,band,0,AE,A,OOD,-15_37,414,414,0.9845387290251815,0.974703512419735,2.618682738577198,12000.0,1720.4225463867188,3.699951171875,0.0,0.0
CO,band,0,AE,A,OOD,-15_38,568,282,0.9654942063729897,0.9794648483956017,0.4985742665666153,12000.0,1513.8509521484375,1.9000244140625,0.0,0.0
CO,band,0,AE,A,OOD,-16_34,522,435,0.9886290571189502,0.9907725310029322,0.6992865332940402,12000.0,1578.298583984375,4.0,0.0,0.0
CO,band,0,AE,A,OOD,-16_36,84,311,0.9905833716123106,0.9590248971492722,1.8972700132404465,6000.0,2232.51806640625,28.0,0.0,0.0
CO,band,0,AE,A,OOD,-18_37,100,211,0.9897156398104265,0.9754231070246758,1.4738408079160736,6000.0,2954.24853515625,41.10009765625,0.0,0.0
CO,band,0,AE,A,OOD,-19_37,72,216,0.9985210905349795,0.9952964341629139,2.742322162871958,6000.0,2453.02099609375,44.550048828125,0.0,0.0
CO,band,0,AE,A,OOD,-20_32,111,292,0.9940762680488707,0.9747768563116609,0.8200771853291582,12000.0,2218.86083984375,31.39990234375,0.0,0.0
CO,band,0,AE,A,OOD,-20_36,52,118,1.0,1.0,2.9405562386278166,12000.0,2094.106201171875,35.550048828125,0.0,0.0
CO,band,0,AE,A,OOD,-20_38,49,84,0.9990281827016521,0.9984061128375998,0.019068590551404925,12000.0,2263.533203125,21.0999755859375,0.0,0.0
CO,band,0,AE,AE,ID,-11_33,336,40,0.9592261904761905,0.9940485996623775,0.5340172771990488,12000.0,1056.0014038085938,1.0,0.0,0.0
CO,band,0,AE,AE,ID,-14_36,41,66,0.9301552106430155,0.8996069607388724,1.8972700132404465,24000.0,1745.984375,4.0,0.0,0.0
CO,band,0,AE,AE,ID,-15_32,56,75,0.9883333333333333,0.9835531042218251,0.26492988682649626,24000.0,1804.202880859375,4.0999755859375,0.0,0.0
CO,band,0,AE,AE,ID,-15_34,558,647,0.9864054112446196,0.9869351161240805,0.6992865332940402,12000.0,1453.62548828125,3.4000244140625,0.0,0.0
CO,band,0,AE,AE,ID,-15_37,689,934,0.9863533097341832,0.974817547298654,2.618682738577198,12000.0,1714.9801025390625,4.5999755859375,0.0,0.0
CO,band,0,AE,AE,ID,-15_38,1082,738,0.9725202751103297,0.9798138550323716,0.4985742665666153,12000.0,1517.80126953125,2.0999755859375,0.0,0.0
CO,band,0,AE,AE,ID,-16_34,244,215,0.9866183759054518,0.9896463804193101,0.6992865332940402,12000.0,1584.3172607421875,3.89990234375,0.0,0.0
CO,band,0,AE,AE,ID,-16_36,99,305,0.9892035105149859,0.9540694039877502,1.8972700132404465,6000.0,2227.36669921875,25.1500244140625,0.0,0.0
CO,band,0,AE,AE,ID,-18_37,54,224,0.9923115079365079,0.9682797852948277,1.4738408079160736,6000.0,2990.10986328125,60.599853515625,0.0,0.0
CO,band,0,AE,AE,ID,-19_37,77,277,0.999484270242393,0.9982147163918667,2.742322162871958,6000.0,2475.89794921875,64.0,0.0,0.0
CO,band,0,AE,AE,ID,-19_38,93,144,0.9978345280764636,0.996987391275763,3.8036216647881775,6000.0,2127.780517578125,18.300048828125,0.0,0.0
CO,band,0,AE,AE,ID,-20_32,40,141,0.9962765957446809,0.9878439885798223,0.8200771853291582,12000.0,2226.931640625,35.900146484375,0.0,0.0
CO,band,0,AE,AE,ID,-20_36,45,162,0.999039780521262,0.9964675940421267,2.742322162871958,24000.0,2267.1630859375,45.199951171875,0.0,0.0
CO,band,1,A,A,ID,-12_33,595,184,0.9814943368651808,0.9934750993956397,0.5340172771990488,24000.0,1108.7255859375,1.4000244140625,0.0,0.0
CO,band,1,A,A,ID,-15_39,407,244,0.9742417529302774,0.98552646177877,0.4985742665666153,6000.0,1436.5732421875,1.800048828125,0.0,0.0011111111111434635
CO,band,1,A,A,ID,-16_38,202,428,0.9753169242157861,0.9466905608975698,4.290055092091757,6000.0,1581.6696166992188,6.1500244140625,0.0,0.0
CO,band,1,A,A,ID,-17_38,72,203,0.9857006020799125,0.9710116275092907,1.3987375165414402,12000.0,2685.19775390625,41.099853515625,0.0,0.0
CO,band,1,A,A,ID,-18_33,225,90,0.9275555555555556,0.9693360055062209,0.5694834414531335,12000.0,2338.830810546875,1.0,0.0,0.001111111111113147
CO,band,1,A,A,ID,-18_35,83,188,0.9471930274288645,0.930076545211887,2.2244754223515697,12000.0,2529.8193359375,21.89990234375,0.0,0.0
CO,band,1,A,A,ID,-18_36,206,195,0.9873039581777446,0.9881185643684826,2.2244754223515697,24000.0,2944.583251953125,8.0,0.0,0.0
CO,band,1,A,A,ID,-19_35,269,133,0.9950526874807837,0.9975680844198915,2.0466789510249295,24000.0,2439.034912109375,2.550048828125,0.0,0.0
CO,band,1,A,A,ID,-20_34,113,245,0.9912588044067184,0.9816569274335377,2.0466789510249295,24000.0,3117.141845703125,40.7498779296875,0.0,0.0
CO,band,1,A,A,ID,-21_36,73,145,0.9989607935758148,0.997873584545582,2.9405562386278166,6000.0,1569.6842651367188,5.5,0.0,0.0
CO,band,1,A,A,ID,-22_33,156,178,0.9970109478536445,0.9964215432970257,0.9579615443391074,12000.0,2261.4735107421875,7.0,0.0,0.0
CO,band,1,A,AE,OOD,-11_40,631,279,0.9669751035223149,0.9839652630216607,,12000.0,1081.8193359375,1.0,0.0,0.0
CO,band,1,A,AE,OOD,-12_33,305,118,0.986273964990275,0.9942041369109564,0.5340172771990488,24000.0,1110.6583251953125,1.5,0.0,0.0
CO,band,1,A,AE,OOD,-15_39,1489,1291,0.9838667137630515,0.9865106614868947,0.4985742665666153,6000.0,1438.5918579101562,2.199951171875,0.0,0.0
CO,band,1,A,AE,OOD,-16_38,1410,1511,0.9759991739067172,0.9750470258084121,4.290055092091757,6000.0,1567.8399658203125,4.0999755859375,0.0,0.0022222222221959776
CO,band,1,A,AE,OOD,-17_38,26,128,0.9876802884615384,0.9304488669495605,2.421443100951171,24000.0,2708.516845703125,56.4000244140625,0.0,0.0
CO,band,1,A,AE,OOD,-18_33,150,37,0.9045045045045045,0.9732933038368732,0.5694834414531335,12000.0,2336.87939453125,1.199951171875,0.0,0.0033333333334000744
CO,band,1,A,AE,OOD,-18_35,28,74,0.9536679536679536,0.9417721083230151,2.2244754223515697,12000.0,2533.239013671875,20.550048828125,0.0,0.0
CO,band,1,A,AE,OOD,-19_35,183,183,0.9959688255845204,0.9961100687573989,2.0466789510249295,24000.0,2463.8199462890625,4.85009765625,0.0,0.0
CO,band,1,A,AE,OOD,-21_36,198,400,0.9955555555555555,0.9913084932445755,2.9405562386278166,6000.0,1577.8387451171875,5.4000244140625,0.0,0.0
CO,band,1,A,AE,OOD,-22_33,119,114,0.9977148754238537,0.9978509721767217,0.9579615443391074,12000.0,2239.1611328125,7.9000244140625,0.0,0.0
CO,band,1,AE,A,OOD,-12_33,595,184,0.9763609791742784,0.9917600756460664,0.5340172771990488,24000.0,1108.7255859375,1.4000244140625,0.0,0.0
CO,band,1,AE,A,OOD,-15_39,407,244,0.9734261086720103,0.985217200242282,0.4985742665666153,6000.0,1436.5732421875,1.800048828125,0.0,0.0011111111111434635
CO,band,1,AE,A,OOD,-16_38,202,428,0.9716734523919681,0.9380415931527593,4.290055092091757,6000.0,1581.6696166992188,6.1500244140625,0.0,0.0
CO,band,1,AE,A,OOD,-17_38,72,203,0.9841954022988505,0.9704354318426862,1.3987375165414402,12000.0,2685.19775390625,41.099853515625,0.0,0.0
CO,band,1,AE,A,OOD,-18_33,225,90,0.887358024691358,0.9544635825372094,0.5694834414531335,12000.0,2338.830810546875,1.0,0.0,0.001111111111113147
CO,band,1,AE,A,OOD,-18_35,83,188,0.9481543194052807,0.9255307920479641,2.2244754223515697,12000.0,2529.8193359375,21.89990234375,0.0,0.0
CO,band,1,AE,A,OOD,-18_36,206,195,0.9893203883495145,0.9898058772165179,2.2244754223515697,24000.0,2944.583251953125,8.0,0.0,0.0
CO,band,1,AE,A,OOD,-19_35,269,133,0.9928725158621461,0.9964791424960744,2.0466789510249295,24000.0,2439.034912109375,2.550048828125,0.0,0.0
CO,band,1,AE,A,OOD,-20_34,113,245,0.9923063030521944,0.9837809415173017,2.0466789510249295,24000.0,3117.141845703125,40.7498779296875,0.0,0.0
CO,band,1,AE,A,OOD,-21_36,73,145,0.9983939537080775,0.9964519303727759,2.9405562386278166,6000.0,1569.6842651367188,5.5,0.0,0.0
CO,band,1,AE,A,OOD,-22_33,156,178,0.9981633535004322,0.997859965286944,0.9579615443391074,12000.0,2261.4735107421875,7.0,0.0,0.0
CO,band,1,AE,AE,ID,-11_40,631,279,0.9713829672420746,0.9864869097654599,,12000.0,1081.8193359375,1.0,0.0,0.0
CO,band,1,AE,AE,ID,-12_33,305,118,0.9827729924979162,0.9930402174657074,0.5340172771990488,24000.0,1110.6583251953125,1.5,0.0,0.0
CO,band,1,AE,AE,ID,-15_39,1489,1291,0.9833428618544775,0.9859419147474336,0.4985742665666153,6000.0,1438.5918579101562,2.199951171875,0.0,0.0
CO,band,1,AE,AE,ID,-16_38,1410,1511,0.9728919366724399,0.9721394684395779,4.290055092091757,6000.0,1567.8399658203125,4.0999755859375,0.0,0.0022222222221959776
CO,band,1,AE,AE,ID,-17_38,26,128,0.9825721153846154,0.8947912484998775,2.421443100951171,24000.0,2708.516845703125,56.4000244140625,0.0,0.0
CO,band,1,AE,AE,ID,-18_33,150,37,0.8827027027027027,0.9582090852695115,0.5694834414531335,12000.0,2336.87939453125,1.199951171875,0.0,0.0033333333334000744
CO,band,1,AE,AE,ID,-18_35,28,74,0.9613899613899614,0.947047653438546,2.2244754223515697,12000.0,2533.239013671875,20.550048828125,0.0,0.0
CO,band,1,AE,AE,ID,-19_35,183,183,0.994535519125683,0.9948680273974582,2.0466789510249295,24000.0,2463.8199462890625,4.85009765625,0.0,0.0
CO,band,1,AE,AE,ID,-21_36,198,400,0.9946590909090909,0.9895083740692834,2.9405562386278166,6000.0,1577.8387451171875,5.4000244140625,0.0,0.0
CO,band,1,AE,AE,ID,-22_33,119,114,0.9988205808639246,0.9988964665582417,0.9579615443391074,12000.0,2239.1611328125,7.9000244140625,0.0,0.0
CO,band,2,A,A,ID,-14_38,883,320,0.9522862400906001,0.977844390463678,0.12624561791812738,24000.0,1377.6402587890625,1.60009765625,0.0,0.0
CO,band,2,A,A,ID,-14_39,294,175,0.9698153547133139,0.9816286356619902,0.12624561791812738,24000.0,1353.0682373046875,1.699951171875,0.0,0.0033333333333091246
CO,band,2,A,A,ID,-15_35,580,426,0.9796381738708111,0.9864702084063733,1.8972700132404465,12000.0,1773.62939453125,3.25,0.0,0.0
CO,band,2,A,A,ID,-15_36,410,417,0.9790782008539509,0.9790569647021037,1.8972700132404465,24000.0,2041.345947265625,5.0999755859375,0.0,0.0
CO,band,2,A,A,ID,-16_35,194,444,0.9735650599052661,0.941835484055219,1.488841657636012,12000.0,1895.5862426757812,15.79998779296875,0.0,0.0
CO,band,2,A,A,ID,-16_39,102,211,0.9855961341882725,0.9744271597061764,2.611682680896089,6000.0,1538.196044921875,5.800048828125,0.0,0.0
CO,band,2,A,A,ID,-16_40,119,97,0.9725374685956857,0.9797522736741,2.611682680896089,24000.0,1678.8369140625,3.10009765625,0.0,0.0
CO,band,2,A,A,ID,-19_33,139,114,0.992616433169254,0.9933009113817743,0.5694834414531335,12000.0,2484.27978515625,2.800048828125,0.0,0.0
CO,band,2,A,A,ID,-21_32,172,293,0.9777363282800222,0.957134121668679,0.4085687839190642,12000.0,2070.433837890625,10.7000732421875,0.0,0.0
CO,band,2,A,A,ID,-21_34,25,80,0.9964999999999999,0.9902564102564103,0.32013061771068124,6000.0,2813.4873046875,57.800048828125,0.0,0.0
CO,band,2,A,AE,OOD,-14_38,175,183,0.9623106947697112,0.9650556338636083,0.12624561791812738,24000.0,1377.0050048828125,2.0,0.0,0.0
CO,band,2,A,AE,OOD,-14_39,308,122,0.9695284223972749,0.9874894158713299,0.12624561791812738,24000.0,1353.05322265625,1.4000244140625,0.0,0.008888888888723278
CO,band,2,A,AE,OOD,-15_35,611,487,0.9802827693517545,0.9857001159936449,1.8972700132404465,12000.0,1780.30419921875,3.54998779296875,0.0,0.0
CO,band,2,A,AE,OOD,-16_35,128,314,0.9666600318471338,0.9359941716029868,1.488841657636012,6000.0,1862.8517456054688,16.74993896484375,0.0,0.0
CO,band,2,A,AE,OOD,-16_39,659,1204,0.985652276932229,0.972819305603284,2.611682680896089,6000.0,1536.746826171875,4.0,0.0,0.0
CO,band,2,A,AE,OOD,-19_33,54,53,0.9699510831586303,0.962527940956685,0.5694834414531335,12000.0,2495.312255859375,4.199951171875,0.0,0.0
CO,band,2,A,AE,OOD,-21_32,97,160,0.9774484536082474,0.9647808414681501,0.4085687839190642,12000.0,2082.159912109375,7.5,0.0,0.0
CO,band,2,A,AE,OOD,-21_34,54,115,0.9996779388083736,0.999320364135179,0.32013061771068124,6000.0,2678.5625,45.5,0.0,0.0
CO,band,2,A,AE,OOD,-22_37,473,428,0.9833040248167393,0.9843097551277173,4.434012077870649,6000.0,1401.6575927734375,2.9000244140625,0.0,0.01888888888852939
CO,band,2,AE,A,OOD,-14_38,883,320,0.9489241223103058,0.9740031985436436,0.12624561791812738,24000.0,1377.6402587890625,1.60009765625,0.0,0.0
CO,band,2,AE,A,OOD,-14_39,294,175,0.9745189504373177,0.9845491789755556,0.12624561791812738,24000.0,1353.0682373046875,1.699951171875,0.0,0.0033333333333091246
CO,band,2,AE,A,OOD,-15_35,580,426,0.9758823053262102,0.9841320258585539,1.8972700132404465,12000.0,1773.62939453125,3.25,0.0,0.0
CO,band,2,AE,A,OOD,-15_36,410,417,0.9779025560039774,0.9761165137034246,1.8972700132404465,24000.0,2041.345947265625,5.0999755859375,0.0,0.0
CO,band,2,AE,A,OOD,-16_35,194,444,0.9771408005944089,0.9513018823853691,1.488841657636012,12000.0,1895.5862426757812,15.79998779296875,0.0,0.0
CO,band,2,AE,A,OOD,-16_39,102,211,0.9874546975188179,0.9753962609274685,2.611682680896089,6000.0,1538.196044921875,5.800048828125,0.0,0.0
CO,band,2,AE,A,OOD,-16_40,119,97,0.9713246123191545,0.9775597990304201,2.611682680896089,24000.0,1678.8369140625,3.10009765625,0.0,0.0
CO,band,2,AE,A,OOD,-19_33,139,114,0.9921115738987757,0.9922038429719083,0.5694834414531335,12000.0,2484.27978515625,2.800048828125,0.0,0.0
CO,band,2,AE,A,OOD,-21_32,172,293,0.9858718945948092,0.9741002512019405,0.4085687839190642,12000.0,2070.433837890625,10.7000732421875,0.0,0.0
CO,band,2,AE,A,OOD,-21_34,25,80,0.998,0.9941142857142858,0.32013061771068124,6000.0,2813.4873046875,57.800048828125,0.0,0.0
CO,band,2,AE,AE,ID,-14_38,175,183,0.965495706479313,0.9645921534152138,0.12624561791812738,24000.0,1377.0050048828125,2.0,0.0,0.0
CO,band,2,AE,AE,ID,-14_39,308,122,0.9701937406855439,0.987424938836641,0.12624561791812738,24000.0,1353.05322265625,1.4000244140625,0.0,0.008888888888723278
CO,band,2,AE,AE,ID,-15_35,611,487,0.978830946675763,0.9850330678697083,1.8972700132404465,12000.0,1780.30419921875,3.54998779296875,0.0,0.0
CO,band,2,AE,AE,ID,-16_35,128,314,0.9704667595541401,0.9333670407466351,1.488841657636012,6000.0,1862.8517456054688,16.74993896484375,0.0,0.0
CO,band,2,AE,AE,ID,-16_39,659,1204,0.9851204129885712,0.9696441851962634,2.611682680896089,6000.0,1536.746826171875,4.0,0.0,0.0
CO,band,2,AE,AE,ID,-19_33,54,53,0.9689028651292803,0.9550141356619548,0.5694834414531335,12000.0,2495.312255859375,4.199951171875,0.0,0.0
CO,band,2,AE,AE,ID,-21_32,97,160,0.9793170103092783,0.9666271705148648,0.4085687839190642,12000.0,2082.159912109375,7.5,0.0,0.0
CO,band,2,AE,AE,ID,-21_34,54,115,0.9995169082125603,0.9989956888105036,0.32013061771068124,6000.0,2678.5625,45.5,0.0,0.0
CO,band,2,AE,AE,ID,-22_37,473,428,0.9824791053328328,0.9812669720859748,4.434012077870649,6000.0,1401.6575927734375,2.9000244140625,0.0,0.01888888888852939
CO,band,3,A,A,ID,-12_39,363,218,0.9609396719488463,0.9768287769584837,0.20835211832052025,12000.0,1190.5648193359375,1.2000732421875,0.0,0.0
CO,band,3,A,A,ID,-12_40,289,226,0.9797593165324432,0.9831863770549654,0.20835211832052025,12000.0,1134.7838134765625,1.5,0.0,0.0
CO,band,3,A,A,ID,-13_38,368,92,0.9426689508506617,0.9856056784237508,0.12624561791812738,24000.0,1294.1669921875,1.300048828125,0.0,0.0
CO,band,3,A,A,ID,-13_39,344,268,0.9535209128774731,0.9684407234030037,0.20835211832052025,12000.0,1245.9832763671875,1.5999755859375,0.0,0.0
CO,band,3,A,A,ID,-16_37,163,319,0.965247995076639,0.9484788651038023,4.3987810166040955,6000.0,1724.0770263671875,10.75,0.0,0.0
CO,band,3,A,A,ID,-17_37,130,281,0.9857103750342184,0.9641604215544748,3.4441486853609016,24000.0,2998.452392578125,50.60009765625,0.0,0.0
CO,band,3,A,A,ID,-18_38,44,108,0.9728535353535354,0.9531907851096291,1.4738408079160736,24000.0,2751.7828369140625,38.199951171875,0.0,0.0
CO,band,3,A,A,ID,-19_36,77,249,0.9948364888123924,0.9817680903284813,2.0466789510249295,6000.0,3084.4345703125,82.64990234375,0.0,0.0
CO,band,3,A,A,ID,-19_39,87,169,0.9822485207100592,0.9535085578494965,2.9879698462887285,12000.0,2074.146484375,13.3499755859375,0.0,0.0
CO,band,3,A,A,ID,-21_33,86,113,0.9974274542086848,0.996506605787165,0.4085687839190642,6000.0,2329.43994140625,21.10009765625,0.0,0.0
CO,band,3,A,A,ID,-21_35,62,155,0.9887617065556712,0.9630491408936064,2.4115849662406474,6000.0,1816.1260986328125,5.9000244140625,0.0,0.0
CO,band,3,A,A,ID,-21_39,113,139,0.9938880753804036,0.992444585643458,0.019068590551404925,24000.0,1902.17578125,9.8499755859375,0.0,0.0
CO,band,3,A,A,ID,-22_36,30,48,1.0,1.0,2.9405562386278166,24000.0,1520.9542846679688,6.24993896484375,0.0,0.0
CO,band,3,A,A,ID,-22_39,108,205,0.9949864498644987,0.991882287529825,0.019068590551404925,24000.0,1700.4765625,15.5999755859375,0.0,0.0
CO,band,3,A,AE,OOD,-12_39,381,141,0.9514714915954654,0.9808844725091693,0.20835211832052025,12000.0,1186.6929321289062,1.0,0.0,0.0
CO,band,3,A,AE,OOD,-12_40,506,45,0.9645586297760211,0.9963892668112653,0.20835211832052025,12000.0,1128.3094482421875,0.89990234375,0.0,0.0
CO,band,3,A,AE,OOD,-13_38,411,208,0.9351838854576082,0.9678521208449303,0.12624561791812738,24000.0,1297.7081298828125,1.5999755859375,0.0,0.0
CO,band,3,A,AE,OOD,-13_39,980,277,0.9448316510719811,0.9842786346307645,0.20835211832052025,24000.0,1240.759521484375,1.2000732421875,0.0,0.0
CO,band,3,A,AE,OOD,-16_37,392,833,0.955863978244359,0.9130133468231266,4.3987810166040955,6000.0,1746.91650390625,10.300048828125,0.0,0.0
CO,band,3,A,AE,OOD,-19_36,88,113,0.992156074014481,0.990426293825217,2.0466789510249295,6000.0,3005.113037109375,27.400146484375,0.0,0.0
CO,band,3,A,AE,OOD,-19_39,308,439,0.9930923290832174,0.9863860744872186,2.9879698462887285,12000.0,2082.9833984375,8.5999755859375,0.0,0.0
CO,band,3,A,AE,OOD,-20_37,37,103,0.9076357911309367,0.8005080269993641,2.742322162871958,6000.0,2111.7318115234375,24.9000244140625,0.0,0.0
CO,band,3,A,AE,OOD,-21_33,173,209,0.9961556545067346,0.9948852858366033,0.4085687839190642,6000.0,2372.076171875,12.9500732421875,0.0,0.0
CO,band,3,A,AE,OOD,-21_35,114,251,0.9822464527853498,0.9399250757842607,2.4115849662406474,6000.0,1786.62109375,5.7000732421875,0.0,0.0
CO,band,3,A,AE,OOD,-22_39,49,86,0.9988134788799241,0.9981103552532126,0.019068590551404925,12000.0,1699.0654296875,10.5,0.0,0.0
CO,band,3,AE,A,OOD,-12_39,363,218,0.9705436348472212,0.9794271894218572,0.20835211832052025,12000.0,1190.5648193359375,1.2000732421875,0.0,0.0
CO,band,3,AE,A,OOD,-12_40,289,226,0.9965551030406956,0.9972246878388935,0.20835211832052025,12000.0,1134.7838134765625,1.5,0.0,0.0
CO,band,3,AE,A,OOD,-13_38,368,92,0.9424326559546314,0.9860134682827818,0.12624561791812738,24000.0,1294.1669921875,1.300048828125,0.0,0.0
CO,band,3,AE,A,OOD,-13_39,344,268,0.9592914786532454,0.970926340399676,0.20835211832052025,12000.0,1245.9832763671875,1.5999755859375,0.0,0.0
CO,band,3,AE,A,OOD,-16_37,163,319,0.9797680635421273,0.9651631136316217,4.3987810166040955,6000.0,1724.0770263671875,10.75,0.0,0.0
CO,band,3,AE,A,OOD,-17_37,130,281,0.983301396112784,0.9624589349075692,3.4441486853609016,24000.0,2998.452392578125,50.60009765625,0.0,0.0
CO,band,3,AE,A,OOD,-18_38,44,108,0.9800084175084176,0.9685189583884438,1.4738408079160736,24000.0,2751.7828369140625,38.199951171875,0.0,0.0
CO,band,3,AE,A,OOD,-19_36,77,249,0.9953580555990195,0.9845042686437425,2.0466789510249295,6000.0,3084.4345703125,82.64990234375,0.0,0.0
CO,band,3,AE,A,OOD,-19_39,87,169,0.9824525607018976,0.9493750840743622,2.9879698462887285,12000.0,2074.146484375,13.3499755859375,0.0,0.0
CO,band,3,AE,A,OOD,-21_33,86,113,0.9951636139123277,0.9931388993588552,0.4085687839190642,6000.0,2329.43994140625,21.10009765625,0.0,0.0
CO,band,3,AE,A,OOD,-21_35,62,155,0.991675338189386,0.975350941924368,2.4115849662406474,6000.0,1816.1260986328125,5.9000244140625,0.0,0.0
CO,band,3,AE,A,OOD,-21_39,113,139,0.9893041319157063,0.9875078468346525,0.019068590551404925,24000.0,1902.17578125,9.8499755859375,0.0,0.0
CO,band,3,AE,A,OOD,-22_36,30,48,0.9986111111111111,0.9979166666666666,2.9405562386278166,24000.0,1520.9542846679688,6.24993896484375,0.0,0.0
CO,band,3,AE,A,OOD,-22_39,108,205,0.9953477868112015,0.992617114939117,0.019068590551404925,24000.0,1700.4765625,15.5999755859375,0.0,0.0
CO,band,3,AE,AE,ID,-12_39,381,141,0.9610952886208374,0.9832066622247204,0.20835211832052025,12000.0,1186.6929321289062,1.0,0.0,0.0
CO,band,3,AE,AE,ID,-12_40,506,45,0.9851119894598155,0.9985601085262044,0.20835211832052025,12000.0,1128.3094482421875,0.89990234375,0.0,0.0
CO,band,3,AE,AE,ID,-13_38,411,208,0.9295807598727306,0.9670132249643006,0.12624561791812738,24000.0,1297.7081298828125,1.5999755859375,0.0,0.0
CO,band,3,AE,AE,ID,-13_39,980,277,0.9503278567744787,0.985509506284038,0.20835211832052025,24000.0,1240.759521484375,1.2000732421875,0.0,0.0
CO,band,3,AE,AE,ID,-16_37,392,833,0.959064237940074,0.9240081866252595,4.3987810166040955,6000.0,1746.91650390625,10.300048828125,0.0,0.0
CO,band,3,AE,AE,ID,-19_36,88,113,0.9948712791633145,0.993548600574462,2.0466789510249295,6000.0,3005.113037109375,27.400146484375,0.0,0.0
CO,band,3,AE,AE,ID,-19_39,308,439,0.9914652545632046,0.980996374119397,2.9879698462887285,12000.0,2082.9833984375,8.5999755859375,0.0,0.0
CO,band,3,AE,AE,ID,-20_37,37,103,0.9727105746523222,0.9167005283653697,2.742322162871958,6000.0,2111.7318115234375,24.9000244140625,0.0,0.0
CO,band,3,AE,AE,ID,-21_33,173,209,0.9940537102082585,0.991167616275693,0.4085687839190642,6000.0,2372.076171875,12.9500732421875,0.0,0.0
CO,band,3,AE,AE,ID,-21_35,114,251,0.9842734325854476,0.960951683083872,2.4115849662406474,6000.0,1786.62109375,5.7000732421875,0.0,0.0
CO,band,3,AE,AE,ID,-22_39,49,86,1.0,1.0000000000000002,0.019068590551404925,12000.0,1699.0654296875,10.5,0.0,0.0
CO,shadedX,0,A,A,ID,-11_33,452,84,0.8123683101559208,0.9505248431598485,0.5340172771990488,12000.0,1055.360107421875,0.95001220703125,0.0,0.0
CO,shadedX,0,A,A,ID,-15_34,640,181,0.8326398480662982,0.9338059154144986,0.6992865332940402,12000.0,1425.607421875,1.699951171875,0.0,0.010000000000078956
CO,shadedX,0,A,A,ID,-15_37,414,313,0.8870753654056892,0.9070186763322305,2.618682738577198,12000.0,1713.134521484375,1.60009765625,0.0,0.0
CO,shadedX,0,A,A,ID,-15_38,568,75,0.8019953051643192,0.9673547350563657,0.4985742665666153,12000.0,1496.94189453125,1.39990234375,0.0,0.0022222222221959776
CO,shadedX,0,A,A,ID,-16_36,84,26,0.8717948717948718,0.9548736465445583,1.8972700132404465,6000.0,2066.1507568359375,0.0,0.0,0.0
CO,shadedX,0,A,AE,OOD,-11_33,336,93,0.7900665642601127,0.9198328369745477,0.5340172771990488,12000.0,1054.149169921875,1.0,0.0,0.0
CO,shadedX,0,A,AE,OOD,-15_34,558,161,0.8477815623678177,0.9409413210856593,0.6992865332940402,12000.0,1424.198486328125,1.7000732421875,0.0,0.009999999999866742
CO,shadedX,0,A,AE,OOD,-15_37,689,306,0.8702344024208619,0.9330497660939885,2.618682738577198,12000.0,1703.919921875,1.7999267578125,0.0,0.0
CO,shadedX,0,A,AE,OOD,-15_38,1082,89,0.8598517103158945,0.9860226916702375,0.4985742665666153,12000.0,1497.313232421875,1.199951171875,0.0,0.0
CO,shadedX,0,AE,A,OOD,-11_33,452,84,0.8182680151706699,0.9534057933907067,0.5340172771990488,12000.0,1055.360107421875,0.95001220703125,0.0,0.0
CO,shadedX,0,AE,A,OOD,-15_34,640,181,0.8565866712707182,0.9506889948758932,0.6992865332940402,12000.0,1425.607421875,1.699951171875,0.0,0.010000000000078956
CO,shadedX,0,AE,A,OOD,-15_37,414,313,0.8521013721041503,0.8482686543704316,2.618682738577198,12000.0,1713.134521484375,1.60009765625,0.0,0.0
CO,shadedX,0,AE,A,OOD,-15_38,568,75,0.7621596244131454,0.9559618489778328,0.4985742665666153,12000.0,1496.94189453125,1.39990234375,0.0,0.0022222222221959776
CO,shadedX,0,AE,A,OOD,-16_36,84,26,0.7834249084249084,0.9242772017791118,1.8972700132404465,6000.0,2066.1507568359375,0.0,0.0,0.0
CO,shadedX,0,AE,AE,ID,-11_33,336,93,0.814484126984127,0.9338772991704554,0.5340172771990488,12000.0,1054.149169921875,1.0,0.0,0.0
CO,shadedX,0,AE,AE,ID,-15_34,558,161,0.851933480264476,0.9519301386559369,0.6992865332940402,12000.0,1424.198486328125,1.7000732421875,0.0,0.009999999999866742
CO,shadedX,0,AE,AE,ID,-15_37,689,306,0.8357760133564794,0.8967975216868728,2.618682738577198,12000.0,1703.919921875,1.7999267578125,0.0,0.0
CO,shadedX,0,AE,AE,ID,-15_38,1082,89,0.7769112546470331,0.9749807712282318,0.4985742665666153,12000.0,1497.313232421875,1.199951171875,0.0,0.0
CO,shadedX,1,A,A,ID,-11_40,34,147,0.9037615046018408,0.7759240771413034,,12000.0,1075.1685791015625,1.5,0.0,0.0
CO,shadedX,1,A,A,ID,-12_33,595,129,0.82093674679174,0.9539115037436847,0.5340172771990488,24000.0,1102.1685791015625,1.10003662109375,0.0,0.0
CO,shadedX,1,A,A,ID,-15_39,407,274,0.8002205921913951,0.866362138745002,0.4985742665666153,6000.0,1423.2135009765625,1.5999755859375,0.0,0.008888888888905178
CO,shadedX,1,A,A,ID,-16_38,202,609,0.7869823928205628,0.6209411925137303,4.290055092091757,6000.0,1558.81787109375,2.0,1.0,0.004444444444452588
CO,shadedX,1,A,A,ID,-18_33,225,53,0.42373165618448644,0.7850079369203862,0.5694834414531335,12000.0,2335.82470703125,1.0,0.0,0.00722222222229609
CO,shadedX,1,A,A,ID,-21_36,73,84,0.7754403131115459,0.7528401087497135,2.9405562386278166,6000.0,1517.1510009765625,1.7999267578125,0.0,0.020000000000036645
CO,shadedX,1,A,AE,OOD,-11_40,631,169,0.8493421731261547,0.9570460530265975,,12000.0,1077.1861572265625,0.79998779296875,0.0,0.00944444444447691
CO,shadedX,1,A,AE,OOD,-12_33,305,138,0.8277025421715372,0.9165543000586184,0.5340172771990488,24000.0,1102.2578125,1.199951171875,0.0,0.0
CO,shadedX,1,A,AE,OOD,-15_39,1489,274,0.7929291691381566,0.9519626413631188,0.4985742665666153,6000.0,1423.6573486328125,1.5,0.0,0.01888888888901445
CO,shadedX,1,A,AE,OOD,-16_38,1410,570,0.7907117083488864,0.8966625627250843,4.290055092091757,6000.0,1546.7008056640625,1.5999755859375,0.0,0.028888888889032772
CO,shadedX,1,A,AE,OOD,-18_33,150,39,0.5471794871794872,0.838176457958375,0.5694834414531335,12000.0,2335.310791015625,1.099853515625,0.0,0.008888888888935494
CO,shadedX,1,A,AE,OOD,-21_36,198,85,0.8694592988710635,0.946273387995463,2.9405562386278166,6000.0,1522.844482421875,1.0,0.0,0.04333333333323084
CO,shadedX,1,AE,A,OOD,-11_40,34,147,0.8945578231292517,0.7387852443283973,,12000.0,1075.1685791015625,1.5,0.0,0.0
CO,shadedX,1,AE,A,OOD,-12_33,595,129,0.8141489153801055,0.9529513175764365,0.5340172771990488,24000.0,1102.1685791015625,1.10003662109375,0.0,0.0
CO,shadedX,1,AE,A,OOD,-15_39,407,274,0.8135099266486128,0.8652638577222278,0.4985742665666153,6000.0,1423.2135009765625,1.5999755859375,0.0,0.008888888888905178
CO,shadedX,1,AE,A,OOD,-16_38,202,609,0.8142304378221072,0.6331121208267081,4.290055092091757,6000.0,1558.81787109375,2.0,1.0,0.004444444444452588
CO,shadedX,1,AE,A,OOD,-18_33,225,53,0.4983647798742138,0.8219808070220465,0.5694834414531335,12000.0,2335.82470703125,1.0,0.0,0.00722222222229609
CO,shadedX,1,AE,A,OOD,-21_36,73,84,0.7765818656229615,0.7911329261107507,2.9405562386278166,6000.0,1517.1510009765625,1.7999267578125,0.0,0.020000000000036645
CO,shadedX,1,AE,AE,ID,-11_40,631,169,0.8798563377376005,0.9661506847403096,,12000.0,1077.1861572265625,0.79998779296875,0.0,0.00944444444447691
CO,shadedX,1,AE,AE,ID,-12_33,305,138,0.8084105488239486,0.9049940829666655,0.5340172771990488,24000.0,1102.2578125,1.199951171875,0.0,0.0
CO,shadedX,1,AE,AE,ID,-15_39,1489,274,0.8197193040937679,0.9599916168929723,0.4985742665666153,6000.0,1423.6573486328125,1.5,0.0,0.01888888888901445
CO,shadedX,1,AE,AE,ID,-16_38,1410,570,0.8036779892994899,0.9048225659081928,4.290055092091757,6000.0,1546.7008056640625,1.5999755859375,0.0,0.028888888889032772
CO,shadedX,1,AE,AE,ID,-18_33,150,39,0.6381196581196581,0.8624262082963117,0.5694834414531335,12000.0,2335.310791015625,1.099853515625,0.0,0.008888888888935494
CO,shadedX,1,AE,AE,ID,-21_36,198,85,0.8349376114081996,0.9267780090903264,2.9405562386278166,6000.0,1522.844482421875,1.0,0.0,0.04333333333323084
CO,shadedX,2,A,A,ID,-14_38,883,115,0.8474370968536118,0.9765275242043776,0.12624561791812738,24000.0,1378.0786743164062,1.2999267578125,0.0,0.0
CO,shadedX,2,A,A,ID,-14_39,294,98,0.8989657087324725,0.9657191803202996,0.12624561791812738,24000.0,1342.3240966796875,1.199951171875,0.0,0.06888888888849977
CO,shadedX,2,A,A,ID,-15_35,580,83,0.8696510178645617,0.978553764045049,1.8972700132404465,12000.0,1760.70849609375,1.9000244140625,0.0,0.0
CO,shadedX,2,A,A,ID,-16_35,194,128,0.8985180412371134,0.9362446328328651,1.488841657636012,12000.0,1768.6942749023438,1.7000732421875,0.0,0.0
CO,shadedX,2,A,A,ID,-16_39,102,315,0.7428571428571429,0.5392885446705259,2.611682680896089,6000.0,1505.927978515625,1.800048828125,0.0,0.005555555555474786
CO,shadedX,2,A,AE,OOD,-14_38,175,137,0.8772471324296143,0.9056072764767049,0.12624561791812738,24000.0,1377.0050048828125,1.5,0.0,0.0
CO,shadedX,2,A,AE,OOD,-14_39,308,122,0.8936821375345966,0.9599334496993664,0.12624561791812738,24000.0,1343.112060546875,1.0999755859375,0.0,0.04111111110973126
CO,shadedX,2,A,AE,OOD,-15_35,611,97,0.853864713921744,0.9739132721461888,1.8972700132404465,12000.0,1761.6516723632812,1.800048828125,0.0,0.0
CO,shadedX,2,A,AE,OOD,-16_35,128,122,0.8793545081967215,0.8987122202260888,1.488841657636012,6000.0,1769.4267578125,2.70001220703125,0.0,0.0
CO,shadedX,2,A,AE,OOD,-16_39,659,292,0.8107396013054233,0.9045940495034892,2.611682680896089,6000.0,1511.780517578125,1.199951171875,0.0,0.012222222222123354
CO,shadedX,2,A,AE,OOD,-21_32,97,25,0.8560824742268042,0.9584746655667623,0.4085687839190642,12000.0,2005.0327758789062,1.35003662109375,0.0,0.008888888888996128
CO,shadedX,2,A,AE,OOD,-22_37,473,139,0.8369811550336899,0.9453078384532622,4.434012077870649,6000.0,1383.1301879882812,1.5,0.0,0.1599999999998688
CO,shadedX,2,AE,A,OOD,-14_38,883,115,0.8275641341277267,0.9716925297307076,0.12624561791812738,24000.0,1378.0786743164062,1.2999267578125,0.0,0.0
CO,shadedX,2,AE,A,OOD,-14_39,294,98,0.9237470498403443,0.9753043959847887,0.12624561791812738,24000.0,1342.3240966796875,1.199951171875,0.0,0.06888888888849977
CO,shadedX,2,AE,A,OOD,-15_35,580,83,0.8246572496884088,0.9696813541449947,1.8972700132404465,12000.0,1760.70849609375,1.9000244140625,0.0,0.0
CO,shadedX,2,AE,A,OOD,-16_35,194,128,0.872301868556701,0.9062408916405922,1.488841657636012,12000.0,1768.6942749023438,1.7000732421875,0.0,0.0
CO,shadedX,2,AE,A,OOD,-16_39,102,315,0.7569561157796451,0.5929468454125354,2.611682680896089,6000.0,1505.927978515625,1.800048828125,0.0,0.005555555555474786
CO,shadedX,2,AE,AE,ID,-14_38,175,137,0.833701772679875,0.858499140342183,0.12624561791812738,24000.0,1377.0050048828125,1.5,0.0,0.0
CO,shadedX,2,AE,AE,ID,-14_39,308,122,0.9239142005535448,0.9726382593897331,0.12624561791812738,24000.0,1343.112060546875,1.0999755859375,0.0,0.04111111110973126
CO,shadedX,2,AE,AE,ID,-15_35,611,97,0.8009684984898847,0.9619207457647422,1.8972700132404465,12000.0,1761.6516723632812,1.800048828125,0.0,0.0
CO,shadedX,2,AE,AE,ID,-16_35,128,122,0.8591188524590164,0.863174496132427,1.488841657636012,6000.0,1769.4267578125,2.70001220703125,0.0,0.0
CO,shadedX,2,AE,AE,ID,-16_39,659,292,0.8071694348015881,0.9036782737047822,2.611682680896089,6000.0,1511.780517578125,1.199951171875,0.0,0.012222222222123354
CO,shadedX,2,AE,AE,ID,-21_32,97,25,0.7616494845360824,0.9294421854682122,0.4085687839190642,12000.0,2005.0327758789062,1.35003662109375,0.0,0.008888888888996128
CO,shadedX,2,AE,AE,ID,-22_37,473,139,0.8438407836098984,0.9491069876647664,4.434012077870649,6000.0,1383.1301879882812,1.5,0.0,0.1599999999998688
CO,shadedX,3,A,A,ID,-12_39,363,144,0.7851430976430975,0.9111402384834094,0.20835211832052025,12000.0,1177.314208984375,0.800048828125,0.0,0.0
CO,shadedX,3,A,A,ID,-12_40,289,100,0.7206228373702422,0.8813437067875015,0.20835211832052025,12000.0,1126.5264892578125,0.9000244140625,0.0,0.0
CO,shadedX,3,A,A,ID,-13_38,368,75,0.8844565217391305,0.9721248172738082,0.12624561791812738,24000.0,1289.7459716796875,1.2999267578125,0.0,0.0
CO,shadedX,3,A,A,ID,-13_39,344,341,0.7302905271772488,0.7209158986105373,0.20835211832052025,12000.0,1223.7833251953125,1.199951171875,0.0,0.0
CO,shadedX,3,A,A,ID,-16_37,163,308,0.7839813560672456,0.6863510270464307,4.3987810166040955,6000.0,1653.760498046875,2.0999755859375,28.0,0.006666666666739515
CO,shadedX,3,A,A,ID,-19_39,87,44,0.66901776384535,0.8192746492937784,2.9879698462887285,12000.0,2003.75537109375,1.2999267578125,0.0,0.011111111111313372
CO,shadedX,3,A,A,ID,-21_33,86,62,0.8008252063015755,0.87498008206945,0.4085687839190642,6000.0,2186.452880859375,1.4500732421875,0.0,0.03444444444470461
CO,shadedX,3,A,A,ID,-21_35,62,37,0.7728857890148213,0.8258914834019822,2.4115849662406474,6000.0,1768.8349609375,2.5,0.0,0.0
CO,shadedX,3,A,AE,OOD,-12_39,381,148,0.8186670922891396,0.9284291015176824,0.20835211832052025,12000.0,1175.7352294921875,0.89990234375,0.0,0.0
CO,shadedX,3,A,AE,OOD,-12_40,506,84,0.7749623564840955,0.9543656594113933,0.20835211832052025,12000.0,1127.39599609375,0.89990234375,0.0,0.0
CO,shadedX,3,A,AE,OOD,-13_38,411,77,0.8789142730748571,0.9762300598672008,0.12624561791812738,24000.0,1290.6636352539062,1.300048828125,0.0,0.0
CO,shadedX,3,A,AE,OOD,-13_39,980,368,0.7543090062111801,0.8903902384802538,0.20835211832052025,24000.0,1227.770263671875,1.0999755859375,0.0,0.0011111111109615647
CO,shadedX,3,A,AE,OOD,-16_37,392,273,0.7706043956043956,0.8098578100927705,4.3987810166040955,6000.0,1669.8172607421875,1.5,3.0,0.008888888888844544
CO,shadedX,3,A,AE,OOD,-19_39,308,30,0.6234848484848484,0.9495078853456409,2.9879698462887285,12000.0,2004.840576171875,1.3499755859375,0.0,0.02000000000000633
CO,shadedX,3,A,AE,OOD,-21_33,173,57,0.7951526214379881,0.927941398651862,0.4085687839190642,6000.0,2025.3429565429688,1.20001220703125,0.0,0.06888888888934863
CO,shadedX,3,A,AE,OOD,-21_35,114,42,0.8462823725981621,0.9396122979283066,2.4115849662406474,6000.0,1737.3642578125,1.5,0.0,0.0
CO,shadedX,3,AE,A,OOD,-12_39,363,144,0.7815273951637589,0.9087000168089607,0.20835211832052025,12000.0,1177.314208984375,0.800048828125,0.0,0.0
CO,shadedX,3,AE,A,OOD,-12_40,289,100,0.7452249134948097,0.8943316907393206,0.20835211832052025,12000.0,1126.5264892578125,0.9000244140625,0.0,0.0
CO,shadedX,3,AE,A,OOD,-13_38,368,75,0.8568115942028987,0.9656997310026696,0.12624561791812738,24000.0,1289.7459716796875,1.2999267578125,0.0,0.0
CO,shadedX,3,AE,A,OOD,-13_39,344,341,0.7823859373934393,0.8141763322029246,0.20835211832052025,12000.0,1223.7833251953125,1.199951171875,0.0,0.0
CO,shadedX,3,AE,A,OOD,-16_37,163,308,0.8077643215680026,0.7602895252425426,4.3987810166040955,6000.0,1653.760498046875,2.0999755859375,28.0,0.006666666666739515
CO,shadedX,3,AE,A,OOD,-19_39,87,44,0.8406478578892371,0.9141233996286271,2.9879698462887285,12000.0,2003.75537109375,1.2999267578125,0.0,0.011111111111313372
CO,shadedX,3,AE,A,OOD,-21_33,86,62,0.7655663915978995,0.8575640426359057,0.4085687839190642,6000.0,2186.452880859375,1.4500732421875,0.0,0.03444444444470461
CO,shadedX,3,AE,A,OOD,-21_35,62,37,0.8007846556233653,0.872206661913768,2.4115849662406474,6000.0,1768.8349609375,2.5,0.0,0.0
CO,shadedX,3,AE,AE,ID,-12_39,381,148,0.8308328013052423,0.9300585251144764,0.20835211832052025,12000.0,1175.7352294921875,0.89990234375,0.0,0.0
CO,shadedX,3,AE,AE,ID,-12_40,506,84,0.7697157914549219,0.9527406774520618,0.20835211832052025,12000.0,1127.39599609375,0.89990234375,0.0,0.0
CO,shadedX,3,AE,AE,ID,-13_38,411,77,0.8388472841027587,0.9660112468971952,0.12624561791812738,24000.0,1290.6636352539062,1.300048828125,0.0,0.0
CO,shadedX,3,AE,AE,ID,-13_39,980,368,0.795485803016859,0.9175815443790336,0.20835211832052025,24000.0,1227.770263671875,1.0999755859375,0.0,0.0011111111109615647
CO,shadedX,3,AE,AE,ID,-16_37,392,273,0.7731273828212605,0.8363283288291082,4.3987810166040955,6000.0,1669.8172607421875,1.5,3.0,0.008888888888844544
CO,shadedX,3,AE,AE,ID,-19_39,308,30,0.6980519480519481,0.9596377186637397,2.9879698462887285,12000.0,2004.840576171875,1.3499755859375,0.0,0.02000000000000633
CO,shadedX,3,AE,AE,ID,-21_33,173,57,0.7490112564648616,0.9104432955996175,0.4085687839190642,6000.0,2025.3429565429688,1.20001220703125,0.0,0.06888888888934863
CO,shadedX,3,AE,AE,ID,-21_35,114,42,0.8665413533834586,0.9500225813321644,2.4115849662406474,6000.0,1737.3642578125,1.5,0.0,0.0
AZ,band,0,A,A,ID,-26_22,565,403,0.8308878104481872,0.8522601072428009,0.16284229423379265,12000.0,1268.0463256835938,2.199951171875,0.0,0.0
AZ,band,0,A,A,ID,-26_23,702,395,0.91039345089978,0.9413140816170755,0.3844572951469946,24000.0,928.7197875976562,3.5,0.0,0.0
AZ,band,0,A,A,ID,-26_26,38,185,0.9900426742532005,0.9565824115453081,0.5009534078828138,6000.0,1993.0491943359375,13.0,0.0,0.0
AZ,band,0,A,A,ID,-27_21,275,298,0.9552410006101282,0.9562752753079085,0.16284229423379265,24000.0,1270.096435546875,4.5,0.0,0.0
AZ,band,0,A,A,ID,-27_27,170,190,0.9720123839009288,0.9669195719723607,0.5009534078828138,24000.0,1822.513916015625,3.20001220703125,0.0,0.0
AZ,band,0,A,A,ID,-28_20,180,203,0.9838533114395184,0.9802678574216341,1.7290481764509422,24000.0,1490.0283813476562,6.7000732421875,0.0,0.0
AZ,band,0,A,A,ID,-28_23,246,340,0.9821736011477762,0.976432994321626,0.6023478768511848,24000.0,915.8846130371094,6.600006103515625,0.0,0.0
AZ,band,0,A,A,ID,-28_25,236,58,0.989406779661017,0.9970017231644002,1.7592262344812786,24000.0,645.1840209960938,0.0,0.0,0.6216666666683011
AZ,band,0,A,A,ID,-29_23,641,241,0.8773570859846842,0.9509213491488544,0.6023478768511848,12000.0,576.4842834472656,1.600006103515625,0.0,0.0
AZ,band,0,A,A,ID,-29_26,53,112,0.883423180592992,0.7205637357577791,2.0052221069266016,6000.0,778.1098022460938,22.79998779296875,0.0,0.0
AZ,band,0,A,A,ID,-29_27,33,128,0.9947916666666667,0.9866996508827555,1.1328305713768412,6000.0,1024.825927734375,24.5,0.0,0.0
AZ,band,0,A,A,ID,-30_28,135,181,0.9893186003683241,0.9880679454951133,1.1328305713768412,12000.0,1450.9304809570312,4.65008544921875,0.0,0.0
AZ,band,0,A,A,ID,-30_33,65,126,0.9673992673992674,0.9433078984781229,0.3283262882108657,24000.0,1500.283447265625,3.699951171875,0.0,0.0
AZ,band,0,A,A,ID,-31_25,120,207,0.9536231884057971,0.9497617720376085,2.0052221069266016,12000.0,292.0658264160156,3.20001220703125,0.0,0.0
AZ,band,0,A,A,ID,-31_27,155,384,0.9876176075268817,0.9678237938240679,1.1328305713768412,12000.0,1039.3834228515625,10.300048828125,0.0,0.0
AZ,band,0,A,A,ID,-32_24,628,159,0.8936225613908585,0.9712572766711409,2.0052221069266016,24000.0,187.97508239746094,1.79998779296875,0.0,0.03888888888820224
AZ,band,0,A,A,ID,-32_33,56,180,0.9915674603174602,0.9662754587548117,0.3283262882108657,6000.0,638.3440246582031,14.75,0.0,0.0
AZ,band,0,A,A,ID,-34_26,268,190,0.9271406127258445,0.9464814182451174,0.4455546092955288,12000.0,212.02749633789062,2.2000083923339844,0.0,0.0
AZ,band,0,A,A,ID,-34_27,379,178,0.8895674601998161,0.9430982656785816,0.4455546092955288,24000.0,96.10631561279297,1.0,0.0,0.0
AZ,band,0,A,A,ID,-34_30,152,107,0.96403098868667,0.9726297995739427,0.3283262882108657,24000.0,198.71102905273438,0.0,0.0,0.043333333332503235
AZ,band,0,A,AE,OOD,-26_22,171,57,0.8522622345337026,0.9337987088199049,0.16284229423379265,12000.0,1269.2077026367188,1.5,0.0,0.0
AZ,band,0,A,AE,OOD,-26_23,220,155,0.9054838709677421,0.9231245557849971,0.3844572951469946,24000.0,930.6840209960938,4.300048828125,0.0,0.0
AZ,band,0,A,AE,OOD,-26_26,54,255,0.9848946986201889,0.932031667696343,0.5009534078828138,6000.0,1987.506103515625,12.4000244140625,0.0,0.0
AZ,band,0,A,AE,OOD,-27_21,25,65,0.9753846153846154,0.9409278987852213,0.16284229423379265,12000.0,1218.1397094726562,8.5999755859375,0.0,0.0
AZ,band,0,A,AE,OOD,-28_23,98,297,0.9816532673675531,0.9654113262666726,0.6023478768511848,24000.0,939.1456909179688,11.4000244140625,0.0,0.0
AZ,band,0,A,AE,OOD,-28_25,68,239,0.9593896135860203,0.8450697556140362,1.7592262344812786,24000.0,818.0226440429688,18.39996337890625,0.0,0.0
AZ,band,0,A,AE,OOD,-29_23,1007,322,0.8538183029353532,0.948155480441156,0.6023478768511848,12000.0,572.324951171875,1.5,0.0,0.0
AZ,band,0,A,AE,OOD,-29_26,404,283,0.8700713710947067,0.8847244029893705,2.0052221069266016,6000.0,697.2730102539062,13.199951171875,0.0,0.0
AZ,band,0,A,AE,OOD,-29_27,161,266,0.9970345117452015,0.9956557160969783,1.1328305713768412,6000.0,980.7333984375,12.5,0.0,0.0
AZ,band,0,A,AE,OOD,-30_25,597,1076,0.8634763034503372,0.8325005421166987,2.0052221069266016,12000.0,327.6663818359375,2.0,8.0,0.0
AZ,band,0,A,AE,OOD,-30_28,485,1023,0.9806431457911338,0.968627733725046,1.1328305713768412,12000.0,1457.8071899414062,6.199951171875,0.0,0.0
AZ,band,0,A,AE,OOD,-31_25,2568,1492,0.9585374332890682,0.9774568341093002,2.0052221069266016,12000.0,280.39012145996094,2.0,0.0,0.0
AZ,band,0,A,AE,OOD,-31_27,108,193,0.977163692189599,0.9453483410075276,1.1328305713768412,12000.0,1029.445068359375,7.5,0.0,0.0
AZ,band,0,A,AE,OOD,-32_24,29,76,0.9092558983666061,0.8473199236398513,2.0052221069266016,24000.0,215.61619567871094,2.79998779296875,0.0,0.0
AZ,band,0,A,AE,OOD,-32_33,103,160,0.9905946601941747,0.9857901326873735,0.3283262882108657,6000.0,607.2130737304688,8.0999755859375,0.0,0.0
AZ,band,0,A,AE,OOD,-34_26,139,211,0.9250571107095367,0.8937758406080613,0.4455546092955288,12000.0,247.7619400024414,2.399993896484375,0.0,0.0
AZ,band,0,A,AE,OOD,-34_27,195,426,0.8880462260743952,0.8233771799597304,0.4455546092955288,24000.0,110.37139129638672,1.4000015258789062,0.0,0.0
AZ,band,0,A,AE,OOD,-34_30,46,117,0.9516908212560387,0.9098380200408718,0.3283262882108657,24000.0,277.9189453125,12.5,0.0,0.0
AZ,band,0,A,AE,OOD,-35_24,758,549,0.9391025178905278,0.9571352722112593,0.5251896942125486,12000.0,43.56666946411133,1.0,0.0,0.0
AZ,band,0,AE,A,OOD,-26_22,565,403,0.8435165462570544,0.8488848680832662,0.16284229423379265,12000.0,1268.0463256835938,2.199951171875,0.0,0.0
AZ,band,0,AE,A,OOD,-26_23,702,395,0.9092177864329762,0.9379280939757614,0.3844572951469946,24000.0,928.7197875976562,3.5,0.0,0.0
AZ,band,0,AE,A,OOD,-26_26,38,185,0.9850640113798008,0.9391201368820729,0.5009534078828138,6000.0,1993.0491943359375,13.0,0.0,0.0
AZ,band,0,AE,A,OOD,-27_21,275,298,0.9560463697376449,0.9538954117663087,0.16284229423379265,24000.0,1270.096435546875,4.5,0.0,0.0
AZ,band,0,AE,A,OOD,-27_27,170,190,0.9740557275541796,0.968287599016806,0.5009534078828138,24000.0,1822.513916015625,3.20001220703125,0.0,0.0
AZ,band,0,AE,A,OOD,-28_20,180,203,0.9821018062397373,0.9785323875602775,1.7290481764509422,24000.0,1490.0283813476562,6.7000732421875,0.0,0.0
AZ,band,0,AE,A,OOD,-28_23,246,340,0.9823648971783835,0.9750265649593454,0.6023478768511848,24000.0,915.8846130371094,6.600006103515625,0.0,0.0
AZ,band,0,AE,A,OOD,-28_25,236,58,0.9961279953243718,0.999065482897355,1.7592262344812786,24000.0,645.1840209960938,0.0,0.0,0.6216666666683011
AZ,band,0,AE,A,OOD,-29_23,641,241,0.8772923531049127,0.9540522285071957,0.6023478768511848,12000.0,576.4842834472656,1.600006103515625,0.0,0.0
AZ,band,0,AE,A,OOD,-29_26,53,112,0.8820754716981132,0.740729324005201,2.0052221069266016,6000.0,778.1098022460938,22.79998779296875,0.0,0.0
AZ,band,0,AE,A,OOD,-29_27,33,128,0.9924242424242424,0.9837047422274695,1.1328305713768412,6000.0,1024.825927734375,24.5,0.0,0.0
AZ,band,0,AE,A,OOD,-30_28,135,181,0.9891549007571107,0.9883066429156252,1.1328305713768412,12000.0,1450.9304809570312,4.65008544921875,0.0,0.0
AZ,band,0,AE,A,OOD,-30_33,65,126,0.9803418803418804,0.9659684698771325,0.3283262882108657,24000.0,1500.283447265625,3.699951171875,0.0,0.0
AZ,band,0,AE,A,OOD,-31_25,120,207,0.9502415458937197,0.9415926822991281,2.0052221069266016,12000.0,292.0658264160156,3.20001220703125,0.0,0.0
AZ,band,0,AE,A,OOD,-31_27,155,384,0.9900033602150538,0.9747211090942288,1.1328305713768412,12000.0,1039.3834228515625,10.300048828125,0.0,0.0
AZ,band,0,AE,A,OOD,-32_24,628,159,0.9229760044866403,0.9800247623369216,2.0052221069266016,24000.0,187.97508239746094,1.79998779296875,0.0,0.03888888888820224
AZ,band,0,AE,A,OOD,-32_33,56,180,0.9946428571428572,0.9838477407916318,0.3283262882108657,6000.0,638.3440246582031,14.75,0.0,0.0
AZ,band,0,AE,A,OOD,-34_26,268,190,0.9125490966221523,0.9420750860523512,0.4455546092955288,12000.0,212.02749633789062,2.2000083923339844,0.0,0.0
AZ,band,0,AE,A,OOD,-34_27,379,178,0.9523138952299072,0.9746319581345586,0.4455546092955288,24000.0,96.10631561279297,1.0,0.0,0.0
AZ,band,0,AE,A,OOD,-34_30,152,107,0.9387604525332022,0.9521992106504819,0.3283262882108657,24000.0,198.71102905273438,0.0,0.0,0.043333333332503235
AZ,band,0,AE,AE,ID,-26_22,171,57,0.8903252282753669,0.9389511426643921,0.16284229423379265,12000.0,1269.2077026367188,1.5,0.0,0.0
AZ,band,0,AE,AE,ID,-26_23,220,155,0.9027565982404692,0.9171204384779604,0.3844572951469946,24000.0,930.6840209960938,4.300048828125,0.0,0.0
AZ,band,0,AE,AE,ID,-26_26,54,255,0.9883805374001453,0.9528389302037436,0.5009534078828138,6000.0,1987.506103515625,12.4000244140625,0.0,0.0
AZ,band,0,AE,AE,ID,-27_21,25,65,0.9673846153846154,0.9234568510685575,0.16284229423379265,12000.0,1218.1397094726562,8.5999755859375,0.0,0.0
AZ,band,0,AE,AE,ID,-28_23,98,297,0.9831649831649831,0.9682493418964593,0.6023478768511848,24000.0,939.1456909179688,11.4000244140625,0.0,0.0
AZ,band,0,AE,AE,ID,-28_25,68,239,0.9736647797194192,0.8840649699791113,1.7592262344812786,24000.0,818.0226440429688,18.39996337890625,0.0,0.0
AZ,band,0,AE,AE,ID,-29_23,1007,322,0.8731765837892516,0.9575806398489715,0.6023478768511848,12000.0,572.324951171875,1.5,0.0,0.0
AZ,band,0,AE,AE,ID,-29_26,404,283,0.8723629430080818,0.8911797788095966,2.0052221069266016,6000.0,697.2730102539062,13.199951171875,0.0,0.0
AZ,band,0,AE,AE,ID,-29_27,161,266,0.9978050716854248,0.9965985560564679,1.1328305713768412,6000.0,980.7333984375,12.5,0.0,0.0
AZ,band,0,AE,AE,ID,-30_25,597,1076,0.8741539170449522,0.8217977729705153,2.0052221069266016,12000.0,327.6663818359375,2.0,8.0,0.0
AZ,band,0,AE,AE,ID,-30_28,485,1023,0.9778174159284903,0.9612803751709618,1.1328305713768412,12000.0,1457.8071899414062,6.199951171875,0.0,0.0
AZ,band,0,AE,AE,ID,-31_25,2568,1492,0.9608519581067876,0.9780266327707895,2.0052221069266016,12000.0,280.39012145996094,2.0,0.0,0.0
AZ,band,0,AE,AE,ID,-31_27,108,193,0.9791306850892343,0.9585915814946849,1.1328305713768412,12000.0,1029.445068359375,7.5,0.0,0.0
AZ,band,0,AE,AE,ID,-32_24,29,76,0.9346642468239564,0.8936092885242651,2.0052221069266016,24000.0,215.61619567871094,2.79998779296875,0.0,0.0
AZ,band,0,AE,AE,ID,-32_33,103,160,0.9910194174757282,0.9866849095632834,0.3283262882108657,6000.0,607.2130737304688,8.0999755859375,0.0,0.0
AZ,band,0,AE,AE,ID,-34_26,139,211,0.8897678066077942,0.8657796985852492,0.4455546092955288,12000.0,247.7619400024414,2.399993896484375,0.0,0.0
AZ,band,0,AE,AE,ID,-34_27,195,426,0.9407246900204647,0.8887016390411961,0.4455546092955288,24000.0,110.37139129638672,1.4000015258789062,0.0,0.0
AZ,band,0,AE,AE,ID,-34_30,46,117,0.929022668153103,0.8654217177019271,0.3283262882108657,24000.0,277.9189453125,12.5,0.0,0.0
AZ,band,0,AE,AE,ID,-35_24,758,549,0.9277662432535048,0.9504490781951971,0.5251896942125486,12000.0,43.56666946411133,1.0,0.0,0.0
AZ,band,1,A,A,ID,-25_23,231,402,0.9838362301048869,0.9730314411116361,0.38893566854058353,24000.0,1172.780029296875,10.9000244140625,0.0,0.0
AZ,band,1,A,A,ID,-25_25,28,192,0.99609375,0.9789434523809524,0.21676553804934295,24000.0,2507.4468994140625,35.4500732421875,0.0,0.0
AZ,band,1,A,A,ID,-25_26,142,311,0.9808432589103755,0.943885096561777,0.21676553804934295,24000.0,2126.208251953125,7.699951171875,0.0,0.0
AZ,band,1,A,A,ID,-25_27,244,130,0.9731084489281211,0.9862084005016837,0.21676553804934295,24000.0,1723.6817626953125,2.54998779296875,0.0,0.0
AZ,band,1,A,A,ID,-26_20,270,209,0.9510012404749247,0.9667024932872408,0.16284229423379265,12000.0,1253.2339477539062,2.300048828125,0.0,0.0
AZ,band,1,A,A,ID,-27_20,200,265,0.9469622641509433,0.9401986723668982,0.16284229423379265,24000.0,1355.8034057617188,4.89990234375,0.0,0.0
AZ,band,1,A,A,ID,-29_21,168,233,0.9872011036174126,0.9790259212734026,1.7290481764509422,12000.0,984.2531127929688,6.0,0.0,0.0
AZ,band,1,A,A,ID,-32_25,486,384,0.950065372085048,0.9619432702184182,2.0052221069266016,24000.0,312.8720245361328,2.29998779296875,0.0,0.0
AZ,band,1,A,A,ID,-32_26,427,387,0.859079328770522,0.8765148927044041,2.0052221069266016,24000.0,477.26255798339844,2.25,0.0,0.0
AZ,band,1,A,A,ID,-33_28,468,210,0.9480056980056981,0.9749000806747363,0.3283262882108657,24000.0,588.8489379882812,5.79998779296875,0.0,0.0
AZ,band,1,A,A,ID,-34_24,295,162,0.9673153379368069,0.9807287068173797,0.5251896942125486,12000.0,68.98865509033203,1.0999984741210938,0.0,0.0
AZ,band,1,A,AE,OOD,-25_23,284,210,0.980784708249497,0.9840251428839504,0.38893566854058353,24000.0,1142.5426025390625,4.89996337890625,0.0,0.0
AZ,band,1,A,AE,OOD,-25_26,30,121,0.9820936639118457,0.9363585407824538,0.21676553804934295,24000.0,2135.13427734375,16.2999267578125,0.0,0.0
AZ,band,1,A,AE,OOD,-25_27,26,73,0.9783983140147523,0.9323403636497579,0.21676553804934295,24000.0,1742.8648681640625,4.9000244140625,0.0,0.0
AZ,band,1,A,AE,OOD,-27_20,81,207,0.9519293851016879,0.9052282672986753,0.16284229423379265,24000.0,1360.4134521484375,6.35003662109375,0.0,0.0
AZ,band,1,A,AE,OOD,-29_21,653,442,0.9727294145364589,0.980835444871953,0.9304363871268337,12000.0,958.0883178710938,4.20001220703125,0.0,0.0
AZ,band,1,A,AE,OOD,-29_28,448,1081,0.9956885159244087,0.9901028555239553,1.1328305713768412,12000.0,1180.9483642578125,14.9000244140625,0.0,0.0
AZ,band,1,A,AE,OOD,-32_25,872,300,0.9433218654434251,0.9786387004934448,2.0052221069266016,24000.0,307.45249938964844,1.600006103515625,0.0,0.0
AZ,band,1,A,AE,OOD,-32_26,268,284,0.8606264452385957,0.8602278909482584,2.0052221069266016,24000.0,485.96827697753906,2.70001220703125,0.0,0.0
AZ,band,1,A,AE,OOD,-34_24,792,199,0.9631934927161058,0.9899810463704964,0.5251896942125486,12000.0,65.94544982910156,0.9000015258789062,0.0,0.0
AZ,band,1,AE,A,OOD,-25_23,231,402,0.9843208201417157,0.9734799456108392,0.38893566854058353,24000.0,1172.780029296875,10.9000244140625,0.0,0.0
AZ,band,1,AE,A,OOD,-25_25,28,192,0.9968377976190476,0.9816768569776088,0.21676553804934295,24000.0,2507.4468994140625,35.4500732421875,0.0,0.0
AZ,band,1,AE,A,OOD,-25_26,142,311,0.9800960101444681,0.9519218096590893,0.21676553804934295,24000.0,2126.208251953125,7.699951171875,0.0,0.0
AZ,band,1,AE,A,OOD,-25_27,244,130,0.9755044136191676,0.987357258794721,0.21676553804934295,24000.0,1723.6817626953125,2.54998779296875,0.0,0.0
AZ,band,1,AE,A,OOD,-26_20,270,209,0.9326776537302853,0.9495288969887952,0.16284229423379265,12000.0,1253.2339477539062,2.300048828125,0.0,0.0
AZ,band,1,AE,A,OOD,-27_20,200,265,0.948622641509434,0.9423336470761813,0.16284229423379265,24000.0,1355.8034057617188,4.89990234375,0.0,0.0
AZ,band,1,AE,A,OOD,-29_21,168,233,0.9900367872470877,0.9869079624712576,1.7290481764509422,12000.0,984.2531127929688,6.0,0.0,0.0
AZ,band,1,AE,A,OOD,-32_25,486,384,0.9606856567215363,0.9700407145036011,2.0052221069266016,24000.0,312.8720245361328,2.29998779296875,0.0,0.0
AZ,band,1,AE,A,OOD,-32_26,427,387,0.8587283432880078,0.873751465065465,2.0052221069266016,24000.0,477.26255798339844,2.25,0.0,0.0
AZ,band,1,AE,A,OOD,-33_28,468,210,0.9448717948717948,0.9719734921374681,0.3283262882108657,24000.0,588.8489379882812,5.79998779296875,0.0,0.0
AZ,band,1,AE,A,OOD,-34_24,295,162,0.9879891190625655,0.9929556627153405,0.5251896942125486,12000.0,68.98865509033203,1.0999984741210938,0.0,0.0
AZ,band,1,AE,AE,ID,-25_23,284,210,0.9804661301140175,0.981524420816995,0.38893566854058353,24000.0,1142.5426025390625,4.89996337890625,0.0,0.0
AZ,band,1,AE,AE,ID,-25_26,30,121,0.9801652892561983,0.9140018697897402,0.21676553804934295,24000.0,2135.13427734375,16.2999267578125,0.0,0.0
AZ,band,1,AE,AE,ID,-25_27,26,73,0.9831401475237092,0.9511587462820028,0.21676553804934295,24000.0,1742.8648681640625,4.9000244140625,0.0,0.0
AZ,band,1,AE,AE,ID,-27_20,81,207,0.9395837060893422,0.9001573497423916,0.16284229423379265,24000.0,1360.4134521484375,6.35003662109375,0.0,0.0
AZ,band,1,AE,AE,ID,-29_21,653,442,0.9824028327316319,0.9880378821502295,0.9304363871268337,12000.0,958.0883178710938,4.20001220703125,0.0,0.0
AZ,band,1,AE,AE,ID,-29_28,448,1081,0.9962481003039514,0.989936027262135,1.1328305713768412,12000.0,1180.9483642578125,14.9000244140625,0.0,0.0
AZ,band,1,AE,AE,ID,-32_25,872,300,0.9511391437308869,0.9814877548772205,2.0052221069266016,24000.0,307.45249938964844,1.600006103515625,0.0,0.0
AZ,band,1,AE,AE,ID,-32_26,268,284,0.8480660079882278,0.8546322283395784,2.0052221069266016,24000.0,485.96827697753906,2.70001220703125,0.0,0.0
AZ,band,1,AE,AE,ID,-34_24,792,199,0.9842393787117405,0.9958988390777471,0.5251896942125486,12000.0,65.94544982910156,0.9000015258789062,0.0,0.0
AZ,band,2,A,A,ID,-26_27,296,497,0.9683846321170265,0.9498428325751631,0.5009534078828138,24000.0,1734.843017578125,4.800048828125,0.0,0.0
AZ,band,2,A,A,ID,-27_22,178,362,0.9616053137997393,0.9290852793438983,0.3844572951469946,12000.0,1326.594970703125,5.79998779296875,0.0,0.0
AZ,band,2,A,A,ID,-27_23,255,362,0.9614992958509371,0.9543341765993111,0.3844572951469946,24000.0,1323.9163818359375,7.800048828125,0.0,0.0
AZ,band,2,A,A,ID,-28_21,247,379,0.978582034546484,0.9701213465834149,1.7290481764509422,24000.0,1409.293701171875,6.45001220703125,0.0,0.0
AZ,band,2,A,A,ID,-28_28,78,98,0.9948979591836735,0.9930854342233445,0.39846084002546717,6000.0,2167.843505859375,3.5,0.0,0.002222222222286927
AZ,band,2,A,A,ID,-29_22,131,112,0.8861777535441657,0.9041444186282936,0.9304363871268337,12000.0,749.1480102539062,4.10003662109375,0.0,0.0
AZ,band,2,A,A,ID,-30_23,625,148,0.6789081081081081,0.8890497952425483,0.6023478768511848,24000.0,490.5308532714844,1.29998779296875,0.0,0.0
AZ,band,2,A,A,ID,-30_24,393,269,0.788397324933549,0.8491863864231841,0.6023478768511848,12000.0,414.7517395019531,1.100006103515625,0.0,0.0
AZ,band,2,A,A,ID,-30_29,150,276,0.9914734299516907,0.9843662435866123,1.1328305713768412,24000.0,1539.2075805664062,5.0,0.0,0.0
AZ,band,2,A,A,ID,-31_24,104,120,0.9242788461538461,0.9348015879492402,2.0052221069266016,12000.0,240.6468048095703,2.300018310546875,0.0,0.0
AZ,band,2,A,A,ID,-32_27,542,395,0.9329440889345602,0.9442071540501935,2.0052221069266016,24000.0,651.3697509765625,2.4000244140625,0.0,0.0
AZ,band,2,A,A,ID,-33_27,260,380,0.9551417004048582,0.9405096328292747,0.4455546092955288,12000.0,338.43115234375,4.100006103515625,0.0,0.0
AZ,band,2,A,A,ID,-33_29,469,266,0.9539974670150857,0.9705406678117134,0.3283262882108657,24000.0,714.4174194335938,6.10003662109375,0.0,0.0
AZ,band,2,A,A,ID,-33_30,311,374,0.9242567532713173,0.9138293149817027,0.3283262882108657,12000.0,927.298583984375,5.4000244140625,0.0,0.0
AZ,band,2,A,A,ID,-34_28,129,101,0.9798910123570496,0.9806354716489432,0.3283262882108657,12000.0,153.81319427490234,3.9499969482421875,0.0,0.0
AZ,band,2,A,A,ID,-34_29,237,194,0.9797511853495149,0.9847652499644373,0.3283262882108657,24000.0,209.74478149414062,3.600006103515625,0.0,0.0
AZ,band,2,A,AE,OOD,-26_27,108,231,0.9739858906525573,0.9588015309604792,0.5009534078828138,24000.0,1734.119873046875,6.5,0.0,0.0
AZ,band,2,A,AE,OOD,-27_22,349,60,0.9745463228271251,0.9954606753930947,0.3844572951469946,12000.0,1316.9920654296875,1.5999755859375,0.0,0.0
AZ,band,2,A,AE,OOD,-28_26,161,169,0.9779117203866368,0.97782237087094,1.7592262344812786,24000.0,725.5491027832031,4.79998779296875,0.0,0.0
AZ,band,2,A,AE,OOD,-28_28,74,36,0.9984984984984985,0.9992766495523757,0.39846084002546717,6000.0,2166.742431640625,1.5,0.0,0.33888888889047936
AZ,band,2,A,AE,OOD,-29_22,230,260,0.8838628762541807,0.8928913355849832,0.9304363871268337,12000.0,754.2815551757812,4.100006103515625,0.0,0.0
AZ,band,2,A,AE,OOD,-30_23,58,57,0.7543859649122808,0.7356226329464844,0.6023478768511848,24000.0,485.2333068847656,1.100006103515625,0.0,0.0
AZ,band,2,A,AE,OOD,-30_24,563,473,0.7537805248987041,0.7999736511741622,0.6023478768511848,12000.0,414.8896942138672,1.100006103515625,0.0,0.0
AZ,band,2,A,AE,OOD,-30_29,68,131,0.9728334081724292,0.9634523432818578,1.1328305713768412,18000.0,1552.9359130859375,6.0999755859375,0.0,0.0
AZ,band,2,A,AE,OOD,-31_24,420,320,0.9043675595238096,0.9351873461934154,2.0052221069266016,12000.0,236.9425506591797,1.899993896484375,0.0,0.0
AZ,band,2,A,AE,OOD,-32_27,465,160,0.9191801075268817,0.9606751471486459,2.0052221069266016,24000.0,648.0074462890625,1.79998779296875,0.0,0.0
AZ,band,2,A,AE,OOD,-33_27,118,101,0.9573753985568048,0.9587988717275862,0.4455546092955288,24000.0,324.5279541015625,3.699981689453125,0.0,0.0
AZ,band,2,A,AE,OOD,-33_30,259,190,0.9390977443609023,0.9534182329249327,0.3283262882108657,12000.0,905.6734008789062,4.0999755859375,0.0,0.0
AZ,band,2,A,AE,OOD,-34_29,154,357,0.9686420022554476,0.9410327215149188,0.3283262882108657,24000.0,223.6151580810547,6.29998779296875,0.0,0.0
AZ,band,2,A,AE,OOD,-35_25,708,461,0.9882563084427123,0.9896554543573919,0.5251896942125486,12000.0,63.018489837646484,2.799999237060547,0.0,0.06000000000029187
AZ,band,2,AE,A,OOD,-26_27,296,497,0.9610704769155474,0.9279567294080934,0.5009534078828138,24000.0,1734.843017578125,4.800048828125,0.0,0.0
AZ,band,2,AE,A,OOD,-27_22,178,362,0.9564839530697127,0.924687673458894,0.3844572951469946,12000.0,1326.594970703125,5.79998779296875,0.0,0.0
AZ,band,2,AE,A,OOD,-27_23,255,362,0.954035315783772,0.9459805550204557,0.3844572951469946,24000.0,1323.9163818359375,7.800048828125,0.0,0.0
AZ,band,2,AE,A,OOD,-28_21,247,379,0.9831967782252465,0.9759127310801702,1.7290481764509422,24000.0,1409.293701171875,6.45001220703125,0.0,0.0
AZ,band,2,AE,A,OOD,-28_28,78,98,0.989534275248561,0.9864442645732303,0.39846084002546717,6000.0,2167.843505859375,3.5,0.0,0.002222222222286927
AZ,band,2,AE,A,OOD,-29_22,131,112,0.9267993456924755,0.9141931038592561,0.9304363871268337,12000.0,749.1480102539062,4.10003662109375,0.0,0.0
AZ,band,2,AE,A,OOD,-30_23,625,148,0.6749297297297298,0.8969926779097063,0.6023478768511848,24000.0,490.5308532714844,1.29998779296875,0.0,0.0
AZ,band,2,AE,A,OOD,-30_24,393,269,0.7705950793155311,0.8388624577657733,0.6023478768511848,12000.0,414.7517395019531,1.100006103515625,0.0,0.0
AZ,band,2,AE,A,OOD,-30_29,150,276,0.9915700483091787,0.9795185783482574,1.1328305713768412,24000.0,1539.2075805664062,5.0,0.0,0.0
AZ,band,2,AE,A,OOD,-31_24,104,120,0.8923076923076924,0.9002932391465505,2.0052221069266016,12000.0,240.6468048095703,2.300018310546875,0.0,0.0
AZ,band,2,AE,A,OOD,-32_27,542,395,0.9292306973702649,0.9364601170167901,2.0052221069266016,24000.0,651.3697509765625,2.4000244140625,0.0,0.0
AZ,band,2,AE,A,OOD,-33_27,260,380,0.9552125506072875,0.9431687367145751,0.4455546092955288,12000.0,338.43115234375,4.100006103515625,0.0,0.0
AZ,band,2,AE,A,OOD,-33_29,469,266,0.9364589512159931,0.9599652872838849,0.3283262882108657,24000.0,714.4174194335938,6.10003662109375,0.0,0.0
AZ,band,2,AE,A,OOD,-33_30,311,374,0.9065718658115103,0.8934049226907239,0.3283262882108657,12000.0,927.298583984375,5.4000244140625,0.0,0.0
AZ,band,2,AE,A,OOD,-34_28,129,101,0.9840356128636119,0.9854234973360058,0.3283262882108657,12000.0,153.81319427490234,3.9499969482421875,0.0,0.0
AZ,band,2,AE,A,OOD,-34_29,237,194,0.9675279481491149,0.9751546509495135,0.3283262882108657,24000.0,209.74478149414062,3.600006103515625,0.0,0.0
AZ,band,2,AE,AE,ID,-26_27,108,231,0.9753086419753086,0.9604011221195926,0.5009534078828138,24000.0,1734.119873046875,6.5,0.0,0.0
AZ,band,2,AE,AE,ID,-27_22,349,60,0.9624164278892073,0.9932551823645007,0.3844572951469946,12000.0,1316.9920654296875,1.5999755859375,0.0,0.0
AZ,band,2,AE,AE,ID,-28_26,161,169,0.9753390422286743,0.9743270085950406,1.7592262344812786,24000.0,725.5491027832031,4.79998779296875,0.0,0.0
AZ,band,2,AE,AE,ID,-28_28,74,36,0.9996246246246246,0.9998198198198196,0.39846084002546717,6000.0,2166.742431640625,1.5,0.0,0.33888888889047936
AZ,band,2,AE,AE,ID,-29_22,230,260,0.922742474916388,0.9230642233273685,0.9304363871268337,12000.0,754.2815551757812,4.100006103515625,0.0,0.0
AZ,band,2,AE,AE,ID,-30_23,58,57,0.7516636418632788,0.7752245871757383,0.6023478768511848,24000.0,485.2333068847656,1.100006103515625,0.0,0.0
AZ,band,2,AE,AE,ID,-30_24,563,473,0.7311292945148122,0.7721533363626439,0.6023478768511848,12000.0,414.8896942138672,1.100006103515625,0.0,0.0
AZ,band,2,AE,AE,ID,-30_29,68,131,0.9753030983385721,0.964069291265623,1.1328305713768412,18000.0,1552.9359130859375,6.0999755859375,0.0,0.0
AZ,band,2,AE,AE,ID,-31_24,420,320,0.8614508928571428,0.9050155123428736,2.0052221069266016,12000.0,236.9425506591797,1.899993896484375,0.0,0.0
AZ,band,2,AE,AE,ID,-32_27,465,160,0.9096236559139785,0.9559442974094265,2.0052221069266016,24000.0,648.0074462890625,1.79998779296875,0.0,0.0
AZ,band,2,AE,AE,ID,-33_27,118,101,0.9501594227219332,0.9561478433546484,0.4455546092955288,24000.0,324.5279541015625,3.699981689453125,0.0,0.0
AZ,band,2,AE,AE,ID,-33_30,259,190,0.9070717333875229,0.9266166006283625,0.3283262882108657,12000.0,905.6734008789062,4.0999755859375,0.0,0.0
AZ,band,2,AE,AE,ID,-34_29,154,357,0.9624395212630507,0.9315051613807225,0.3283262882108657,24000.0,223.6151580810547,6.29998779296875,0.0,0.0
AZ,band,2,AE,AE,ID,-35_25,708,461,0.9869541772369083,0.9865525786979563,0.5251896942125486,12000.0,63.018489837646484,2.799999237060547,0.0,0.06000000000029187
AZ,band,3,A,A,ID,-26_24,67,49,0.9887298202863235,0.992287926090973,0.3844572951469946,24000.0,828.7051391601562,4.050018310546875,0.0,0.0
AZ,band,3,A,A,ID,-26_28,608,371,0.9531006171088097,0.9605986163324449,0.5009534078828138,24000.0,1578.548095703125,3.0,0.0,0.0
AZ,band,3,A,A,ID,-27_28,571,331,0.9481325495632298,0.9628541045232621,0.5009534078828138,12000.0,1489.3470458984375,1.5999755859375,0.0,0.0
AZ,band,3,A,A,ID,-28_22,65,157,0.9590396864282215,0.9380397499891399,0.9304363871268337,12000.0,839.8472290039062,6.149993896484375,0.0,0.0
AZ,band,3,A,A,ID,-28_24,200,292,0.9732876712328766,0.9686903318995976,0.6023478768511848,6000.0,744.8498840332031,11.25,0.0,0.0
AZ,band,3,A,A,ID,-29_20,33,64,0.9957386363636364,0.9928317263544536,1.7290481764509422,12000.0,1144.2119140625,16.5,0.0,0.0
AZ,band,3,A,A,ID,-29_24,471,262,0.8648887376217567,0.9255467485454786,0.6023478768511848,24000.0,468.92724609375,2.0999755859375,0.0,0.0
AZ,band,3,A,A,ID,-29_25,98,173,0.9532853603869295,0.9436628506393624,2.0052221069266016,12000.0,472.9653015136719,5.100006103515625,0.0,0.0
AZ,band,3,A,A,ID,-29_29,46,115,0.9801512287334594,0.9431793164030846,0.39846084002546717,18000.0,2134.1806640625,9.199951171875,0.0,0.0
AZ,band,3,A,A,ID,-30_26,152,146,0.9331741167988464,0.9400187078037288,2.0052221069266016,12000.0,527.8805847167969,3.8500213623046875,0.0,0.0
AZ,band,3,A,A,ID,-30_27,62,184,0.9958800841514727,0.9897507101743416,1.1328305713768412,24000.0,1222.2965087890625,22.64996337890625,0.0,0.0
AZ,band,3,A,A,ID,-31_26,188,208,0.8971972176759411,0.9179218833664837,2.0052221069266016,12000.0,488.4589080810547,3.20001220703125,0.0,0.0
AZ,band,3,A,A,ID,-31_28,130,228,0.9880904183535762,0.9734157820827983,1.1328305713768412,24000.0,1412.6177368164062,12.04998779296875,0.0,0.0
AZ,band,3,A,A,ID,-32_28,178,171,0.9864314343912215,0.9873066403669956,0.3283262882108657,24000.0,661.213134765625,6.5,0.0,0.0
AZ,band,3,A,A,ID,-33_26,312,200,0.8488782051282052,0.9105373808847684,0.4455546092955288,24000.0,424.97027587890625,1.5,0.0,0.0
AZ,band,3,A,A,ID,-35_26,111,54,0.9546212879546213,0.9759276917685593,0.4455546092955288,24000.0,69.76555633544922,1.1999969482421875,0.0,0.0
AZ,band,3,A,AE,OOD,-26_28,297,125,0.9548013468013469,0.9774945835008313,0.5009534078828138,24000.0,1573.0980834960938,2.3499755859375,0.0,0.0
AZ,band,3,A,AE,OOD,-27_28,441,83,0.954976368057263,0.9894533051064338,0.5009534078828138,12000.0,1479.531005859375,1.199951171875,0.0,0.0
AZ,band,3,A,AE,OOD,-28_22,460,817,0.9822548028311425,0.9753189946591468,0.9304363871268337,12000.0,836.3735961914062,5.29998779296875,0.0,0.0
AZ,band,3,A,AE,OOD,-28_24,156,370,0.9772349272349272,0.9593876262027269,0.6023478768511848,6000.0,786.2974243164062,21.300018310546875,0.0,0.0
AZ,band,3,A,AE,OOD,-29_20,254,359,0.9942644704230912,0.9926542505095738,1.7290481764509422,12000.0,1147.2459716796875,9.9000244140625,0.0,0.0
AZ,band,3,A,AE,OOD,-29_24,225,295,0.7925423728813559,0.774406456863009,0.6023478768511848,24000.0,472.5912628173828,2.5,0.0,0.0
AZ,band,3,A,AE,OOD,-29_25,133,240,0.9409147869674186,0.9003249445273322,2.0052221069266016,12000.0,488.408447265625,5.199981689453125,0.0,0.0
AZ,band,3,A,AE,OOD,-29_29,27,143,0.98005698005698,0.8903634738923081,0.39846084002546717,12000.0,2148.4073486328125,14.6500244140625,0.0,0.0
AZ,band,3,A,AE,OOD,-30_26,1154,1451,0.9451689923999107,0.9168733161782846,2.0052221069266016,12000.0,529.2843627929688,4.100006103515625,0.0,0.0
AZ,band,3,A,AE,OOD,-30_27,42,192,0.9864831349206349,0.9528287813947192,1.1328305713768412,12000.0,1213.8912353515625,21.54998779296875,0.0,0.0
AZ,band,3,A,AE,OOD,-31_26,1512,1057,0.9075976233024483,0.9441444438375965,2.0052221069266016,12000.0,489.7471008300781,2.79998779296875,0.0,0.0
AZ,band,3,A,AE,OOD,-31_28,25,110,0.9938181818181818,0.9751167999835604,1.1328305713768412,24000.0,1412.7169189453125,21.0,0.0,0.0
AZ,band,3,A,AE,OOD,-32_28,41,70,0.99198606271777,0.9873603982266136,0.3283262882108657,24000.0,701.5238037109375,17.5,0.0,0.0
AZ,band,3,A,AE,OOD,-33_26,79,92,0.9225371491469455,0.9239549244628783,0.4455546092955288,24000.0,406.7623291015625,1.899993896484375,0.0,0.0
AZ,band,3,A,AE,OOD,-35_26,390,284,0.968508486818346,0.9764822664842207,0.4455546092955288,24000.0,70.98906326293945,1.0,0.0,0.0
AZ,band,3,AE,A,OOD,-26_24,67,49,0.9869022235759976,0.9915544338298492,0.3844572951469946,24000.0,828.7051391601562,4.050018310546875,0.0,0.0
AZ,band,3,AE,A,OOD,-26_28,608,371,0.9602913533834587,0.9597519409289889,0.5009534078828138,24000.0,1578.548095703125,3.0,0.0,0.0
AZ,band,3,AE,A,OOD,-27_28,571,331,0.957878529743229,0.9701962866261883,0.5009534078828138,12000.0,1489.3470458984375,1.5999755859375,0.0,0.0
AZ,band,3,AE,A,OOD,-28_22,65,157,0.955218030377266,0.930421989145472,0.9304363871268337,12000.0,839.8472290039062,6.149993896484375,0.0,0.0
AZ,band,3,AE,A,OOD,-28_24,200,292,0.9779109589041095,0.9736142966660587,0.6023478768511848,6000.0,744.8498840332031,11.25,0.0,0.0
AZ,band,3,AE,A,OOD,-29_20,33,64,0.9952651515151515,0.9922219702568926,1.7290481764509422,12000.0,1144.2119140625,16.5,0.0,0.0
AZ,band,3,AE,A,OOD,-29_24,471,262,0.8741673554723587,0.9284100609076547,0.6023478768511848,24000.0,468.92724609375,2.0999755859375,0.0,0.0
AZ,band,3,AE,A,OOD,-29_25,98,173,0.9563524831898076,0.944473627785284,2.0052221069266016,12000.0,472.9653015136719,5.100006103515625,0.0,0.0
AZ,band,3,AE,A,OOD,-29_29,46,115,0.9778827977315689,0.9398391041658273,0.39846084002546717,18000.0,2134.1806640625,9.199951171875,0.0,0.0
AZ,band,3,AE,A,OOD,-30_26,152,146,0.9411499639509733,0.9469800411052016,2.0052221069266016,12000.0,527.8805847167969,3.8500213623046875,0.0,0.0
AZ,band,3,AE,A,OOD,-30_27,62,184,0.9978085553997195,0.9937972580427654,1.1328305713768412,24000.0,1222.2965087890625,22.64996337890625,0.0,0.0
AZ,band,3,AE,A,OOD,-31_26,188,208,0.8978876841243862,0.9134493301893518,2.0052221069266016,12000.0,488.4589080810547,3.20001220703125,0.0,0.0
AZ,band,3,AE,A,OOD,-31_28,130,228,0.9865047233468287,0.9698317031849345,1.1328305713768412,24000.0,1412.6177368164062,12.04998779296875,0.0,0.0
AZ,band,3,AE,A,OOD,-32_28,178,171,0.981799066955779,0.981922561140476,0.3283262882108657,24000.0,661.213134765625,6.5,0.0,0.0
AZ,band,3,AE,A,OOD,-33_26,312,200,0.8746955128205128,0.925333024524793,0.4455546092955288,24000.0,424.97027587890625,1.5,0.0,0.0
AZ,band,3,AE,A,OOD,-35_26,111,54,0.9606272939606273,0.979675041762568,0.4455546092955288,24000.0,69.76555633544922,1.1999969482421875,0.0,0.0
AZ,band,3,AE,AE,ID,-26_28,297,125,0.9701279461279461,0.9863238440804137,0.5009534078828138,24000.0,1573.0980834960938,2.3499755859375,0.0,0.0
AZ,band,3,AE,AE,ID,-27_28,441,83,0.9583640685189738,0.9912660837111772,0.5009534078828138,12000.0,1479.531005859375,1.199951171875,0.0,0.0
AZ,band,3,AE,AE,ID,-28_22,460,817,0.9779149592890213,0.9694120736239117,0.9304363871268337,12000.0,836.3735961914062,5.29998779296875,0.0,0.0
AZ,band,3,AE,AE,ID,-28_24,156,370,0.9868156618156618,0.97321499726073,0.6023478768511848,6000.0,786.2974243164062,21.300018310546875,0.0,0.0
AZ,band,3,AE,AE,ID,-29_20,254,359,0.9951746978702871,0.9936063838500432,1.7290481764509422,12000.0,1147.2459716796875,9.9000244140625,0.0,0.0
AZ,band,3,AE,AE,ID,-29_24,225,295,0.8301016949152542,0.800319694096292,0.6023478768511848,24000.0,472.5912628173828,2.5,0.0,0.0
AZ,band,3,AE,AE,ID,-29_25,133,240,0.9405075187969925,0.9070724503924765,2.0052221069266016,12000.0,488.408447265625,5.199981689453125,0.0,0.0
AZ,band,3,AE,AE,ID,-29_29,27,143,0.9740999740999741,0.8912098923512526,0.39846084002546717,12000.0,2148.4073486328125,14.6500244140625,0.0,0.0
AZ,band,3,AE,AE,ID,-30_26,1154,1451,0.9543236183257349,0.9264049934551268,2.0052221069266016,12000.0,529.2843627929688,4.100006103515625,0.0,0.0
AZ,band,3,AE,AE,ID,-30_27,42,192,0.9861111111111112,0.9593151180264319,1.1328305713768412,12000.0,1213.8912353515625,21.54998779296875,0.0,0.0
AZ,band,3,AE,AE,ID,-31_26,1512,1057,0.9026801669895331,0.9398679545242342,2.0052221069266016,12000.0,489.7471008300781,2.79998779296875,0.0,0.0
AZ,band,3,AE,AE,ID,-31_28,25,110,0.9978181818181818,0.9907084886128368,1.1328305713768412,24000.0,1412.7169189453125,21.0,0.0,0.0
AZ,band,3,AE,AE,ID,-32_28,41,70,0.994425087108014,0.9908193850324154,0.3283262882108657,24000.0,701.5238037109375,17.5,0.0,0.0
AZ,band,3,AE,AE,ID,-33_26,79,92,0.941937259218492,0.9398748084032862,0.4455546092955288,24000.0,406.7623291015625,1.899993896484375,0.0,0.0
AZ,band,3,AE,AE,ID,-35_26,390,284,0.9745305164319248,0.9808928406345713,0.4455546092955288,24000.0,70.98906326293945,1.0,0.0,0.0
AZ,shadedX,0,A,A,ID,-26_22,565,64,0.7449391592920354,0.9653046529792024,0.16284229423379265,12000.0,1269.483154296875,1.199951171875,0.0,0.0
AZ,shadedX,0,A,A,ID,-27_21,275,58,0.9608150470219435,0.9895631096930523,0.16284229423379265,24000.0,1277.6981201171875,2.0,0.0,0.0
AZ,shadedX,0,A,A,ID,-29_23,641,70,0.9525741029641186,0.994273322884005,0.6023478768511848,12000.0,579.1344604492188,1.5,0.0,0.0
AZ,shadedX,0,A,A,ID,-29_26,53,320,0.808431603773585,0.40209369067390494,2.0052221069266016,6000.0,727.844482421875,14.699951171875,0.0,0.0
AZ,shadedX,0,A,A,ID,-31_25,120,3142,0.9295008487163167,0.47734965843485927,2.0052221069266016,12000.0,309.73390197753906,4.699981689453125,0.0,0.0
AZ,shadedX,0,A,A,ID,-32_24,628,1227,0.8352475355457617,0.8242132284864068,2.0052221069266016,24000.0,202.80674743652344,2.5,0.0,0.0
AZ,shadedX,0,A,A,ID,-34_26,268,166,0.44299586405322783,0.6775259687919108,0.4455546092955288,12000.0,257.3843536376953,2.3999977111816406,0.0,0.0
AZ,shadedX,0,A,A,ID,-34_27,379,64,0.7164000659630606,0.9482674575114374,0.4455546092955288,24000.0,93.84291076660156,0.899993896484375,0.0,0.0
AZ,shadedX,0,A,AE,OOD,-26_22,171,83,0.740364968646516,0.8666952303399988,0.16284229423379265,12000.0,1275.3720703125,1.300048828125,0.0,0.0
AZ,shadedX,0,A,AE,OOD,-27_21,25,66,0.9757575757575757,0.9272402404786392,0.16284229423379265,12000.0,1304.75732421875,2.800048828125,0.0,0.0
AZ,shadedX,0,A,AE,OOD,-29_23,1007,60,0.9376199933796755,0.9957796721852861,0.6023478768511848,12000.0,573.4705810546875,1.399993896484375,0.0,0.0
AZ,shadedX,0,A,AE,OOD,-29_26,404,280,0.7641354314002828,0.8109732222701511,2.0052221069266016,6000.0,665.0984191894531,9.350006103515625,0.0,0.0
AZ,shadedX,0,A,AE,OOD,-30_25,597,2308,0.8834016994272345,0.7590193568507486,2.0052221069266016,12000.0,355.70526123046875,2.29998779296875,41.0,0.0
AZ,shadedX,0,A,AE,OOD,-31_25,2568,3109,0.9385991478863996,0.9303645896679902,2.0052221069266016,12000.0,290.9505615234375,2.5,0.0,0.0
AZ,shadedX,0,A,AE,OOD,-32_24,29,1208,0.8667218543046358,0.6462135975869008,2.0052221069266016,24000.0,217.08973693847656,3.5,0.0,0.0
AZ,shadedX,0,A,AE,OOD,-34_26,139,167,0.4344979106535131,0.5390256766333756,0.4455546092955288,12000.0,267.17388916015625,2.70001220703125,0.0,0.0
AZ,shadedX,0,A,AE,OOD,-34_27,195,67,0.6920780711825488,0.8903344051035753,0.4455546092955288,24000.0,96.32540130615234,1.0999984741210938,0.0,0.0
AZ,shadedX,0,A,AE,OOD,-35_24,758,439,0.8776903612792326,0.9285345448002575,0.5251896942125486,12000.0,45.32148742675781,1.0999984741210938,0.0,0.0
AZ,shadedX,0,AE,A,OOD,-26_22,565,64,0.8112278761061946,0.9737025784706276,0.16284229423379265,12000.0,1269.483154296875,1.199951171875,0.0,0.0
AZ,shadedX,0,AE,A,OOD,-27_21,275,58,0.969717868338558,0.9929898464537531,0.16284229423379265,24000.0,1277.6981201171875,2.0,0.0,0.0
AZ,shadedX,0,AE,A,OOD,-29_23,641,70,0.9394250055716514,0.9918944625343495,0.6023478768511848,12000.0,579.1344604492188,1.5,0.0,0.0
AZ,shadedX,0,AE,A,OOD,-29_26,53,320,0.7815448113207547,0.3893294800996351,2.0052221069266016,6000.0,727.844482421875,14.699951171875,0.0,0.0
AZ,shadedX,0,AE,A,OOD,-31_25,120,3142,0.9235730956927647,0.5147848104321587,2.0052221069266016,12000.0,309.73390197753906,4.699981689453125,0.0,0.0
AZ,shadedX,0,AE,A,OOD,-32_24,628,1227,0.8912304881150752,0.8601402165228607,2.0052221069266016,24000.0,202.80674743652344,2.5,0.0,0.0
AZ,shadedX,0,AE,A,OOD,-34_26,268,166,0.5992402445603309,0.7735830442685044,0.4455546092955288,12000.0,257.3843536376953,2.3999977111816406,0.0,0.0
AZ,shadedX,0,AE,A,OOD,-34_27,379,64,0.9856942612137203,0.9952324869119129,0.4455546092955288,24000.0,93.84291076660156,0.899993896484375,0.0,0.0
AZ,shadedX,0,AE,AE,ID,-26_22,171,83,0.782709786514479,0.882945615725597,0.16284229423379265,12000.0,1275.3720703125,1.300048828125,0.0,0.0
AZ,shadedX,0,AE,AE,ID,-27_21,25,66,0.9806060606060606,0.946980203760398,0.16284229423379265,12000.0,1304.75732421875,2.800048828125,0.0,0.0
AZ,shadedX,0,AE,AE,ID,-29_23,1007,60,0.9265640516385303,0.994959126056103,0.6023478768511848,12000.0,573.4705810546875,1.399993896484375,0.0,0.0
AZ,shadedX,0,AE,AE,ID,-29_26,404,280,0.7565063649222065,0.8035710516865715,2.0052221069266016,6000.0,665.0984191894531,9.350006103515625,0.0,0.0
AZ,shadedX,0,AE,AE,ID,-30_25,597,2308,0.8857371780914973,0.7674610021803688,2.0052221069266016,12000.0,355.70526123046875,2.29998779296875,41.0,0.0
AZ,shadedX,0,AE,AE,ID,-31_25,2568,3109,0.9418450503963471,0.9352400201035269,2.0052221069266016,12000.0,290.9505615234375,2.5,0.0,0.0
AZ,shadedX,0,AE,AE,ID,-32_24,29,1208,0.8861041333637817,0.6380799882975163,2.0052221069266016,24000.0,217.08973693847656,3.5,0.0,0.0
AZ,shadedX,0,AE,AE,ID,-34_26,139,167,0.6095722224615516,0.6615774205955776,0.4455546092955288,12000.0,267.17388916015625,2.70001220703125,0.0,0.0
AZ,shadedX,0,AE,AE,ID,-34_27,195,67,0.9686184462303866,0.9882616958552449,0.4455546092955288,24000.0,96.32540130615234,1.0999984741210938,0.0,0.0
AZ,shadedX,0,AE,AE,ID,-35_24,758,439,0.88687410221119,0.9364051909553968,0.5251896942125486,12000.0,45.32148742675781,1.0999984741210938,0.0,0.0
AZ,shadedX,1,A,A,ID,-32_25,486,2118,0.7578360282431209,0.4178991523838954,2.0052221069266016,24000.0,315.81201171875,3.899993896484375,0.0,0.0
AZ,shadedX,1,A,A,ID,-32_26,427,941,0.8282210115801865,0.7247618592916373,2.0052221069266016,24000.0,453.20452880859375,3.5,0.0,0.0
AZ,shadedX,1,A,A,ID,-33_28,468,86,0.9846203538064003,0.9967135977667326,0.3283262882108657,24000.0,539.2886047363281,4.350006103515625,0.0,0.0
AZ,shadedX,1,A,AE,OOD,-32_25,872,2161,0.759218888638882,0.543474816794754,2.0052221069266016,24000.0,314.1941223144531,3.300018310546875,0.0,0.0
AZ,shadedX,1,A,AE,OOD,-32_26,268,954,0.831358146375043,0.6607502049106428,2.0052221069266016,24000.0,456.7666931152344,4.199981689453125,0.0,0.0
AZ,shadedX,1,AE,A,OOD,-32_25,486,2118,0.8984658249688152,0.7177734493448394,2.0052221069266016,24000.0,315.81201171875,3.899993896484375,0.0,0.0
AZ,shadedX,1,AE,A,OOD,-32_26,427,941,0.8547611166555088,0.7512742311288736,2.0052221069266016,24000.0,453.20452880859375,3.5,0.0,0.0
AZ,shadedX,1,AE,A,OOD,-33_28,468,86,0.9713277678393958,0.992246805862749,0.3283262882108657,24000.0,539.2886047363281,4.350006103515625,0.0,0.0
AZ,shadedX,1,AE,AE,ID,-32_25,872,2161,0.9092932892943719,0.812447101980828,2.0052221069266016,24000.0,314.1941223144531,3.300018310546875,0.0,0.0
AZ,shadedX,1,AE,AE,ID,-32_26,268,954,0.8472378672674366,0.6700375015388902,2.0052221069266016,24000.0,456.7666931152344,4.199981689453125,0.0,0.0
AZ,shadedX,2,A,A,ID,-30_24,393,207,0.8775921623581762,0.9349420329546076,0.6023478768511848,12000.0,405.99761962890625,1.29998779296875,0.0,0.0
AZ,shadedX,2,A,A,ID,-31_24,104,1284,0.8478762281332375,0.4984708501426421,2.0052221069266016,12000.0,382.87718200683594,4.200004577636719,0.0,0.0
AZ,shadedX,2,A,A,ID,-32_27,542,233,0.8780308189347987,0.9388153505124393,2.0052221069266016,24000.0,650.7319946289062,1.60003662109375,0.0,0.0
AZ,shadedX,2,A,A,ID,-33_27,260,168,0.9788461538461538,0.9855800131832619,0.4455546092955288,12000.0,329.49688720703125,3.70001220703125,0.0,0.0
AZ,shadedX,2,A,A,ID,-34_29,237,182,0.5843186349515463,0.706125987216226,0.3283262882108657,24000.0,146.82867431640625,1.1999969482421875,0.0,0.0
AZ,shadedX,2,A,AE,OOD,-30_24,563,236,0.8739651383327813,0.9476864050474431,0.6023478768511848,12000.0,406.2435302734375,1.100006103515625,0.0,0.0
AZ,shadedX,2,A,AE,OOD,-31_24,420,1306,0.8690439728724566,0.7419526433309149,2.0052221069266016,12000.0,296.7349548339844,2.899993896484375,0.0,0.0
AZ,shadedX,2,A,AE,OOD,-32_27,465,224,0.863508064516129,0.9233236205403934,2.0052221069266016,24000.0,653.1112670898438,1.70001220703125,0.0,0.0
AZ,shadedX,2,A,AE,OOD,-33_27,118,164,0.9791236047953701,0.9762413179276156,0.4455546092955288,24000.0,373.1137390136719,8.79998779296875,0.0,0.0
AZ,shadedX,2,A,AE,OOD,-33_30,259,47,0.9381417892056191,0.9819739563551337,0.3283262882108657,12000.0,890.697998046875,3.0,0.0,0.0
AZ,shadedX,2,A,AE,OOD,-34_29,154,198,0.5533254624163715,0.5901997406369482,0.3283262882108657,24000.0,146.07056427001953,1.0999908447265625,0.0,0.0
AZ,shadedX,2,AE,A,OOD,-30_24,393,207,0.9218325527651781,0.9578863191921122,0.6023478768511848,12000.0,405.99761962890625,1.29998779296875,0.0,0.0
AZ,shadedX,2,AE,A,OOD,-31_24,104,1284,0.8529385334291877,0.578148600333246,2.0052221069266016,12000.0,382.87718200683594,4.200004577636719,0.0,0.0
AZ,shadedX,2,AE,A,OOD,-32_27,542,233,0.8909221924837274,0.9524659683739489,2.0052221069266016,24000.0,650.7319946289062,1.60003662109375,0.0,0.0
AZ,shadedX,2,AE,A,OOD,-33_27,260,168,0.9944368131868132,0.9966017840487807,0.4455546092955288,12000.0,329.49688720703125,3.70001220703125,0.0,0.0
AZ,shadedX,2,AE,A,OOD,-34_29,237,182,0.5285157880094589,0.6893864902112572,0.3283262882108657,24000.0,146.82867431640625,1.1999969482421875,0.0,0.0
AZ,shadedX,2,AE,AE,ID,-30_24,563,236,0.9076602342174188,0.9597450708952201,0.6023478768511848,12000.0,406.2435302734375,1.100006103515625,0.0,0.0
AZ,shadedX,2,AE,AE,ID,-31_24,420,1306,0.8460621308247649,0.7482159256705545,2.0052221069266016,12000.0,296.7349548339844,2.899993896484375,0.0,0.0
AZ,shadedX,2,AE,AE,ID,-32_27,465,224,0.8856566820276499,0.9431847233315869,2.0052221069266016,24000.0,653.1112670898438,1.70001220703125,0.0,0.0
AZ,shadedX,2,AE,AE,ID,-33_27,118,164,0.9945225299710624,0.9940740321063195,0.4455546092955288,24000.0,373.1137390136719,8.79998779296875,0.0,0.0
AZ,shadedX,2,AE,AE,ID,-33_30,259,47,0.8757906843013226,0.9731326012377659,0.3283262882108657,12000.0,890.697998046875,3.0,0.0,0.0
AZ,shadedX,2,AE,AE,ID,-34_29,154,198,0.45152826971008786,0.510622748700286,0.3283262882108657,24000.0,146.07056427001953,1.0999908447265625,0.0,0.0
AZ,shadedX,3,A,A,ID,-29_24,471,155,0.9656735840010958,0.9824956225734989,0.6023478768511848,24000.0,452.1099395751953,1.899993896484375,0.0,0.0
AZ,shadedX,3,A,A,ID,-29_25,98,1160,0.8997097114707953,0.5983036221253125,2.0052221069266016,12000.0,451.96302795410156,5.100006103515625,0.0,0.0
AZ,shadedX,3,A,A,ID,-30_26,152,1831,0.861123487309207,0.4166252259694306,2.0052221069266016,12000.0,548.9937744140625,8.199981689453125,0.0,0.0
AZ,shadedX,3,A,A,ID,-31_26,188,2423,0.8364959914296503,0.4917147498124663,2.0052221069266016,12000.0,560.9669799804688,6.29998779296875,0.0,0.0
AZ,shadedX,3,A,A,ID,-33_26,312,170,0.8604260935143289,0.9283214085553931,0.4455546092955288,24000.0,545.9690551757812,1.6999969482421875,0.0,0.0
AZ,shadedX,3,A,A,ID,-35_26,111,32,0.6866554054054054,0.8947859967310087,0.4455546092955288,24000.0,68.69493865966797,1.0,0.0,0.029999999999964003
AZ,shadedX,3,A,AE,OOD,-29_24,225,149,0.9632513049962714,0.9664828062174808,0.6023478768511848,24000.0,442.44056701660156,1.8000030517578125,0.0,0.0
AZ,shadedX,3,A,AE,OOD,-29_25,133,1161,0.8993737573908932,0.6108958036500979,2.0052221069266016,12000.0,450.4687805175781,4.9000244140625,0.0,0.0
AZ,shadedX,3,A,AE,OOD,-30_26,1154,1805,0.8461576498941416,0.7704847333618394,2.0052221069266016,12000.0,537.4498901367188,4.29998779296875,0.0,0.0
AZ,shadedX,3,A,AE,OOD,-31_26,1512,2376,0.8473641841697397,0.8172395099132385,2.0052221069266016,12000.0,520.4378662109375,4.0,0.0,0.0
AZ,shadedX,3,A,AE,OOD,-33_26,79,170,0.9343261355174981,0.8965502949751167,0.4455546092955288,24000.0,565.2928466796875,3.0,0.0,0.0
AZ,shadedX,3,AE,A,OOD,-29_24,471,155,0.9650982809396618,0.983744666606956,0.6023478768511848,24000.0,452.1099395751953,1.899993896484375,0.0,0.0
AZ,shadedX,3,AE,A,OOD,-29_25,98,1160,0.9442909922589726,0.7177037773970764,2.0052221069266016,12000.0,451.96302795410156,5.100006103515625,0.0,0.0
AZ,shadedX,3,AE,A,OOD,-30_26,152,1831,0.904380695047285,0.6085363984502771,2.0052221069266016,12000.0,548.9937744140625,8.199981689453125,0.0,0.0
AZ,shadedX,3,AE,A,OOD,-31_26,188,2423,0.8733963523326981,0.5731709481590764,2.0052221069266016,12000.0,560.9669799804688,6.29998779296875,0.0,0.0
AZ,shadedX,3,AE,A,OOD,-33_26,312,170,0.9388386123680241,0.966335504198675,0.4455546092955288,24000.0,545.9690551757812,1.6999969482421875,0.0,0.0
AZ,shadedX,3,AE,A,OOD,-35_26,111,32,0.6900337837837838,0.897290258551986,0.4455546092955288,24000.0,68.69493865966797,1.0,0.0,0.029999999999964003
AZ,shadedX,3,AE,AE,ID,-29_24,225,149,0.9617300521998509,0.9709945923085281,0.6023478768511848,24000.0,442.44056701660156,1.8000030517578125,0.0,0.0
AZ,shadedX,3,AE,AE,ID,-29_25,133,1161,0.9526270456503014,0.8099846859485512,2.0052221069266016,12000.0,450.4687805175781,4.9000244140625,0.0,0.0
AZ,shadedX,3,AE,AE,ID,-30_26,1154,1805,0.8972068728786301,0.8579997312685468,2.0052221069266016,12000.0,537.4498901367188,4.29998779296875,0.0,0.0
AZ,shadedX,3,AE,AE,ID,-31_26,1512,2376,0.8782434129656351,0.8535675830488951,2.0052221069266016,12000.0,520.4378662109375,4.0,0.0,0.0
AZ,shadedX,3,AE,AE,ID,-33_26,79,170,0.9720029784065525,0.952271912224869,0.4455546092955288,24000.0,565.2928466796875,3.0,0.0,0.0
MO,band,0,A,A,ID,1_37,100,70,0.9791428571428572,0.9830439477867218,0.13174344634132118,24000.0,259.66387939453125,2.0,0.0,0.009999999999988006
MO,band,0,A,A,ID,1_38,186,151,0.9963682973723564,0.9968079353446767,0.13174344634132118,12000.0,301.28192138671875,3.100006103515625,0.0,0.0
MO,band,0,A,A,ID,2_34,238,116,0.9979716024340771,0.999022258462779,0.7796863263464616,24000.0,257.79298400878906,2.0999908447265625,0.0,0.0005555555554807824
MO,band,0,A,A,ID,3_30,243,453,0.9933048083649016,0.9893740848145772,0.21143112490239685,24000.0,396.4562530517578,8.399993896484375,0.0,0.0
MO,band,0,A,A,ID,3_35,299,179,0.9979447319743652,0.998908204027265,1.0357666780226191,12000.0,226.71669006347656,2.5999984741210938,0.0,0.004999999999903054
MO,band,0,A,A,ID,4_31,31,126,0.9987199180747568,0.9955197132616487,0.11917411203210233,12000.0,373.3457336425781,9.800018310546875,0.0,0.0
MO,band,0,A,A,ID,4_32,240,284,0.9916666666666667,0.98139609594839,0.10531608067296845,24000.0,303.14068603515625,6.649993896484375,0.0,0.0
MO,band,0,A,A,ID,4_33,229,151,0.9900228462361549,0.9903591365243345,0.07609147828702022,12000.0,219.27086639404297,2.3000030517578125,0.0,0.17444444444447627
MO,band,0,A,A,ID,4_38,431,549,0.9978784459405204,0.997570246697136,0.002752264379166068,24000.0,276.8118591308594,6.650001525878906,0.0,0.0
MO,band,0,A,A,ID,5_31,125,327,0.9971131498470949,0.9937760458072649,0.5166624790361429,24000.0,430.4383239746094,10.0,0.0,0.0
MO,band,0,A,A,ID,5_33,121,273,0.9997880906971817,0.9995262505315048,0.2593257817672817,12000.0,255.0057830810547,18.0,0.0,0.0
MO,band,0,A,A,ID,5_37,704,374,0.9944283240155566,0.9971418875285112,0.008919303795833783,24000.0,238.93775939941406,2.3499984741210938,0.0,0.0
MO,band,0,A,A,ID,6_34,229,250,0.997240174672489,0.9975143345174304,0.44134676895229513,12000.0,194.92999267578125,7.5,0.0,0.002222222222286927
MO,band,0,A,A,ID,6_35,123,287,0.9975921362001077,0.9948051881745357,0.44134676895229513,12000.0,234.95255279541016,7.8000030517578125,0.0,0.0038888888886686413
MO,band,0,A,A,ID,8_30,193,266,0.9990065838170556,0.9986425640374644,0.22222590453913862,24000.0,188.55877685546875,10.0,0.0,0.0
MO,band,0,A,A,ID,8_36,174,261,0.9965869555643634,0.9956370209569799,0.26605167664293955,24000.0,139.58944702148438,2.0999908447265625,0.0,0.010000000000048642
MO,band,0,A,A,ID,9_32,257,415,0.9977872579813417,0.9965973716346292,0.316090823812992,24000.0,272.64210510253906,12.449996948242188,0.0,0.0
MO,band,0,A,AE,OOD,1_37,121,157,0.9822603568984577,0.97023869067135,0.13174344634132118,24000.0,271.78160095214844,2.899993896484375,0.0,0.00444444444443743
MO,band,0,A,AE,OOD,1_38,122,180,0.9958105646630236,0.9929608468104016,0.13174344634132118,24000.0,305.23353576660156,6.350006103515625,0.0,0.0
MO,band,0,A,AE,OOD,2_34,31,153,1.0,1.0,0.7796863263464616,24000.0,290.8363342285156,9.550003051757812,0.0,0.0011111111111434635
MO,band,0,A,AE,OOD,3_35,705,392,0.9994680851063831,0.999710598107322,0.7796863263464616,12000.0,224.64312744140625,2.1999969482421875,0.0,0.0033333333334000744
MO,band,0,A,AE,OOD,4_31,198,953,0.9978430686720299,0.9913231605600329,0.11917411203210233,12000.0,376.1087341308594,10.4000244140625,0.0,0.0
MO,band,0,A,AE,OOD,4_32,86,177,0.9967809749047432,0.9956995713697603,0.10531608067296845,24000.0,313.7706604003906,10.70001220703125,0.0,0.0
MO,band,0,A,AE,OOD,4_33,155,225,0.988673835125448,0.9758286920485502,0.07609147828702022,12000.0,238.74372100830078,10.299995422363281,0.0,0.003333333333293966
MO,band,0,A,AE,OOD,4_38,75,153,0.9993899782135076,0.9987938371416052,0.002752264379166068,24000.0,281.926025390625,9.099990844726562,0.0,0.0
MO,band,0,A,AE,OOD,5_31,38,254,0.9960629921259843,0.9819133650367603,0.11917411203210233,24000.0,434.3722229003906,13.949996948242188,0.0,0.0
MO,band,0,A,AE,OOD,5_33,815,611,0.9996545941983874,0.9997410503035009,0.2593257817672817,12000.0,206.61090850830078,2.8000030517578125,0.0,0.031111111110925578
MO,band,0,A,AE,OOD,6_34,752,684,0.998963776906806,0.9991401967126717,0.44134676895229513,12000.0,190.0780258178711,5.749992370605469,0.0,0.003333333333278808
MO,band,0,A,AE,OOD,6_35,378,404,0.998965372727749,0.9989595748681954,0.44134676895229513,12000.0,221.55104064941406,4.4499969482421875,0.0,0.005555555555550577
MO,band,0,A,AE,OOD,8_30,28,84,0.9944727891156463,0.9886759581881533,0.22222590453913862,24000.0,194.6884307861328,13.450004577636719,0.0,0.0
MO,band,0,A,AE,OOD,8_36,795,296,0.9940039095699473,0.9978452894485392,0.26605167664293955,24000.0,137.6052703857422,1.29998779296875,0.0,0.3377777777785476
MO,band,0,A,AE,OOD,9_34,691,1669,0.9918215800339728,0.9874708876909659,0.8176836000675126,12000.0,168.05615997314453,10.300003051757812,0.0,0.0011111111110828306
MO,band,0,AE,A,OOD,1_37,100,70,0.9677142857142857,0.9658954577544534,0.13174344634132118,24000.0,259.66387939453125,2.0,0.0,0.009999999999988006
MO,band,0,AE,A,OOD,1_38,186,151,0.9955849889624724,0.9963315468380953,0.13174344634132118,12000.0,301.28192138671875,3.100006103515625,0.0,0.0
MO,band,0,AE,A,OOD,2_34,238,116,0.9957620979426254,0.9979965875351404,0.7796863263464616,24000.0,257.79298400878906,2.0999908447265625,0.0,0.0005555555554807824
MO,band,0,AE,A,OOD,3_30,243,453,0.9936954369134894,0.9893204304839917,0.21143112490239685,24000.0,396.4562530517578,8.399993896484375,0.0,0.0
MO,band,0,AE,A,OOD,3_35,299,179,0.9982623643055997,0.999096678607879,1.0357666780226191,12000.0,226.71669006347656,2.5999984741210938,0.0,0.004999999999903054
MO,band,0,AE,A,OOD,4_31,31,126,0.9969278033794163,0.9887004532995993,0.11917411203210233,12000.0,373.3457336425781,9.800018310546875,0.0,0.0
MO,band,0,AE,A,OOD,4_32,240,284,0.9948210093896713,0.9930934971904362,0.10531608067296845,24000.0,303.14068603515625,6.649993896484375,0.0,0.0
MO,band,0,AE,A,OOD,4_33,229,151,0.9925677434280922,0.9938136503736219,0.07609147828702022,12000.0,219.27086639404297,2.3000030517578125,0.0,0.17444444444447627
MO,band,0,AE,A,OOD,4_38,431,549,0.9976924929950681,0.997324569758361,0.002752264379166068,24000.0,276.8118591308594,6.650001525878906,0.0,0.0
MO,band,0,AE,A,OOD,5_31,125,327,0.9978715596330274,0.995593226458164,0.5166624790361429,24000.0,430.4383239746094,10.0,0.0,0.0
MO,band,0,AE,A,OOD,5_33,121,273,0.9999697272424545,0.9999322585015581,0.2593257817672817,12000.0,255.0057830810547,18.0,0.0,0.0
MO,band,0,AE,A,OOD,5_37,704,374,0.9944169299951385,0.9971329054390352,0.008919303795833783,24000.0,238.93775939941406,2.3499984741210938,0.0,0.0
MO,band,0,AE,A,OOD,6_34,229,250,0.9964192139737991,0.9967080741343547,0.44134676895229513,12000.0,194.92999267578125,7.5,0.0,0.002222222222286927
MO,band,0,AE,A,OOD,6_35,123,287,0.996827285346024,0.9940545994021023,0.44134676895229513,12000.0,234.95255279541016,7.8000030517578125,0.0,0.0038888888886686413
MO,band,0,AE,A,OOD,8_30,193,266,0.999376680042074,0.9991521908488523,0.22222590453913862,24000.0,188.55877685546875,10.0,0.0,0.0
MO,band,0,AE,A,OOD,8_36,174,261,0.9949795217333861,0.9932198550372354,0.26605167664293955,24000.0,139.58944702148438,2.0999908447265625,0.0,0.010000000000048642
MO,band,0,AE,A,OOD,9_32,257,415,0.9966621349210071,0.9949929334327661,0.316090823812992,24000.0,272.64210510253906,12.449996948242188,0.0,0.0
MO,band,0,AE,AE,ID,1_37,121,157,0.9787861241248619,0.9651396328346917,0.13174344634132118,24000.0,271.78160095214844,2.899993896484375,0.0,0.00444444444443743
MO,band,0,AE,AE,ID,1_38,122,180,0.9922586520947176,0.9814700058945334,0.13174344634132118,24000.0,305.23353576660156,6.350006103515625,0.0,0.0
MO,band,0,AE,AE,ID,2_34,31,153,0.9993674889310563,0.9970043830605745,0.7796863263464616,24000.0,290.8363342285156,9.550003051757812,0.0,0.0011111111111434635
MO,band,0,AE,AE,ID,3_35,705,392,0.9992654508611956,0.9995922526811702,0.7796863263464616,12000.0,224.64312744140625,2.1999969482421875,0.0,0.0033333333334000744
MO,band,0,AE,AE,ID,4_31,198,953,0.998494917697436,0.9934749418554196,0.11917411203210233,12000.0,376.1087341308594,10.4000244140625,0.0,0.0
MO,band,0,AE,AE,ID,4_32,86,177,0.9931020890815925,0.9924475930952471,0.10531608067296845,24000.0,313.7706604003906,10.70001220703125,0.0,0.0
MO,band,0,AE,AE,ID,4_33,155,225,0.9922867383512545,0.9858579128887772,0.07609147828702022,12000.0,238.74372100830078,10.299995422363281,0.0,0.003333333333293966
MO,band,0,AE,AE,ID,4_38,75,153,0.9992156862745099,0.9984529608916775,0.002752264379166068,24000.0,281.926025390625,9.099990844726562,0.0,0.0
MO,band,0,AE,AE,ID,5_31,38,254,0.9956485702445089,0.9791942228421355,0.11917411203210233,24000.0,434.3722229003906,13.949996948242188,0.0,0.0
MO,band,0,AE,AE,ID,5_33,815,611,0.999512013896559,0.9996413133452674,0.2593257817672817,12000.0,206.61090850830078,2.8000030517578125,0.0,0.031111111110925578
MO,band,0,AE,AE,ID,6_34,752,684,0.9992262349135249,0.9993256401028532,0.44134676895229513,12000.0,190.0780258178711,5.749992370605469,0.0,0.003333333333278808
MO,band,0,AE,AE,ID,6_35,378,404,0.9988540520718738,0.998825238409277,0.44134676895229513,12000.0,221.55104064941406,4.4499969482421875,0.0,0.005555555555550577
MO,band,0,AE,AE,ID,8_30,28,84,0.9923469387755103,0.9825737987502694,0.22222590453913862,24000.0,194.6884307861328,13.450004577636719,0.0,0.0
MO,band,0,AE,AE,ID,8_36,795,296,0.9944416114227435,0.9979648186448078,0.26605167664293955,24000.0,137.6052703857422,1.29998779296875,0.0,0.3377777777785476
MO,band,0,AE,AE,ID,9_34,691,1669,0.9978079892203013,0.9957103960313464,0.8176836000675126,12000.0,168.05615997314453,10.300003051757812,0.0,0.0011111111110828306
MO,band,1,A,A,ID,10_32,216,409,0.9954609254731505,0.992226105466542,0.4729255441583248,24000.0,196.25640869140625,10.5,0.0,0.0
MO,band,1,A,A,ID,11_31,420,94,0.9379432624113475,0.9834446904102687,0.5235868609883852,12000.0,99.12541580200195,0.7000045776367188,0.0,0.006111111111091992
MO,band,1,A,A,ID,11_32,87,71,0.9891533106686095,0.9903543558486437,0.4729255441583248,12000.0,107.30641555786133,1.5,0.0,0.21944444444337644
MO,band,1,A,A,ID,2_30,101,168,0.9992338519566243,0.9988305418236307,0.07415566766461429,12000.0,329.5151062011719,8.5999755859375,0.0,0.0
MO,band,1,A,A,ID,2_38,485,446,0.9984050668022745,0.9986439412975826,0.027409363478295368,24000.0,298.0375671386719,4.70001220703125,0.0,0.0
MO,band,1,A,A,ID,3_31,378,355,0.9927863477159252,0.9938992514320629,0.35758869494342066,24000.0,331.1807556152344,3.0999755859375,0.0,0.0
MO,band,1,A,A,ID,3_32,427,261,0.9948854612506393,0.9967946400321874,0.03500388758159386,12000.0,268.5820770263672,2.70001220703125,0.0,0.0022222222221201862
MO,band,1,A,A,ID,3_34,446,325,0.9957364608485686,0.9969788617457144,0.01722234519259071,24000.0,242.172119140625,3.3000030517578125,0.0,0.0033333333333091246
MO,band,1,A,A,ID,4_35,497,233,0.9960449391628743,0.998223632147524,0.2805940702828191,24000.0,211.3980255126953,2.600006103515625,0.0,0.0
MO,band,1,A,A,ID,4_36,466,194,0.9961174284323703,0.998273750874904,0.5973077602606178,12000.0,203.71675872802734,1.600006103515625,0.0,0.022777777777895303
MO,band,1,A,A,ID,5_32,214,384,0.998624902647975,0.9977931110620046,0.5342934315128861,24000.0,358.26490783691406,8.250015258789062,0.0,0.0
MO,band,1,A,A,ID,5_34,207,402,0.9992669502727907,0.9986555296500785,0.30434951979922176,24000.0,264.2946472167969,8.300003051757812,0.0,0.0
MO,band,1,A,A,ID,5_38,344,307,0.9981535489735626,0.99831283404041,0.031398820497503394,24000.0,268.76434326171875,4.3000030517578125,0.0,0.0
MO,band,1,A,A,ID,6_30,163,321,0.9964069338531811,0.9870758370157604,0.37284122603906383,24000.0,284.2636413574219,14.599998474121094,0.0,0.0
MO,band,1,A,A,ID,7_30,209,402,0.993644219095908,0.9853920968866251,0.7738996452923492,24000.0,293.3681945800781,6.899993896484375,0.0,0.0
MO,band,1,A,A,ID,7_33,234,312,0.9952607933377164,0.992814932773699,0.10189117831336686,24000.0,283.304443359375,8.899993896484375,0.0,0.0
MO,band,1,A,A,ID,7_36,402,311,0.9954727967877655,0.9968431456911995,0.028661750620064857,24000.0,216.8725128173828,2.100006103515625,0.0,0.0022222222221959776
MO,band,1,A,A,ID,9_30,275,208,0.9836363636363636,0.9839702383532332,0.5988157171174375,12000.0,104.79800415039062,3.4000015258789062,0.0,0.002222222222226294
MO,band,1,A,AE,OOD,10_32,27,68,0.985838779956427,0.9761664261664258,0.4036802459269963,24000.0,212.79238891601562,11.400009155273438,0.0,0.0
MO,band,1,A,AE,OOD,11_31,283,201,0.9301900392032769,0.941787280638233,0.5235868609883852,12000.0,100.11124801635742,1.0,0.0,0.011111111110661567
MO,band,1,A,AE,OOD,11_32,235,577,0.9939820789852134,0.9852115897256933,0.4729255441583248,12000.0,107.71229553222656,2.200000762939453,0.0,0.07666666666612504
MO,band,1,A,AE,OOD,2_35,445,880,0.9913840653728294,0.9761906402215377,2.8723606250263685,6000.0,272.8656921386719,8.29998779296875,0.0,0.0
MO,band,1,A,AE,OOD,2_38,31,80,0.9991935483870967,0.998044965786901,0.027409363478295368,24000.0,307.85296630859375,9.79998779296875,0.0,0.0
MO,band,1,A,AE,OOD,3_32,377,121,0.9960979459412062,0.9987476401869617,0.03500388758159386,12000.0,264.44244384765625,1.600006103515625,0.0,0.003888888888789907
MO,band,1,A,AE,OOD,3_34,264,92,0.9973237812911726,0.9990938753284286,0.01722234519259071,24000.0,236.5199737548828,2.0,0.0,0.0049999999997059974
MO,band,1,A,AE,OOD,4_36,1584,228,0.9973584529505581,0.999614211507519,0.5973077602606178,12000.0,200.4659881591797,1.1999969482421875,0.0,0.0766666666669891
MO,band,1,A,AE,OOD,5_34,28,74,0.9946911196911197,0.9862313466500658,0.30434951979922176,24000.0,269.53880310058594,12.75,0.0,0.0
MO,band,1,A,AE,OOD,9_30,372,553,0.984959847556826,0.9740229580575496,0.5988157171174375,12000.0,121.76001739501953,5.599998474121094,0.0,0.0011111111110828306
MO,band,1,AE,A,OOD,10_32,216,409,0.9948836366929277,0.9909392371892016,0.4729255441583248,24000.0,196.25640869140625,10.5,0.0,0.0
MO,band,1,AE,A,OOD,11_31,420,94,0.9286727456940223,0.9813166827316463,0.5235868609883852,12000.0,99.12541580200195,0.7000045776367188,0.0,0.006111111111091992
MO,band,1,AE,A,OOD,11_32,87,71,0.9920673466083859,0.9936617576091147,0.4729255441583248,12000.0,107.30641555786133,1.5,0.0,0.21944444444337644
MO,band,1,AE,A,OOD,2_30,101,168,0.9985266383781235,0.998035517837498,0.07415566766461429,12000.0,329.5151062011719,8.5999755859375,0.0,0.0
MO,band,1,AE,A,OOD,2_38,485,446,0.9986131015671953,0.9987872734542094,0.027409363478295368,24000.0,298.0375671386719,4.70001220703125,0.0,0.0
MO,band,1,AE,A,OOD,3_31,378,355,0.9897160742231166,0.9913028102511485,0.35758869494342066,24000.0,331.1807556152344,3.0999755859375,0.0,0.0
MO,band,1,AE,A,OOD,3_32,427,261,0.9902464848762191,0.9942872834341847,0.03500388758159386,12000.0,268.5820770263672,2.70001220703125,0.0,0.0022222222221201862
MO,band,1,AE,A,OOD,3_34,446,325,0.9961986892031736,0.9974215603986168,0.01722234519259071,24000.0,242.172119140625,3.3000030517578125,0.0,0.0033333333333091246
MO,band,1,AE,A,OOD,4_35,497,233,0.9957945095465497,0.997994727160176,0.2805940702828191,24000.0,211.3980255126953,2.600006103515625,0.0,0.0
MO,band,1,AE,A,OOD,4_36,466,194,0.9975111720720322,0.9989371247559445,0.5973077602606178,12000.0,203.71675872802734,1.600006103515625,0.0,0.022777777777895303
MO,band,1,AE,A,OOD,5_32,214,384,0.9977365654205608,0.9963865316179301,0.5342934315128861,24000.0,358.26490783691406,8.250015258789062,0.0,0.0
MO,band,1,AE,A,OOD,5_34,207,402,0.9992068642295767,0.9985043842982021,0.30434951979922176,24000.0,264.2946472167969,8.300003051757812,0.0,0.0
MO,band,1,AE,A,OOD,5_38,344,307,0.9969509885614726,0.9971889997042028,0.031398820497503394,24000.0,268.76434326171875,4.3000030517578125,0.0,0.0
MO,band,1,AE,A,OOD,6_30,163,321,0.9958526842879805,0.9759632278590789,0.37284122603906383,24000.0,284.2636413574219,14.599998474121094,0.0,0.0
MO,band,1,AE,A,OOD,7_30,209,402,0.9934180770787212,0.9853642449091826,0.7738996452923492,24000.0,293.3681945800781,6.899993896484375,0.0,0.0
MO,band,1,AE,A,OOD,7_33,234,312,0.9970414201183433,0.9961218534252196,0.10189117831336686,24000.0,283.304443359375,8.899993896484375,0.0,0.0
MO,band,1,AE,A,OOD,7_36,402,311,0.9929212458607286,0.9951915900839637,0.028661750620064857,24000.0,216.8725128173828,2.100006103515625,0.0,0.0022222222221959776
MO,band,1,AE,A,OOD,9_30,275,208,0.9820279720279721,0.9812270332470456,0.5988157171174375,12000.0,104.79800415039062,3.4000015258789062,0.0,0.002222222222226294
MO,band,1,AE,AE,ID,10_32,27,68,0.9831154684095861,0.9802043422733073,0.4036802459269963,24000.0,212.79238891601562,11.400009155273438,0.0,0.0
MO,band,1,AE,AE,ID,11_31,283,201,0.9181301970711812,0.9210293216312574,0.5235868609883852,12000.0,100.11124801635742,1.0,0.0,0.011111111110661567
MO,band,1,AE,AE,ID,11_32,235,577,0.9979645267155868,0.9947856865561565,0.4729255441583248,12000.0,107.71229553222656,2.200000762939453,0.0,0.07666666666612504
MO,band,1,AE,AE,ID,2_35,445,880,0.9921424923391216,0.9814565808877351,2.8723606250263685,6000.0,272.8656921386719,8.29998779296875,0.0,0.0
MO,band,1,AE,AE,ID,2_38,31,80,0.9975806451612903,0.9940623023402908,0.027409363478295368,24000.0,307.85296630859375,9.79998779296875,0.0,0.0
MO,band,1,AE,AE,ID,3_32,377,121,0.9947607251682486,0.9983367581874725,0.03500388758159386,12000.0,264.44244384765625,1.600006103515625,0.0,0.003888888888789907
MO,band,1,AE,AE,ID,3_34,264,92,0.9978590250329381,0.9992583374246957,0.01722234519259071,24000.0,236.5199737548828,2.0,0.0,0.0049999999997059974
MO,band,1,AE,AE,ID,4_36,1584,228,0.9961595117845118,0.99942132853141,0.5973077602606178,12000.0,200.4659881591797,1.1999969482421875,0.0,0.0766666666669891
MO,band,1,AE,AE,ID,5_34,28,74,0.9927606177606177,0.98476730804317,0.30434951979922176,24000.0,269.53880310058594,12.75,0.0,0.0
MO,band,1,AE,AE,ID,9_30,372,553,0.9837688852592895,0.9735201879101354,0.5988157171174375,12000.0,121.76001739501953,5.599998474121094,0.0,0.0011111111110828306
MO,band,2,A,A,ID,10_31,332,226,0.9761834950421153,0.9816714166014983,0.4729255441583248,24000.0,111.34663009643555,2.5999984741210938,0.0,0.0
MO,band,2,A,A,ID,2_31,268,103,0.9905810752064919,0.9960352725365673,0.8536236821351613,24000.0,277.95892333984375,2.399993896484375,0.0,0.0
MO,band,2,A,A,ID,3_37,499,345,0.9985245854026894,0.9990211712419779,0.0005719505628920464,24000.0,240.70526123046875,2.7999954223632812,0.0,0.0
MO,band,2,A,A,ID,5_30,119,238,0.9902902337405551,0.9730829912815621,0.5718783671056327,12000.0,275.5062255859375,17.599990844726562,0.0,0.0
MO,band,2,A,A,ID,6_33,246,246,0.9963150241258509,0.9962437823491009,0.050139001362911974,24000.0,244.48086547851562,6.599998474121094,0.0,0.0
MO,band,2,A,A,ID,6_38,464,345,0.9988443278360819,0.9991731876566873,0.0014874728536790585,24000.0,222.99241638183594,3.5,0.0,0.0
MO,band,2,A,A,ID,7_32,155,392,0.9972021066491112,0.9934652473903093,0.007851030679286325,24000.0,356.4588623046875,9.5,0.0,0.0
MO,band,2,A,A,ID,7_37,298,323,0.9970183057327489,0.9967354210673294,0.3491631080575762,24000.0,156.60870361328125,2.6999969482421875,0.0,0.011111111111192106
MO,band,2,A,A,ID,8_33,206,417,0.9975553537752322,0.9950507303102581,0.08576181575407024,24000.0,269.8599548339844,14.800018310546875,0.0,0.0
MO,band,2,A,A,ID,8_34,86,147,0.9992089859199493,0.9986425079195943,0.7424783442009205,24000.0,190.43714904785156,11.100006103515625,0.0,0.004444444444422272
MO,band,2,A,A,ID,8_35,185,282,0.991853555683343,0.9878989060120102,0.5723155650103042,12000.0,178.03778076171875,7.6999969482421875,0.0,0.002222222222226294
MO,band,2,A,A,ID,9_33,164,338,0.9930184730841392,0.9880202475116846,0.3930006801572047,12000.0,227.62295532226562,11.750007629394531,0.0,0.0
MO,band,2,A,AE,OOD,10_31,173,126,0.9718781539590788,0.9760661602992536,0.4729255441583248,24000.0,113.65410614013672,3.8000030517578125,0.0,0.0
MO,band,2,A,AE,OOD,1_36,322,275,0.9789045736871824,0.9743940691874313,0.6084135391700257,12000.0,237.8185272216797,2.0,0.0,0.3888888888892364
MO,band,2,A,AE,OOD,2_31,46,244,0.9859230220955096,0.9483772577301446,0.8536236821351613,24000.0,299.54457092285156,6.9499969482421875,0.0,0.0
MO,band,2,A,AE,OOD,3_37,98,89,1.0,1.0,0.0005719505628920464,24000.0,246.52752685546875,3.0,0.0,0.0011111111110828306
MO,band,2,A,AE,OOD,5_30,176,258,0.9954633544749824,0.9919948040898134,0.5718783671056327,12000.0,273.98667907714844,14.20001220703125,0.0,0.0
MO,band,2,A,AE,OOD,7_37,457,416,0.9946242215115301,0.9939469540171737,0.3491631080575762,24000.0,153.53904724121094,2.5999908447265625,0.0,0.01777777777784067
MO,band,2,A,AE,OOD,8_34,1050,1044,0.9992601715015508,0.9992536572844934,0.7424783442009205,24000.0,178.89054107666016,5.349998474121094,0.0,0.009999999999927374
MO,band,2,A,AE,OOD,8_35,218,756,0.9961106256977816,0.9872833449690653,0.5723155650103042,12000.0,189.88007354736328,10.049995422363281,0.0,0.001111111111113147
MO,band,2,A,AE,OOD,9_33,84,405,0.9882128159905937,0.9642821702164217,0.3930006801572047,12000.0,229.16795349121094,17.599990844726562,0.0,0.0
MO,band,2,AE,A,OOD,10_31,332,226,0.983193837296087,0.9878517968956757,0.4729255441583248,24000.0,111.34663009643555,2.5999984741210938,0.0,0.0
MO,band,2,AE,A,OOD,2_31,268,103,0.9925373134328359,0.9970542069067628,0.8536236821351613,24000.0,277.95892333984375,2.399993896484375,0.0,0.0
MO,band,2,AE,A,OOD,3_37,499,345,0.9984374546193837,0.9989526008641854,0.0005719505628920464,24000.0,240.70526123046875,2.7999954223632812,0.0,0.0
MO,band,2,AE,A,OOD,5_30,119,238,0.9946684556175411,0.9884567202495306,0.5718783671056327,12000.0,275.5062255859375,17.599990844726562,0.0,0.0
MO,band,2,AE,A,OOD,6_33,246,246,0.9972403992332607,0.9973437638499225,0.050139001362911974,24000.0,244.48086547851562,6.599998474121094,0.0,0.0
MO,band,2,AE,A,OOD,6_38,464,345,0.9974700149925038,0.9982005829153126,0.0014874728536790585,24000.0,222.99241638183594,3.5,0.0,0.0
MO,band,2,AE,A,OOD,7_32,155,392,0.997053982883476,0.993106487958765,0.007851030679286325,24000.0,356.4588623046875,9.5,0.0,0.0
MO,band,2,AE,A,OOD,7_37,298,323,0.9923327861699255,0.990965708036745,0.3491631080575762,24000.0,156.60870361328125,2.6999969482421875,0.0,0.011111111111192106
MO,band,2,AE,A,OOD,8_33,206,417,0.9973923773602478,0.9949289360489718,0.08576181575407024,24000.0,269.8599548339844,14.800018310546875,0.0,0.0
MO,band,2,AE,A,OOD,8_34,86,147,0.9993671887359595,0.9989112958025138,0.7424783442009205,24000.0,190.43714904785156,11.100006103515625,0.0,0.004444444444422272
MO,band,2,AE,A,OOD,8_35,185,282,0.9933294997124784,0.9897205435719219,0.5723155650103042,12000.0,178.03778076171875,7.6999969482421875,0.0,0.002222222222226294
MO,band,2,AE,A,OOD,9_33,164,338,0.9903846153846153,0.9849423844145907,0.3930006801572047,12000.0,227.62295532226562,11.750007629394531,0.0,0.0
MO,band,2,AE,AE,ID,10_31,173,126,0.9732085512432332,0.9772774915035751,0.4729255441583248,24000.0,113.65410614013672,3.8000030517578125,0.0,0.0
MO,band,2,AE,AE,ID,1_36,322,275,0.9908526256352344,0.9902928841147813,0.6084135391700257,12000.0,237.8185272216797,2.0,0.0,0.3888888888892364
MO,band,2,AE,AE,ID,2_31,46,244,0.979775481111903,0.9256669690280424,0.8536236821351613,24000.0,299.54457092285156,6.9499969482421875,0.0,0.0
MO,band,2,AE,AE,ID,3_37,98,89,1.0,1.0,0.0005719505628920464,24000.0,246.52752685546875,3.0,0.0,0.0011111111110828306
MO,band,2,AE,AE,ID,5_30,176,258,0.9964984143763214,0.9933912877453988,0.5718783671056327,12000.0,273.98667907714844,14.20001220703125,0.0,0.0
MO,band,2,AE,AE,ID,7_37,457,416,0.9913314256859116,0.9908312635498882,0.3491631080575762,24000.0,153.53904724121094,2.5999908447265625,0.0,0.01777777777784067
MO,band,2,AE,AE,ID,8_34,1050,1044,0.9997345374931581,0.9997416468617755,0.7424783442009205,24000.0,178.89054107666016,5.349998474121094,0.0,0.009999999999927374
MO,band,2,AE,AE,ID,8_35,218,756,0.9958193777001116,0.9865039998146252,0.5723155650103042,12000.0,189.88007354736328,10.049995422363281,0.0,0.001111111111113147
MO,band,2,AE,AE,ID,9_33,84,405,0.9900058788947678,0.9680636723417614,0.3930006801572047,12000.0,229.16795349121094,17.599990844726562,0.0,0.0
MO,band,3,A,A,ID,10_30,386,41,0.873688866422343,0.9824029769115963,0.5988157171174375,12000.0,96.22966766357422,0.5,0.0,0.001111111111113147
MO,band,3,A,A,ID,10_33,51,130,0.9808446455505279,0.958125496281265,0.286010608485167,12000.0,118.37580871582031,3.9000015258789062,0.0,0.01888888888840812
MO,band,3,A,A,ID,2_36,184,224,0.9943953804347826,0.9925940339293737,0.6084135391700257,12000.0,269.7053985595703,4.75,0.0,0.002222222222286927
MO,band,3,A,A,ID,3_33,223,148,0.9933644406738578,0.9952711939493724,0.01722234519259071,24000.0,228.50770568847656,3.1999969482421875,0.0,0.016666666666788153
MO,band,3,A,A,ID,3_36,181,193,0.9978244067214381,0.9977148999906963,1.0357666780226191,12000.0,234.2531509399414,3.0499954223632812,0.0,0.0011111111111434635
MO,band,3,A,A,ID,3_38,433,405,0.9984660565107063,0.9986854355761462,0.009475983179544482,24000.0,277.35215759277344,4.3000030517578125,0.0,0.0
MO,band,3,A,A,ID,4_30,165,201,0.999366802351877,0.9992055380384235,0.09322943427937713,24000.0,334.3607635498047,12.899993896484375,0.0,0.0
MO,band,3,A,A,ID,4_34,225,362,0.9978268876611418,0.9966905323753321,0.01722234519259071,24000.0,257.4005432128906,5.5999755859375,0.0,0.0
MO,band,3,A,A,ID,4_37,877,317,0.9976331701491679,0.999129625678831,0.002752264379166068,24000.0,220.9078826904297,1.9000091552734375,0.0,0.002222222222165661
MO,band,3,A,A,ID,4_39,44,107,0.9942650807136788,0.98090496207336,,24000.0,320.0550842285156,8.699981689453125,0.0,0.0
MO,band,3,A,A,ID,5_35,333,278,0.9989089809233693,0.9991087521638357,0.09771310042336581,24000.0,196.87655639648438,3.6999969482421875,0.0,0.006666666666678883
MO,band,3,A,A,ID,5_36,569,247,0.9973246622030268,0.9989601851737905,0.26302432421268096,12000.0,196.9885711669922,1.8000030517578125,0.0,0.007777777777579814
MO,band,3,A,A,ID,6_31,82,142,0.9978529714874613,0.9965935504173766,0.7738996452923492,24000.0,401.1699523925781,11.849990844726562,0.0,0.0
MO,band,3,A,A,ID,6_32,271,332,0.9832503445516383,0.9673959473015734,0.5342934315128861,24000.0,312.81695556640625,7.899993896484375,0.0,0.0
MO,band,3,A,A,ID,7_34,317,369,0.9987005548288921,0.9985324421322554,0.29777194234542287,24000.0,199.31000518798828,8.549995422363281,0.0,0.0022222222223020854
MO,band,3,A,A,ID,7_35,303,354,0.9990210885495329,0.9988633385281394,0.3834921317815373,24000.0,220.17904663085938,4.1999969482421875,0.0,0.001111111111113147
MO,band,3,A,A,ID,7_38,242,191,0.9910648608887542,0.9923603447736875,0.16698555670419252,12000.0,153.51080322265625,1.399993896484375,0.0,0.007777777777822347
MO,band,3,A,A,ID,9_31,270,289,0.9882096629501473,0.9863568077709325,0.05699758091873172,24000.0,150.559814453125,8.0,0.0,0.0
MO,band,3,A,AE,OOD,10_33,680,520,0.9726102941176471,0.9740126010035911,0.4036802459269963,12000.0,114.9962272644043,1.9000015258789062,0.0,0.034444444444719766
MO,band,3,A,AE,OOD,2_36,293,731,0.9962088494418324,0.9907958748572875,0.6084135391700257,12000.0,279.2237243652344,8.29998779296875,0.0,0.0011111111111737802
MO,band,3,A,AE,OOD,3_33,180,56,0.9876984126984127,0.995540594453532,0.01722234519259071,24000.0,225.61685943603516,2.1999969482421875,0.0,0.0972222222217334
MO,band,3,A,AE,OOD,3_36,918,381,0.9989306892194031,0.9995465768212801,1.0357666780226191,12000.0,217.07388305664062,1.3000030517578125,0.0,0.002222222222226294
MO,band,3,A,AE,OOD,3_38,30,92,1.0,0.9999999999999999,0.009475983179544482,24000.0,290.02943420410156,11.050003051757812,0.0,0.0011111111111737802
MO,band,3,A,AE,OOD,4_30,504,406,0.9992083040112596,0.999398112372412,0.09322943427937713,12000.0,296.6829376220703,4.899993896484375,0.0,0.002222222222241452
MO,band,3,A,AE,OOD,4_34,167,261,0.9940119760479043,0.9909458638279065,0.01722234519259071,24000.0,257.53663635253906,4.79998779296875,0.0,0.0
MO,band,3,A,AE,OOD,4_37,87,103,0.9989956478071644,0.9987673073823481,0.0005719505628920464,24000.0,233.55235290527344,4.0500030517578125,0.0,0.001111111111113147
MO,band,3,A,AE,OOD,5_35,694,348,0.9973665904799761,0.9987134097051742,0.09771310042336581,24000.0,185.76113891601562,2.8000030517578125,0.0,0.020555555555608375
MO,band,3,A,AE,OOD,5_36,840,190,0.9983082706766917,0.9996128826127436,0.26302432421268096,12000.0,193.98297119140625,1.399993896484375,0.0,0.017777777777689085
MO,band,3,A,AE,OOD,7_34,478,223,0.9986772238587538,0.9994201719256741,0.29777194234542287,24000.0,167.69314575195312,2.6999969482421875,0.0,0.027777777777677096
MO,band,3,A,AE,OOD,7_35,167,155,0.9994977786362758,0.9995514255131027,0.3834921317815373,24000.0,211.4262466430664,3.9499893188476562,0.0,0.002222222222226294
MO,band,3,A,AE,OOD,7_38,495,545,0.986158836067093,0.9829041461711573,0.16698555670419252,12000.0,152.14571380615234,1.5999908447265625,0.0,0.014444444444546706
MO,band,3,A,AE,OOD,9_31,182,216,0.993462555962556,0.9921921960089377,0.05699758091873172,24000.0,152.94053649902344,8.549999237060547,0.0,0.0
MO,band,3,AE,A,OOD,10_30,386,41,0.9017439656261848,0.9869114013070064,0.5988157171174375,12000.0,96.22966766357422,0.5,0.0,0.001111111111113147
MO,band,3,AE,A,OOD,10_33,51,130,0.9776772247360481,0.9554558125223807,0.286010608485167,12000.0,118.37580871582031,3.9000015258789062,0.0,0.01888888888840812
MO,band,3,AE,A,OOD,2_36,184,224,0.9981560559006212,0.9977564982707205,0.6084135391700257,12000.0,269.7053985595703,4.75,0.0,0.002222222222286927
MO,band,3,AE,A,OOD,3_33,223,148,0.9916373772876015,0.9943443065672448,0.01722234519259071,24000.0,228.50770568847656,3.1999969482421875,0.0,0.016666666666788153
MO,band,3,AE,A,OOD,3_36,181,193,0.9975953969026422,0.9973881434133022,1.0357666780226191,12000.0,234.2531509399414,3.0499954223632812,0.0,0.0011111111111434635
MO,band,3,AE,A,OOD,3_38,433,405,0.9988082000399168,0.9989791263587787,0.009475983179544482,24000.0,277.35215759277344,4.3000030517578125,0.0,0.0
MO,band,3,AE,A,OOD,4_30,165,201,1.0,1.0000000000000002,0.09322943427937713,24000.0,334.3607635498047,12.899993896484375,0.0,0.0
MO,band,3,AE,A,OOD,4_34,225,362,0.9968446899938612,0.9953158690939141,0.01722234519259071,24000.0,257.4005432128906,5.5999755859375,0.0,0.0
MO,band,3,AE,A,OOD,4_37,877,317,0.9976331701491677,0.9990891881087783,0.002752264379166068,24000.0,220.9078826904297,1.9000091552734375,0.0,0.002222222222165661
MO,band,3,AE,A,OOD,4_39,44,107,0.9951146983857264,0.9839969348787715,,24000.0,320.0550842285156,8.699981689453125,0.0,0.0
MO,band,3,AE,A,OOD,5_35,333,278,0.9989845961068983,0.9991626073048024,0.09771310042336581,24000.0,196.87655639648438,3.6999969482421875,0.0,0.006666666666678883
MO,band,3,AE,A,OOD,5_36,569,247,0.9973317774631252,0.9989418559216178,0.26302432421268096,12000.0,196.9885711669922,1.8000030517578125,0.0,0.007777777777579814
MO,band,3,AE,A,OOD,6_31,82,142,0.9975094469254552,0.9961145047707259,0.7738996452923492,24000.0,401.1699523925781,11.849990844726562,0.0,0.0
MO,band,3,AE,A,OOD,6_32,271,332,0.9795714222202463,0.9600672061634322,0.5342934315128861,24000.0,312.81695556640625,7.899993896484375,0.0,0.0
MO,band,3,AE,A,OOD,7_34,317,369,0.9986321629777812,0.9984739943168832,0.29777194234542287,24000.0,199.31000518798828,8.549995422363281,0.0,0.0022222222223020854
MO,band,3,AE,A,OOD,7_35,303,354,0.9985735861721765,0.9984287868247167,0.3834921317815373,24000.0,220.17904663085938,4.1999969482421875,0.0,0.001111111111113147
MO,band,3,AE,A,OOD,7_38,242,191,0.99400718272684,0.9950888646341594,0.16698555670419252,12000.0,153.51080322265625,1.399993896484375,0.0,0.007777777777822347
MO,band,3,AE,A,OOD,9_31,270,289,0.9900935537613738,0.9886519517746494,0.05699758091873172,24000.0,150.559814453125,8.0,0.0,0.0
MO,band,3,AE,AE,ID,10_33,680,520,0.978274886877828,0.9783685008381053,0.4036802459269963,12000.0,114.9962272644043,1.9000015258789062,0.0,0.034444444444719766
MO,band,3,AE,AE,ID,2_36,293,731,0.9959567285919051,0.9907603197229548,0.6084135391700257,12000.0,279.2237243652344,8.29998779296875,0.0,0.0011111111111737802
MO,band,3,AE,AE,ID,3_33,180,56,0.98125,0.9908617937573498,0.01722234519259071,24000.0,225.61685943603516,2.1999969482421875,0.0,0.0972222222217334
MO,band,3,AE,AE,ID,3_36,918,381,0.999310952144054,0.9997148538245094,1.0357666780226191,12000.0,217.07388305664062,1.3000030517578125,0.0,0.002222222222226294
MO,band,3,AE,AE,ID,3_38,30,92,1.0,0.9999999999999999,0.009475983179544482,24000.0,290.02943420410156,11.050003051757812,0.0,0.0011111111111737802
MO,band,3,AE,AE,ID,4_30,504,406,0.9995503948705919,0.9996671801120474,0.09322943427937713,12000.0,296.6829376220703,4.899993896484375,0.0,0.002222222222241452
MO,band,3,AE,AE,ID,4_34,167,261,0.9928419024020924,0.9900098020291891,0.01722234519259071,24000.0,257.53663635253906,4.79998779296875,0.0,0.0
MO,band,3,AE,AE,ID,4_37,87,103,0.9967637540453075,0.9956721730049511,0.0005719505628920464,24000.0,233.55235290527344,4.0500030517578125,0.0,0.001111111111113147
MO,band,3,AE,AE,ID,5_35,694,348,0.9979504124018683,0.9989982762403016,0.09771310042336581,24000.0,185.76113891601562,2.8000030517578125,0.0,0.020555555555608375
MO,band,3,AE,AE,ID,5_36,840,190,0.9983521303258146,0.9996199763954712,0.26302432421268096,12000.0,193.98297119140625,1.399993896484375,0.0,0.017777777777689085
MO,band,3,AE,AE,ID,7_34,478,223,0.9989774283730792,0.9995568454454701,0.29777194234542287,24000.0,167.69314575195312,2.6999969482421875,0.0,0.027777777777677096
MO,band,3,AE,AE,ID,7_35,167,155,0.9984547034962333,0.9987085109536168,0.3834921317815373,24000.0,211.4262466430664,3.9499893188476562,0.0,0.002222222222226294
MO,band,3,AE,AE,ID,7_38,495,545,0.9888240200166806,0.9872934319933757,0.16698555670419252,12000.0,152.14571380615234,1.5999908447265625,0.0,0.014444444444546706
MO,band,3,AE,AE,ID,9_31,182,216,0.9947344322344323,0.994165641439612,0.05699758091873172,24000.0,152.94053649902344,8.549999237060547,0.0,0.0
MO,shadedX,0,A,A,ID,1_38,186,347,0.7558024232282855,0.6384512679207713,0.13174344634132118,12000.0,285.59588623046875,1.699981689453125,0.0,0.0
MO,shadedX,0,A,A,ID,3_35,299,132,0.8686784230262491,0.9459592262704817,1.0357666780226191,12000.0,216.65586853027344,1.100006103515625,0.0,0.014444444444531546
MO,shadedX,0,A,A,ID,4_31,31,35,0.9050691244239631,0.8814323072631922,0.11917411203210233,12000.0,337.5368347167969,1.95001220703125,0.0,0.0
MO,shadedX,0,A,A,ID,4_38,431,527,0.7646398429141884,0.7540889462667181,0.002752264379166068,24000.0,254.86253356933594,1.79998779296875,0.0,0.0
MO,shadedX,0,A,A,ID,5_37,704,40,0.8786576704545456,0.9915581503432236,0.008919303795833783,24000.0,224.2079849243164,1.100006103515625,0.0,0.0
MO,shadedX,0,A,A,ID,6_34,229,269,0.8807973896527654,0.8955151305201436,0.44134676895229513,12000.0,169.2073211669922,3.4000091552734375,0.0,0.021111111111058845
MO,shadedX,0,A,A,ID,6_35,123,77,0.9136310843627917,0.9560883014107531,0.44134676895229513,12000.0,179.25244903564453,1.75,0.0,0.012222222222305252
MO,shadedX,0,A,A,ID,8_30,193,43,0.8950475960959151,0.9736729170880206,0.22222590453913862,24000.0,151.99825286865234,1.5500030517578125,0.0,0.0
MO,shadedX,0,A,AE,OOD,1_38,122,392,0.7441661090665774,0.48130211805615153,0.13174344634132118,24000.0,285.34918212890625,1.600006103515625,0.0,0.0
MO,shadedX,0,A,AE,OOD,3_35,705,160,0.8681560283687944,0.9706631002447192,0.7796863263464616,12000.0,215.9096221923828,1.0999908447265625,0.0,0.014444444444289016
MO,shadedX,0,A,AE,OOD,4_31,198,103,0.8807002059429244,0.9307255250702646,0.11917411203210233,12000.0,337.071533203125,1.5,0.0,0.0
MO,shadedX,0,A,AE,OOD,4_38,75,584,0.7680136986301369,0.330030680260524,0.002752264379166068,24000.0,255.4530792236328,1.899993896484375,0.0,0.0
MO,shadedX,0,A,AE,OOD,6_34,752,369,0.9171243441157815,0.958397252054261,0.44134676895229513,12000.0,168.6925811767578,2.5,0.0,0.0777777777771927
MO,shadedX,0,A,AE,OOD,6_35,378,48,0.925870811287478,0.9896421161792537,0.44134676895229513,12000.0,175.69438934326172,1.8000030517578125,0.0,0.03222222222208421
MO,shadedX,0,A,AE,OOD,8_30,28,47,0.8396656534954408,0.8340200530783285,0.22222590453913862,24000.0,136.3401336669922,3.600006103515625,0.0,0.0
MO,shadedX,0,A,AE,OOD,8_36,795,40,0.9177987421383649,0.9956868357521416,0.26605167664293955,24000.0,136.61590576171875,0.899993896484375,0.0,0.5566666666659857
MO,shadedX,0,A,AE,OOD,9_34,691,602,0.8691001052930176,0.8978493851130639,0.8176836000675126,12000.0,134.8756103515625,3.100006103515625,0.0,0.02777777777801057
MO,shadedX,0,AE,A,OOD,1_38,186,347,0.6776982430045552,0.492113934746913,0.13174344634132118,12000.0,285.59588623046875,1.699981689453125,0.0,0.0
MO,shadedX,0,AE,A,OOD,3_35,299,132,0.8913296848079456,0.9504839844127969,1.0357666780226191,12000.0,216.65586853027344,1.100006103515625,0.0,0.014444444444531546
MO,shadedX,0,AE,A,OOD,4_31,31,35,0.9391705069124424,0.9296452997069193,0.11917411203210233,12000.0,337.5368347167969,1.95001220703125,0.0,0.0
MO,shadedX,0,AE,A,OOD,4_38,431,527,0.7657977344069878,0.7475968664196668,0.002752264379166068,24000.0,254.86253356933594,1.79998779296875,0.0,0.0
MO,shadedX,0,AE,A,OOD,5_37,704,40,0.8701704545454546,0.9918004245672681,0.008919303795833783,24000.0,224.2079849243164,1.100006103515625,0.0,0.0
MO,shadedX,0,AE,A,OOD,6_34,229,269,0.9085566792746871,0.9194016238776994,0.44134676895229513,12000.0,169.2073211669922,3.4000091552734375,0.0,0.021111111111058845
MO,shadedX,0,AE,A,OOD,6_35,123,77,0.9288353922500264,0.9632750800553471,0.44134676895229513,12000.0,179.25244903564453,1.75,0.0,0.012222222222305252
MO,shadedX,0,AE,A,OOD,8_30,193,43,0.7779250512109893,0.9388968444955237,0.22222590453913862,24000.0,151.99825286865234,1.5500030517578125,0.0,0.0
MO,shadedX,0,AE,AE,ID,1_38,122,392,0.6590623954499832,0.3908176909339053,0.13174344634132118,24000.0,285.34918212890625,1.600006103515625,0.0,0.0
MO,shadedX,0,AE,AE,ID,3_35,705,160,0.90447695035461,0.9774080990846723,0.7796863263464616,12000.0,215.9096221923828,1.0999908447265625,0.0,0.014444444444289016
MO,shadedX,0,AE,AE,ID,4_31,198,103,0.900411885848779,0.9407453557753647,0.11917411203210233,12000.0,337.071533203125,1.5,0.0,0.0
MO,shadedX,0,AE,AE,ID,4_38,75,584,0.7471004566210045,0.3281296759705318,0.002752264379166068,24000.0,255.4530792236328,1.899993896484375,0.0,0.0
MO,shadedX,0,AE,AE,ID,6_34,752,369,0.9329412443060601,0.9695744726845237,0.44134676895229513,12000.0,168.6925811767578,2.5,0.0,0.0777777777771927
MO,shadedX,0,AE,AE,ID,6_35,378,48,0.9336970899470899,0.9909199304107483,0.44134676895229513,12000.0,175.69438934326172,1.8000030517578125,0.0,0.03222222222208421
MO,shadedX,0,AE,AE,ID,8_30,28,47,0.7674772036474165,0.7513903313771818,0.22222590453913862,24000.0,136.3401336669922,3.600006103515625,0.0,0.0
MO,shadedX,0,AE,AE,ID,8_36,795,40,0.9122955974842768,0.995248411805743,0.26605167664293955,24000.0,136.61590576171875,0.899993896484375,0.0,0.5566666666659857
MO,shadedX,0,AE,AE,ID,9_34,691,602,0.903072729108471,0.9287202900027871,0.8176836000675126,12000.0,134.8756103515625,3.100006103515625,0.0,0.02777777777801057
MO,shadedX,1,A,A,ID,10_32,216,166,0.8058623382418564,0.838769985907261,0.4729255441583248,24000.0,153.61060333251953,2.599994659423828,0.0,0.0
MO,shadedX,1,A,A,ID,2_38,485,194,0.7375385269422893,0.876398351178747,0.027409363478295368,24000.0,286.4495849609375,1.699981689453125,0.0,0.0
MO,shadedX,1,A,A,ID,3_32,427,28,0.9274841083974574,0.9946447991325598,0.03500388758159386,12000.0,264.3999938964844,0.600006103515625,0.0,0.012222222222396202
MO,shadedX,1,A,A,ID,4_35,497,56,0.8693230813452141,0.9814016089239992,0.2805940702828191,24000.0,206.7212677001953,1.399993896484375,0.0,0.0
MO,shadedX,1,A,A,ID,4_36,466,66,0.873423071920926,0.9777095096566617,0.5973077602606178,12000.0,200.00943756103516,1.0499954223632812,0.0,0.08277777777805073
MO,shadedX,1,A,A,ID,5_38,344,264,0.7994516384778012,0.8217379796922326,0.031398820497503394,24000.0,246.69307708740234,2.2000045776367188,0.0,0.0
MO,shadedX,1,A,A,ID,7_30,209,34,0.9646777371235575,0.9936654852685315,0.7738996452923492,24000.0,257.7217102050781,1.399993896484375,0.0,0.0
MO,shadedX,1,A,A,ID,9_30,275,659,0.8292398951579529,0.6231484701389205,0.5988157171174375,12000.0,96.18185424804688,0.9000015258789062,0.0,0.0
MO,shadedX,1,A,AE,OOD,10_32,27,145,0.8255427841634738,0.630376338296148,0.4036802459269963,24000.0,159.29431915283203,2.3499984741210938,0.0,0.0
MO,shadedX,1,A,AE,OOD,11_32,235,44,0.931237911025145,0.9870551271967961,0.4729255441583248,12000.0,107.789794921875,1.2000045776367188,0.0,0.30666666666659165
MO,shadedX,1,A,AE,OOD,2_35,445,473,0.7538114354942158,0.7824545031621566,2.8723606250263685,6000.0,229.07503509521484,2.0,0.0,0.004444444444482905
MO,shadedX,1,A,AE,OOD,2_38,31,188,0.7072752230610844,0.3932025005280334,0.027409363478295368,24000.0,297.3050842285156,1.899993896484375,0.0,0.0
MO,shadedX,1,A,AE,OOD,4_36,1584,75,0.8390656565656565,0.9901208243152161,0.5973077602606178,12000.0,199.7432861328125,1.0,0.0,0.11333333333369261
MO,shadedX,1,A,AE,OOD,9_30,372,679,0.8240336041300456,0.6395822260282455,0.5988157171174375,12000.0,96.11190795898438,0.9000015258789062,0.0,0.0011111111111737802
MO,shadedX,1,AE,A,OOD,10_32,216,166,0.8262215528781793,0.8618378405597515,0.4729255441583248,24000.0,153.61060333251953,2.599994659423828,0.0,0.0
MO,shadedX,1,AE,A,OOD,2_38,485,194,0.5495695610585609,0.7643546011895128,0.027409363478295368,24000.0,286.4495849609375,1.699981689453125,0.0,0.0
MO,shadedX,1,AE,A,OOD,3_32,427,28,0.8530444964871193,0.9892243421099671,0.03500388758159386,12000.0,264.3999938964844,0.600006103515625,0.0,0.012222222222396202
MO,shadedX,1,AE,A,OOD,4_35,497,56,0.84719028456453,0.9772342957447422,0.2805940702828191,24000.0,206.7212677001953,1.399993896484375,0.0,0.0
MO,shadedX,1,AE,A,OOD,4_36,466,66,0.91087917804656,0.9860923324407443,0.5973077602606178,12000.0,200.00943756103516,1.0499954223632812,0.0,0.08277777777805073
MO,shadedX,1,AE,A,OOD,5_38,344,264,0.758291490486258,0.8057186366650695,0.031398820497503394,24000.0,246.69307708740234,2.2000045776367188,0.0,0.0
MO,shadedX,1,AE,A,OOD,7_30,209,34,0.8727835631860399,0.9748300398215797,0.7738996452923492,24000.0,257.7217102050781,1.399993896484375,0.0,0.0
MO,shadedX,1,AE,A,OOD,9_30,275,659,0.8443868119740654,0.6909664828876572,0.5988157171174375,12000.0,96.18185424804688,0.9000015258789062,0.0,0.0
MO,shadedX,1,AE,AE,ID,10_32,27,145,0.8222222222222222,0.5889278721548599,0.4036802459269963,24000.0,159.29431915283203,2.3499984741210938,0.0,0.0
MO,shadedX,1,AE,AE,ID,11_32,235,44,0.9073500967117989,0.9831250836795318,0.4729255441583248,12000.0,107.789794921875,1.2000045776367188,0.0,0.30666666666659165
MO,shadedX,1,AE,AE,ID,2_35,445,473,0.7658930565123405,0.7926505059146494,2.8723606250263685,6000.0,229.07503509521484,2.0,0.0,0.004444444444482905
MO,shadedX,1,AE,AE,ID,2_38,31,188,0.4047700754975978,0.1574981557041636,0.027409363478295368,24000.0,297.3050842285156,1.899993896484375,0.0,0.0
MO,shadedX,1,AE,AE,ID,4_36,1584,75,0.9165488215488213,0.9954730764766953,0.5973077602606178,12000.0,199.7432861328125,1.0,0.0,0.11333333333369261
MO,shadedX,1,AE,AE,ID,9_30,372,679,0.8360888086528259,0.7098442181626704,0.5988157171174375,12000.0,96.11190795898438,0.9000015258789062,0.0,0.0011111111111737802
MO,shadedX,2,A,A,ID,10_31,332,273,0.7474403106933227,0.7836399515194868,0.4729255441583248,24000.0,107.94462585449219,1.0999984741210938,0.0,0.0
MO,shadedX,2,A,A,ID,2_31,268,42,0.7356965174129354,0.9445029345089104,0.8536236821351613,24000.0,273.2029113769531,1.70001220703125,0.0,0.0
MO,shadedX,2,A,A,ID,3_37,499,49,0.8145270132100937,0.9767800799424503,0.0005719505628920464,24000.0,230.48854064941406,1.3000030517578125,0.0,0.0
MO,shadedX,2,A,A,ID,5_30,119,28,0.9366746698679471,0.9838103613381928,0.5718783671056327,12000.0,210.5778045654297,1.0999908447265625,0.0,0.3011111111119051
MO,shadedX,2,A,A,ID,6_38,464,326,0.6924449968267401,0.7515772587558789,0.0014874728536790585,24000.0,211.51564025878906,1.600006103515625,0.0,0.0
MO,shadedX,2,A,A,ID,7_32,155,61,0.7654151242728715,0.8849134306244241,0.007851030679286325,24000.0,322.5726776123047,1.899993896484375,0.0,0.0
MO,shadedX,2,A,A,ID,7_37,298,40,0.8879194630872482,0.9773003345701058,0.3491631080575762,24000.0,147.55310821533203,1.3499984741210938,0.0,0.10444444444472675
MO,shadedX,2,A,A,ID,8_34,86,216,0.792797157622739,0.7226513448928432,0.7424783442009205,24000.0,155.57879638671875,3.0,0.0,0.020000000000127596
MO,shadedX,2,A,A,ID,8_35,185,60,0.7307207207207207,0.9016297322123771,0.5723155650103042,12000.0,153.56686401367188,1.6999969482421875,0.0,0.004444444444391955
MO,shadedX,2,A,A,ID,9_33,164,97,0.756034699522253,0.8465902409920296,0.3930006801572047,12000.0,177.34353637695312,3.1999969482421875,0.0,0.0011111111111434635
MO,shadedX,2,A,AE,OOD,10_31,173,352,0.7659616395165528,0.6544043365731844,0.4729255441583248,24000.0,107.68326568603516,1.0999984741210938,0.0,0.0
MO,shadedX,2,A,AE,OOD,2_31,46,70,0.6236024844720497,0.5819855576350181,0.8536236821351613,24000.0,272.94146728515625,2.5500030517578125,0.0,0.001111111111113147
MO,shadedX,2,A,AE,OOD,3_37,98,55,0.8239332096474954,0.894178883943222,0.0005719505628920464,24000.0,226.78399658203125,1.5999908447265625,0.0,0.0
MO,shadedX,2,A,AE,OOD,5_30,176,49,0.9669526901669758,0.9908802273549082,0.5718783671056327,12000.0,212.34410095214844,1.399993896484375,0.0,0.2577777777774622
MO,shadedX,2,A,AE,OOD,7_37,457,60,0.8286287381473376,0.9728012180565104,0.3491631080575762,24000.0,145.18063354492188,1.1999969482421875,0.0,0.1766666666675362
MO,shadedX,2,A,AE,OOD,8_34,1050,325,0.7601523809523809,0.9161131702748002,0.7424783442009205,24000.0,150.3404998779297,1.8000030517578125,0.0,0.05555555555556645
MO,shadedX,2,A,AE,OOD,8_35,218,49,0.7528552705485864,0.930107195994516,0.5723155650103042,12000.0,152.3300018310547,1.9000091552734375,0.0,0.005555555555535419
MO,shadedX,2,A,AE,OOD,9_33,84,136,0.7426470588235294,0.6881026022943548,0.3930006801572047,12000.0,174.2781982421875,2.4500045776367188,0.0,0.0
MO,shadedX,2,AE,A,OOD,10_31,332,273,0.7958206452182355,0.8267363913200793,0.4729255441583248,24000.0,107.94462585449219,1.0999984741210938,0.0,0.0
MO,shadedX,2,AE,A,OOD,2_31,268,42,0.8450604122245914,0.9645180768926976,0.8536236821351613,24000.0,273.2029113769531,1.70001220703125,0.0,0.0
MO,shadedX,2,AE,A,OOD,3_37,499,49,0.8636456586642673,0.9807624862501834,0.0005719505628920464,24000.0,230.48854064941406,1.3000030517578125,0.0,0.0
MO,shadedX,2,AE,A,OOD,5_30,119,28,0.9033613445378152,0.9764472472454008,0.5718783671056327,12000.0,210.5778045654297,1.0999908447265625,0.0,0.3011111111119051
MO,shadedX,2,AE,A,OOD,6_38,464,326,0.6759043790987942,0.760433742350217,0.0014874728536790585,24000.0,211.51564025878906,1.600006103515625,0.0,0.0
MO,shadedX,2,AE,A,OOD,7_32,155,61,0.7673188789000528,0.8954244312538047,0.007851030679286325,24000.0,322.5726776123047,1.899993896484375,0.0,0.0
MO,shadedX,2,AE,A,OOD,7_37,298,40,0.8509228187919463,0.9778293563792114,0.3491631080575762,24000.0,147.55310821533203,1.3499984741210938,0.0,0.10444444444472675
MO,shadedX,2,AE,A,OOD,8_34,86,216,0.9436369509043927,0.9120619864769742,0.7424783442009205,24000.0,155.57879638671875,3.0,0.0,0.020000000000127596
MO,shadedX,2,AE,A,OOD,8_35,185,60,0.8287387387387388,0.9371188999259505,0.5723155650103042,12000.0,153.56686401367188,1.6999969482421875,0.0,0.004444444444391955
MO,shadedX,2,AE,A,OOD,9_33,164,97,0.8226049786271058,0.8768685161378488,0.3930006801572047,12000.0,177.34353637695312,3.1999969482421875,0.0,0.0011111111111434635
MO,shadedX,2,AE,AE,ID,10_31,173,352,0.8100367840252234,0.6852636529493581,0.4729255441583248,24000.0,107.68326568603516,1.0999984741210938,0.0,0.0
MO,shadedX,2,AE,AE,ID,2_31,46,70,0.8422360248447205,0.7854184792658463,0.8536236821351613,24000.0,272.94146728515625,2.5500030517578125,0.0,0.001111111111113147
MO,shadedX,2,AE,AE,ID,3_37,98,55,0.8701298701298703,0.9288297372228378,0.0005719505628920464,24000.0,226.78399658203125,1.5999908447265625,0.0,0.0
MO,shadedX,2,AE,AE,ID,5_30,176,49,0.9327458256029685,0.9817146671357136,0.5718783671056327,12000.0,212.34410095214844,1.399993896484375,0.0,0.2577777777774622
MO,shadedX,2,AE,AE,ID,7_37,457,60,0.8030269876002918,0.9718356937611001,0.3491631080575762,24000.0,145.18063354492188,1.1999969482421875,0.0,0.1766666666675362
MO,shadedX,2,AE,AE,ID,8_34,1050,325,0.9150183150183149,0.9715219051468003,0.7424783442009205,24000.0,150.3404998779297,1.8000030517578125,0.0,0.05555555555556645
MO,shadedX,2,AE,AE,ID,8_35,218,49,0.8633214753791425,0.9612269233562427,0.5723155650103042,12000.0,152.3300018310547,1.9000091552734375,0.0,0.005555555555535419
MO,shadedX,2,AE,AE,ID,9_33,84,136,0.8110119047619048,0.767888384336358,0.3930006801572047,12000.0,174.2781982421875,2.4500045776367188,0.0,0.0
MO,shadedX,3,A,A,ID,10_30,386,76,0.8126533951458959,0.9292658942063834,0.5988157171174375,12000.0,96.31162643432617,0.5,0.0,0.001111111111113147
MO,shadedX,3,A,A,ID,10_33,51,26,0.9215686274509804,0.9633112030556609,0.286010608485167,12000.0,115.12738037109375,1.600006103515625,0.0,0.0799999999994797
MO,shadedX,3,A,A,ID,2_36,184,168,0.8936658902691512,0.9008267055337753,0.6084135391700257,12000.0,237.45787048339844,1.5,0.0,0.009444444444613332
MO,shadedX,3,A,A,ID,3_33,223,87,0.9660326787279007,0.9872243145801805,0.01722234519259071,24000.0,225.65914154052734,1.8000030517578125,0.0,0.10333333333288602
MO,shadedX,3,A,A,ID,3_36,181,267,0.7853166966705982,0.7352094190684327,1.0357666780226191,12000.0,217.54544067382812,1.0499954223632812,0.0,0.0
MO,shadedX,3,A,A,ID,3_38,433,763,0.789105845105167,0.7260425196701942,0.009475983179544482,24000.0,258.36082458496094,2.0,0.0,0.0
MO,shadedX,3,A,A,ID,4_30,165,209,0.9415108017978832,0.9382207908345406,0.09322943427937713,24000.0,278.5651092529297,3.5999908447265625,0.0,0.1522222222227741
MO,shadedX,3,A,A,ID,4_34,225,113,0.8684365781710914,0.9333276186935808,0.01722234519259071,24000.0,236.40792083740234,1.6999969482421875,0.0,0.0005555555554807824
MO,shadedX,3,A,A,ID,4_37,877,162,0.8152160141897883,0.945639761923012,0.002752264379166068,24000.0,216.5266876220703,1.399993896484375,0.0,0.0022222222221959776
MO,shadedX,3,A,A,ID,5_35,333,75,0.8694294294294294,0.9705148489456392,0.09771310042336581,24000.0,183.39946746826172,1.5499954223632812,0.0,0.11222222222230659
MO,shadedX,3,A,A,ID,5_36,569,52,0.8371975125050696,0.978689070233848,0.26302432421268096,12000.0,192.3225860595703,1.100006103515625,0.0,0.04777777777783502
MO,shadedX,3,A,A,ID,6_31,82,35,0.829616724738676,0.9190018512671415,0.7738996452923492,24000.0,349.5202331542969,1.70001220703125,0.0,0.0
MO,shadedX,3,A,A,ID,7_34,317,54,0.9283794835845308,0.9872376115364959,0.29777194234542287,24000.0,160.89849853515625,1.899993896484375,0.0,0.1588888888886041
MO,shadedX,3,A,A,ID,7_38,242,92,0.8914390945023356,0.9613813666815749,0.16698555670419252,12000.0,151.2139129638672,1.0,0.0,0.018888888889226664
MO,shadedX,3,A,AE,OOD,10_30,43,98,0.8891789273849074,0.675851756964628,0.5988157171174375,12000.0,96.34044647216797,0.5999984741210938,0.0,0.003333333333400074
MO,shadedX,3,A,AE,OOD,10_33,680,63,0.9027077497665733,0.989981373651083,0.4036802459269963,12000.0,112.48137664794922,1.0999984741210938,0.0,0.08777777777699883
MO,shadedX,3,A,AE,OOD,2_36,293,192,0.9045968430034129,0.9395106621581871,0.6084135391700257,12000.0,237.51596069335938,1.4000091552734375,0.0,0.006666666666709199
MO,shadedX,3,A,AE,OOD,3_36,918,349,0.7968799745304043,0.9075623843940932,1.0357666780226191,12000.0,213.22055053710938,0.899993896484375,0.0,0.0022222222220443953
MO,shadedX,3,A,AE,OOD,3_38,30,906,0.8317512877115527,0.22122749491828544,0.009475983179544482,24000.0,260.35870361328125,2.29998779296875,0.0,0.0
MO,shadedX,3,A,AE,OOD,4_30,504,199,0.9347431602456728,0.9749523369613468,0.09322943427937713,12000.0,278.26385498046875,0.300018310546875,0.0,0.31444444444341374
MO,shadedX,3,A,AE,OOD,4_34,167,101,0.832098179877868,0.9016919897440562,0.01722234519259071,24000.0,239.22332000732422,1.850006103515625,0.0,0.0
MO,shadedX,3,A,AE,OOD,4_37,87,189,0.8244237669525026,0.66743190490716,0.0005719505628920464,24000.0,221.385986328125,1.5999984741210938,0.0,0.0
MO,shadedX,3,A,AE,OOD,5_35,694,54,0.8576689081011847,0.9873438888952117,0.09771310042336581,24000.0,182.33089447021484,1.600006103515625,0.0,0.18666666666682685
MO,shadedX,3,A,AE,OOD,5_36,840,52,0.8792582417582419,0.9899795834582215,0.26302432421268096,12000.0,192.5391387939453,1.0999908447265625,0.0,0.04333333333291252
MO,shadedX,3,A,AE,OOD,7_34,478,92,0.9298026196106968,0.986107694096325,0.29777194234542287,24000.0,161.05909729003906,1.6999969482421875,0.0,0.1500000000003962
MO,shadedX,3,A,AE,OOD,7_38,495,123,0.896493389176316,0.9741475977867519,0.16698555670419252,12000.0,150.52153778076172,1.0,0.0,0.07499999999991007
MO,shadedX,3,AE,A,OOD,10_30,386,76,0.8743864194164166,0.9495909949750464,0.5988157171174375,12000.0,96.31162643432617,0.5,0.0,0.001111111111113147
MO,shadedX,3,AE,A,OOD,10_33,51,26,0.9509803921568627,0.9793563658140354,0.286010608485167,12000.0,115.12738037109375,1.600006103515625,0.0,0.0799999999994797
MO,shadedX,3,AE,A,OOD,2_36,184,168,0.8673330745341614,0.8775448170992247,0.6084135391700257,12000.0,237.45787048339844,1.5,0.0,0.009444444444613332
MO,shadedX,3,AE,A,OOD,3_33,223,87,0.8810886036802227,0.9577195199348385,0.01722234519259071,24000.0,225.65914154052734,1.8000030517578125,0.0,0.10333333333288602
MO,shadedX,3,AE,A,OOD,3_36,181,267,0.8162931694497899,0.7860970121875276,1.0357666780226191,12000.0,217.54544067382812,1.0499954223632812,0.0,0.0
MO,shadedX,3,AE,A,OOD,3_38,433,763,0.7291777019725831,0.6473842505638575,0.009475983179544482,24000.0,258.36082458496094,2.0,0.0,0.0
MO,shadedX,3,AE,A,OOD,4_30,165,209,0.9378280411773234,0.9367872657637257,0.09322943427937713,24000.0,278.5651092529297,3.5999908447265625,0.0,0.1522222222227741
MO,shadedX,3,AE,A,OOD,4_34,225,113,0.8460176991150442,0.924760876490244,0.01722234519259071,24000.0,236.40792083740234,1.6999969482421875,0.0,0.0005555555554807824
MO,shadedX,3,AE,A,OOD,4_37,877,162,0.7893492123822797,0.9421521521106477,0.002752264379166068,24000.0,216.5266876220703,1.399993896484375,0.0,0.0022222222221959776
MO,shadedX,3,AE,A,OOD,5_35,333,75,0.91007007007007,0.9800325507274871,0.09771310042336581,24000.0,183.39946746826172,1.5499954223632812,0.0,0.11222222222230659
MO,shadedX,3,AE,A,OOD,5_36,569,52,0.907293497363796,0.9906048534285372,0.26302432421268096,12000.0,192.3225860595703,1.100006103515625,0.0,0.04777777777783502
MO,shadedX,3,AE,A,OOD,6_31,82,35,0.8285714285714285,0.9090169758515578,0.7738996452923492,24000.0,349.5202331542969,1.70001220703125,0.0,0.0
MO,shadedX,3,AE,A,OOD,7_34,317,54,0.9206098843322819,0.9855983906945216,0.29777194234542287,24000.0,160.89849853515625,1.899993896484375,0.0,0.1588888888886041
MO,shadedX,3,AE,A,OOD,7_38,242,92,0.7651365432985986,0.9038784754862561,0.16698555670419252,12000.0,151.2139129638672,1.0,0.0,0.018888888889226664
MO,shadedX,3,AE,AE,ID,10_30,43,98,0.9416231608922638,0.74763750765019,0.5988157171174375,12000.0,96.34044647216797,0.5999984741210938,0.0,0.003333333333400074
MO,shadedX,3,AE,AE,ID,10_33,680,63,0.9630252100840336,0.9965600922357072,0.4036802459269963,12000.0,112.48137664794922,1.0999984741210938,0.0,0.08777777777699883
MO,shadedX,3,AE,AE,ID,2_36,293,192,0.8914604664391353,0.9282254957354764,0.6084135391700257,12000.0,237.51596069335938,1.4000091552734375,0.0,0.006666666666709199
MO,shadedX,3,AE,AE,ID,3_36,918,349,0.8405247485813809,0.9329172019633429,1.0357666780226191,12000.0,213.22055053710938,0.899993896484375,0.0,0.0022222222220443953
MO,shadedX,3,AE,AE,ID,3_38,30,906,0.7148270787343636,0.16488873214054675,0.009475983179544482,24000.0,260.35870361328125,2.29998779296875,0.0,0.0
MO,shadedX,3,AE,AE,ID,4_30,504,199,0.927374970088538,0.972960317830533,0.09322943427937713,12000.0,278.26385498046875,0.300018310546875,0.0,0.31444444444341374
MO,shadedX,3,AE,AE,ID,4_34,167,101,0.841643445781704,0.8975279732670822,0.01722234519259071,24000.0,239.22332000732422,1.850006103515625,0.0,0.0
MO,shadedX,3,AE,AE,ID,4_37,87,189,0.7950495651645076,0.6384787820090378,0.0005719505628920464,24000.0,221.385986328125,1.5999984741210938,0.0,0.0
MO,shadedX,3,AE,AE,ID,5_35,694,54,0.888061692816736,0.9904401074764213,0.09771310042336581,24000.0,182.33089447021484,1.600006103515625,0.0,0.18666666666682685
MO,shadedX,3,AE,AE,ID,5_36,840,52,0.9230769230769231,0.9947069250094264,0.26302432421268096,12000.0,192.5391387939453,1.0999908447265625,0.0,0.04333333333291252
MO,shadedX,3,AE,AE,ID,7_34,478,92,0.9157494997271239,0.9830595218471216,0.29777194234542287,24000.0,161.05909729003906,1.6999969482421875,0.0,0.1500000000003962
MO,shadedX,3,AE,AE,ID,7_38,495,123,0.8294489611562782,0.9537083205745525,0.16698555670419252,12000.0,150.52153778076172,1.0,0.0,0.07499999999991007
MN,band,0,A,A,ID,-1_51,514,223,0.7797281499188637,0.8962814628653133,0.0368463588598811,12000.0,296.4725646972656,0.600006103515625,0.0,0.0
MN,band,0,A,A,ID,-1_52,246,245,0.8644599303135888,0.8575998788530595,1.7049154940954943,24000.0,287.8302001953125,0.800018310546875,0.0,0.0
MN,band,0,A,A,ID,0_47,52,212,0.97505442670537,0.944519615480374,2.050688907604624,12000.0,342.9220886230469,1.850006103515625,0.0,0.0
MN,band,0,A,A,ID,0_48,274,160,0.9021669708029197,0.9490615919929061,1.1148666220638483,12000.0,319.4577941894531,1.350006103515625,0.0,0.002222222222180819
MN,band,0,A,A,ID,1_49,424,416,0.9777984397677794,0.974374875412102,0.5366081860591692,24000.0,358.2373046875,1.149993896484375,0.0,0.022222222222490318
MN,band,0,A,A,ID,1_50,300,351,0.9882905982905983,0.9855551876044645,0.028307107467808484,24000.0,390.0621032714844,2.0,0.0,0.00555555555562637
MN,band,0,A,A,ID,2_46,257,337,0.9793670403768662,0.9732037752242938,0.00826515733896413,24000.0,314.34881591796875,1.699981689453125,0.0,0.0
MN,band,0,A,A,ID,2_47,95,136,0.9950464396284829,0.9931748799483192,0.6389516122360201,12000.0,299.0284729003906,2.5,0.0,0.0
MN,band,0,A,A,ID,2_48,343,513,0.9393097255610683,0.9274180672372148,0.20719075193285652,24000.0,319.0500183105469,1.850006103515625,0.0,0.0027777777776161272
MN,band,0,A,A,ID,2_49,327,401,0.9809421400626874,0.9767030297702516,0.5366081860591692,12000.0,332.6509246826172,2.100006103515625,0.0,0.01222222222215367
MN,band,0,A,A,ID,3_51,300,349,0.9390926456542503,0.9076737376756725,0.05728302701083551,24000.0,383.04998779296875,0.5,0.0,0.03777777777790764
MN,band,0,A,A,ID,3_56,251,89,0.9839294507363804,0.9947426896615363,0.00024867286198542566,24000.0,341.4516296386719,2.0,0.0,0.002222222222226294
MN,band,0,A,A,ID,4_45,147,119,0.9882810266963928,0.9912575795616394,0.2386902744023313,12000.0,373.12001037597656,1.850006103515625,0.0,0.0016666666665636131
MN,band,0,A,A,ID,4_46,243,400,0.9542489711934157,0.9256214809238082,0.8976554945754902,24000.0,371.9728698730469,2.199981689453125,0.0,0.0
MN,band,0,A,A,ID,4_49,842,264,0.9489311163895486,0.9810578677503746,0.46193748578503846,12000.0,273.88433837890625,1.0,0.0,0.018888888888923504
MN,band,0,A,A,ID,7_45,35,65,1.0,1.0,0.8435196293063132,12000.0,274.9678192138672,12.900009155273438,0.0,0.0
MN,band,0,A,AE,OOD,-1_51,239,311,0.7490750581872486,0.746363582292721,0.0368463588598811,24000.0,297.12855529785156,0.5,0.0,0.0
MN,band,0,A,AE,OOD,-1_52,305,200,0.8504590163934427,0.8954847790630097,1.7049154940954943,24000.0,289.55517578125,0.699981689453125,0.0,0.0
MN,band,0,A,AE,OOD,-2_53,1437,556,0.8093612792438284,0.9171889758007725,1.7049154940954943,12000.0,268.474609375,0.5,0.0,0.0
MN,band,0,A,AE,OOD,0_47,406,740,0.9861103714551991,0.9789385899106237,2.050688907604624,12000.0,339.95550537109375,1.600006103515625,0.0,0.0
MN,band,0,A,AE,OOD,0_48,441,545,0.9304458174707192,0.9231654586943924,1.1148666220638483,12000.0,318.7683563232422,1.399993896484375,0.0,0.001111111111158622
MN,band,0,A,AE,OOD,1_50,26,41,0.9906191369606004,0.9864257294429707,0.028307107467808484,24000.0,390.1650390625,1.70001220703125,0.0,0.0
MN,band,0,A,AE,OOD,2_47,468,552,0.9973290598290598,0.9973023429940339,0.6389516122360201,12000.0,299.1376647949219,2.3000106811523438,0.0,0.0033333333333697575
MN,band,0,A,AE,OOD,2_49,347,423,0.9779808013298723,0.9686627408061352,0.5366081860591692,12000.0,333.58897399902344,1.8000030517578125,0.0,0.018333333333382086
MN,band,0,A,AE,OOD,3_51,572,136,0.9609471410942,0.9862321532309691,0.05728302701083551,24000.0,381.7891387939453,0.0,0.0,0.8488888888882516
MN,band,0,A,AE,OOD,3_56,34,53,0.9833518312985572,0.977930066717021,0.00024867286198542566,24000.0,345.9082336425781,2.0,0.0,0.0
MN,band,0,A,AE,OOD,4_45,191,255,0.97507442767683,0.9705663385813306,0.2386902744023313,12000.0,375.23719787597656,1.5,0.0,0.0
MN,band,0,A,AE,OOD,4_46,73,240,0.9602739726027397,0.8851756090306797,0.8976554945754902,24000.0,375.8886413574219,2.4000244140625,0.0,0.0
MN,band,0,A,AE,OOD,4_49,778,685,0.9528981292102152,0.9526144640327363,0.46193748578503846,12000.0,274.9200134277344,1.79998779296875,0.0,0.007777777777731397
MN,band,0,A,AE,OOD,4_57,104,60,1.0,0.9999999999999998,0.00024867286198542566,24000.0,336.8999938964844,0.0,0.0,0.9877777777783923
MN,band,0,A,AE,OOD,5_49,127,206,0.984251968503937,0.9765737659025171,0.7469491934770731,6000.0,272.9860534667969,4.100006103515625,0.0,0.008888888888874862
MN,band,0,A,AE,OOD,7_45,258,56,0.9996539313399778,0.9999249396229914,0.8435196293063132,12000.0,191.0144805908203,1.7000045776367188,0.0,0.43833333333434715
MN,band,0,AE,A,OOD,-1_51,514,223,0.7499171188777023,0.8811184791436406,0.0368463588598811,12000.0,296.4725646972656,0.600006103515625,0.0,0.0
MN,band,0,AE,A,OOD,-1_52,246,245,0.8854985896797744,0.8986390043077435,1.7049154940954943,24000.0,287.8302001953125,0.800018310546875,0.0,0.0
MN,band,0,AE,A,OOD,0_47,52,212,0.9796806966618288,0.9592971955444491,2.050688907604624,12000.0,342.9220886230469,1.850006103515625,0.0,0.0
MN,band,0,AE,A,OOD,0_48,274,160,0.9266195255474452,0.959848264344516,1.1148666220638483,12000.0,319.4577941894531,1.350006103515625,0.0,0.002222222222180819
MN,band,0,AE,A,OOD,1_49,424,416,0.9780649038461539,0.9791225484797174,0.5366081860591692,24000.0,358.2373046875,1.149993896484375,0.0,0.022222222222490318
MN,band,0,AE,A,OOD,1_50,300,351,0.9927065527065527,0.9922321146960655,0.028307107467808484,24000.0,390.0621032714844,2.0,0.0,0.00555555555562637
MN,band,0,AE,A,OOD,2_46,257,337,0.9717234929395329,0.9646080595606367,0.00826515733896413,24000.0,314.34881591796875,1.699981689453125,0.0,0.0
MN,band,0,AE,A,OOD,2_47,95,136,0.9952012383900929,0.9933493789346746,0.6389516122360201,12000.0,299.0284729003906,2.5,0.0,0.0
MN,band,0,AE,A,OOD,2_48,343,513,0.9391790132928695,0.9252231591379807,0.20719075193285652,24000.0,319.0500183105469,1.850006103515625,0.0,0.0027777777776161272
MN,band,0,AE,A,OOD,2_49,327,401,0.9818801619803702,0.977985993713741,0.5366081860591692,12000.0,332.6509246826172,2.100006103515625,0.0,0.01222222222215367
MN,band,0,AE,A,OOD,3_51,300,349,0.9564851957975167,0.9415072862996974,0.05728302701083551,24000.0,383.04998779296875,0.5,0.0,0.03777777777790764
MN,band,0,AE,A,OOD,3_56,251,89,0.9760956175298805,0.992079136435176,0.00024867286198542566,24000.0,341.4516296386719,2.0,0.0,0.002222222222226294
MN,band,0,AE,A,OOD,4_45,147,119,0.9854227405247813,0.9890049816009658,0.2386902744023313,12000.0,373.12001037597656,1.850006103515625,0.0,0.0016666666665636131
MN,band,0,AE,A,OOD,4_46,243,400,0.9582201646090533,0.929127832142,0.8976554945754902,24000.0,371.9728698730469,2.199981689453125,0.0,0.0
MN,band,0,AE,A,OOD,4_49,842,264,0.9556521269704168,0.9843396296412954,0.46193748578503846,12000.0,273.88433837890625,1.0,0.0,0.018888888888923504
MN,band,0,AE,A,OOD,7_45,35,65,1.0,1.0,0.8435196293063132,12000.0,274.9678192138672,12.900009155273438,0.0,0.0
MN,band,0,AE,AE,ID,-1_51,239,311,0.7359980626673305,0.7194873126723066,0.0368463588598811,24000.0,297.12855529785156,0.5,0.0,0.0
MN,band,0,AE,AE,ID,-1_52,305,200,0.8769836065573771,0.9185070560992317,1.7049154940954943,24000.0,289.55517578125,0.699981689453125,0.0,0.0
MN,band,0,AE,AE,ID,-2_53,1437,556,0.8265921709396574,0.9257392385434352,1.7049154940954943,12000.0,268.474609375,0.5,0.0,0.0
MN,band,0,AE,AE,ID,0_47,406,740,0.9878245240314205,0.9836746752105113,2.050688907604624,12000.0,339.95550537109375,1.600006103515625,0.0,0.0
MN,band,0,AE,AE,ID,0_48,441,545,0.944895878840833,0.9421274436114825,1.1148666220638483,12000.0,318.7683563232422,1.399993896484375,0.0,0.001111111111158622
MN,band,0,AE,AE,ID,1_50,26,41,0.9915572232645403,0.9886675824175823,0.028307107467808484,24000.0,390.1650390625,1.70001220703125,0.0,0.0
MN,band,0,AE,AE,ID,2_47,468,552,0.9971277715842933,0.9970820735128351,0.6389516122360201,12000.0,299.1376647949219,2.3000106811523438,0.0,0.0033333333333697575
MN,band,0,AE,AE,ID,2_49,347,423,0.978805158705827,0.9710516907388722,0.5366081860591692,12000.0,333.58897399902344,1.8000030517578125,0.0,0.018333333333382086
MN,band,0,AE,AE,ID,3_51,572,136,0.9739304812834224,0.9926764013935925,0.05728302701083551,24000.0,381.7891387939453,0.0,0.0,0.8488888888882516
MN,band,0,AE,AE,ID,3_56,34,53,0.9811320754716981,0.9733974883852238,0.00024867286198542566,24000.0,345.9082336425781,2.0,0.0,0.0
MN,band,0,AE,AE,ID,4_45,191,255,0.980946514731547,0.9757144962824038,0.2386902744023313,12000.0,375.23719787597656,1.5,0.0,0.0
MN,band,0,AE,AE,ID,4_46,73,240,0.9573059360730594,0.8807341292761031,0.8976554945754902,24000.0,375.8886413574219,2.4000244140625,0.0,0.0
MN,band,0,AE,AE,ID,4_49,778,685,0.9563657515996472,0.9575881165402093,0.46193748578503846,12000.0,274.9200134277344,1.79998779296875,0.0,0.007777777777731397
MN,band,0,AE,AE,ID,4_57,104,60,1.0,0.9999999999999999,0.00024867286198542566,24000.0,336.8999938964844,0.0,0.0,0.9877777777783923
MN,band,0,AE,AE,ID,5_49,127,206,0.9931580154422445,0.9872894650845501,0.7469491934770731,6000.0,272.9860534667969,4.100006103515625,0.0,0.008888888888874862
MN,band,0,AE,AE,ID,7_45,258,56,0.9995847176079734,0.9999093300389985,0.8435196293063132,12000.0,191.0144805908203,1.7000045776367188,0.0,0.43833333333434715
MN,band,1,A,A,ID,-1_53,73,164,0.8972602739726028,0.8447041605972413,0.6816075160735557,24000.0,281.1616516113281,0.79998779296875,0.0,0.0
MN,band,1,A,A,ID,-2_57,247,222,0.8976365028996609,0.9082973991949406,0.662416951190483,12000.0,242.83505249023438,0.8000030517578125,0.0,0.01111111111116179
MN,band,1,A,A,ID,0_55,137,198,0.9035242940352429,0.8725618832562604,0.5944916975356539,12000.0,351.25439453125,0.600006103515625,0.0,0.0
MN,band,1,A,A,ID,0_57,259,185,0.8777000939163101,0.922855509090182,0.17764213535066115,24000.0,320.39500427246094,0.699981689453125,0.0,0.0
MN,band,1,A,A,ID,1_48,218,155,0.9910624445102101,0.993908325165241,0.9817638951084386,24000.0,322.2772521972656,1.4000244140625,0.0,0.010000000000018322
MN,band,1,A,A,ID,2_50,221,368,0.9817283100531183,0.9751280284254198,0.4158517525221228,12000.0,330.1852722167969,2.100006103515625,0.0,0.0
MN,band,1,A,A,ID,3_46,318,361,0.9926218226798377,0.9916411160948193,0.6207075877822058,24000.0,311.6436767578125,1.899993896484375,0.0,0.0
MN,band,1,A,A,ID,3_53,164,135,0.9823396567299006,0.9848262200470983,0.004580655015265267,24000.0,389.5408935546875,1.5,0.0,0.08222222222119056
MN,band,1,A,A,ID,4_47,264,498,0.9850462455884144,0.9745513845527604,1.7665504830856904,24000.0,322.9124298095703,3.0999908447265625,0.0,0.0
MN,band,1,A,A,ID,4_56,361,206,0.9702686711669312,0.9833336057544512,0.00024867286198542566,24000.0,340.1000061035156,1.100006103515625,0.0,0.09222222222169395
MN,band,1,A,A,ID,5_47,77,261,0.9915410260237846,0.9662410053909917,1.7665504830856904,12000.0,319.6378173828125,9.699996948242188,0.0,0.0
MN,band,1,A,A,ID,6_46,184,251,0.9970119521912351,0.9959773301190096,0.41482021786023643,12000.0,322.18243408203125,6.70001220703125,0.0,0.0
MN,band,1,A,AE,OOD,-1_53,524,621,0.9135659057663705,0.9166780784681957,0.6816075160735557,24000.0,279.2596435546875,0.699981689453125,0.0,0.0
MN,band,1,A,AE,OOD,-1_54,318,190,0.8194637537239324,0.8858648210357628,0.6816075160735557,24000.0,273.27735900878906,0.5,0.0,0.0
MN,band,1,A,AE,OOD,-2_57,702,223,0.8895660061579345,0.9609557805860359,0.662416951190483,12000.0,242.1587677001953,0.70001220703125,0.0,0.02666666666671552
MN,band,1,A,AE,OOD,0_55,116,226,0.9183704607873054,0.8627772179354761,0.5944916975356539,24000.0,351.53794860839844,0.600006103515625,0.0,0.0
MN,band,1,A,AE,OOD,0_57,832,417,0.8866589420771076,0.9440500745042634,0.17764213535066115,24000.0,319.0199890136719,0.699981689453125,0.0,0.001111111111113147
MN,band,1,A,AE,OOD,1_48,92,272,0.9827765345268542,0.9584094622389321,0.9817638951084386,24000.0,319.77850341796875,2.100006103515625,0.0,0.0
MN,band,1,A,AE,OOD,2_50,140,374,0.98231474407945,0.9610685247420175,0.4158517525221228,12000.0,334.71051025390625,2.350006103515625,0.0,0.0
MN,band,1,A,AE,OOD,3_46,35,54,0.9994708994708995,0.9992063492063493,0.6207075877822058,24000.0,312.38690185546875,2.5,0.0,0.0
MN,band,1,A,AE,OOD,3_53,278,172,0.9847540572193407,0.9887149153637267,0.004580655015265267,24000.0,388.81414794921875,1.04998779296875,0.0,0.16000000000061154
MN,band,1,A,AE,OOD,4_47,219,526,0.984052988870948,0.9678535528527518,1.7665504830856904,24000.0,322.97650146484375,3.70001220703125,0.0,0.0
MN,band,1,A,AE,OOD,4_48,806,1579,0.9926029760959996,0.9870492349188913,0.9978058430098368,6000.0,267.9816589355469,4.199981689453125,0.0,0.0033333333333091246
MN,band,1,A,AE,OOD,4_56,551,94,0.959686450167973,0.9927240552870256,0.00024867286198542566,24000.0,338.37664794921875,0.0,0.0,0.41555555555552737
MN,band,1,A,AE,OOD,5_47,154,417,0.9972126195147778,0.9918916158547495,1.7665504830856904,12000.0,316.7913513183594,8.70001220703125,0.0,0.0
MN,band,1,AE,A,OOD,-1_53,73,164,0.9107083194119613,0.8568564614997755,0.6816075160735557,24000.0,281.1616516113281,0.79998779296875,0.0,0.0
MN,band,1,AE,A,OOD,-2_57,247,222,0.8991319254477149,0.9097726882299205,0.662416951190483,12000.0,242.83505249023438,0.8000030517578125,0.0,0.01111111111116179
MN,band,1,AE,A,OOD,0_55,137,198,0.8992848189928482,0.8704717137929681,0.5944916975356539,12000.0,351.25439453125,0.600006103515625,0.0,0.0
MN,band,1,AE,A,OOD,0_57,259,185,0.9079620160701242,0.9412665147307426,0.17764213535066115,24000.0,320.39500427246094,0.699981689453125,0.0,0.0
MN,band,1,AE,A,OOD,1_48,218,155,0.9907664989641907,0.993328759047512,0.9817638951084386,24000.0,322.2772521972656,1.4000244140625,0.0,0.010000000000018322
MN,band,1,AE,A,OOD,2_50,221,368,0.9773509738343498,0.9683660469010964,0.4158517525221228,12000.0,330.1852722167969,2.100006103515625,0.0,0.0
MN,band,1,AE,A,OOD,3_46,318,361,0.9864109130821095,0.983620605725551,0.6207075877822058,24000.0,311.6436767578125,1.899993896484375,0.0,0.0
MN,band,1,AE,A,OOD,3_53,164,135,0.9835591689250226,0.9860325742663829,0.004580655015265267,24000.0,389.5408935546875,1.5,0.0,0.08222222222119056
MN,band,1,AE,A,OOD,4_47,264,498,0.9807259340391871,0.9660246118239297,1.7665504830856904,24000.0,322.9124298095703,3.0999908447265625,0.0,0.0
MN,band,1,AE,A,OOD,4_56,361,206,0.9806632063039561,0.9898147363616916,0.00024867286198542566,24000.0,340.1000061035156,1.100006103515625,0.0,0.09222222222169395
MN,band,1,AE,A,OOD,5_47,77,261,0.9919888540578196,0.9647526941034262,1.7665504830856904,12000.0,319.6378173828125,9.699996948242188,0.0,0.0
MN,band,1,AE,A,OOD,6_46,184,251,0.995777758531093,0.9944533561552437,0.41482021786023643,12000.0,322.18243408203125,6.70001220703125,0.0,0.0
MN,band,1,AE,AE,ID,-1_53,524,621,0.912367395606692,0.9151925862987801,0.6816075160735557,24000.0,279.2596435546875,0.699981689453125,0.0,0.0
MN,band,1,AE,AE,ID,-1_54,318,190,0.8784011916583913,0.9217193612556727,0.6816075160735557,24000.0,273.27735900878906,0.5,0.0,0.0
MN,band,1,AE,AE,ID,-2_57,702,223,0.8925108274884059,0.9630056809783719,0.662416951190483,12000.0,242.1587677001953,0.70001220703125,0.0,0.02666666666671552
MN,band,1,AE,AE,ID,0_55,116,226,0.9135642355813244,0.868436450797936,0.5944916975356539,24000.0,351.53794860839844,0.600006103515625,0.0,0.0
MN,band,1,AE,AE,ID,0_57,832,417,0.9100171785648405,0.9570450626337141,0.17764213535066115,24000.0,319.0199890136719,0.699981689453125,0.0,0.001111111111113147
MN,band,1,AE,AE,ID,1_48,92,272,0.9876918158567775,0.9686813814555288,0.9817638951084386,24000.0,319.77850341796875,2.100006103515625,0.0,0.0
MN,band,1,AE,AE,ID,2_50,140,374,0.9771581359816655,0.9472065502199805,0.4158517525221228,12000.0,334.71051025390625,2.350006103515625,0.0,0.0
MN,band,1,AE,AE,ID,3_46,35,54,0.9973544973544973,0.9961570593149541,0.6207075877822058,24000.0,312.38690185546875,2.5,0.0,0.0
MN,band,1,AE,AE,ID,3_53,278,172,0.9884766605320394,0.991617842284201,0.004580655015265267,24000.0,388.81414794921875,1.04998779296875,0.0,0.16000000000061154
MN,band,1,AE,AE,ID,4_47,219,526,0.9800250013021512,0.955431412171602,1.7665504830856904,24000.0,322.97650146484375,3.70001220703125,0.0,0.0
MN,band,1,AE,AE,ID,4_48,806,1579,0.9946702769130193,0.9912703952061256,0.9978058430098368,6000.0,267.9816589355469,4.199981689453125,0.0,0.0033333333333091246
MN,band,1,AE,AE,ID,4_56,551,94,0.9645711858516431,0.9938345622685859,0.00024867286198542566,24000.0,338.37664794921875,0.0,0.0,0.41555555555552737
MN,band,1,AE,AE,ID,5_47,154,417,0.9985518079043258,0.9958667374577286,1.7665504830856904,12000.0,316.7913513183594,8.70001220703125,0.0,0.0
MN,band,2,A,A,ID,-1_46,200,282,0.9704255319148937,0.9492671455794105,0.0499285189947756,24000.0,506.09742736816406,2.29998779296875,0.0,0.0
MN,band,2,A,A,ID,-1_48,146,245,0.972714565278166,0.9611195133049008,1.7207656496067605,12000.0,339.8138427734375,1.399993896484375,0.0,0.0
MN,band,2,A,A,ID,-1_50,49,98,0.9096209912536443,0.8011642806375551,0.908195597596609,24000.0,335.6047668457031,1.100006103515625,0.0,0.03111111111016767
MN,band,2,A,A,ID,-1_55,53,182,0.9926394360356625,0.9872370418564302,0.5944916975356539,24000.0,339.26141357421875,0.9000244140625,0.0,0.0
MN,band,2,A,A,ID,-2_52,130,48,0.9349358974358974,0.9749642911469227,0.0368463588598811,12000.0,280.3910369873047,0.5,0.0,0.0
MN,band,2,A,A,ID,-2_56,236,289,0.8784968623541141,0.8722578181158774,0.3880379033230242,12000.0,246.1986846923828,0.600006103515625,0.0,0.022222222222202305
MN,band,2,A,A,ID,0_49,298,297,0.9678778839852664,0.9673842535365351,0.6876319876855833,24000.0,314.5229797363281,1.0,0.0,0.0
MN,band,2,A,A,ID,0_54,96,159,0.9530922431865828,0.9472617475347918,0.22827972908078495,24000.0,382.7919921875,1.5,0.0,0.0011111111111434635
MN,band,2,A,A,ID,1_47,180,282,0.9832151300236407,0.9714337552265035,0.9817638951084386,12000.0,313.2917785644531,2.0,0.0,0.0
MN,band,2,A,A,ID,2_51,348,514,0.965248893063196,0.9309195450038459,0.01363070594942965,24000.0,363.51072692871094,2.399993896484375,0.0,0.0
MN,band,2,A,A,ID,2_52,793,306,0.9338080755631382,0.956673122461622,0.04879059345949056,24000.0,367.9200134277344,0.0,0.0,0.5199999999999801
MN,band,2,A,A,ID,3_48,149,314,0.9872397725815414,0.9757834591001073,0.6673535666313604,6000.0,288.5972900390625,3.20001220703125,0.0,0.0033333333333697575
MN,band,2,A,A,ID,3_50,454,511,0.9448606429476625,0.939821849110747,0.12029109045002201,24000.0,307.44732666015625,1.600006103515625,0.0,0.0
MN,band,2,A,A,ID,3_52,294,379,0.9336959058029545,0.8947665520051151,0.04879059345949056,24000.0,381.04998779296875,2.20001220703125,0.0,0.0577777777771864
MN,band,2,A,AE,OOD,-1_48,697,681,0.9721883381052001,0.9734712049108332,1.7207656496067605,12000.0,338.6355743408203,1.29998779296875,0.0,0.001111111111113147
MN,band,2,A,AE,OOD,-1_50,30,110,0.9042424242424243,0.6826631448523621,0.908195597596609,24000.0,336.5479431152344,1.29998779296875,0.0,0.029444444443391848
MN,band,2,A,AE,OOD,-2_52,144,430,0.9269379844961241,0.853017063375691,0.0368463588598811,12000.0,280.2449188232422,0.600006103515625,0.0,0.0
MN,band,2,A,AE,OOD,-2_56,964,516,0.8875044227861943,0.940487325918723,0.3880379033230242,12000.0,245.2271728515625,0.5999984741210938,0.0,0.029999999999964017
MN,band,2,A,AE,OOD,0_49,139,245,0.9689032447511379,0.9340541060881455,0.6876319876855833,24000.0,314.7699737548828,1.199981689453125,0.0,0.0
MN,band,2,A,AE,OOD,1_47,459,644,0.9886365174088959,0.9864840063593584,0.9817638951084386,12000.0,312.4226989746094,1.8000030517578125,0.0,0.0
MN,band,2,A,AE,OOD,2_51,84,242,0.9641381345926799,0.9093281274778791,0.01363070594942965,24000.0,364.67877197265625,2.45001220703125,0.0,0.0
MN,band,2,A,AE,OOD,2_52,49,60,0.9724489795918367,0.9670367163132847,0.04879059345949056,24000.0,370.9468688964844,0.699981689453125,0.0,0.15777777777809726
MN,band,2,A,AE,OOD,3_48,1079,977,0.978060735185447,0.9817608106319147,0.6673535666313604,6000.0,284.17982482910156,2.300018310546875,0.0,0.025555555555390158
MN,band,2,A,AE,OOD,3_50,61,75,0.9610928961748633,0.9561875267494788,0.12029109045002201,24000.0,306.26878356933594,1.5500030517578125,0.0,0.0
MN,band,2,A,AE,OOD,3_52,35,50,0.964,0.9364573785350787,0.04879059345949056,24000.0,381.3973388671875,1.600006103515625,0.0,0.06666666666678887
MN,band,2,AE,A,OOD,-1_46,200,282,0.9735460992907801,0.942993687754188,0.0499285189947756,24000.0,506.09742736816406,2.29998779296875,0.0,0.0
MN,band,2,AE,A,OOD,-1_48,146,245,0.9776908023483366,0.9690190211429651,1.7207656496067605,12000.0,339.8138427734375,1.399993896484375,0.0,0.0
MN,band,2,AE,A,OOD,-1_50,49,98,0.9206580591420241,0.7972746392440155,0.908195597596609,24000.0,335.6047668457031,1.100006103515625,0.0,0.03111111111016767
MN,band,2,AE,A,OOD,-1_55,53,182,0.9959568733153639,0.9917650878847033,0.5944916975356539,24000.0,339.26141357421875,0.9000244140625,0.0,0.0
MN,band,2,AE,A,OOD,-2_52,130,48,0.9131410256410256,0.9652159165066565,0.0368463588598811,12000.0,280.3910369873047,0.5,0.0,0.0
MN,band,2,AE,A,OOD,-2_56,236,289,0.8858571344789161,0.8787868439979591,0.3880379033230242,12000.0,246.1986846923828,0.600006103515625,0.0,0.022222222222202305
MN,band,2,AE,A,OOD,0_49,298,297,0.9717533274580255,0.9714438566392379,0.6876319876855833,24000.0,314.5229797363281,1.0,0.0,0.0
MN,band,2,AE,A,OOD,0_54,96,159,0.95708857442348,0.9508102809818804,0.22827972908078495,24000.0,382.7919921875,1.5,0.0,0.0011111111111434635
MN,band,2,AE,A,OOD,1_47,180,282,0.9819345941686367,0.9660983771135205,0.9817638951084386,12000.0,313.2917785644531,2.0,0.0,0.0
MN,band,2,AE,A,OOD,2_51,348,514,0.9634207701596673,0.920371539949906,0.01363070594942965,24000.0,363.51072692871094,2.399993896484375,0.0,0.0
MN,band,2,AE,A,OOD,2_52,793,306,0.9479308326945742,0.9669075496757555,0.04879059345949056,24000.0,367.9200134277344,0.0,0.0,0.5199999999999801
MN,band,2,AE,A,OOD,3_48,149,314,0.9907664686017186,0.9825238457048693,0.6673535666313604,6000.0,288.5972900390625,3.20001220703125,0.0,0.0033333333333697575
MN,band,2,AE,A,OOD,3_50,454,511,0.9597705113063268,0.955522642881269,0.12029109045002201,24000.0,307.44732666015625,1.600006103515625,0.0,0.0
MN,band,2,AE,A,OOD,3_52,294,379,0.9442858937770358,0.9096529740435548,0.04879059345949056,24000.0,381.04998779296875,2.20001220703125,0.0,0.0577777777771864
MN,band,2,AE,AE,ID,-1_48,697,681,0.9749987885989251,0.976840746101185,1.7207656496067605,12000.0,338.6355743408203,1.29998779296875,0.0,0.001111111111113147
MN,band,2,AE,AE,ID,-1_50,30,110,0.8963636363636364,0.6716297919232895,0.908195597596609,24000.0,336.5479431152344,1.29998779296875,0.0,0.029444444443391848
MN,band,2,AE,AE,ID,-2_52,144,430,0.9237887596899226,0.8420127319498228,0.0368463588598811,12000.0,280.2449188232422,0.600006103515625,0.0,0.0
MN,band,2,AE,AE,ID,-2_56,964,516,0.893358583421789,0.9433796534421938,0.3880379033230242,12000.0,245.2271728515625,0.5999984741210938,0.0,0.029999999999964017
MN,band,2,AE,AE,ID,0_49,139,245,0.9681397738951696,0.9426034426193494,0.6876319876855833,24000.0,314.7699737548828,1.199981689453125,0.0,0.0
MN,band,2,AE,AE,ID,1_47,459,644,0.985182478788617,0.9841357908972637,0.9817638951084386,12000.0,312.4226989746094,1.8000030517578125,0.0,0.0
MN,band,2,AE,AE,ID,2_51,84,242,0.9643841007477371,0.9072359136351271,0.01363070594942965,24000.0,364.67877197265625,2.45001220703125,0.0,0.0
MN,band,2,AE,AE,ID,2_52,49,60,0.964625850340136,0.9494926242231935,0.04879059345949056,24000.0,370.9468688964844,0.699981689453125,0.0,0.15777777777809726
MN,band,2,AE,AE,ID,3_48,1079,977,0.9826889638705992,0.9861066498651581,0.6673535666313604,6000.0,284.17982482910156,2.300018310546875,0.0,0.025555555555390158
MN,band,2,AE,AE,ID,3_50,61,75,0.9724590163934426,0.9667740260256535,0.12029109045002201,24000.0,306.26878356933594,1.5500030517578125,0.0,0.0
MN,band,2,AE,AE,ID,3_52,35,50,0.9674285714285715,0.9416929757394762,0.04879059345949056,24000.0,381.3973388671875,1.600006103515625,0.0,0.06666666666678887
MN,band,3,A,A,ID,-1_49,63,148,0.9772629772629772,0.9545866148264911,1.7207656496067605,12000.0,315.908203125,1.70001220703125,0.0,0.010000000000078958
MN,band,3,A,A,ID,-1_56,428,256,0.9069071261682242,0.936013995732814,0.3880379033230242,24000.0,347.010009765625,0.70001220703125,0.0,0.005555555555474786
MN,band,3,A,A,ID,0_45,121,153,0.9859017987360233,0.9826420596759053,0.07991315219414606,24000.0,481.3516082763672,2.0999755859375,0.0,0.0
MN,band,3,A,A,ID,0_56,471,170,0.9302235543899088,0.9701828261370076,0.3880379033230242,24000.0,349.9200134277344,0.600006103515625,0.0,0.003333333333400074
MN,band,3,A,A,ID,1_57,29,126,0.9942528735632183,0.9768092405793383,0.17764213535066115,24000.0,329.534423828125,0.800018310546875,0.0,0.0
MN,band,3,A,A,ID,3_47,292,487,0.9825954262889933,0.9765476455131239,0.16889120879673164,12000.0,304.6700134277344,3.0,0.0,0.002222222222286927
MN,band,3,A,A,ID,3_49,343,401,0.9487433020946177,0.9480515713218524,0.6922684696308988,12000.0,289.25,2.0999908447265625,0.0,0.016666666666788156
MN,band,3,A,A,ID,4_50,524,345,0.9497953313419627,0.9683725966823711,0.12029109045002201,12000.0,284.1991882324219,2.100006103515625,0.0,0.001111111111113147
MN,band,3,A,A,ID,4_51,178,207,0.9680833740433155,0.9658919329732998,0.11971671588443056,24000.0,318.23138427734375,2.0999755859375,0.0,0.0
MN,band,3,A,A,ID,4_53,439,227,0.9479092450804292,0.9733736114543872,0.009683640362636716,24000.0,383.4477233886719,1.6999969482421875,0.0,0.0
MN,band,3,A,A,ID,5_45,36,108,0.9974279835390947,0.9918940762657994,2.246925584008514,24000.0,395.7069854736328,2.9000244140625,0.0,0.0
MN,band,3,A,A,ID,5_46,108,331,0.9936499944052813,0.9795756778781061,1.6744062092218928,12000.0,371.20404052734375,5.399993896484375,0.0,0.0
MN,band,3,A,A,ID,5_52,205,374,0.9436676666231903,0.8761109568125525,0.009683640362636716,12000.0,354.3290710449219,2.899993896484375,0.0,0.0
MN,band,3,A,A,ID,7_46,106,182,0.9878706199460917,0.9738726062534725,0.8435196293063132,12000.0,231.1468734741211,6.350006103515625,0.0,0.0
MN,band,3,A,AE,OOD,-1_49,826,793,0.9799150557694597,0.9773841798362799,0.908195597596609,12000.0,308.69219970703125,1.20001220703125,0.0,0.03555555555543881
MN,band,3,A,AE,OOD,1_57,810,194,0.9881761486572482,0.9972876482059085,0.17764213535066115,24000.0,323.510009765625,0.0,0.0,1.0
MN,band,3,A,AE,OOD,3_47,404,494,0.9790455766224395,0.9743627908469503,0.16889120879673164,12000.0,304.6700134277344,2.6999969482421875,0.0,0.005555555555626368
MN,band,3,A,AE,OOD,3_49,560,1224,0.9532635971055088,0.9168128332040617,0.6922684696308988,12000.0,290.98895263671875,3.0,0.0,0.008888888888814228
MN,band,3,A,AE,OOD,4_50,400,368,0.94515625,0.9552519461090245,0.12029109045002201,12000.0,284.92999267578125,2.0500030517578125,0.0,0.0
MN,band,3,A,AE,OOD,4_53,34,127,0.9548402037980547,0.8581979254103617,0.009683640362636716,24000.0,385.51751708984375,1.79998779296875,0.0,0.0
MN,band,3,A,AE,OOD,5_46,48,246,0.9932249322493225,0.9686022374838663,1.6744062092218928,12000.0,371.3037872314453,6.75,0.0,0.0
MN,band,3,A,AE,OOD,5_48,715,391,0.9943626705775044,0.996404629714449,1.7665504830856904,12000.0,207.87162017822266,1.600006103515625,0.0,0.28333333333345834
MN,band,3,A,AE,OOD,5_52,92,124,0.9574859747545582,0.929713815147053,0.009683640362636716,12000.0,356.28221130371094,2.5,0.0,0.0
MN,band,3,A,AE,OOD,7_46,400,275,0.9921818181818182,0.9920875127374544,0.8435196293063132,12000.0,203.0090789794922,2.6999969482421875,0.0,0.0033333333333697575
MN,band,3,AE,A,OOD,-1_49,63,148,0.9766194766194766,0.9542598149445859,1.7207656496067605,12000.0,315.908203125,1.70001220703125,0.0,0.010000000000078958
MN,band,3,AE,A,OOD,-1_56,428,256,0.9328544830607476,0.9558060423703918,0.3880379033230242,24000.0,347.010009765625,0.70001220703125,0.0,0.005555555555474786
MN,band,3,AE,A,OOD,0_45,121,153,0.9844433641225085,0.9831614417635727,0.07991315219414606,24000.0,481.3516082763672,2.0999755859375,0.0,0.0
MN,band,3,AE,A,OOD,0_56,471,170,0.9464468589983763,0.9777343648571785,0.3880379033230242,24000.0,349.9200134277344,0.600006103515625,0.0,0.003333333333400074
MN,band,3,AE,A,OOD,1_57,29,126,0.9827586206896552,0.9706889608653843,0.17764213535066115,24000.0,329.534423828125,0.800018310546875,0.0,0.0
MN,band,3,AE,A,OOD,3_47,292,487,0.9854997046496583,0.9801451695991472,0.16889120879673164,12000.0,304.6700134277344,3.0,0.0,0.002222222222286927
MN,band,3,AE,A,OOD,3_49,343,401,0.9568135055946141,0.9522925363063147,0.6922684696308988,12000.0,289.25,2.0999908447265625,0.0,0.016666666666788156
MN,band,3,AE,A,OOD,4_50,524,345,0.9495187520743444,0.9672906396573457,0.12029109045002201,12000.0,284.1991882324219,2.100006103515625,0.0,0.001111111111113147
MN,band,3,AE,A,OOD,4_51,178,207,0.9611898170764804,0.9538113850534666,0.11971671588443056,24000.0,318.23138427734375,2.0999755859375,0.0,0.0
MN,band,3,AE,A,OOD,4_53,439,227,0.9137206105184992,0.9578512768999046,0.009683640362636716,24000.0,383.4477233886719,1.6999969482421875,0.0,0.0
MN,band,3,AE,A,OOD,5_45,36,108,0.9956275720164609,0.9864090861190831,2.246925584008514,24000.0,395.7069854736328,2.9000244140625,0.0,0.0
MN,band,3,AE,A,OOD,5_46,108,331,0.9928667338032897,0.9694177871328731,1.6744062092218928,12000.0,371.20404052734375,5.399993896484375,0.0,0.0
MN,band,3,AE,A,OOD,5_52,205,374,0.9483631146471893,0.8893519954857253,0.009683640362636716,12000.0,354.3290710449219,2.899993896484375,0.0,0.0
MN,band,3,AE,A,OOD,7_46,106,182,0.9756375699771926,0.9217503596363306,0.8435196293063132,12000.0,231.1468734741211,6.350006103515625,0.0,0.0
MN,band,3,AE,AE,ID,-1_49,826,793,0.9818203469217639,0.9795366803111458,0.908195597596609,12000.0,308.69219970703125,1.20001220703125,0.0,0.03555555555543881
MN,band,3,AE,AE,ID,1_57,810,194,0.9896779941453482,0.9976118334081223,0.17764213535066115,24000.0,323.510009765625,0.0,0.0,1.0
MN,band,3,AE,AE,ID,3_47,404,494,0.9786948330460576,0.9710917011765491,0.16889120879673164,12000.0,304.6700134277344,2.6999969482421875,0.0,0.005555555555626368
MN,band,3,AE,AE,ID,3_49,560,1224,0.9591926353874883,0.9240921253689609,0.6922684696308988,12000.0,290.98895263671875,3.0,0.0,0.008888888888814228
MN,band,3,AE,AE,ID,4_50,400,368,0.9403464673913043,0.9504808902737795,0.12029109045002201,12000.0,284.92999267578125,2.0500030517578125,0.0,0.0
MN,band,3,AE,AE,ID,4_53,34,127,0.9339972209356184,0.8234981841069597,0.009683640362636716,24000.0,385.51751708984375,1.79998779296875,0.0,0.0
MN,band,3,AE,AE,ID,5_46,48,246,0.9942411924119241,0.9725950037755341,1.6744062092218928,12000.0,371.3037872314453,6.75,0.0,0.0
MN,band,3,AE,AE,ID,5_48,715,391,0.994480711104752,0.9965546425310012,1.7665504830856904,12000.0,207.87162017822266,1.600006103515625,0.0,0.28333333333345834
MN,band,3,AE,AE,ID,5_52,92,124,0.9495091164095372,0.9079922894777921,0.009683640362636716,12000.0,356.28221130371094,2.5,0.0,0.0
MN,band,3,AE,AE,ID,7_46,400,275,0.9861363636363636,0.9799439818224209,0.8435196293063132,12000.0,203.0090789794922,2.6999969482421875,0.0,0.0033333333333697575
MN,shadedX,0,A,A,ID,-1_51,514,279,0.7364963809045647,0.82321109015634,0.0368463588598811,12000.0,295.9743347167969,0.5,0.0,0.0
MN,shadedX,0,A,A,ID,-1_52,246,223,0.7970031718254402,0.8368507025364228,1.7049154940954943,24000.0,282.9287109375,0.79998779296875,0.0,0.0
MN,shadedX,0,A,A,ID,0_47,52,212,0.8564949201741655,0.7111156030663388,2.050688907604624,12000.0,350.4355010986328,1.0,0.0,0.0011111111109918812
MN,shadedX,0,A,A,ID,0_48,274,48,0.8461830900243309,0.9678376293627756,1.1148666220638483,12000.0,318.4817352294922,1.0,0.0,0.024444444444565026
MN,shadedX,0,A,A,ID,2_47,95,115,0.9383066361556064,0.9467915260267641,0.6389516122360201,12000.0,246.01255798339844,4.300010681152344,0.0,0.20999999999926328
MN,shadedX,0,A,A,ID,2_49,327,101,0.898234777606201,0.9673299588504077,0.5366081860591692,12000.0,331.3999938964844,0.45001220703125,0.0,0.20888888888987814
MN,shadedX,0,A,A,ID,4_45,147,83,0.8700106548643554,0.9239856744009621,0.2386902744023313,12000.0,368.3900146484375,1.0999908447265625,0.0,0.011111111111116314
MN,shadedX,0,A,A,ID,4_46,243,57,0.893581690852646,0.9684084306458202,0.8976554945754902,24000.0,364.0314483642578,1.0,0.0,0.0
MN,shadedX,0,A,A,ID,4_49,842,470,0.7865972608278162,0.8754281179953314,0.46193748578503846,12000.0,273.49732971191406,0.70001220703125,0.0,0.01666666666657594
MN,shadedX,0,A,AE,OOD,-1_51,239,303,0.7374373420605658,0.6975421066303393,0.0368463588598811,24000.0,295.92051696777344,0.5,0.0,0.0
MN,shadedX,0,A,AE,OOD,-1_52,305,245,0.7594780863164939,0.81894503672229,1.7049154940954943,24000.0,283.2188720703125,0.699981689453125,0.0,0.0
MN,shadedX,0,A,AE,OOD,-2_53,1437,925,0.6441091613534202,0.769534824771561,1.7049154940954943,12000.0,269.151123046875,0.600006103515625,0.0,0.0
MN,shadedX,0,A,AE,OOD,0_47,406,224,0.8737684729064039,0.9303886586457429,2.050688907604624,12000.0,343.8376007080078,1.0,0.0,0.004444444444513221
MN,shadedX,0,A,AE,OOD,0_48,441,51,0.8671468587434974,0.9819189789284972,1.1148666220638483,12000.0,319.25669860839844,1.0999755859375,0.0,0.03055555555570249
MN,shadedX,0,A,AE,OOD,2_47,468,87,0.9504617349444935,0.9907939971594835,0.6389516122360201,12000.0,244.40000915527344,2.1999969482421875,0.0,0.3311111111112929
MN,shadedX,0,A,AE,OOD,2_49,347,94,0.899932552578331,0.9732751536896296,0.5366081860591692,12000.0,331.3999938964844,0.0,0.0,0.2366666666662214
MN,shadedX,0,A,AE,OOD,4_45,191,90,0.8900523560209423,0.9475974859848647,0.2386902744023313,12000.0,368.3900146484375,0.600006103515625,0.0,0.021111111111240744
MN,shadedX,0,A,AE,OOD,4_46,73,82,0.8321082525893753,0.8321011142879121,0.8976554945754902,24000.0,365.3907470703125,1.9000244140625,0.0,0.001111111111113147
MN,shadedX,0,A,AE,OOD,4_49,778,494,0.8018666153221694,0.8701387200976981,0.46193748578503846,12000.0,273.9770202636719,0.899993896484375,0.0,0.016666666666666892
MN,shadedX,0,AE,A,OOD,-1_51,514,279,0.811793090944591,0.892375771009688,0.0368463588598811,12000.0,295.9743347167969,0.5,0.0,0.0
MN,shadedX,0,AE,A,OOD,-1_52,246,223,0.811185241897262,0.8575491790972315,1.7049154940954943,24000.0,282.9287109375,0.79998779296875,0.0,0.0
MN,shadedX,0,AE,A,OOD,0_47,52,212,0.8458817126269956,0.673192429799437,2.050688907604624,12000.0,350.4355010986328,1.0,0.0,0.0011111111109918812
MN,shadedX,0,AE,A,OOD,0_48,274,48,0.8762925790754258,0.9746423502556225,1.1148666220638483,12000.0,318.4817352294922,1.0,0.0,0.024444444444565026
MN,shadedX,0,AE,A,OOD,2_47,95,115,0.9161556064073226,0.926848836687347,0.6389516122360201,12000.0,246.01255798339844,4.300010681152344,0.0,0.20999999999926328
MN,shadedX,0,AE,A,OOD,2_49,327,101,0.9096194023072032,0.971025283179927,0.5366081860591692,12000.0,331.3999938964844,0.45001220703125,0.0,0.20888888888987814
MN,shadedX,0,AE,A,OOD,4_45,147,83,0.8505040570445045,0.9062586061853259,0.2386902744023313,12000.0,368.3900146484375,1.0999908447265625,0.0,0.011111111111116314
MN,shadedX,0,AE,A,OOD,4_46,243,57,0.8690347267345317,0.9646983817066327,0.8976554945754902,24000.0,364.0314483642578,1.0,0.0,0.0
MN,shadedX,0,AE,A,OOD,4_49,842,470,0.8075554657098094,0.8904119222944126,0.46193748578503846,12000.0,273.49732971191406,0.70001220703125,0.0,0.01666666666657594
MN,shadedX,0,AE,AE,ID,-1_51,239,303,0.8058466934559564,0.7688239425510657,0.0368463588598811,24000.0,295.92051696777344,0.5,0.0,0.0
MN,shadedX,0,AE,AE,ID,-1_52,305,245,0.7821880227500837,0.8310748307056338,1.7049154940954943,24000.0,283.2188720703125,0.699981689453125,0.0,0.0
MN,shadedX,0,AE,AE,ID,-2_53,1437,925,0.7321747634900037,0.8177337780452609,1.7049154940954943,12000.0,269.151123046875,0.600006103515625,0.0,0.0
MN,shadedX,0,AE,AE,ID,0_47,406,224,0.8521837614356087,0.9168185497572319,2.050688907604624,12000.0,343.8376007080078,1.0,0.0,0.004444444444513221
MN,shadedX,0,AE,AE,ID,0_48,441,51,0.8797741318749722,0.9840936265505309,1.1148666220638483,12000.0,319.25669860839844,1.0999755859375,0.0,0.03055555555570249
MN,shadedX,0,AE,AE,ID,2_47,468,87,0.9441005992730132,0.9890647902901577,0.6389516122360201,12000.0,244.40000915527344,2.1999969482421875,0.0,0.3311111111112929
MN,shadedX,0,AE,AE,ID,2_49,347,94,0.9207492795389048,0.9783835819464661,0.5366081860591692,12000.0,331.3999938964844,0.0,0.0,0.2366666666662214
MN,shadedX,0,AE,AE,ID,4_45,191,90,0.878068644560791,0.9421237499454478,0.2386902744023313,12000.0,368.3900146484375,0.600006103515625,0.0,0.021111111111240744
MN,shadedX,0,AE,AE,ID,4_46,73,82,0.7980287337119946,0.8008531515186951,0.8976554945754902,24000.0,365.3907470703125,1.9000244140625,0.0,0.001111111111113147
MN,shadedX,0,AE,AE,ID,4_49,778,494,0.8253853439214014,0.8900582948091554,0.46193748578503846,12000.0,273.9770202636719,0.899993896484375,0.0,0.016666666666666892
MN,shadedX,1,A,A,ID,-1_53,73,329,0.6382562351667569,0.3494111305547706,0.6816075160735557,24000.0,279.4883575439453,0.699981689453125,0.0,0.0
MN,shadedX,1,A,A,ID,-2_57,247,570,0.7820228709425385,0.7237402266501108,0.662416951190483,12000.0,242.93580627441406,0.6999969482421875,0.0,0.004444444444604171
MN,shadedX,1,A,A,ID,0_55,137,92,0.5821961282132656,0.7136162637066974,0.5944916975356539,12000.0,349.60797119140625,0.5999755859375,0.0,0.0
MN,shadedX,1,A,A,ID,0_57,259,116,0.7015710291572361,0.8631982414259846,0.17764213535066115,24000.0,317.7200012207031,0.600006103515625,0.0,0.0011111111111737802
MN,shadedX,1,A,A,ID,2_50,221,140,0.8539754363283775,0.8971523014990006,0.4158517525221228,12000.0,319.18829345703125,1.600006103515625,0.0,0.029999999999933694
MN,shadedX,1,A,A,ID,3_53,164,130,0.9086303939962477,0.9376004407005121,0.004580655015265267,24000.0,389.29998779296875,0.70001220703125,0.0,0.30888888888849964
MN,shadedX,1,A,A,ID,4_47,264,90,0.907912457912458,0.9697709273033693,1.7665504830856904,24000.0,306.2099914550781,0.5,0.0,0.002222222222286927
MN,shadedX,1,A,AE,OOD,-1_53,524,368,0.5982461417192166,0.705202219427705,0.6816075160735557,24000.0,278.28041076660156,0.699981689453125,0.0,0.0
MN,shadedX,1,A,AE,OOD,-1_54,318,84,0.6151916741539383,0.8430641475272759,0.6816075160735557,24000.0,272.0419616699219,0.5,0.0,0.0
MN,shadedX,1,A,AE,OOD,-2_57,702,607,0.7787470019759971,0.815464263786009,0.662416951190483,12000.0,242.30711364746094,0.6999969482421875,0.0,0.008888888888814226
MN,shadedX,1,A,AE,OOD,0_55,116,91,0.6466464569912846,0.7414121661559379,0.5944916975356539,24000.0,350.224609375,0.600006103515625,0.0,0.0
MN,shadedX,1,A,AE,OOD,0_57,832,106,0.6501950290275762,0.9439785975782319,0.17764213535066115,24000.0,316.89500427246094,0.600006103515625,0.0,0.008888888888890018
MN,shadedX,1,A,AE,OOD,2_50,140,135,0.8619047619047618,0.8552457745719996,0.4158517525221228,12000.0,320.37774658203125,1.29998779296875,0.0,0.020000000000036648
MN,shadedX,1,A,AE,OOD,3_53,278,157,0.9148833799202676,0.9570249750191173,0.004580655015265267,24000.0,388.793212890625,0.5,0.0,0.35777777777694725
MN,shadedX,1,A,AE,OOD,4_47,219,97,0.9105116979710962,0.962745854801796,1.7665504830856904,24000.0,300.9387512207031,0.600006103515625,0.0,0.006666666666724357
MN,shadedX,1,A,AE,OOD,4_48,806,310,0.8928279836708556,0.960996469325159,0.9978058430098368,6000.0,214.50381469726562,1.0999908447265625,0.0,0.33777777777688034
MN,shadedX,1,A,AE,OOD,4_56,551,42,0.8783164808573157,0.9898768542368512,0.00024867286198542566,24000.0,338.00408935546875,0.0,0.0,0.4777777777797425
MN,shadedX,1,AE,A,OOD,-1_53,73,329,0.7387267352292126,0.5058620908995751,0.6816075160735557,24000.0,279.4883575439453,0.699981689453125,0.0,0.0
MN,shadedX,1,AE,A,OOD,-2_57,247,570,0.787889764898075,0.7247984249963184,0.662416951190483,12000.0,242.93580627441406,0.6999969482421875,0.0,0.004444444444604171
MN,shadedX,1,AE,A,OOD,0_55,137,92,0.6939860361789909,0.794312813155473,0.5944916975356539,12000.0,349.60797119140625,0.5999755859375,0.0,0.0
MN,shadedX,1,AE,A,OOD,0_57,259,116,0.8062508321129012,0.914278048687448,0.17764213535066115,24000.0,317.7200012207031,0.600006103515625,0.0,0.0011111111111737802
MN,shadedX,1,AE,A,OOD,2_50,221,140,0.8356819650937297,0.873786038082778,0.4158517525221228,12000.0,319.18829345703125,1.600006103515625,0.0,0.029999999999933694
MN,shadedX,1,AE,A,OOD,3_53,164,130,0.871669793621013,0.9073283088545099,0.004580655015265267,24000.0,389.29998779296875,0.70001220703125,0.0,0.30888888888849964
MN,shadedX,1,AE,A,OOD,4_47,264,90,0.9049663299663299,0.9665249905324997,1.7665504830856904,24000.0,306.2099914550781,0.5,0.0,0.002222222222286927
MN,shadedX,1,AE,AE,ID,-1_53,524,368,0.7051371141719216,0.7783676737878221,0.6816075160735557,24000.0,278.28041076660156,0.699981689453125,0.0,0.0
MN,shadedX,1,AE,AE,ID,-1_54,318,84,0.6091269841269841,0.8751222007675103,0.6816075160735557,24000.0,272.0419616699219,0.5,0.0,0.0
MN,shadedX,1,AE,AE,ID,-2_57,702,607,0.7898801729114743,0.8260584465419081,0.662416951190483,12000.0,242.30711364746094,0.6999969482421875,0.0,0.008888888888814226
MN,shadedX,1,AE,AE,ID,0_55,116,91,0.7986926866237212,0.8428307788848513,0.5944916975356539,24000.0,350.224609375,0.600006103515625,0.0,0.0
MN,shadedX,1,AE,AE,ID,0_57,832,106,0.8038484216255443,0.9708743911263029,0.17764213535066115,24000.0,316.89500427246094,0.600006103515625,0.0,0.008888888888890018
MN,shadedX,1,AE,AE,ID,2_50,140,135,0.8643386243386243,0.8414195035943702,0.4158517525221228,12000.0,320.37774658203125,1.29998779296875,0.0,0.020000000000036648
MN,shadedX,1,AE,AE,ID,3_53,278,157,0.89960133803785,0.947359264610658,0.004580655015265267,24000.0,388.793212890625,0.5,0.0,0.35777777777694725
MN,shadedX,1,AE,AE,ID,4_47,219,97,0.8875394247516829,0.9525313921199647,1.7665504830856904,24000.0,300.9387512207031,0.600006103515625,0.0,0.006666666666724357
MN,shadedX,1,AE,AE,ID,4_48,806,310,0.9325022012326902,0.9753909154467785,0.9978058430098368,6000.0,214.50381469726562,1.0999908447265625,0.0,0.33777777777688034
MN,shadedX,1,AE,AE,ID,4_56,551,42,0.8767608676864574,0.9899325657826684,0.00024867286198542566,24000.0,338.00408935546875,0.0,0.0,0.4777777777797425
MN,shadedX,2,A,A,ID,-1_48,146,78,0.7132068844397612,0.81959209737155,1.7207656496067605,12000.0,334.6266326904297,0.9000091552734375,0.0,0.004444444444513221
MN,shadedX,2,A,A,ID,-2_52,130,713,0.8447513216096666,0.6205954323598175,0.0368463588598811,12000.0,278.01165771484375,0.600006103515625,0.0,0.0
MN,shadedX,2,A,A,ID,-2_56,236,1193,0.8200591018227799,0.6424153499180195,0.3880379033230242,12000.0,245.33494567871094,0.5999908447265625,0.0,0.007777777777822347
MN,shadedX,2,A,A,ID,0_49,298,59,0.9424980093277215,0.9879656355076958,0.6876319876855833,24000.0,314.2283935546875,0.600006103515625,0.0,0.0011111111111737802
MN,shadedX,2,A,A,ID,1_47,180,32,0.9152777777777776,0.9851009714850631,0.9817638951084386,12000.0,305.39137268066406,1.4000167846679688,0.0,0.013333333333539664
MN,shadedX,2,A,A,ID,3_48,149,238,0.9028819581523884,0.8949909159233778,0.6673535666313604,6000.0,283.0199890136719,1.9000244140625,0.0,0.05888888888866336
MN,shadedX,2,A,AE,OOD,-1_48,697,47,0.6791110839769224,0.9699876218026546,1.7207656496067605,12000.0,335.55540466308594,0.79998779296875,0.0,0.009999999999957692
MN,shadedX,2,A,AE,OOD,-2_52,144,676,0.8366309171597632,0.6109368138764453,0.0368463588598811,12000.0,278.0903778076172,0.600006103515625,0.0,0.0
MN,shadedX,2,A,AE,OOD,-2_56,964,1121,0.8157089661350084,0.8301267740187118,0.3880379033230242,12000.0,245.01524353027344,0.5999908447265625,0.0,0.018888888888953816
MN,shadedX,2,A,AE,OOD,0_49,139,70,0.9424460431654678,0.9708107138491214,0.6876319876855833,24000.0,314.9315185546875,0.699981689453125,0.0,0.0
MN,shadedX,2,A,AE,OOD,3_48,1079,307,0.8982529969539899,0.9710001580269463,0.6673535666313604,6000.0,283.0199890136719,1.0,0.0,0.31722222222301527
MN,shadedX,2,AE,A,OOD,-1_48,146,78,0.7689673340358273,0.8746611072133226,1.7207656496067605,12000.0,334.6266326904297,0.9000091552734375,0.0,0.004444444444513221
MN,shadedX,2,AE,A,OOD,-2_52,130,713,0.8637932894594886,0.6435440724902969,0.0368463588598811,12000.0,278.01165771484375,0.600006103515625,0.0,0.0
MN,shadedX,2,AE,A,OOD,-2_56,236,1193,0.7647683521104749,0.580098011968343,0.3880379033230242,12000.0,245.33494567871094,0.5999908447265625,0.0,0.007777777777822347
MN,shadedX,2,AE,A,OOD,0_49,298,59,0.9440905471504949,0.9883717028491451,0.6876319876855833,24000.0,314.2283935546875,0.600006103515625,0.0,0.0011111111111737802
MN,shadedX,2,AE,A,OOD,1_47,180,32,0.8442708333333333,0.9689767149538984,0.9817638951084386,12000.0,305.39137268066406,1.4000167846679688,0.0,0.013333333333539664
MN,shadedX,2,AE,A,OOD,3_48,149,238,0.9165585697366193,0.9075837256688806,0.6673535666313604,6000.0,283.0199890136719,1.9000244140625,0.0,0.05888888888866336
MN,shadedX,2,AE,AE,ID,-1_48,697,47,0.69648035654324,0.9728936092286045,1.7207656496067605,12000.0,335.55540466308594,0.79998779296875,0.0,0.009999999999957692
MN,shadedX,2,AE,AE,ID,-2_52,144,676,0.8570019723865877,0.6284518083571214,0.0368463588598811,12000.0,278.0903778076172,0.600006103515625,0.0,0.0
MN,shadedX,2,AE,AE,ID,-2_56,964,1121,0.7768275213668886,0.7978348074226553,0.3880379033230242,12000.0,245.01524353027344,0.5999908447265625,0.0,0.018888888888953816
MN,shadedX,2,AE,AE,ID,0_49,139,70,0.9264131551901337,0.9586145233315349,0.6876319876855833,24000.0,314.9315185546875,0.699981689453125,0.0,0.0
MN,shadedX,2,AE,AE,ID,3_48,1079,307,0.9203056274207327,0.9776840727025521,0.6673535666313604,6000.0,283.0199890136719,1.0,0.0,0.31722222222301527
MN,shadedX,3,A,A,ID,0_45,121,30,0.8060606060606061,0.9439668469965625,0.07991315219414606,24000.0,476.0419006347656,0.5,0.0,0.005555555555656685
MN,shadedX,3,A,A,ID,0_56,471,40,0.8549893842887473,0.9868802989707197,0.3880379033230242,24000.0,349.4593811035156,0.600006103515625,0.0,0.03555555555474152
MN,shadedX,3,A,A,ID,1_57,29,140,0.9556650246305418,0.9446278197799495,0.17764213535066115,24000.0,324.9425964355469,0.899993896484375,0.0,0.0
MN,shadedX,3,A,A,ID,3_47,292,78,0.8871619248331578,0.9680739600709091,0.16889120879673164,12000.0,288.625244140625,1.0,0.0,0.2822222222217388
MN,shadedX,3,A,A,ID,3_49,343,302,0.8515629525225417,0.8872834668654574,0.6922684696308988,12000.0,280.99267578125,1.79998779296875,0.0,0.05777777777797464
MN,shadedX,3,A,A,ID,4_50,524,93,0.7570590166625626,0.9403407907009559,0.12029109045002201,12000.0,281.6632385253906,1.5,0.0,0.026666666666685206
MN,shadedX,3,A,A,ID,4_53,439,69,0.5107127529629263,0.8942964109604195,0.009683640362636716,24000.0,381.06744384765625,1.5,0.0,0.0
MN,shadedX,3,A,A,ID,5_46,108,68,0.8932461873638344,0.9016630241119118,1.6744062092218928,12000.0,314.91908264160156,1.100006103515625,0.0,0.0
MN,shadedX,3,A,AE,OOD,1_57,810,193,0.9412524787308897,0.9873347437006169,0.17764213535066115,24000.0,323.510009765625,0.0,0.0,1.0
MN,shadedX,3,A,AE,OOD,3_47,404,115,0.9033362031855359,0.9700323764209661,0.16889120879673164,12000.0,290.8052978515625,1.3000030517578125,0.0,0.2577777777784624
MN,shadedX,3,A,AE,OOD,3_49,560,297,0.8655182780182782,0.9342488212786724,0.6922684696308988,12000.0,281.6523742675781,1.5,0.0,0.06333333333290374
MN,shadedX,3,A,AE,OOD,4_50,400,70,0.7352142857142857,0.9350704642260308,0.12029109045002201,12000.0,282.5802764892578,1.5999908447265625,0.0,0.02999999999963053
MN,shadedX,3,A,AE,OOD,4_53,34,59,0.544865403788634,0.5373282956821394,0.009683640362636716,24000.0,380.4925231933594,1.800018310546875,0.0,0.0
MN,shadedX,3,A,AE,OOD,5_46,48,66,0.9333964646464646,0.9188773690664249,1.6744062092218928,12000.0,314.31190490722656,1.5,0.0,0.0
MN,shadedX,3,A,AE,OOD,5_48,715,76,0.9697828487302171,0.99673952189753,1.7665504830856904,12000.0,206.97000122070312,0.5,0.0,0.5077777777764021
MN,shadedX,3,AE,A,OOD,0_45,121,30,0.8856749311294766,0.9679535420512668,0.07991315219414606,24000.0,476.0419006347656,0.5,0.0,0.005555555555656685
MN,shadedX,3,AE,A,OOD,0_56,471,40,0.9046709129511677,0.9911160847649004,0.3880379033230242,24000.0,349.4593811035156,0.600006103515625,0.0,0.03555555555474152
MN,shadedX,3,AE,A,OOD,1_57,29,140,0.9480295566502461,0.9384205782986996,0.17764213535066115,24000.0,324.9425964355469,0.899993896484375,0.0,0.0
MN,shadedX,3,AE,A,OOD,3_47,292,78,0.9333948015454865,0.9828695500191803,0.16889120879673164,12000.0,288.625244140625,1.0,0.0,0.2822222222217388
MN,shadedX,3,AE,A,OOD,3_49,343,302,0.8683992045257081,0.8940548898578101,0.6922684696308988,12000.0,280.99267578125,1.79998779296875,0.0,0.05777777777797464
MN,shadedX,3,AE,A,OOD,4_50,524,93,0.8121562833456456,0.9511694277816418,0.12029109045002201,12000.0,281.6632385253906,1.5,0.0,0.026666666666685206
MN,shadedX,3,AE,A,OOD,4_53,439,69,0.6940675448152918,0.9418039076091484,0.009683640362636716,24000.0,381.06744384765625,1.5,0.0,0.0
MN,shadedX,3,AE,A,OOD,5_46,108,68,0.8892973856209151,0.9239218669539095,1.6744062092218928,12000.0,314.91908264160156,1.100006103515625,0.0,0.0
MN,shadedX,3,AE,AE,ID,1_57,810,193,0.9489733256572636,0.988864751895991,0.17764213535066115,24000.0,323.510009765625,0.0,0.0,1.0
MN,shadedX,3,AE,AE,ID,3_47,404,115,0.9376668101592768,0.982875201945133,0.16889120879673164,12000.0,290.8052978515625,1.3000030517578125,0.0,0.2577777777784624
MN,shadedX,3,AE,AE,ID,3_49,560,297,0.8726310726310726,0.9352886003909575,0.6922684696308988,12000.0,281.6523742675781,1.5,0.0,0.06333333333290374
MN,shadedX,3,AE,AE,ID,4_50,400,70,0.7784642857142856,0.9487732980604234,0.12029109045002201,12000.0,282.5802764892578,1.5999908447265625,0.0,0.02999999999963053
MN,shadedX,3,AE,AE,ID,4_53,34,59,0.666999002991027,0.6278813232169711,0.009683640362636716,24000.0,380.4925231933594,1.800018310546875,0.0,0.0
MN,shadedX,3,AE,AE,ID,5_46,48,66,0.9128787878787878,0.8729488739731034,1.6744062092218928,12000.0,314.31190490722656,1.5,0.0,0.0
MN,shadedX,3,AE,AE,ID,5_48,715,76,0.9652741994847258,0.9962603280457536,1.7665504830856904,12000.0,206.97000122070312,0.5,0.0,0.5077777777764021
IA,band,0,A,A,ID,-1_44,339,371,0.9847975256223711,0.9800827865889552,0.0021727180651767066,24000.0,386.26373291015625,3.5,0.0,0.0
IA,band,0,A,A,ID,-1_45,234,227,0.9939003727549983,0.9885068184427113,0.02004102728824482,24000.0,418.6290588378906,3.70001220703125,0.0,0.0
IA,band,0,A,A,ID,0_39,330,132,0.8878099173553718,0.9459758425624136,0.03616007671104058,24000.0,285.86375427246094,1.5999755859375,0.0,0.41222222221995986
IA,band,0,A,A,ID,0_41,295,385,0.9869689632401497,0.9786191229049389,0.005373113792123841,12000.0,353.5495147705078,5.350006103515625,0.0,0.0
IA,band,0,A,A,ID,4_40,505,350,0.9984724186704385,0.9989087491945506,0.39080310800423634,24000.0,259.367431640625,4.5,0.0,0.0
IA,band,0,A,A,ID,4_44,348,374,0.9888361300633105,0.9888780503938811,0.056204293135757644,24000.0,348.3555145263672,1.850006103515625,0.0,0.0
IA,band,0,A,A,ID,5_43,495,280,0.9941630591630591,0.996715114161633,0.9288447979367633,12000.0,277.5255126953125,2.699981689453125,0.0,0.0
IA,band,0,A,A,ID,5_44,513,497,0.9942540231643271,0.9946264876735644,0.02938330180893374,24000.0,314.24029541015625,2.850006103515625,0.0,0.0
IA,band,0,A,A,ID,6_42,335,341,0.998669409550488,0.998753072214348,0.11282135844776217,24000.0,248.67318725585938,4.3000030517578125,0.0,0.0
IA,band,0,A,A,ID,7_39,235,288,0.9918439716312056,0.9868392661548548,0.06344349524591944,6000.0,195.3022003173828,2.9000091552734375,0.0,0.001111111111113147
IA,band,0,A,A,ID,7_43,236,354,0.99912620894379,0.9988650346020296,0.11879900960994477,24000.0,302.0238800048828,4.699981689453125,0.0,0.0
IA,band,0,A,AE,OOD,-1_44,107,280,0.9919559412550066,0.9774217503943676,0.15512707437084838,24000.0,394.8503723144531,7.20001220703125,0.0,0.0
IA,band,0,A,AE,OOD,0_39,551,647,0.908240462051574,0.8902145156955891,0.03616007671104058,24000.0,287.2556610107422,1.899993896484375,0.0,0.23666666666716102
IA,band,0,A,AE,OOD,0_41,812,248,0.9895816780549818,0.9940084808532801,0.005373113792123841,12000.0,308.342529296875,0.899993896484375,0.0,0.0
IA,band,0,A,AE,OOD,4_44,156,249,0.9818762228400782,0.9730296718348354,0.056204293135757644,24000.0,351.2051696777344,2.399993896484375,0.0,0.0
IA,band,0,A,AE,OOD,5_43,746,765,0.9951497310273529,0.9954273949728507,0.9288447979367633,12000.0,282.3733215332031,3.600006103515625,0.0,0.0
IA,band,0,A,AE,OOD,5_44,238,243,0.9920116194625999,0.9927650321268853,0.02938330180893374,24000.0,315.3049621582031,3.300018310546875,0.0,0.0
IA,band,0,A,AE,OOD,6_42,427,663,0.9989155813649545,0.998323954028016,0.3731897764299151,24000.0,254.46017456054688,6.399993896484375,0.0,0.0
IA,band,0,A,AE,OOD,7_38,69,64,0.9868659420289855,0.9863531517618522,0.06344349524591944,12000.0,157.73826599121094,1.3000030517578125,0.0,0.23888888888872045
IA,band,0,A,AE,OOD,7_39,400,311,0.9939067524115756,0.9938691548667342,0.06344349524591944,6000.0,179.53480529785156,2.1999969482421875,0.0,0.002222222222317244
IA,band,0,A,AE,OOD,7_43,90,178,0.9995630461922597,0.9991820987654318,0.11879900960994477,24000.0,301.6205291748047,5.20001220703125,0.0,0.0
IA,band,0,A,AE,OOD,9_43,92,164,0.9871420996818664,0.9684597779127013,0.039407311739067474,24000.0,183.6197738647461,3.6999969482421875,0.0,0.08722222222226078
IA,band,0,AE,A,OOD,-1_44,339,371,0.9793589835333032,0.9731390944460736,0.0021727180651767066,24000.0,386.26373291015625,3.5,0.0,0.0
IA,band,0,AE,A,OOD,-1_45,234,227,0.9922060318536089,0.9851867678140858,0.02004102728824482,24000.0,418.6290588378906,3.70001220703125,0.0,0.0
IA,band,0,AE,A,OOD,0_39,330,132,0.8942837465564738,0.9466478911033867,0.03616007671104058,24000.0,285.86375427246094,1.5999755859375,0.0,0.41222222221995986
IA,band,0,AE,A,OOD,0_41,295,385,0.9865463350209113,0.9761544127700359,0.005373113792123841,12000.0,353.5495147705078,5.350006103515625,0.0,0.0
IA,band,0,AE,A,OOD,4_40,505,350,0.9978387553041018,0.9984915916808068,0.39080310800423634,24000.0,259.367431640625,4.5,0.0,0.0
IA,band,0,AE,A,OOD,4_44,348,374,0.9888975966562172,0.9894172258050594,0.056204293135757644,24000.0,348.3555145263672,1.850006103515625,0.0,0.0
IA,band,0,AE,A,OOD,5_43,495,280,0.9958802308802309,0.9976944453645723,0.9288447979367633,12000.0,277.5255126953125,2.699981689453125,0.0,0.0
IA,band,0,AE,A,OOD,5_44,513,497,0.995336541667157,0.995580895641712,0.02938330180893374,24000.0,314.24029541015625,2.850006103515625,0.0,0.0
IA,band,0,AE,A,OOD,6_42,335,341,0.9988094717030683,0.9989914239050479,0.11282135844776217,24000.0,248.67318725585938,4.3000030517578125,0.0,0.0
IA,band,0,AE,A,OOD,7_39,235,288,0.9936022458628841,0.9922512061770067,0.06344349524591944,6000.0,195.3022003173828,2.9000091552734375,0.0,0.001111111111113147
IA,band,0,AE,A,OOD,7_43,236,354,0.9993895432347026,0.99917651433135,0.11879900960994477,24000.0,302.0238800048828,4.699981689453125,0.0,0.0
IA,band,0,AE,AE,ID,-1_44,107,280,0.9885180240320428,0.9641714620623256,0.15512707437084838,24000.0,394.8503723144531,7.20001220703125,0.0,0.0
IA,band,0,AE,AE,ID,0_39,551,647,0.9224032740808478,0.8980766796076193,0.03616007671104058,24000.0,287.2556610107422,1.899993896484375,0.0,0.23666666666716102
IA,band,0,AE,AE,ID,0_41,812,248,0.9873371206102018,0.9942137489176006,0.005373113792123841,12000.0,308.342529296875,0.899993896484375,0.0,0.0
IA,band,0,AE,AE,ID,4_44,156,249,0.9875399032025539,0.9812693023993564,0.056204293135757644,24000.0,351.2051696777344,2.399993896484375,0.0,0.0
IA,band,0,AE,AE,ID,5_43,746,765,0.9953950480996688,0.9955090199619284,0.9288447979367633,12000.0,282.3733215332031,3.600006103515625,0.0,0.0
IA,band,0,AE,AE,ID,5_44,238,243,0.9943285956357851,0.9946078826384531,0.02938330180893374,24000.0,315.3049621582031,3.300018310546875,0.0,0.0
IA,band,0,AE,AE,ID,6_42,427,663,0.9989120490566971,0.998389943895076,0.3731897764299151,24000.0,254.46017456054688,6.399993896484375,0.0,0.0
IA,band,0,AE,AE,ID,7_38,69,64,0.9721467391304348,0.964687594419858,0.06344349524591944,12000.0,157.73826599121094,1.3000030517578125,0.0,0.23888888888872045
IA,band,0,AE,AE,ID,7_39,400,311,0.9945900321543408,0.9954027858334547,0.06344349524591944,6000.0,179.53480529785156,2.1999969482421875,0.0,0.002222222222317244
IA,band,0,AE,AE,ID,7_43,90,178,0.9991260923845193,0.9983602371106939,0.11879900960994477,24000.0,301.6205291748047,5.20001220703125,0.0,0.0
IA,band,0,AE,AE,ID,9_43,92,164,0.9897269353128314,0.9729598088575384,0.039407311739067474,24000.0,183.6197738647461,3.6999969482421875,0.0,0.08722222222226078
IA,band,1,A,A,ID,-1_41,64,26,0.8990384615384615,0.950686125412409,0.005373113792123841,12000.0,308.4054412841797,1.25,0.0,0.11666666666688041
IA,band,1,A,A,ID,-1_43,286,347,0.9857419237822695,0.9845883423082741,0.15512707437084838,12000.0,358.7996520996094,2.5,0.0,0.0
IA,band,1,A,A,ID,0_42,349,437,0.9996393750040979,0.999548371234172,0.05083105154200276,24000.0,381.7026062011719,6.0,0.0,0.0
IA,band,1,A,A,ID,1_41,143,394,0.999911256256434,0.9997581594005621,0.17030382588183438,24000.0,403.6047058105469,11.699981689453125,0.0,0.0
IA,band,1,A,A,ID,1_44,351,301,0.9867014983294053,0.9897755483469678,0.051718550860907486,24000.0,408.2686767578125,1.6999969482421875,0.0,0.0
IA,band,1,A,A,ID,2_44,324,367,0.9927675177448111,0.9925096360083739,0.020899868702626036,12000.0,365.1184387207031,1.600006103515625,0.0,0.0
IA,band,1,A,A,ID,3_40,334,353,0.9994656579192889,0.9994409733628155,0.39080310800423634,24000.0,297.24468994140625,6.29998779296875,0.0,0.0
IA,band,1,A,A,ID,5_42,439,355,0.997420513972216,0.9979288029647002,0.11282135844776217,12000.0,271.78968811035156,3.5,0.0,0.0
IA,band,1,A,A,ID,6_40,595,263,0.9964916765185162,0.9984903382076317,0.02614493115691151,24000.0,210.52867126464844,2.4000091552734375,0.0,0.0011111111111434635
IA,band,1,A,A,ID,6_41,500,365,0.9972986301369864,0.9980563297675297,0.007579137211492923,24000.0,230.77430725097656,3.1999969482421875,0.0,0.0
IA,band,1,A,A,ID,6_43,312,251,0.9961564000408623,0.99685906908847,0.9288447979367633,12000.0,281.5721435546875,3.0,0.0,0.0
IA,band,1,A,A,ID,6_44,272,342,0.9966997764017889,0.9960326515839444,1.2168297195004665,24000.0,334.11053466796875,3.800018310546875,0.0,0.0
IA,band,1,A,A,ID,6_45,237,274,0.9976593057993779,0.9973089188354274,0.1995875128082358,24000.0,353.4947204589844,4.5,0.0,0.0
IA,band,1,A,A,ID,7_41,477,266,0.9924102709604199,0.9958278124383204,0.14172472324779903,24000.0,208.13893127441406,2.100006103515625,0.0,0.002222222222165661
IA,band,1,A,A,ID,7_44,160,258,0.9833817829457364,0.9801807675350884,0.18806406256780536,24000.0,265.1954650878906,7.649993896484375,0.0,0.0
IA,band,1,A,AE,OOD,-1_41,1201,490,0.8595014358782648,0.9198717241263331,0.005373113792123841,12000.0,308.7490234375,1.0,0.0,0.06666666666691014
IA,band,1,A,AE,OOD,-1_43,239,630,0.9864249186424919,0.9696949948409233,0.15512707437084838,12000.0,370.0300598144531,3.600006103515625,0.0,0.0
IA,band,1,A,AE,OOD,1_41,57,131,1.0,1.0000000000000002,0.17030382588183438,24000.0,401.46730041503906,11.100006103515625,0.0,0.0
IA,band,1,A,AE,OOD,1_44,78,215,0.9844364937388194,0.9736860428173449,0.051718550860907486,24000.0,411.02880859375,2.5,0.0,0.0
IA,band,1,A,AE,OOD,2_44,261,179,0.9915880048802415,0.9949968045859054,0.020899868702626036,12000.0,364.0542907714844,1.399993896484375,0.0,0.003333333333293966
IA,band,1,A,AE,OOD,5_42,263,186,0.9972607220246126,0.9981642702636259,0.11282135844776217,12000.0,271.0387878417969,2.79998779296875,0.0,0.0
IA,band,1,A,AE,OOD,6_40,30,52,0.9980769230769231,0.996969696969697,0.02614493115691151,24000.0,227.80126190185547,3.9000015258789062,0.0,0.0
IA,band,1,A,AE,OOD,6_41,330,323,0.9977483816493105,0.9978525205102846,0.007579137211492923,24000.0,236.77206420898438,3.899993896484375,0.0,0.0
IA,band,1,A,AE,OOD,6_43,875,580,0.9975704433497536,0.9984637552393312,0.9288447979367633,12000.0,280.3774108886719,2.70001220703125,0.0,0.0
IA,band,1,A,AE,OOD,6_44,291,60,0.9973081328751432,0.9994293410934307,1.2168297195004665,24000.0,308.6219177246094,1.5,0.0,0.0
IA,band,1,A,AE,OOD,6_45,45,119,0.9983193277310924,0.9957798470057843,0.1995875128082358,24000.0,358.5602111816406,9.850006103515625,0.0,0.0
IA,band,1,A,AE,OOD,7_41,1073,745,0.9953439206389911,0.9967543609608907,0.14172472324779903,24000.0,208.93138122558594,2.5,0.0,0.001111111111113147
IA,band,1,A,AE,OOD,7_44,346,303,0.9806844846334345,0.988996860357656,0.18806406256780536,24000.0,236.8007354736328,4.8000030517578125,0.0,0.001111111111113147
IA,band,1,A,AE,OOD,8_39,510,496,0.9899114484503478,0.9874283824831177,0.5555917330355646,12000.0,159.96442413330078,1.399993896484375,0.0,0.19444444444431586
IA,band,1,AE,A,OOD,-1_41,64,26,0.9296875,0.9665990170263676,0.005373113792123841,12000.0,308.4054412841797,1.25,0.0,0.11666666666688041
IA,band,1,AE,A,OOD,-1_43,286,347,0.9941859293444307,0.9938187992339338,0.15512707437084838,12000.0,358.7996520996094,2.5,0.0,0.0
IA,band,1,AE,A,OOD,0_42,349,437,0.9997901818205661,0.9997416050918887,0.05083105154200276,24000.0,381.7026062011719,6.0,0.0,0.0
IA,band,1,AE,A,OOD,1_41,143,394,0.9995385325334565,0.9987803406368776,0.17030382588183438,24000.0,403.6047058105469,11.699981689453125,0.0,0.0
IA,band,1,AE,A,OOD,1_44,351,301,0.9793470956261654,0.9848167360643553,0.051718550860907486,24000.0,408.2686767578125,1.6999969482421875,0.0,0.0
IA,band,1,AE,A,OOD,2_44,324,367,0.9920274497931174,0.9915877229476929,0.020899868702626036,12000.0,365.1184387207031,1.600006103515625,0.0,0.0
IA,band,1,AE,A,OOD,3_40,334,353,0.9990755033841665,0.9990536396245271,0.39080310800423634,24000.0,297.24468994140625,6.29998779296875,0.0,0.0
IA,band,1,AE,A,OOD,5_42,439,355,0.9986011742436395,0.9988727166818915,0.11282135844776217,12000.0,271.78968811035156,3.5,0.0,0.0
IA,band,1,AE,A,OOD,6_40,595,263,0.9949643735821325,0.9978387243962916,0.02614493115691151,24000.0,210.52867126464844,2.4000091552734375,0.0,0.0011111111111434635
IA,band,1,AE,A,OOD,6_41,500,365,0.9970246575342466,0.9978797202434114,0.007579137211492923,24000.0,230.77430725097656,3.1999969482421875,0.0,0.0
IA,band,1,AE,A,OOD,6_43,312,251,0.99734395750332,0.9978489813822519,0.9288447979367633,12000.0,281.5721435546875,3.0,0.0,0.0
IA,band,1,AE,A,OOD,6_44,272,342,0.9970975232198143,0.9964265835063374,1.2168297195004665,24000.0,334.11053466796875,3.800018310546875,0.0,0.0
IA,band,1,AE,A,OOD,6_45,237,274,0.9979826911823585,0.9977014195147248,0.1995875128082358,24000.0,353.4947204589844,4.5,0.0,0.0
IA,band,1,AE,A,OOD,7_41,477,266,0.9928437445815796,0.9960584856780594,0.14172472324779903,24000.0,208.13893127441406,2.100006103515625,0.0,0.002222222222165661
IA,band,1,AE,A,OOD,7_44,160,258,0.9794573643410851,0.9794248032741676,0.18806406256780536,24000.0,265.1954650878906,7.649993896484375,0.0,0.0
IA,band,1,AE,AE,ID,-1_41,1201,490,0.885930092270047,0.9325861287604046,0.005373113792123841,12000.0,308.7490234375,1.0,0.0,0.06666666666691014
IA,band,1,AE,AE,ID,-1_43,239,630,0.9939297336786876,0.9848225022145329,0.15512707437084838,12000.0,370.0300598144531,3.600006103515625,0.0,0.0
IA,band,1,AE,AE,ID,1_41,57,131,1.0,1.0000000000000002,0.17030382588183438,24000.0,401.46730041503906,11.100006103515625,0.0,0.0
IA,band,1,AE,AE,ID,1_44,78,215,0.9781156827668456,0.9610824947680103,0.051718550860907486,24000.0,411.02880859375,2.5,0.0,0.0
IA,band,1,AE,AE,ID,2_44,261,179,0.9915023866093025,0.9945529963030351,0.020899868702626036,12000.0,364.0542907714844,1.399993896484375,0.0,0.003333333333293966
IA,band,1,AE,AE,ID,5_42,263,186,0.9976695694836257,0.99841338504845,0.11282135844776217,12000.0,271.0387878417969,2.79998779296875,0.0,0.0
IA,band,1,AE,AE,ID,6_40,30,52,0.9961538461538462,0.9941269841269841,0.02614493115691151,24000.0,227.80126190185547,3.9000015258789062,0.0,0.0
IA,band,1,AE,AE,ID,6_41,330,323,0.9970822778872315,0.9974163438806912,0.007579137211492923,24000.0,236.77206420898438,3.899993896484375,0.0,0.0
IA,band,1,AE,AE,ID,6_43,875,580,0.997631527093596,0.9985061056011275,0.9288447979367633,12000.0,280.3774108886719,2.70001220703125,0.0,0.0
IA,band,1,AE,AE,ID,6_44,291,60,0.997709049255441,0.9995275835918989,1.2168297195004665,24000.0,308.6219177246094,1.5,0.0,0.0
IA,band,1,AE,AE,ID,6_45,45,119,0.9996265172735761,0.9990543735224587,0.1995875128082358,24000.0,358.5602111816406,9.850006103515625,0.0,0.0
IA,band,1,AE,AE,ID,7_41,1073,745,0.9951762917743016,0.9966687425086074,0.14172472324779903,24000.0,208.93138122558594,2.5,0.0,0.001111111111113147
IA,band,1,AE,AE,ID,7_44,346,303,0.9726625841774929,0.9861519631022817,0.18806406256780536,24000.0,236.8007354736328,4.8000030517578125,0.0,0.001111111111113147
IA,band,1,AE,AE,ID,8_39,510,496,0.9756364642631246,0.9705025586800765,0.5555917330355646,12000.0,159.96442413330078,1.399993896484375,0.0,0.19444444444431586
IA,band,2,A,A,ID,-1_42,739,99,0.8796763302852613,0.9789212247172852,0.05083105154200276,12000.0,321.0823059082031,0.600006103515625,0.0,0.002222222222286927
IA,band,2,A,A,ID,1_40,327,372,0.998577817237184,0.9983623161356875,0.27566347740744723,24000.0,360.6027526855469,5.100006103515625,0.0,0.0
IA,band,2,A,A,ID,1_42,217,380,0.9976594712587921,0.9960659608276516,0.046373166273365095,24000.0,392.8973083496094,5.70001220703125,0.0,0.0
IA,band,2,A,A,ID,1_45,94,191,0.9878578589729309,0.9640653751875896,0.015586677359180472,6000.0,432.1401062011719,1.899993896484375,0.0,0.0022222222221959776
IA,band,2,A,A,ID,2_43,209,373,0.9688161422322562,0.9599318225244106,0.08696796350971939,24000.0,353.697998046875,1.5,0.0,0.0
IA,band,2,A,A,ID,3_42,149,260,0.9790139390810532,0.9777499003674075,0.1817161963149645,12000.0,304.61041259765625,2.5,0.0,0.0
IA,band,2,A,A,ID,3_44,310,466,0.9831856569292536,0.9791762175598625,0.01332005366892077,24000.0,365.2297668457031,1.79998779296875,0.0,0.0
IA,band,2,A,A,ID,4_41,530,207,0.9972108285479901,0.998892316807761,1.0103819468364637,12000.0,238.54815673828125,3.0,0.0,0.01555555555549311
IA,band,2,A,A,ID,4_42,372,262,0.9963268488877944,0.9978137031430838,0.22498234691207536,24000.0,295.6629180908203,2.20001220703125,0.0,0.0
IA,band,2,A,A,ID,4_43,519,369,0.9874471962446021,0.991859000198342,0.034712894170315145,24000.0,340.8861541748047,2.0,0.0,0.0
IA,band,2,A,A,ID,7_40,342,315,0.9958228905597326,0.996159280173316,0.4513730783381318,24000.0,198.9757843017578,2.6999969482421875,0.0,0.0011111111110828306
IA,band,2,A,A,ID,8_43,72,241,0.992911479944675,0.9700004471645826,0.23995566720095404,24000.0,265.83770751953125,12.100006103515625,0.0,0.0
IA,band,2,A,A,ID,9_41,126,40,0.9988095238095238,0.9996269536075431,0.10361666476438457,24000.0,176.08189392089844,1.149993896484375,0.0,0.16999999999956883
IA,band,2,A,AE,OOD,-1_42,1007,713,0.8687114462437552,0.893184339019052,0.05083105154200276,12000.0,322.16673278808594,0.79998779296875,0.0,0.0
IA,band,2,A,AE,OOD,1_40,127,307,0.9989227730898458,0.9975352394316341,0.203900772770715,24000.0,369.14947509765625,10.250015258789062,0.0,0.0
IA,band,2,A,AE,OOD,1_42,61,156,0.9988440521227406,0.99718776489983,0.046373166273365095,24000.0,402.2647705078125,7.399993896484375,0.0,0.0
IA,band,2,A,AE,OOD,1_45,471,273,0.9937316752603377,0.9960591391854994,0.015586677359180472,6000.0,427.1400146484375,0.1999969482421875,0.0,0.19111111111158263
IA,band,2,A,AE,OOD,2_43,33,62,0.9613880742913001,0.951152868163882,0.08696796350971939,24000.0,352.87530517578125,1.600006103515625,0.0,0.0
IA,band,2,A,AE,OOD,3_42,178,256,0.9952817766853932,0.994584586648369,0.1817161963149645,12000.0,301.3133850097656,2.5,0.0,0.0
IA,band,2,A,AE,OOD,4_41,864,632,0.9971870604781997,0.9981411870100526,1.0103819468364637,12000.0,245.22249603271484,4.399993896484375,0.0,0.003333333333278808
IA,band,2,A,AE,OOD,4_42,70,274,0.9949947862356622,0.980067060561423,0.22498234691207536,24000.0,305.6978302001953,3.9000091552734375,0.0,0.0
IA,band,2,A,AE,OOD,7_40,352,123,0.9990068366592757,0.9996559463663586,0.4513730783381318,24000.0,180.19119262695312,2.0999908447265625,0.0,0.012222222221941454
IA,band,2,A,AE,OOD,8_43,305,498,0.9934294555270262,0.9869706798012806,0.23995566720095404,24000.0,253.5092315673828,8.29998779296875,0.0,0.0
IA,band,2,A,AE,OOD,8_44,128,83,1.0,1.0,0.18806406256780536,24000.0,186.7965087890625,3.600006103515625,0.0,0.36333333333242157
IA,band,2,A,AE,OOD,9_41,315,493,0.9962973695225217,0.993408209376812,0.10361666476438457,24000.0,183.83245849609375,3.0,0.0,0.002222222222226294
IA,band,2,AE,A,OOD,-1_42,739,99,0.9204357512882547,0.9854668868774936,0.05083105154200276,12000.0,321.0823059082031,0.600006103515625,0.0,0.002222222222286927
IA,band,2,AE,A,OOD,1_40,327,372,0.9978543947913584,0.9974210895948001,0.27566347740744723,24000.0,360.6027526855469,5.100006103515625,0.0,0.0
IA,band,2,AE,A,OOD,1_42,217,380,0.9972592772253214,0.9955937273730595,0.046373166273365095,24000.0,392.8973083496094,5.70001220703125,0.0,0.0
IA,band,2,AE,A,OOD,1_45,94,191,0.9908098473877687,0.9780043192783177,0.015586677359180472,6000.0,432.1401062011719,1.899993896484375,0.0,0.0022222222221959776
IA,band,2,AE,A,OOD,2_43,209,373,0.9467270418307528,0.9379222196341812,0.08696796350971939,24000.0,353.697998046875,1.5,0.0,0.0
IA,band,2,AE,A,OOD,3_42,149,260,0.9789106866288074,0.9782649410646908,0.1817161963149645,12000.0,304.61041259765625,2.5,0.0,0.0
IA,band,2,AE,A,OOD,3_44,310,466,0.9696524989616504,0.9673423824206068,0.01332005366892077,24000.0,365.2297668457031,1.79998779296875,0.0,0.0
IA,band,2,AE,A,OOD,4_41,530,207,0.9978944490019142,0.9991745213602444,1.0103819468364637,12000.0,238.54815673828125,3.0,0.0,0.01555555555549311
IA,band,2,AE,A,OOD,4_42,372,262,0.9967372568332923,0.9979842258150428,0.22498234691207536,24000.0,295.6629180908203,2.20001220703125,0.0,0.0
IA,band,2,AE,A,OOD,4_43,519,369,0.9856248466145549,0.9908658622160635,0.034712894170315145,24000.0,340.8861541748047,2.0,0.0,0.0
IA,band,2,AE,A,OOD,7_40,342,315,0.9963241436925647,0.9965006267343892,0.4513730783381318,24000.0,198.9757843017578,2.6999969482421875,0.0,0.0011111111110828306
IA,band,2,AE,A,OOD,8_43,72,241,0.9907215306592899,0.9641978430803082,0.23995566720095404,24000.0,265.83770751953125,12.100006103515625,0.0,0.0
IA,band,2,AE,A,OOD,9_41,126,40,0.998015873015873,0.9993764576997894,0.10361666476438457,24000.0,176.08189392089844,1.149993896484375,0.0,0.16999999999956883
IA,band,2,AE,AE,ID,-1_42,1007,713,0.901841387983972,0.9124811375995638,0.05083105154200276,12000.0,322.16673278808594,0.79998779296875,0.0,0.0
IA,band,2,AE,AE,ID,1_40,127,307,0.9972556362050834,0.9937741270133275,0.203900772770715,24000.0,369.14947509765625,10.250015258789062,0.0,0.0
IA,band,2,AE,AE,ID,1_42,61,156,0.9976881042454813,0.9945800579482824,0.046373166273365095,24000.0,402.2647705078125,7.399993896484375,0.0,0.0
IA,band,2,AE,AE,ID,1_45,471,273,0.9957848238103015,0.997602648871496,0.015586677359180472,6000.0,427.1400146484375,0.1999969482421875,0.0,0.19111111111158263
IA,band,2,AE,AE,ID,2_43,33,62,0.9682306940371457,0.9541989872359435,0.08696796350971939,24000.0,352.87530517578125,1.600006103515625,0.0,0.0
IA,band,2,AE,AE,ID,3_42,178,256,0.9878862359550562,0.9883917020446885,0.1817161963149645,12000.0,301.3133850097656,2.5,0.0,0.0
IA,band,2,AE,AE,ID,4_41,864,632,0.9978884640178152,0.9984222154375135,1.0103819468364637,12000.0,245.22249603271484,4.399993896484375,0.0,0.003333333333278808
IA,band,2,AE,AE,ID,4_42,70,274,0.9959332638164755,0.9828265955381621,0.22498234691207536,24000.0,305.6978302001953,3.9000091552734375,0.0,0.0
IA,band,2,AE,AE,ID,7_40,352,123,0.9983832224685883,0.9994462040241792,0.4513730783381318,24000.0,180.19119262695312,2.0999908447265625,0.0,0.012222222221941454
IA,band,2,AE,AE,ID,8_43,305,498,0.9935413786292712,0.986649407517014,0.23995566720095404,24000.0,253.5092315673828,8.29998779296875,0.0,0.0
IA,band,2,AE,AE,ID,8_44,128,83,1.0,1.0,0.18806406256780536,24000.0,186.7965087890625,3.600006103515625,0.0,0.36333333333242157
IA,band,2,AE,AE,ID,9_41,315,493,0.995138285199137,0.9918233374936978,0.10361666476438457,24000.0,183.83245849609375,3.0,0.0,0.002222222222226294
IA,band,3,A,A,ID,0_40,190,232,0.9936479128856625,0.9911778014993327,0.6289219701150272,24000.0,328.3588104248047,4.8500213623046875,0.0,0.0
IA,band,3,A,A,ID,0_43,276,310,0.9993338008415147,0.9992611987145399,0.0007523959754880558,24000.0,402.8377380371094,4.5,0.0,0.0
IA,band,3,A,A,ID,1_39,271,325,0.9928583593528243,0.9823284084297876,0.0686128589386193,24000.0,329.7092742919922,5.9499969482421875,0.0,0.0
IA,band,3,A,A,ID,3_41,163,225,0.996346284935242,0.9962746658256043,1.0103819468364637,12000.0,279.2541809082031,4.5,0.0,0.0005555555554807824
IA,band,3,A,A,ID,3_43,284,297,0.9840423009437094,0.9855648262863125,0.08696796350971939,24000.0,340.39892578125,1.399993896484375,0.0,0.0
IA,band,3,A,A,ID,3_45,49,108,0.9945200302343159,0.9882018330291816,0.02426444596149107,6000.0,372.3479919433594,2.5999755859375,0.0,0.0
IA,band,3,A,A,ID,5_40,510,281,0.999267322587398,0.9995977123348291,0.02614493115691151,24000.0,219.7496795654297,3.8000030517578125,0.0,0.0011111111111434635
IA,band,3,A,A,ID,7_42,173,193,0.9992812003953399,0.9992205793062134,0.633558194412068,12000.0,250.71282958984375,4.650001525878906,0.0,0.0
IA,band,3,A,A,ID,7_45,94,211,0.9922355551073914,0.9771661592721874,0.015210388566860465,24000.0,257.6932067871094,11.300018310546875,0.0,0.0
IA,band,3,A,A,ID,8_41,390,191,0.9963485031547858,0.9980857283619724,0.3329647211407057,24000.0,193.5995635986328,1.5999908447265625,0.0,0.003333333333278808
IA,band,3,A,A,ID,9_42,157,124,0.9719539757550852,0.9700002730369071,0.039407311739067474,24000.0,179.87506103515625,2.399993896484375,0.0,0.18555555555437983
IA,band,3,A,AE,OOD,0_40,1044,1004,0.9946487994382623,0.9942358278052998,0.6289219701150272,24000.0,321.16331481933594,3.5,0.0,0.0
IA,band,3,A,AE,OOD,0_43,63,173,0.9990824846316176,0.997575708909664,0.0007523959754880558,24000.0,407.82005310058594,10.149993896484375,0.0,0.0
IA,band,3,A,AE,OOD,3_41,1113,1472,0.9967705037306145,0.9962566674784212,1.0103819468364637,12000.0,278.46240234375,4.600006103515625,0.0,0.002222222221953446
IA,band,3,A,AE,OOD,3_43,39,111,0.9983829983829985,0.9955715224945996,0.08696796350971939,24000.0,341.8400573730469,1.8499908447265625,0.0,0.0
IA,band,3,A,AE,OOD,3_45,86,180,0.9947674418604651,0.9895590398090497,0.01332005366892077,6000.0,373.89479064941406,2.70001220703125,0.0,0.0011111111110828306
IA,band,3,A,AE,OOD,5_40,240,233,0.9977825464949929,0.998078815905235,0.02614493115691151,24000.0,227.96971130371094,4.79998779296875,0.0,0.001111111111113147
IA,band,3,A,AE,OOD,7_42,764,1765,0.9989217329397979,0.9976882675799571,0.633558194412068,12000.0,256.47967529296875,6.100006103515625,0.0,0.0
IA,band,3,A,AE,OOD,7_45,587,370,0.9984299461301165,0.9989918653113857,0.015210388566860465,24000.0,191.37564086914062,2.5,0.0,0.3299999999996947
IA,band,3,A,AE,OOD,8_40,984,441,0.9754899249672769,0.9853689422748192,0.4513730783381318,24000.0,164.91188049316406,1.399993896484375,0.0,0.2188888888894114
IA,band,3,A,AE,OOD,8_41,567,796,0.9966166812900481,0.9953502347156535,0.3329647211407057,24000.0,201.21163940429688,2.899993896484375,0.0,0.0
IA,band,3,A,AE,OOD,9_42,1004,592,0.983456377193927,0.9884194143031357,0.039407311739067474,12000.0,179.75010681152344,1.9000091552734375,0.0,0.22333333333395486
IA,band,3,AE,A,OOD,0_40,190,232,0.9965290381125227,0.9954576941143602,0.6289219701150272,24000.0,328.3588104248047,4.8500213623046875,0.0,0.0
IA,band,3,AE,A,OOD,0_43,276,310,0.9992052360916316,0.9991329236705949,0.0007523959754880558,24000.0,402.8377380371094,4.5,0.0,0.0
IA,band,3,AE,A,OOD,1_39,271,325,0.9926994039171162,0.9846358433079299,0.0686128589386193,24000.0,329.7092742919922,5.9499969482421875,0.0,0.0
IA,band,3,AE,A,OOD,3_41,163,225,0.9937014314928425,0.9939369728929968,1.0103819468364637,12000.0,279.2541809082031,4.5,0.0,0.0005555555554807824
IA,band,3,AE,A,OOD,3_43,284,297,0.9664959453691848,0.972574031246637,0.08696796350971939,24000.0,340.39892578125,1.399993896484375,0.0,0.0
IA,band,3,AE,A,OOD,3_45,49,108,0.9943310657596371,0.9887670643423122,0.02426444596149107,6000.0,372.3479919433594,2.5999755859375,0.0,0.0
IA,band,3,AE,A,OOD,5_40,510,281,0.9990719419440374,0.999480829279629,0.02614493115691151,24000.0,219.7496795654297,3.8000030517578125,0.0,0.0011111111111434635
IA,band,3,AE,A,OOD,7_42,173,193,0.9995208002635598,0.999472921600331,0.633558194412068,12000.0,250.71282958984375,4.650001525878906,0.0,0.0
IA,band,3,AE,A,OOD,7_45,94,211,0.9907734193808612,0.9721034463056866,0.015210388566860465,24000.0,257.6932067871094,11.300018310546875,0.0,0.0
IA,band,3,AE,A,OOD,8_41,390,191,0.9981474023358841,0.9990998337332297,0.3329647211407057,24000.0,193.5995635986328,1.5999908447265625,0.0,0.003333333333278808
IA,band,3,AE,A,OOD,9_42,157,124,0.9872611464968153,0.9891973317473705,0.039407311739067474,24000.0,179.87506103515625,2.399993896484375,0.0,0.18555555555437983
IA,band,3,AE,AE,ID,0_40,1044,1004,0.9948586878539483,0.9947634834677238,0.6289219701150272,24000.0,321.16331481933594,3.5,0.0,0.0
IA,band,3,AE,AE,ID,0_43,63,173,0.9988989815579411,0.9970220534560446,0.0007523959754880558,24000.0,407.82005310058594,10.149993896484375,0.0,0.0
IA,band,3,AE,AE,ID,3_41,1113,1472,0.9958573821243016,0.9952697111696954,1.0103819468364637,12000.0,278.46240234375,4.600006103515625,0.0,0.002222222221953446
IA,band,3,AE,AE,ID,3_43,39,111,0.981057981057981,0.9664767681571701,0.08696796350971939,24000.0,341.8400573730469,1.8499908447265625,0.0,0.0
IA,band,3,AE,AE,ID,3_45,86,180,0.9950258397932817,0.9896468218689826,0.01332005366892077,6000.0,373.89479064941406,2.70001220703125,0.0,0.0011111111110828306
IA,band,3,AE,AE,ID,5_40,240,233,0.9977467811158799,0.9980720570916131,0.02614493115691151,24000.0,227.96971130371094,4.79998779296875,0.0,0.001111111111113147
IA,band,3,AE,AE,ID,7_42,764,1765,0.9986050754193672,0.9970015869094447,0.633558194412068,12000.0,256.47967529296875,6.100006103515625,0.0,0.0
IA,band,3,AE,AE,ID,7_45,587,370,0.9972972972972973,0.9981149080006056,0.015210388566860465,24000.0,191.37564086914062,2.5,0.0,0.3299999999996947
IA,band,3,AE,AE,ID,8_40,984,441,0.9802624301753222,0.9891083570154104,0.4513730783381318,24000.0,164.91188049316406,1.399993896484375,0.0,0.2188888888894114
IA,band,3,AE,AE,ID,8_41,567,796,0.9950191876490033,0.9931676958607176,0.3329647211407057,24000.0,201.21163940429688,2.899993896484375,0.0,0.0
IA,band,3,AE,AE,ID,9_42,1004,592,0.9929084338322387,0.9957118849968095,0.039407311739067474,12000.0,179.75010681152344,1.9000091552734375,0.0,0.22333333333395486
IA,shadedX,0,A,A,ID,-1_44,339,96,0.8075835791543756,0.939868675183762,0.0021727180651767066,24000.0,373.1405944824219,1.5,0.0,0.0
IA,shadedX,0,A,A,ID,-1_45,234,87,0.824688083308773,0.9288929288401145,0.02004102728824482,24000.0,403.65673828125,1.899993896484375,0.0,0.0
IA,shadedX,0,A,A,ID,0_39,330,170,0.8378431372549019,0.9071336428597252,0.03616007671104058,24000.0,288.30235290527344,1.29998779296875,0.0,0.3649999999997887
IA,shadedX,0,A,A,ID,0_41,295,335,0.608955223880597,0.5862830558798554,0.005373113792123841,12000.0,309.2473449707031,0.850006103515625,0.0,0.0
IA,shadedX,0,A,A,ID,4_40,505,95,0.8595518499218343,0.9696048393215184,0.39080310800423634,24000.0,239.0492401123047,1.8000030517578125,0.0,0.0011111111110979888
IA,shadedX,0,A,A,ID,4_44,348,91,0.874447391688771,0.964128399368614,0.056204293135757644,24000.0,338.79998779296875,0.5,0.0,0.0
IA,shadedX,0,A,A,ID,5_43,495,263,0.781603103276107,0.8915800638111487,0.9288447979367633,12000.0,273.0909423828125,1.70001220703125,0.0,0.0022222222221959776
IA,shadedX,0,A,A,ID,5_44,513,159,0.8431963906972182,0.9458524195273466,0.02938330180893374,24000.0,298.1593322753906,1.300018310546875,0.0,0.0
IA,shadedX,0,A,A,ID,6_42,335,184,0.8329169370538612,0.8776117887778658,0.11282135844776217,24000.0,234.5651397705078,1.899993896484375,0.0,0.003333333333400074
IA,shadedX,0,A,A,ID,7_39,235,41,0.8639335755059678,0.9740521033564052,0.06344349524591944,6000.0,159.93326568603516,0.1500091552734375,0.0,0.2166666666661089
IA,shadedX,0,A,A,ID,7_43,236,80,0.8732521186440677,0.9568081253872895,0.11879900960994477,24000.0,283.98728942871094,1.20001220703125,0.0,0.0
IA,shadedX,0,A,AE,OOD,-1_44,107,152,0.8235366453516971,0.8107123796145972,0.15512707437084838,24000.0,373.7875061035156,2.0999755859375,0.0,0.0
IA,shadedX,0,A,AE,OOD,0_39,551,174,0.8678473830235517,0.9466826490758138,0.03616007671104058,24000.0,287.2356872558594,1.300018310546875,0.0,0.39777777777871776
IA,shadedX,0,A,AE,OOD,0_41,812,452,0.5747498801168316,0.6999412811176147,0.005373113792123841,12000.0,308.07118225097656,0.79998779296875,0.0,0.0
IA,shadedX,0,A,AE,OOD,4_44,156,207,0.8897250092902266,0.8877808745907557,0.056204293135757644,24000.0,335.8377380371094,1.100006103515625,0.0,0.0
IA,shadedX,0,A,AE,OOD,5_43,746,324,0.7738514877701652,0.9019256565862597,0.9288447979367633,12000.0,271.848876953125,1.70001220703125,0.0,0.002222222222286927
IA,shadedX,0,A,AE,OOD,5_44,238,183,0.836341093814575,0.887697809558343,0.02938330180893374,24000.0,298.32818603515625,1.600006103515625,0.0,0.0
IA,shadedX,0,A,AE,OOD,6_42,427,241,0.8650917819001622,0.9226569877910746,0.3731897764299151,24000.0,234.65419006347656,1.899993896484375,0.0,0.004444444444498064
IA,shadedX,0,A,AE,OOD,7_39,400,84,0.832202380952381,0.9597462189377658,0.06344349524591944,6000.0,159.67454528808594,0.3000030517578125,0.0,0.23500000000067323
IA,shadedX,0,A,AE,OOD,7_43,90,111,0.8264264264264265,0.8364974813315568,0.11879900960994477,24000.0,289.3994445800781,1.100006103515625,0.0,0.0
IA,shadedX,0,AE,A,OOD,-1_44,339,96,0.8192908062930186,0.9437563858739628,0.0021727180651767066,24000.0,373.1405944824219,1.5,0.0,0.0
IA,shadedX,0,AE,A,OOD,-1_45,234,87,0.8223302878475292,0.9240413838080969,0.02004102728824482,24000.0,403.65673828125,1.899993896484375,0.0,0.0
IA,shadedX,0,AE,A,OOD,0_39,330,170,0.8596256684491979,0.9189272076414587,0.03616007671104058,24000.0,288.30235290527344,1.29998779296875,0.0,0.3649999999997887
IA,shadedX,0,AE,A,OOD,0_41,295,335,0.6883582089552239,0.6568093881710079,0.005373113792123841,12000.0,309.2473449707031,0.850006103515625,0.0,0.0
IA,shadedX,0,AE,A,OOD,4_40,505,95,0.7497863470557582,0.9453794705801493,0.39080310800423634,24000.0,239.0492401123047,1.8000030517578125,0.0,0.0011111111110979888
IA,shadedX,0,AE,A,OOD,4_44,348,91,0.8348174813692054,0.953466177999222,0.056204293135757644,24000.0,338.79998779296875,0.5,0.0,0.0
IA,shadedX,0,AE,A,OOD,5_43,495,263,0.7996312939278719,0.90382210458291,0.9288447979367633,12000.0,273.0909423828125,1.70001220703125,0.0,0.0022222222221959776
IA,shadedX,0,AE,A,OOD,5_44,513,159,0.8724238969190972,0.9569605407596613,0.02938330180893374,24000.0,298.1593322753906,1.300018310546875,0.0,0.0
IA,shadedX,0,AE,A,OOD,6_42,335,184,0.8693543153796237,0.9102183783549349,0.11282135844776217,24000.0,234.5651397705078,1.899993896484375,0.0,0.003333333333400074
IA,shadedX,0,AE,A,OOD,7_39,235,41,0.8664244940321744,0.974732334002482,0.06344349524591944,6000.0,159.93326568603516,0.1500091552734375,0.0,0.2166666666661089
IA,shadedX,0,AE,A,OOD,7_43,236,80,0.8923199152542372,0.9625380255997198,0.11879900960994477,24000.0,283.98728942871094,1.20001220703125,0.0,0.0
IA,shadedX,0,AE,AE,ID,-1_44,107,152,0.8491760944417118,0.8327620307585581,0.15512707437084838,24000.0,373.7875061035156,2.0999755859375,0.0,0.0
IA,shadedX,0,AE,AE,ID,0_39,551,174,0.8715084381584163,0.9547057436202022,0.03616007671104058,24000.0,287.2356872558594,1.300018310546875,0.0,0.39777777777871776
IA,shadedX,0,AE,AE,ID,0_41,812,452,0.6667765595710362,0.7608408679087696,0.005373113792123841,12000.0,308.07118225097656,0.79998779296875,0.0,0.0
IA,shadedX,0,AE,AE,ID,4_44,156,207,0.8644246252941906,0.8608001248474878,0.056204293135757644,24000.0,335.8377380371094,1.100006103515625,0.0,0.0
IA,shadedX,0,AE,AE,ID,5_43,746,324,0.7883320093999272,0.9076795153825248,0.9288447979367633,12000.0,271.848876953125,1.70001220703125,0.0,0.002222222222286927
IA,shadedX,0,AE,AE,ID,5_44,238,183,0.8684391789502686,0.9115944908821119,0.02938330180893374,24000.0,298.32818603515625,1.600006103515625,0.0,0.0
IA,shadedX,0,AE,AE,ID,6_42,427,241,0.8835744895876859,0.9337522992453163,0.3731897764299151,24000.0,234.65419006347656,1.899993896484375,0.0,0.004444444444498064
IA,shadedX,0,AE,AE,ID,7_39,400,84,0.899702380952381,0.9783765911603555,0.06344349524591944,6000.0,159.67454528808594,0.3000030517578125,0.0,0.23500000000067323
IA,shadedX,0,AE,AE,ID,7_43,90,111,0.860860860860861,0.8634212201361562,0.11879900960994477,24000.0,289.3994445800781,1.100006103515625,0.0,0.0
IA,shadedX,1,A,A,ID,-1_41,64,684,0.7666301169590642,0.36482059267336764,0.005373113792123841,12000.0,310.59571838378906,0.899993896484375,0.0,0.0
IA,shadedX,1,A,A,ID,-1_43,286,277,0.8668551664941557,0.8850433256310866,0.15512707437084838,12000.0,342.3644104003906,1.70001220703125,0.0,0.0
IA,shadedX,1,A,A,ID,0_42,349,185,0.7926585611399365,0.8729358778970211,0.05083105154200276,24000.0,333.9720764160156,1.20001220703125,0.0,0.0
IA,shadedX,1,A,A,ID,1_41,143,484,0.675316419118072,0.4074107337069356,0.17030382588183438,24000.0,377.1584777832031,1.5,0.0,0.0
IA,shadedX,1,A,A,ID,1_44,351,194,0.8804740505771435,0.9343202454378594,0.051718550860907486,24000.0,403.33819580078125,1.29998779296875,0.0,0.0
IA,shadedX,1,A,A,ID,2_44,324,121,0.818309356188144,0.9187326218607832,0.020899868702626036,12000.0,360.9868469238281,1.0,0.0,0.018888888888620337
IA,shadedX,1,A,A,ID,3_40,334,98,0.7034400586581938,0.8987918033341321,0.39080310800423634,24000.0,270.41583251953125,2.29998779296875,0.0,0.0
IA,shadedX,1,A,A,ID,5_42,439,48,0.8716780561883068,0.9833716644940946,0.11282135844776217,12000.0,262.8231201171875,1.4000091552734375,0.0,0.0
IA,shadedX,1,A,A,ID,6_40,595,71,0.9445378151260504,0.9923579029142673,0.02614493115691151,24000.0,201.67583465576172,1.4000091552734375,0.0,0.004999999999994004
IA,shadedX,1,A,A,ID,6_41,500,105,0.8017904761904762,0.9273157099534391,0.007579137211492923,24000.0,222.58213806152344,1.5999908447265625,0.0,0.0033333333333091246
IA,shadedX,1,A,A,ID,6_43,312,197,0.8663282571912014,0.9190782412267069,0.9288447979367633,12000.0,257.3238830566406,1.5,0.0,0.006666666666557616
IA,shadedX,1,A,A,ID,6_44,272,35,0.8529411764705882,0.9761889711031265,1.2168297195004665,24000.0,307.1570739746094,1.300018310546875,0.0,0.0
IA,shadedX,1,A,A,ID,7_41,477,268,0.8630902093307049,0.9283458317008584,0.14172472324779903,24000.0,198.70486450195312,1.20001220703125,0.0,0.013333333333115233
IA,shadedX,1,A,AE,OOD,-1_41,1201,748,0.7584388232622546,0.8441596977008295,0.005373113792123841,12000.0,309.5887756347656,0.899993896484375,0.0,0.011111111111192104
IA,shadedX,1,A,AE,OOD,-1_43,239,270,0.8962033162869982,0.9009417185402011,0.15512707437084838,12000.0,340.89813232421875,1.800018310546875,0.0,0.0
IA,shadedX,1,A,AE,OOD,1_41,57,438,0.6884963550428582,0.2995265988794439,0.17030382588183438,24000.0,379.0281982421875,1.699981689453125,0.0,0.0
IA,shadedX,1,A,AE,OOD,1_44,78,189,0.8790530457197123,0.8108172581300764,0.051718550860907486,24000.0,406.9150695800781,1.5,0.0,0.0
IA,shadedX,1,A,AE,OOD,2_44,261,153,0.8013672902111035,0.8726077082638118,0.020899868702626036,12000.0,358.65020751953125,0.899993896484375,0.0,0.012222222222214302
IA,shadedX,1,A,AE,OOD,5_42,263,45,0.8928601605407689,0.9796601192462322,0.11282135844776217,12000.0,261.2148895263672,1.399993896484375,0.0,0.002222222222211136
IA,shadedX,1,A,AE,OOD,6_40,30,71,0.9549295774647888,0.8957231458776252,0.02614493115691151,24000.0,194.79457092285156,1.79998779296875,0.0,0.04222222222199643
IA,shadedX,1,A,AE,OOD,6_41,330,130,0.8148251748251748,0.8728012676954923,0.007579137211492923,24000.0,221.8066635131836,1.5,0.0,0.0
IA,shadedX,1,A,AE,OOD,6_43,875,253,0.860643704121965,0.9569878457905541,0.9288447979367633,12000.0,256.79345703125,1.5,0.0,0.015555555555599218
IA,shadedX,1,A,AE,OOD,6_44,291,39,0.8917085205745,0.9826939237910682,1.2168297195004665,24000.0,307.1132049560547,1.3000030517578125,0.0,0.0
IA,shadedX,1,A,AE,OOD,7_41,1073,284,0.8624758804457687,0.961184140885112,0.14172472324779903,24000.0,198.46617126464844,1.100006103515625,0.0,0.0399999999998914
IA,shadedX,1,A,AE,OOD,7_44,346,35,0.9137902559867879,0.9909057402591946,0.18806406256780536,24000.0,189.58999633789062,0.29998779296875,0.0,0.25111111111169265
IA,shadedX,1,AE,A,OOD,-1_41,64,684,0.7738258406432749,0.3794917771008114,0.005373113792123841,12000.0,310.59571838378906,0.899993896484375,0.0,0.0
IA,shadedX,1,AE,A,OOD,-1_43,286,277,0.8524778470626847,0.8658169286020417,0.15512707437084838,12000.0,342.3644104003906,1.70001220703125,0.0,0.0
IA,shadedX,1,AE,A,OOD,0_42,349,185,0.773081390846434,0.8652892689232369,0.05083105154200276,24000.0,333.9720764160156,1.20001220703125,0.0,0.0
IA,shadedX,1,AE,A,OOD,1_41,143,484,0.7358406056753164,0.5950601951461821,0.17030382588183438,24000.0,377.1584777832031,1.5,0.0,0.0
IA,shadedX,1,AE,A,OOD,1_44,351,194,0.7828002467177725,0.8890859372752689,0.051718550860907486,24000.0,403.33819580078125,1.29998779296875,0.0,0.0
IA,shadedX,1,AE,A,OOD,2_44,324,121,0.7865779002142638,0.8939852577096772,0.020899868702626036,12000.0,360.9868469238281,1.0,0.0,0.018888888888620337
IA,shadedX,1,AE,A,OOD,3_40,334,98,0.719479408529879,0.9002655616479007,0.39080310800423634,24000.0,270.41583251953125,2.29998779296875,0.0,0.0
IA,shadedX,1,AE,A,OOD,5_42,439,48,0.8756169324221715,0.9847757279496847,0.11282135844776217,12000.0,262.8231201171875,1.4000091552734375,0.0,0.0
IA,shadedX,1,AE,A,OOD,6_40,595,71,0.9475914309385726,0.9930317286697389,0.02614493115691151,24000.0,201.67583465576172,1.4000091552734375,0.0,0.004999999999994004
IA,shadedX,1,AE,A,OOD,6_41,500,105,0.8229142857142857,0.9477118310407684,0.007579137211492923,24000.0,222.58213806152344,1.5999908447265625,0.0,0.0033333333333091246
IA,shadedX,1,AE,A,OOD,6_43,312,197,0.8872673434856175,0.9351969916196553,0.9288447979367633,12000.0,257.3238830566406,1.5,0.0,0.006666666666557616
IA,shadedX,1,AE,A,OOD,6_44,272,35,0.8690126050420168,0.9762543173218039,1.2168297195004665,24000.0,307.1570739746094,1.300018310546875,0.0,0.0
IA,shadedX,1,AE,A,OOD,7_41,477,268,0.8538987452673739,0.9212129132182301,0.14172472324779903,24000.0,198.70486450195312,1.20001220703125,0.0,0.013333333333115233
IA,shadedX,1,AE,AE,ID,-1_41,1201,748,0.7646457720170803,0.8532853295245698,0.005373113792123841,12000.0,309.5887756347656,0.899993896484375,0.0,0.011111111111192104
IA,shadedX,1,AE,AE,ID,-1_43,239,270,0.8900821323415467,0.8881855562052381,0.15512707437084838,12000.0,340.89813232421875,1.800018310546875,0.0,0.0
IA,shadedX,1,AE,AE,ID,1_41,57,438,0.7464551790434991,0.48767678219674826,0.17030382588183438,24000.0,379.0281982421875,1.699981689453125,0.0,0.0
IA,shadedX,1,AE,AE,ID,1_44,78,189,0.7825939492606159,0.740460763682336,0.051718550860907486,24000.0,406.9150695800781,1.5,0.0,0.0
IA,shadedX,1,AE,AE,ID,2_44,261,153,0.783086670172539,0.834074698121327,0.020899868702626036,12000.0,358.65020751953125,0.899993896484375,0.0,0.012222222222214302
IA,shadedX,1,AE,AE,ID,5_42,263,45,0.8856780735107731,0.9766637077996115,0.11282135844776217,12000.0,261.2148895263672,1.399993896484375,0.0,0.002222222222211136
IA,shadedX,1,AE,AE,ID,6_40,30,71,0.9469483568075117,0.9026063589113489,0.02614493115691151,24000.0,194.79457092285156,1.79998779296875,0.0,0.04222222222199643
IA,shadedX,1,AE,AE,ID,6_41,330,130,0.8268531468531468,0.8981643486339097,0.007579137211492923,24000.0,221.8066635131836,1.5,0.0,0.0
IA,shadedX,1,AE,AE,ID,6_43,875,253,0.8925894974590627,0.9654332827725929,0.9288447979367633,12000.0,256.79345703125,1.5,0.0,0.015555555555599218
IA,shadedX,1,AE,AE,ID,6_44,291,39,0.8788439510088994,0.9814611706882514,1.2168297195004665,24000.0,307.1132049560547,1.3000030517578125,0.0,0.0
IA,shadedX,1,AE,AE,ID,7_41,1073,284,0.8526344460050143,0.9592163637398559,0.14172472324779903,24000.0,198.46617126464844,1.100006103515625,0.0,0.0399999999998914
IA,shadedX,1,AE,AE,ID,7_44,346,35,0.9330305532617671,0.9931411458572026,0.18806406256780536,24000.0,189.58999633789062,0.29998779296875,0.0,0.25111111111169265
IA,shadedX,2,A,A,ID,-1_42,739,1074,0.8263897813492994,0.7598024753532966,0.05083105154200276,12000.0,320.1187438964844,0.699981689453125,0.0,0.0022222222221959776
IA,shadedX,2,A,A,ID,1_40,327,416,0.6187735238767349,0.6049473189884707,0.27566347740744723,24000.0,341.2886657714844,1.79998779296875,0.0,0.0
IA,shadedX,2,A,A,ID,1_42,217,195,0.8533853243530664,0.8677775794091314,0.046373166273365095,24000.0,378.05516052246094,1.199981689453125,0.0,0.0
IA,shadedX,2,A,A,ID,1_45,94,88,0.9694148936170213,0.9744078476722927,0.015586677359180472,6000.0,425.97703552246094,0.45001220703125,0.0,0.04555555555566936
IA,shadedX,2,A,A,ID,2_43,209,200,0.8347846889952153,0.8301198832042687,0.08696796350971939,24000.0,352.9566345214844,0.79998779296875,0.0,0.0
IA,shadedX,2,A,A,ID,3_42,149,78,0.8116503183617277,0.8983529519098269,0.1817161963149645,12000.0,279.24951171875,1.5,0.0,0.0
IA,shadedX,2,A,A,ID,3_44,310,206,0.8288913247729406,0.8778259305248122,0.01332005366892077,24000.0,362.5270538330078,0.9000244140625,0.0,0.0
IA,shadedX,2,A,A,ID,4_41,530,108,0.8698986722571629,0.9698517275682503,1.0103819468364637,12000.0,236.3568572998047,2.1500015258789062,0.0,0.07944444444474164
IA,shadedX,2,A,A,ID,4_42,372,46,0.8557152875175316,0.9784579385809286,0.22498234691207536,24000.0,282.1063690185547,1.100006103515625,0.0,0.0
IA,shadedX,2,A,A,ID,4_43,519,45,0.8676086491115393,0.9873993545983247,0.034712894170315145,24000.0,328.47357177734375,1.100006103515625,0.0,0.0
IA,shadedX,2,A,A,ID,7_40,342,49,0.8148943788041532,0.9707431488814627,0.4513730783381318,24000.0,179.8207550048828,1.600006103515625,0.0,0.04555555555518428
IA,shadedX,2,A,A,ID,9_41,126,63,0.9685059208868733,0.9854965459880839,0.10361666476438457,24000.0,176.08663940429688,1.1999969482421875,0.0,0.1522222222224708
IA,shadedX,2,A,AE,OOD,-1_42,1007,1210,0.8170065738179848,0.7728662094042738,0.05083105154200276,12000.0,320.306396484375,0.699981689453125,0.0,0.002222222222165661
IA,shadedX,2,A,AE,OOD,1_40,127,424,0.6565703461595602,0.473040248729732,0.203900772770715,24000.0,336.95068359375,1.899993896484375,0.0,0.0
IA,shadedX,2,A,AE,OOD,1_42,61,255,0.8830601092896174,0.7335442925654673,0.046373166273365095,24000.0,389.9153747558594,1.75,0.0,0.0
IA,shadedX,2,A,AE,OOD,1_45,471,126,0.9660634246621508,0.9912058171504982,0.015586677359180472,6000.0,425.6499938964844,0.0,0.0,0.5366666666664345
IA,shadedX,2,A,AE,OOD,2_43,33,36,0.8468013468013469,0.8171298992108679,0.08696796350971939,24000.0,350.0783996582031,0.9000244140625,0.0,0.0
IA,shadedX,2,A,AE,OOD,3_42,178,97,0.9123711340206185,0.9518933167805528,0.1817161963149645,12000.0,277.4642028808594,1.399993896484375,0.0,0.0011111111109918812
IA,shadedX,2,A,AE,OOD,4_41,864,59,0.8348634651600754,0.9800753736313967,1.0103819468364637,12000.0,235.54104614257812,2.3000030517578125,0.0,0.1399999999988317
IA,shadedX,2,A,AE,OOD,4_42,70,33,0.7943722943722944,0.8763630710513077,0.22498234691207536,24000.0,289.57830810546875,1.0,0.0,0.0
IA,shadedX,2,A,AE,OOD,7_40,352,30,0.8420454545454545,0.9852810517401157,0.4513730783381318,24000.0,178.74468231201172,1.3499984741210938,0.0,0.0644444444444413
IA,shadedX,2,A,AE,OOD,8_43,305,32,0.9263319672131147,0.9918832594580188,0.23995566720095404,24000.0,184.99476623535156,0.0,0.0,0.3888888888883577
IA,shadedX,2,A,AE,OOD,9_41,315,100,0.9642857142857143,0.9895858889476524,0.10361666476438457,24000.0,175.82962036132812,0.899993896484375,0.0,0.21222222222182294
IA,shadedX,2,AE,A,OOD,-1_42,739,1074,0.8437455114491121,0.8022307705127174,0.05083105154200276,12000.0,320.1187438964844,0.699981689453125,0.0,0.0022222222221959776
IA,shadedX,2,AE,A,OOD,1_40,327,416,0.7248441543166314,0.7330479471123579,0.27566347740744723,24000.0,341.2886657714844,1.79998779296875,0.0,0.0
IA,shadedX,2,AE,A,OOD,1_42,217,195,0.8224979321753515,0.8552920392140015,0.046373166273365095,24000.0,378.05516052246094,1.199981689453125,0.0,0.0
IA,shadedX,2,AE,A,OOD,1_45,94,88,0.9763056092843327,0.9807194228274692,0.015586677359180472,6000.0,425.97703552246094,0.45001220703125,0.0,0.04555555555566936
IA,shadedX,2,AE,A,OOD,2_43,209,200,0.7633492822966507,0.7273669858267571,0.08696796350971939,24000.0,352.9566345214844,0.79998779296875,0.0,0.0
IA,shadedX,2,AE,A,OOD,3_42,149,78,0.8403028738599208,0.9115972283803555,0.1817161963149645,12000.0,279.24951171875,1.5,0.0,0.0
IA,shadedX,2,AE,A,OOD,3_44,310,206,0.7798935170685877,0.8450981531759967,0.01332005366892077,24000.0,362.5270538330078,0.9000244140625,0.0,0.0
IA,shadedX,2,AE,A,OOD,4_41,530,108,0.8831586303284418,0.9741415075448185,1.0103819468364637,12000.0,236.3568572998047,2.1500015258789062,0.0,0.07944444444474164
IA,shadedX,2,AE,A,OOD,4_42,372,46,0.7705119214586256,0.960658890375329,0.22498234691207536,24000.0,282.1063690185547,1.100006103515625,0.0,0.0
IA,shadedX,2,AE,A,OOD,4_43,519,45,0.8528366516805822,0.9853958104277136,0.034712894170315145,24000.0,328.47357177734375,1.100006103515625,0.0,0.0
IA,shadedX,2,AE,A,OOD,7_40,342,49,0.8679436686955484,0.9782899498464712,0.4513730783381318,24000.0,179.8207550048828,1.600006103515625,0.0,0.04555555555518428
IA,shadedX,2,AE,A,OOD,9_41,126,63,0.9654824892920131,0.9855156402026075,0.10361666476438457,24000.0,176.08663940429688,1.1999969482421875,0.0,0.1522222222224708
IA,shadedX,2,AE,AE,ID,-1_42,1007,1210,0.8395397506709233,0.8157968354997851,0.05083105154200276,12000.0,320.306396484375,0.699981689453125,0.0,0.002222222222165661
IA,shadedX,2,AE,AE,ID,1_40,127,424,0.7905400386272472,0.6125627409945412,0.203900772770715,24000.0,336.95068359375,1.899993896484375,0.0,0.0
IA,shadedX,2,AE,AE,ID,1_42,61,255,0.853616200578592,0.6974448995158813,0.046373166273365095,24000.0,389.9153747558594,1.75,0.0,0.0
IA,shadedX,2,AE,AE,ID,1_45,471,126,0.9619687931789843,0.990329919139968,0.015586677359180472,6000.0,425.6499938964844,0.0,0.0,0.5366666666664345
IA,shadedX,2,AE,AE,ID,2_43,33,36,0.7727272727272728,0.7795242314872577,0.08696796350971939,24000.0,350.0783996582031,0.9000244140625,0.0,0.0
IA,shadedX,2,AE,AE,ID,3_42,178,97,0.8925634194370439,0.939780206263011,0.1817161963149645,12000.0,277.4642028808594,1.399993896484375,0.0,0.0011111111109918812
IA,shadedX,2,AE,AE,ID,4_41,864,59,0.8771382611424984,0.9887537934310555,1.0103819468364637,12000.0,235.54104614257812,2.3000030517578125,0.0,0.1399999999988317
IA,shadedX,2,AE,AE,ID,4_42,70,33,0.706060606060606,0.8292306202082209,0.22498234691207536,24000.0,289.57830810546875,1.0,0.0,0.0
IA,shadedX,2,AE,AE,ID,7_40,352,30,0.9176136363636364,0.9927326177824244,0.4513730783381318,24000.0,178.74468231201172,1.3499984741210938,0.0,0.0644444444444413
IA,shadedX,2,AE,AE,ID,8_43,305,32,0.9393442622950819,0.9933525375696031,0.23995566720095404,24000.0,184.99476623535156,0.0,0.0,0.3888888888883577
IA,shadedX,2,AE,AE,ID,9_41,315,100,0.9562857142857142,0.9873677504986516,0.10361666476438457,24000.0,175.82962036132812,0.899993896484375,0.0,0.21222222222182294
IA,shadedX,3,A,A,ID,0_40,190,624,0.8479082321187584,0.6716479839051074,0.6289219701150272,24000.0,293.82505798339844,1.100006103515625,0.0,0.18444444444551006
IA,shadedX,3,A,A,ID,0_43,276,130,0.7740802675585285,0.877935885691999,0.0007523959754880558,24000.0,373.1191101074219,1.54998779296875,0.0,0.0
IA,shadedX,3,A,A,ID,1_39,271,414,0.7766012442733123,0.7162656476558091,0.0686128589386193,24000.0,310.9516296386719,1.79998779296875,0.0,0.0
IA,shadedX,3,A,A,ID,3_41,163,75,0.8971779141104294,0.9543641483337769,1.0103819468364637,12000.0,259.1312713623047,2.0500030517578125,0.0,0.04777777777798661
IA,shadedX,3,A,A,ID,3_43,284,70,0.8698189134808854,0.9640082433116545,0.08696796350971939,24000.0,338.7121276855469,0.75,0.0,0.0
IA,shadedX,3,A,A,ID,3_45,49,32,0.8954081632653061,0.9298727652221487,0.02426444596149107,6000.0,367.86505126953125,1.4000244140625,0.0,0.002222222222165661
IA,shadedX,3,A,A,ID,5_40,510,168,0.892296918767507,0.9596853484289508,0.02614493115691151,24000.0,210.51334381103516,2.1999969482421875,0.0,0.01555555555567501
IA,shadedX,3,A,A,ID,7_42,173,199,0.8998170040956227,0.9061030322721857,0.633558194412068,12000.0,231.90552520751953,1.9500045776367188,0.0,0.01000000000004864
IA,shadedX,3,A,A,ID,8_41,390,84,0.8822039072039073,0.9726238867150685,0.3329647211407057,24000.0,191.80020141601562,0.9000091552734375,0.0,0.03777777777754385
IA,shadedX,3,A,A,ID,9_42,157,55,0.9712796757382745,0.9910607647552472,0.039407311739067474,24000.0,179.6507568359375,1.0,0.0,0.2655555555565879
IA,shadedX,3,A,AE,OOD,0_40,1044,739,0.8341460190067348,0.8767207432410455,0.6289219701150272,24000.0,299.891845703125,1.199981689453125,0.0,0.19777777777695796
IA,shadedX,3,A,AE,OOD,0_43,63,85,0.8537815126050421,0.8130744883626391,0.0007523959754880558,24000.0,374.84400939941406,2.0,0.0,0.0
IA,shadedX,3,A,AE,OOD,3_41,1113,103,0.8867139455159239,0.9884339049448125,1.0103819468364637,12000.0,254.75,1.100006103515625,0.0,0.12222222222287059
IA,shadedX,3,A,AE,OOD,3_43,39,174,0.8796050692602417,0.7049792062618163,0.08696796350971939,24000.0,342.3045654296875,0.79998779296875,0.0,0.0
IA,shadedX,3,A,AE,OOD,3_45,86,52,0.8343023255813954,0.9072762038142776,0.01332005366892077,6000.0,367.1894073486328,1.399993896484375,0.0,0.002222222222105028
IA,shadedX,3,A,AE,OOD,5_40,240,87,0.8747605363984675,0.947477843965236,0.02614493115691151,24000.0,208.97544860839844,2.4000091552734375,0.0,0.0188888888889235
IA,shadedX,3,A,AE,OOD,7_42,764,293,0.8878589425155907,0.9559589096878247,0.633558194412068,12000.0,235.02642822265625,1.70001220703125,0.0,0.014444444444470914
IA,shadedX,3,A,AE,OOD,7_45,587,47,0.9333792453514083,0.9939297093131665,0.015210388566860465,24000.0,191.0,0.5999908447265625,0.0,0.6500000000005792
IA,shadedX,3,A,AE,OOD,8_41,567,122,0.8891346459652472,0.9727653315759038,0.3329647211407057,24000.0,190.63870239257812,0.899993896484375,0.0,0.06555555555606983
IA,shadedX,3,A,AE,OOD,9_42,1004,93,0.9542475260249326,0.9958240374390896,0.039407311739067474,12000.0,179.27999877929688,0.70001220703125,0.0,0.47555555555481843
IA,shadedX,3,AE,A,OOD,0_40,190,624,0.8779942645074225,0.696135409329531,0.6289219701150272,24000.0,293.82505798339844,1.100006103515625,0.0,0.18444444444551006
IA,shadedX,3,AE,A,OOD,0_43,276,130,0.8019788182831662,0.8988490929552146,0.0007523959754880558,24000.0,373.1191101074219,1.54998779296875,0.0,0.0
IA,shadedX,3,AE,A,OOD,1_39,271,414,0.7802912811736813,0.7322845724485842,0.0686128589386193,24000.0,310.9516296386719,1.79998779296875,0.0,0.0
IA,shadedX,3,AE,A,OOD,3_41,163,75,0.9079754601226995,0.962432159547047,1.0103819468364637,12000.0,259.1312713623047,2.0500030517578125,0.0,0.04777777777798661
IA,shadedX,3,AE,A,OOD,3_43,284,70,0.824245472837022,0.9529258069911418,0.08696796350971939,24000.0,338.7121276855469,0.75,0.0,0.0
IA,shadedX,3,AE,A,OOD,3_45,49,32,0.8909438775510203,0.9385167969516769,0.02426444596149107,6000.0,367.86505126953125,1.4000244140625,0.0,0.002222222222165661
IA,shadedX,3,AE,A,OOD,5_40,510,168,0.8757236227824463,0.9548891328987407,0.02614493115691151,24000.0,210.51334381103516,2.1999969482421875,0.0,0.01555555555567501
IA,shadedX,3,AE,A,OOD,7_42,173,199,0.9107677113893164,0.9064154212095897,0.633558194412068,12000.0,231.90552520751953,1.9500045776367188,0.0,0.01000000000004864
IA,shadedX,3,AE,A,OOD,8_41,390,84,0.8856227106227106,0.9737313631076002,0.3329647211407057,24000.0,191.80020141601562,0.9000091552734375,0.0,0.03777777777754385
IA,shadedX,3,AE,A,OOD,9_42,157,55,0.9725535610885929,0.9912518427624478,0.039407311739067474,24000.0,179.6507568359375,1.0,0.0,0.2655555555565879
IA,shadedX,3,AE,AE,ID,0_40,1044,739,0.8518993773298286,0.8818171434063513,0.6289219701150272,24000.0,299.891845703125,1.199981689453125,0.0,0.19777777777695796
IA,shadedX,3,AE,AE,ID,0_43,63,85,0.8435107376283847,0.7987292607375474,0.0007523959754880558,24000.0,374.84400939941406,2.0,0.0,0.0
IA,shadedX,3,AE,AE,ID,3_41,1113,103,0.910929090449149,0.9911393181921021,1.0103819468364637,12000.0,254.75,1.100006103515625,0.0,0.12222222222287059
IA,shadedX,3,AE,AE,ID,3_43,39,174,0.8458591217211906,0.6339064670375273,0.08696796350971939,24000.0,342.3045654296875,0.79998779296875,0.0,0.0
IA,shadedX,3,AE,AE,ID,3_45,86,52,0.8647137745974955,0.9253975680667048,0.01332005366892077,6000.0,367.1894073486328,1.399993896484375,0.0,0.002222222222105028
IA,shadedX,3,AE,AE,ID,5_40,240,87,0.8892720306513411,0.9538791608618734,0.02614493115691151,24000.0,208.97544860839844,2.4000091552734375,0.0,0.0188888888889235
IA,shadedX,3,AE,AE,ID,7_42,764,293,0.8675240784089489,0.949884591712989,0.633558194412068,12000.0,235.02642822265625,1.70001220703125,0.0,0.014444444444470914
IA,shadedX,3,AE,AE,ID,7_45,587,47,0.9287034687737867,0.9937490925479938,0.015210388566860465,24000.0,191.0,0.5999908447265625,0.0,0.6500000000005792
IA,shadedX,3,AE,AE,ID,8_41,567,122,0.8950039032006244,0.9734452285715681,0.3329647211407057,24000.0,190.63870239257812,0.899993896484375,0.0,0.06555555555606983
IA,shadedX,3,AE,AE,ID,9_42,1004,93,0.9521376858158763,0.9955098182820119,0.039407311739067474,12000.0,179.27999877929688,0.70001220703125,0.0,0.47555555555481843
LA,band,0,A,A,ID,10_16,417,58,0.7606466550897213,0.9537813332129348,0.44870070534596246,24000.0,0.4187132716178894,0.5,0.0,0.0011111111109918812
LA,band,0,A,A,ID,4_16,152,336,0.9394580200501254,0.9033197343141726,0.3462774653438387,12000.0,13.645744800567627,2.8999998569488525,0.0,0.0
LA,band,0,A,A,ID,4_17,109,251,0.9104133923023502,0.7959990479048936,0.09101352766134223,24000.0,34.677072525024414,4.100000381469727,0.0,0.0
LA,band,0,A,A,ID,4_18,28,103,0.9778085991678225,0.9140714806686235,0.09101352766134223,24000.0,75.69987487792969,8.099998474121094,0.0,0.0
LA,band,0,A,A,ID,5_15,70,91,0.9466248037676608,0.9401049178566585,0.3462774653438387,24000.0,3.3230857849121094,0.5999999046325684,0.0,0.02333333333331545
LA,band,0,A,A,ID,6_15,546,74,0.8708543708543708,0.9807217594117155,0.10270103710982625,24000.0,0.909123957157135,0.3999999761581421,0.0,0.3916666666659131
LA,band,0,A,A,ID,6_20,421,567,0.9941811509507472,0.9870711836148163,0.39967522708043823,24000.0,60.32936477661133,6.200000762939453,0.0,0.0
LA,band,0,A,A,ID,7_16,577,376,0.8950459087724474,0.9390753388330992,0.16376364468695728,24000.0,7.149939060211182,0.8000001907348633,0.0,0.01111111111079799
LA,band,0,A,A,ID,7_19,354,318,0.9311995878193511,0.9172186737566151,0.0007057584701401872,24000.0,34.82972717285156,3.0999984741210938,0.0,0.0
LA,band,0,A,A,ID,8_20,548,398,0.9272594725452078,0.9359597282466786,0.1462774695704643,12000.0,21.549744606018066,0.8999996185302734,0.0,0.0
LA,band,0,A,A,ID,9_17,191,507,0.9302849117589351,0.8231081724849563,0.674017668749505,12000.0,52.02597427368164,4.75,0.0,0.0
LA,band,0,A,AE,OOD,10_16,1083,673,0.7896547891979108,0.8548838996952912,0.44870070534596246,24000.0,0.38119038939476013,0.39999961853027344,0.0,0.009444444444522384
LA,band,0,A,AE,OOD,4_15,1337,573,0.8788240714997109,0.9360298084781096,0.3462774653438387,24000.0,0.4703323096036911,0.30000007152557373,0.0,0.2099999999999756
LA,band,0,A,AE,OOD,4_16,328,675,0.9479674796747968,0.9072676230013176,0.3462774653438387,12000.0,14.302667617797852,2.799999237060547,0.0,0.0
LA,band,0,A,AE,OOD,4_17,165,414,0.9584248279900454,0.876706150775586,0.2558808670699087,24000.0,36.9610710144043,4.700000762939453,0.0,0.0
LA,band,0,A,AE,OOD,5_15,1690,323,0.9261802260611501,0.9854892421645981,0.3462774653438387,24000.0,0.5357669591903687,0.40000009536743164,0.0,0.18888888888884092
LA,band,0,A,AE,OOD,6_15,1419,112,0.8945749018423438,0.9911605794571191,0.10270103710982625,24000.0,0.812585711479187,0.40000009536743164,0.0,0.3711111111108804
LA,band,0,A,AE,OOD,7_16,360,230,0.8972826086956522,0.9404620027555173,0.16376364468695728,24000.0,7.302798748016357,0.8000001907348633,0.0,0.007777777777625288
LA,band,0,A,AE,OOD,7_19,110,156,0.9385780885780886,0.8692144623688407,0.0007057584701401872,24000.0,41.5719051361084,4.300000190734863,0.0,0.0
LA,band,0,A,AE,OOD,8_20,30,93,0.9612903225806452,0.8712879913773713,0.1462774695704643,24000.0,22.8675479888916,0.8999996185302734,0.0,0.0
LA,band,0,A,AE,OOD,9_17,238,846,0.930026620577309,0.786628494017798,0.5899850248691425,12000.0,51.54695129394531,4.400001525878906,0.0,0.0
LA,band,0,A,AE,OOD,9_21,115,262,0.8648191171589777,0.7217605897776119,0.25635144250203756,12000.0,26.362266540527344,1.1000003814697266,0.0,0.2777777777774683
LA,band,0,AE,A,OOD,10_16,417,58,0.9696932109484826,0.9957002920838463,0.44870070534596246,24000.0,0.4187132716178894,0.5,0.0,0.0011111111109918812
LA,band,0,AE,A,OOD,4_16,152,336,0.9334468984962406,0.8734519610712651,0.3462774653438387,12000.0,13.645744800567627,2.8999998569488525,0.0,0.0
LA,band,0,AE,A,OOD,4_17,109,251,0.9185277239665193,0.8275017530185798,0.09101352766134223,24000.0,34.677072525024414,4.100000381469727,0.0,0.0
LA,band,0,AE,A,OOD,4_18,28,103,0.9805825242718447,0.9213011941239593,0.09101352766134223,24000.0,75.69987487792969,8.099998474121094,0.0,0.0
LA,band,0,AE,A,OOD,5_15,70,91,0.963265306122449,0.9666159673345144,0.3462774653438387,24000.0,3.3230857849121094,0.5999999046325684,0.0,0.02333333333331545
LA,band,0,AE,A,OOD,6_15,546,74,0.8690723690723691,0.9812909427756573,0.10270103710982625,24000.0,0.909123957157135,0.3999999761581421,0.0,0.3916666666659131
LA,band,0,AE,A,OOD,6_20,421,567,0.9895981265735818,0.9795463976636903,0.39967522708043823,24000.0,60.32936477661133,6.200000762939453,0.0,0.0
LA,band,0,AE,A,OOD,7_16,577,376,0.883223017072901,0.9327604730845263,0.16376364468695728,24000.0,7.149939060211182,0.8000001907348633,0.0,0.01111111111079799
LA,band,0,AE,A,OOD,7_19,354,318,0.9177859503251253,0.8949445309578627,0.0007057584701401872,24000.0,34.82972717285156,3.0999984741210938,0.0,0.0
LA,band,0,AE,A,OOD,8_20,548,398,0.9118631478560686,0.9272733699103596,0.1462774695704643,12000.0,21.549744606018066,0.8999996185302734,0.0,0.0
LA,band,0,AE,A,OOD,9_17,191,507,0.9266912440492787,0.8292850704373502,0.674017668749505,12000.0,52.02597427368164,4.75,0.0,0.0
LA,band,0,AE,AE,ID,10_16,1083,673,0.952197887382882,0.9716173808106872,0.44870070534596246,24000.0,0.38119038939476013,0.39999961853027344,0.0,0.009444444444522384
LA,band,0,AE,AE,ID,4_15,1337,573,0.9472249742527421,0.979784687818732,0.3462774653438387,24000.0,0.4703323096036911,0.30000007152557373,0.0,0.2099999999999756
LA,band,0,AE,AE,ID,4_16,328,675,0.9291327913279133,0.8755632168873181,0.3462774653438387,12000.0,14.302667617797852,2.799999237060547,0.0,0.0
LA,band,0,AE,AE,ID,4_17,165,414,0.9572390572390572,0.8966810121042417,0.2558808670699087,24000.0,36.9610710144043,4.700000762939453,0.0,0.0
LA,band,0,AE,AE,ID,5_15,1690,323,0.9593767746899444,0.9924833927941346,0.3462774653438387,24000.0,0.5357669591903687,0.40000009536743164,0.0,0.18888888888884092
LA,band,0,AE,AE,ID,6_15,1419,112,0.9076751736635458,0.9924010215775996,0.10270103710982625,24000.0,0.812585711479187,0.40000009536743164,0.0,0.3711111111108804
LA,band,0,AE,AE,ID,7_16,360,230,0.8605917874396135,0.9169988967534154,0.16376364468695728,24000.0,7.302798748016357,0.8000001907348633,0.0,0.007777777777625288
LA,band,0,AE,AE,ID,7_19,110,156,0.9251748251748252,0.8378457064705136,0.0007057584701401872,24000.0,41.5719051361084,4.300000190734863,0.0,0.0
LA,band,0,AE,AE,ID,8_20,30,93,0.9412186379928316,0.8547087483440713,0.1462774695704643,24000.0,22.8675479888916,0.8999996185302734,0.0,0.0
LA,band,0,AE,AE,ID,9_17,238,846,0.9298875578600234,0.7719991090367196,0.5899850248691425,12000.0,51.54695129394531,4.400001525878906,0.0,0.0
LA,band,0,AE,AE,ID,9_21,115,262,0.8815134417524062,0.77859359036052,0.25635144250203756,12000.0,26.362266540527344,1.1000003814697266,0.0,0.2777777777774683
LA,band,1,A,A,ID,10_17,468,165,0.8895104895104896,0.9480747496468114,0.44870070534596246,24000.0,43.70171356201172,3.3000011444091797,0.0,0.0
LA,band,1,A,A,ID,11_17,428,192,0.9341778621495327,0.9476004624877223,0.46664877285943646,24000.0,37.31443214416504,3.200000762939453,0.0,0.002222222222211136
LA,band,1,A,A,ID,3_20,73,192,0.9780251141552512,0.9590246354844625,0.5395444685683043,12000.0,84.91899108886719,4.8000030517578125,0.0,0.0
LA,band,1,A,A,ID,6_17,285,436,0.9284725575406407,0.8903276751108443,0.012874005057204367,24000.0,32.29610824584961,3.0,0.0,0.0
LA,band,1,A,A,ID,6_21,203,338,0.9926982831492115,0.9886614216571062,0.14155907997257983,24000.0,52.859397888183594,7.100000381469727,0.0,0.0011111111110828306
LA,band,1,A,A,ID,7_18,414,70,0.8673567977915804,0.9441974354335204,0.0007057584701401872,24000.0,13.510100364685059,0.5,0.0,0.05777777777715607
LA,band,1,A,A,ID,8_16,1442,166,0.9120490282906939,0.9865643162571937,0.057796562272770254,24000.0,4.14700174331665,0.9000000953674316,0.0,0.0
LA,band,1,A,A,ID,8_19,62,68,0.9015654648956357,0.8358226081675452,0.01937143388392951,24000.0,18.487433433532715,1.0,0.0,0.03611111111058611
LA,band,1,A,A,ID,8_22,124,74,0.9397340889276373,0.9536325767322851,0.006052485638403184,24000.0,29.547025680541992,1.0499992370605469,0.0,0.0738888888889637
LA,band,1,A,A,ID,9_16,289,139,0.8835229394339201,0.9473879192012794,0.674017668749505,12000.0,5.525014877319336,1.1999999284744263,0.0,0.001111111110976723
LA,band,1,A,A,ID,9_20,151,39,0.8101545253863134,0.9268629422529662,0.25635144250203756,12000.0,24.134544372558594,1.1000003814697266,0.0,0.21055555555500166
LA,band,1,A,AE,OOD,10_17,169,140,0.8974640743871514,0.8962721364683931,0.44870070534596246,24000.0,45.21212387084961,4.800000190734863,0.0,0.0
LA,band,1,A,AE,OOD,11_17,95,77,0.9495557074504444,0.931718411079502,0.46664877285943646,24000.0,37.28126525878906,4.09999942779541,0.0,0.003333333333354599
LA,band,1,A,AE,OOD,6_17,110,139,0.9306082406801831,0.9083786823421056,0.012874005057204367,24000.0,32.440086364746094,3.59999942779541,0.0,0.0
LA,band,1,A,AE,OOD,6_21,257,772,0.9949648192576762,0.9868303297006324,0.14155907997257983,24000.0,58.24146270751953,9.700000762939453,0.0,0.0
LA,band,1,A,AE,OOD,7_18,25,40,0.893,0.7627561522137638,0.0007057584701401872,24000.0,13.319692611694336,0.8000001907348633,0.0,0.026666666666867105
LA,band,1,A,AE,OOD,8_16,186,141,0.9344162281705177,0.9418558978281516,0.057796562272770254,24000.0,4.938908576965332,1.0000004768371582,0.0,0.0
LA,band,1,A,AE,OOD,9_16,1407,556,0.9001741037873326,0.9572039347535695,0.674017668749505,12000.0,5.5341668128967285,1.0000004768371582,0.0,0.0022222222221959776
LA,band,1,A,AE,OOD,9_20,198,380,0.8673312068048911,0.7060158142338202,0.25635144250203756,12000.0,24.26973247528076,1.7000007629394531,0.0,0.2188888888885323
LA,band,1,AE,A,OOD,10_17,468,165,0.8754208754208754,0.9440221117614493,0.44870070534596246,24000.0,43.70171356201172,3.3000011444091797,0.0,0.0
LA,band,1,AE,A,OOD,11_17,428,192,0.9290912188473519,0.949747778354558,0.46664877285943646,24000.0,37.31443214416504,3.200000762939453,0.0,0.002222222222211136
LA,band,1,AE,A,OOD,3_20,73,192,0.9765981735159818,0.9493244833670053,0.5395444685683043,12000.0,84.91899108886719,4.8000030517578125,0.0,0.0
LA,band,1,AE,A,OOD,6_17,285,436,0.9217527764365042,0.8818729180556939,0.012874005057204367,24000.0,32.29610824584961,3.0,0.0,0.0
LA,band,1,AE,A,OOD,6_21,203,338,0.9855131605794736,0.9785939302535662,0.14155907997257983,24000.0,52.859397888183594,7.100000381469727,0.0,0.0011111111110828306
LA,band,1,AE,A,OOD,7_18,414,70,0.8740510697032436,0.9341538472095996,0.0007057584701401872,24000.0,13.510100364685059,0.5,0.0,0.05777777777715607
LA,band,1,AE,A,OOD,8_16,1442,166,0.9010744782180038,0.9835464853713562,0.057796562272770254,24000.0,4.14700174331665,0.9000000953674316,0.0,0.0
LA,band,1,AE,A,OOD,8_19,62,68,0.9305028462998103,0.89776581898039,0.01937143388392951,24000.0,18.487433433532715,1.0,0.0,0.03611111111058611
LA,band,1,AE,A,OOD,8_22,124,74,0.9196817785527462,0.9326757443773384,0.006052485638403184,24000.0,29.547025680541992,1.0499992370605469,0.0,0.0738888888889637
LA,band,1,AE,A,OOD,9_16,289,139,0.9013716362550098,0.9565586899093846,0.674017668749505,12000.0,5.525014877319336,1.1999999284744263,0.0,0.001111111110976723
LA,band,1,AE,A,OOD,9_20,151,39,0.8429274919341144,0.9422194627747595,0.25635144250203756,12000.0,24.134544372558594,1.1000003814697266,0.0,0.21055555555500166
LA,band,1,AE,AE,ID,10_17,169,140,0.876711749788673,0.8818032506465143,0.44870070534596246,24000.0,45.21212387084961,4.800000190734863,0.0,0.0
LA,band,1,AE,AE,ID,11_17,95,77,0.9521531100478469,0.9414241688745069,0.46664877285943646,24000.0,37.28126525878906,4.09999942779541,0.0,0.003333333333354599
LA,band,1,AE,AE,ID,6_17,110,139,0.9248528449967299,0.8939681935384542,0.012874005057204367,24000.0,32.440086364746094,3.59999942779541,0.0,0.0
LA,band,1,AE,AE,ID,6_21,257,772,0.9921271748553457,0.9798668247535687,0.14155907997257983,24000.0,58.24146270751953,9.700000762939453,0.0,0.0
LA,band,1,AE,AE,ID,7_18,25,40,0.8840000000000001,0.7360410447405917,0.0007057584701401872,24000.0,13.319692611694336,0.8000001907348633,0.0,0.026666666666867105
LA,band,1,AE,AE,ID,8_16,186,141,0.9236254098985739,0.9280849584748372,0.057796562272770254,24000.0,4.938908576965332,1.0000004768371582,0.0,0.0
LA,band,1,AE,AE,ID,9_16,1407,556,0.9140474400863104,0.9654482063753712,0.674017668749505,12000.0,5.5341668128967285,1.0000004768371582,0.0,0.0022222222221959776
LA,band,1,AE,AE,ID,9_20,198,380,0.8854066985645934,0.7708004149138429,0.25635144250203756,12000.0,24.26973247528076,1.7000007629394531,0.0,0.2188888888885323
LA,band,2,A,A,ID,10_15,161,61,0.9494959780063129,0.9807361741692895,0.018841894152012283,24000.0,0.363293319940567,0.5,0.0,0.0
LA,band,2,A,A,ID,4_21,762,523,0.9489819986650808,0.9686023357495362,0.4228108094448711,24000.0,58.32637405395508,3.399993896484375,0.0,0.0
LA,band,2,A,A,ID,5_17,552,882,0.9894385290348023,0.9854794859705223,0.1856343303374686,24000.0,55.33778953552246,4.900001525878906,0.0,0.0
LA,band,2,A,A,ID,5_21,73,299,0.993540110871856,0.9727743628501322,0.07651941013880387,24000.0,82.83077621459961,9.599998474121094,0.0,0.0
LA,band,2,A,A,ID,6_16,741,632,0.8499227011052459,0.8868369781701767,0.13422304854056127,24000.0,11.5581693649292,1.0999999046325684,0.0,0.1377777777772723
LA,band,2,A,A,ID,7_15,254,198,0.9067843792253242,0.9363845467036198,0.014404710858029255,24000.0,3.689695119857788,0.5999999046325684,0.0,0.02666666666651847
LA,band,2,A,A,ID,7_21,799,380,0.9421085567485673,0.9687748146536016,0.14155907997257983,24000.0,22.663715362548828,1.5999984741210938,0.0,0.004444444443997841
LA,band,2,A,A,ID,8_15,1374,171,0.9598517156549792,0.9950709313063867,0.02005463282532235,24000.0,1.3341909646987915,0.5,0.0,0.07000000000034051
LA,band,2,A,A,ID,8_17,470,235,0.9397464916251698,0.9526784459607575,0.011087172746083968,12000.0,15.600020408630371,1.4000005722045898,0.0,0.06222222222221502
LA,band,2,A,A,ID,8_21,430,280,0.8970681063122923,0.9216400273819393,0.1462774695704643,12000.0,26.53642749786377,0.6000003814697266,0.0,0.0033333333333697575
LA,band,2,A,AE,OOD,10_15,474,714,0.950197378529471,0.932400987365112,0.018841894152012283,24000.0,0.4607126861810684,0.5,0.0,0.0
LA,band,2,A,AE,OOD,4_21,132,206,0.9634083553986467,0.9524484847841639,0.4228108094448711,24000.0,64.40409469604492,4.850000381469727,0.0,0.0
LA,band,2,A,AE,OOD,6_16,104,215,0.8272808586762075,0.7674798717371506,0.10270103710982625,24000.0,11.489999771118164,1.0999999046325684,0.0,0.2655555555561332
LA,band,2,A,AE,OOD,7_15,674,584,0.8752261086947685,0.9059446001754311,0.014404710858029255,24000.0,3.780747652053833,0.5999999046325684,0.0,0.03444444444447724
LA,band,2,A,AE,OOD,7_21,207,105,0.9109730848861284,0.9532625966458047,0.14155907997257983,24000.0,22.68073558807373,1.4000015258789062,0.0,0.00722222222218998
LA,band,2,A,AE,OOD,8_15,395,224,0.9505198915009042,0.9767758176583394,0.02005463282532235,24000.0,2.1451575756073,0.5999999046325684,0.0,0.0033333333334000744
LA,band,2,A,AE,OOD,8_17,142,226,0.9548173999750718,0.9071240607036806,0.011087172746083968,12000.0,15.304619312286377,2.0999999046325684,0.0,0.030000000000085274
LA,band,2,A,AE,OOD,8_21,67,94,0.7864401397268974,0.7120114225840956,0.03580428790604329,12000.0,26.785327911376953,0.6000003814697266,0.0,0.0011111111109615647
LA,band,2,A,AE,OOD,9_14,1493,48,0.9274391605269033,0.9967068507250643,0.004301663046834955,24000.0,0.3758048415184021,0.30000007152557373,0.0,0.14888888888910112
LA,band,2,AE,A,OOD,10_15,161,61,0.9646675491294165,0.9859973270096254,0.018841894152012283,24000.0,0.363293319940567,0.5,0.0,0.0
LA,band,2,AE,A,OOD,4_21,762,523,0.9191219644389576,0.9445289463510964,0.4228108094448711,24000.0,58.32637405395508,3.399993896484375,0.0,0.0
LA,band,2,AE,A,OOD,5_17,552,882,0.989691166321601,0.9848552381000557,0.1856343303374686,24000.0,55.33778953552246,4.900001525878906,0.0,0.0
LA,band,2,AE,A,OOD,5_21,73,299,0.9900123700004582,0.9555869507560002,0.07651941013880387,24000.0,82.83077621459961,9.599998474121094,0.0,0.0
LA,band,2,AE,A,OOD,6_16,741,632,0.8447637472454261,0.8874371037871452,0.13422304854056127,24000.0,11.5581693649292,1.0999999046325684,0.0,0.1377777777772723
LA,band,2,AE,A,OOD,7_15,254,198,0.8720074763381851,0.9198346393371278,0.014404710858029255,24000.0,3.689695119857788,0.5999999046325684,0.0,0.02666666666651847
LA,band,2,AE,A,OOD,7_21,799,380,0.9403003754693365,0.9698752630262798,0.14155907997257983,24000.0,22.663715362548828,1.5999984741210938,0.0,0.004444444443997841
LA,band,2,AE,A,OOD,8_15,1374,171,0.9589068498514602,0.994892566424297,0.02005463282532235,24000.0,1.3341909646987915,0.5,0.0,0.07000000000034051
LA,band,2,AE,A,OOD,8_17,470,235,0.9525667722951562,0.9632095243425737,0.011087172746083968,12000.0,15.600020408630371,1.4000005722045898,0.0,0.06222222222221502
LA,band,2,AE,A,OOD,8_21,430,280,0.8682392026578074,0.9108000317477772,0.1462774695704643,12000.0,26.53642749786377,0.6000003814697266,0.0,0.0033333333333697575
LA,band,2,AE,AE,ID,10_15,474,714,0.9661974494439125,0.9536451809120012,0.018841894152012283,24000.0,0.4607126861810684,0.5,0.0,0.0
LA,band,2,AE,AE,ID,4_21,132,206,0.9431818181818182,0.918624798303596,0.4228108094448711,24000.0,64.40409469604492,4.850000381469727,0.0,0.0
LA,band,2,AE,AE,ID,6_16,104,215,0.8332289803220035,0.7716027125928903,0.10270103710982625,24000.0,11.489999771118164,1.0999999046325684,0.0,0.2655555555561332
LA,band,2,AE,AE,ID,7_15,674,584,0.8583797406609488,0.8993989113129519,0.014404710858029255,24000.0,3.780747652053833,0.5999999046325684,0.0,0.03444444444447724
LA,band,2,AE,AE,ID,7_21,207,105,0.9305268000920175,0.9636579565430184,0.14155907997257983,24000.0,22.68073558807373,1.4000015258789062,0.0,0.00722222222218998
LA,band,2,AE,AE,ID,8_15,395,224,0.946869349005425,0.9727044825412519,0.02005463282532235,24000.0,2.1451575756073,0.5999999046325684,0.0,0.0033333333334000744
LA,band,2,AE,AE,ID,8_17,142,226,0.9572479122522748,0.8893998488436178,0.011087172746083968,12000.0,15.304619312286377,2.0999999046325684,0.0,0.030000000000085274
LA,band,2,AE,AE,ID,8_21,67,94,0.7856462369006033,0.7437634923933513,0.03580428790604329,12000.0,26.785327911376953,0.6000003814697266,0.0,0.0011111111109615647
LA,band,2,AE,AE,ID,9_14,1493,48,0.9790410805983478,0.9992886565037847,0.004301663046834955,24000.0,0.3758048415184021,0.30000007152557373,0.0,0.14888888888910112
LA,band,3,A,A,ID,3_21,187,280,0.9786096256684492,0.9635671408108569,0.5395444685683043,24000.0,63.415714263916016,3.299999237060547,0.0,0.0
LA,band,3,A,A,ID,4_20,422,443,0.9538529842842318,0.9313943757717613,0.4228108094448711,24000.0,50.73936080932617,3.6000022888183594,0.0,0.004444444444391955
LA,band,3,A,A,ID,5_16,681,591,0.9182847956747194,0.9359408364384001,0.2558808670699087,24000.0,10.852213382720947,2.5,0.0,0.0
LA,band,3,A,A,ID,5_18,429,557,0.9819085761635132,0.9782510882970235,0.12962288091346452,24000.0,76.05621337890625,5.80000114440918,0.0,0.0
LA,band,3,A,A,ID,5_19,950,377,0.9868881753455256,0.9942890371416097,0.12962288091346452,24000.0,35.36846160888672,2.999998092651367,0.0,0.0011111111110828306
LA,band,3,A,A,ID,6_18,77,220,0.9778630460448642,0.9228366343635571,0.31469618693986984,12000.0,39.89975357055664,4.1999969482421875,0.0,0.0
LA,band,3,A,A,ID,6_19,648,549,0.9933830308754413,0.994535100125717,0.31469618693986984,24000.0,34.81944274902344,4.5,0.0,0.0
LA,band,3,A,A,ID,7_17,440,181,0.8188096433952787,0.9122788091501983,0.16376364468695728,24000.0,11.275970458984375,1.299999713897705,0.0,0.003333333333278808
LA,band,3,A,A,ID,7_20,1019,228,0.9644990789043266,0.9918371067324135,0.040599694722148943,12000.0,18.709182739257812,1.1999998092651367,0.0,0.03666666666609721
LA,band,3,A,A,ID,9_15,1042,217,0.884856753672926,0.9674621380031647,0.023715270041224697,24000.0,0.6339086294174194,0.49999988079071045,0.0,0.001111111111113147
LA,band,3,A,AE,OOD,3_21,146,194,0.9812526479310831,0.9703746731219455,0.5395444685683043,24000.0,61.897871017456055,3.0,0.0,0.0
LA,band,3,A,AE,OOD,4_20,265,547,0.9511848504708358,0.8924939740269201,0.4228108094448711,24000.0,57.811031341552734,3.799999237060547,0.0,0.0011111111110828306
LA,band,3,A,AE,OOD,5_16,229,235,0.8919446251045248,0.8999882886566186,0.2558808670699087,24000.0,11.564379215240479,2.100000023841858,0.0,0.0
LA,band,3,A,AE,OOD,5_18,170,54,0.9923747276688454,0.9977109875210607,0.12962288091346452,24000.0,63.97452735900879,3.5500001907348633,0.0,0.0
LA,band,3,A,AE,OOD,5_19,154,78,0.9841824841824842,0.9919237625154516,0.12962288091346452,24000.0,36.04833984375,2.90000057220459,0.0,0.001111111110976723
LA,band,3,A,AE,OOD,6_18,230,302,0.9601785200115174,0.9134940815067814,0.31469618693986984,12000.0,28.89089870452881,2.6000003814697266,0.0,0.0
LA,band,3,A,AE,OOD,6_19,37,101,0.9991972170189992,0.9979729729729729,0.31469618693986984,24000.0,45.26592826843262,5.550000190734863,0.0,0.0
LA,band,3,A,AE,OOD,7_17,105,47,0.7428571428571429,0.8582251988066654,0.16376364468695728,24000.0,11.071071147918701,1.1999998092651367,0.0,0.003888888888911173
LA,band,3,A,AE,OOD,7_20,304,91,0.9542365529207635,0.9865952531060961,0.040599694722148943,12000.0,18.71330451965332,1.2999992370605469,0.0,0.025555555555663016
LA,band,3,A,AE,OOD,9_15,745,446,0.898034730791224,0.9265520006591471,0.023715270041224697,24000.0,0.7071735262870789,0.5,0.0,0.0
LA,band,3,AE,A,OOD,3_21,187,280,0.9726890756302521,0.9470360080838848,0.5395444685683043,24000.0,63.415714263916016,3.299999237060547,0.0,0.0
LA,band,3,AE,A,OOD,4_20,422,443,0.9542648679297765,0.9409500687437802,0.4228108094448711,24000.0,50.73936080932617,3.6000022888183594,0.0,0.004444444444391955
LA,band,3,AE,A,OOD,5_16,681,591,0.914781437668801,0.931149204837638,0.2558808670699087,24000.0,10.852213382720947,2.5,0.0,0.0
LA,band,3,AE,A,OOD,5_18,429,557,0.9806656539152051,0.9770021657449659,0.12962288091346452,24000.0,76.05621337890625,5.80000114440918,0.0,0.0
LA,band,3,AE,A,OOD,5_19,950,377,0.9809046488901297,0.9917929514260646,0.12962288091346452,24000.0,35.36846160888672,2.999998092651367,0.0,0.0011111111110828306
LA,band,3,AE,A,OOD,6_18,77,220,0.964344746162928,0.8821537596777718,0.31469618693986984,12000.0,39.89975357055664,4.1999969482421875,0.0,0.0
LA,band,3,AE,A,OOD,6_19,648,549,0.9919410150891632,0.99328966550774,0.31469618693986984,24000.0,34.81944274902344,4.5,0.0,0.0
LA,band,3,AE,A,OOD,7_17,440,181,0.7862129583124058,0.881067924484692,0.16376364468695728,24000.0,11.275970458984375,1.299999713897705,0.0,0.003333333333278808
LA,band,3,AE,A,OOD,7_20,1019,228,0.9599495549472307,0.9906133342367063,0.040599694722148943,12000.0,18.709182739257812,1.1999998092651367,0.0,0.03666666666609721
LA,band,3,AE,A,OOD,9_15,1042,217,0.8764295886145925,0.96139161645204,0.023715270041224697,24000.0,0.6339086294174194,0.49999988079071045,0.0,0.001111111111113147
LA,band,3,AE,AE,ID,3_21,146,194,0.9752506708092077,0.9509553940236809,0.5395444685683043,24000.0,61.897871017456055,3.0,0.0,0.0
LA,band,3,AE,AE,ID,4_20,265,547,0.9453899486047395,0.8901987620014168,0.4228108094448711,24000.0,57.811031341552734,3.799999237060547,0.0,0.0011111111110828306
LA,band,3,AE,AE,ID,5_16,229,235,0.8812784539626497,0.8869615545223205,0.2558808670699087,24000.0,11.564379215240479,2.100000023841858,0.0,0.0
LA,band,3,AE,AE,ID,5_18,170,54,0.9892156862745097,0.9964324015680153,0.12962288091346452,24000.0,63.97452735900879,3.5500001907348633,0.0,0.0
LA,band,3,AE,AE,ID,5_19,154,78,0.9834332334332335,0.9907306181962199,0.12962288091346452,24000.0,36.04833984375,2.90000057220459,0.0,0.001111111110976723
LA,band,3,AE,AE,ID,6_18,230,302,0.9600777425856608,0.933875470213064,0.31469618693986984,12000.0,28.89089870452881,2.6000003814697266,0.0,0.0
LA,band,3,AE,AE,ID,6_19,37,101,0.9997324056729997,0.9992887624466571,0.31469618693986984,24000.0,45.26592826843262,5.550000190734863,0.0,0.0
LA,band,3,AE,AE,ID,7_17,105,47,0.8034447821681865,0.896210683503326,0.16376364468695728,24000.0,11.071071147918701,1.1999998092651367,0.0,0.003888888888911173
LA,band,3,AE,AE,ID,7_20,304,91,0.9552486986697514,0.9867969816244313,0.040599694722148943,12000.0,18.71330451965332,1.2999992370605469,0.0,0.025555555555663016
LA,band,3,AE,AE,ID,9_15,745,446,0.8866132964155656,0.8957423047394759,0.023715270041224697,24000.0,0.7071735262870789,0.5,0.0,0.0
LA,shadedX,0,A,A,ID,10_16,417,472,0.8723326423606877,0.884885338944554,0.44870070534596246,24000.0,2.9158496856689453,1.0,0.0,0.0
LA,shadedX,0,A,A,ID,4_16,152,670,0.8849862529457974,0.7264730264381639,0.3462774653438387,12000.0,7.197319269180298,2.0999999046325684,0.0,0.0
LA,shadedX,0,A,A,ID,4_17,109,56,0.8148754914809961,0.900436762877745,0.09101352766134223,24000.0,30.273605346679688,3.6000003814697266,0.0,0.0
LA,shadedX,0,A,A,ID,5_15,70,1666,0.8875493054364603,0.5212477277722084,0.3462774653438387,24000.0,2.681313633918762,0.8000001907348633,0.0,0.006666666666618249
LA,shadedX,0,A,A,ID,6_15,546,1261,0.6558897090221436,0.49432458619199066,0.10270103710982625,24000.0,2.0130727291107178,0.5,0.0,0.3322222222233154
LA,shadedX,0,A,A,ID,6_20,421,131,0.8332033870646044,0.9423801172832462,0.39967522708043823,24000.0,43.39589881896973,3.200000762939453,0.0,0.0
LA,shadedX,0,A,A,ID,7_16,577,191,0.9482247044198644,0.983410208140582,0.16376364468695728,24000.0,6.407531976699829,0.8000001907348633,0.0,0.0099999999998819
LA,shadedX,0,A,A,ID,7_19,354,253,0.8975235032714769,0.9296330602551632,0.0007057584701401872,24000.0,19.61725425720215,1.3999996185302734,0.0,0.004444444444543538
LA,shadedX,0,A,A,ID,8_20,548,92,0.9763368771818469,0.9960418696420704,0.1462774695704643,12000.0,19.71870708465576,1.0,0.0,0.0
LA,shadedX,0,A,A,ID,9_17,191,158,0.7323546954735238,0.742391529323197,0.674017668749505,12000.0,30.272462844848633,2.1999988555908203,0.0,0.0033333333334000744
LA,shadedX,0,A,AE,OOD,10_16,1083,329,0.855503821143003,0.9557776139546108,0.44870070534596246,24000.0,1.435093343257904,0.7999999523162842,0.0,0.0
LA,shadedX,0,A,AE,OOD,4_15,1337,653,0.8284392499493163,0.9189139270475565,0.3462774653438387,24000.0,0.7315252423286438,0.5,0.0,0.052222222222348263
LA,shadedX,0,A,AE,OOD,4_16,328,559,0.8588016492866181,0.8208505876320232,0.3462774653438387,12000.0,7.515405178070068,2.0999999046325684,0.0,0.0
LA,shadedX,0,A,AE,OOD,4_17,165,50,0.8423030303030302,0.945511713052013,0.2558808670699087,24000.0,29.158466339111328,3.299999237060547,0.0,0.0
LA,shadedX,0,A,AE,OOD,5_15,1690,1615,0.8538494513345669,0.8838986272824707,0.3462774653438387,24000.0,2.0452001094818115,0.5,0.0,0.06333333333384356
LA,shadedX,0,A,AE,OOD,6_15,1419,1018,0.6728437110170559,0.7452735330265432,0.10270103710982625,24000.0,1.7558772563934326,0.5,0.0,0.3377777777791542
LA,shadedX,0,A,AE,OOD,7_16,360,129,0.9183247200689061,0.9641825182447854,0.16376364468695728,24000.0,6.795628547668457,0.8000001907348633,0.0,0.011111111110616093
LA,shadedX,0,A,AE,OOD,7_19,110,205,0.9301552106430155,0.8786162306604662,0.0007057584701401872,24000.0,19.609012603759766,1.3999996185302734,0.0,0.002222222222286927
LA,shadedX,0,A,AE,OOD,8_20,30,69,0.981159420289855,0.9769444444444445,0.1462774695704643,24000.0,19.796499252319336,1.7000007629394531,0.0,0.002222222222286927
LA,shadedX,0,A,AE,OOD,9_17,238,108,0.7458372237784003,0.8466580938771711,0.5899850248691425,12000.0,32.65113067626953,2.1000022888183594,0.0,0.0022222222221959776
LA,shadedX,0,AE,A,OOD,10_16,417,472,0.8638936308580255,0.8767520756394889,0.44870070534596246,24000.0,2.9158496856689453,1.0,0.0,0.0
LA,shadedX,0,AE,A,OOD,4_16,152,670,0.7809897879025923,0.48990936552972286,0.3462774653438387,12000.0,7.197319269180298,2.0999999046325684,0.0,0.0
LA,shadedX,0,AE,A,OOD,4_17,109,56,0.5930537352555703,0.7896207084627487,0.09101352766134223,24000.0,30.273605346679688,3.6000003814697266,0.0,0.0
LA,shadedX,0,AE,A,OOD,5_15,70,1666,0.9041159320871205,0.672673857303884,0.3462774653438387,24000.0,2.681313633918762,0.8000001907348633,0.0,0.006666666666618249
LA,shadedX,0,AE,A,OOD,6_15,546,1261,0.7875196439827685,0.7278378881675418,0.10270103710982625,24000.0,2.0130727291107178,0.5,0.0,0.3322222222233154
LA,shadedX,0,AE,A,OOD,6_20,421,131,0.7958332577831772,0.9218908252038082,0.39967522708043823,24000.0,43.39589881896973,3.200000762939453,0.0,0.0
LA,shadedX,0,AE,A,OOD,7_16,577,191,0.9242334878909689,0.9714869554717921,0.16376364468695728,24000.0,6.407531976699829,0.8000001907348633,0.0,0.0099999999998819
LA,shadedX,0,AE,A,OOD,7_19,354,253,0.8879100511377593,0.9089849436955666,0.0007057584701401872,24000.0,19.61725425720215,1.3999996185302734,0.0,0.004444444444543538
LA,shadedX,0,AE,A,OOD,8_20,548,92,0.9680855284036813,0.994664511301492,0.1462774695704643,12000.0,19.71870708465576,1.0,0.0,0.0
LA,shadedX,0,AE,A,OOD,9_17,191,158,0.7771886804957253,0.7764286327000918,0.674017668749505,12000.0,30.272462844848633,2.1999988555908203,0.0,0.0033333333334000744
LA,shadedX,0,AE,AE,ID,10_16,1083,329,0.8408338876306107,0.950027032162945,0.44870070534596246,24000.0,1.435093343257904,0.7999999523162842,0.0,0.0
LA,shadedX,0,AE,AE,ID,4_15,1337,653,0.9091518232975703,0.9638588717868906,0.3462774653438387,24000.0,0.7315252423286438,0.5,0.0,0.052222222222348263
LA,shadedX,0,AE,AE,ID,4_16,328,559,0.7444751079890048,0.6270928769748079,0.3462774653438387,12000.0,7.515405178070068,2.0999999046325684,0.0,0.0
LA,shadedX,0,AE,AE,ID,4_17,165,50,0.6410909090909092,0.8708055110799421,0.2558808670699087,24000.0,29.158466339111328,3.299999237060547,0.0,0.0
LA,shadedX,0,AE,AE,ID,5_15,1690,1615,0.8900686976752707,0.9209422365143007,0.3462774653438387,24000.0,2.0452001094818115,0.5,0.0,0.06333333333384356
LA,shadedX,0,AE,AE,ID,6_15,1419,1018,0.7833029430781521,0.8661162986298465,0.10270103710982625,24000.0,1.7558772563934326,0.5,0.0,0.3377777777791542
LA,shadedX,0,AE,AE,ID,7_16,360,129,0.8863910422049956,0.9507047317977163,0.16376364468695728,24000.0,6.795628547668457,0.8000001907348633,0.0,0.011111111110616093
LA,shadedX,0,AE,AE,ID,7_19,110,205,0.9133924611973393,0.8551803205763655,0.0007057584701401872,24000.0,19.609012603759766,1.3999996185302734,0.0,0.002222222222286927
LA,shadedX,0,AE,AE,ID,8_20,30,69,0.978743961352657,0.9653580476755174,0.1462774695704643,24000.0,19.796499252319336,1.7000007629394531,0.0,0.002222222222286927
LA,shadedX,0,AE,AE,ID,9_17,238,108,0.7976190476190477,0.8548181357037883,0.5899850248691425,12000.0,32.65113067626953,2.1000022888183594,0.0,0.0022222222221959776
LA,shadedX,1,A,A,ID,10_17,468,47,0.7649118021458446,0.9694579659291076,0.44870070534596246,24000.0,41.77083206176758,2.8000011444091797,0.0,0.0
LA,shadedX,1,A,A,ID,11_17,428,81,0.8557747778931579,0.9697327959241029,0.46664877285943646,24000.0,37.341468811035156,3.3000011444091797,0.0,0.001111111111113147
LA,shadedX,1,A,A,ID,6_21,203,60,0.8137110016420361,0.9281857112769499,0.14155907997257983,24000.0,28.54838752746582,2.3999996185302734,0.0,0.013333333333388082
LA,shadedX,1,A,A,ID,8_19,62,121,0.9508131165022661,0.9371077513595166,0.01937143388392951,24000.0,19.419689178466797,1.3999996185302734,0.0,0.003333333333339441
LA,shadedX,1,A,A,ID,9_16,289,380,0.825723911855764,0.8393017000209659,0.674017668749505,12000.0,14.861368179321289,1.5,0.0,0.0
LA,shadedX,1,A,AE,OOD,10_17,169,54,0.7852290159982468,0.913750753496512,0.44870070534596246,24000.0,36.68874740600586,3.1999988555908203,0.0,0.0
LA,shadedX,1,A,AE,OOD,11_17,95,61,0.8293356341673856,0.8879328108567864,0.46664877285943646,24000.0,37.91023254394531,4.09999942779541,0.0,0.0005555555555414153
LA,shadedX,1,A,AE,OOD,6_21,257,32,0.6567363813229572,0.9300370002246439,0.14155907997257983,24000.0,28.706809997558594,2.1999988555908203,0.0,0.0011111111111737802
LA,shadedX,1,A,AE,OOD,8_14,317,146,0.980748455122942,0.9917311359964845,0.02005463282532235,24000.0,0.5330955982208252,0.3999999761581421,0.0,0.025555555555693325
LA,shadedX,1,A,AE,OOD,9_16,1407,300,0.8444847192608387,0.9661686238246197,0.674017668749505,12000.0,7.900562763214111,1.1000001430511475,0.0,0.003333333333430391
LA,shadedX,1,AE,A,OOD,10_17,468,47,0.7285415530096381,0.9655230327667479,0.44870070534596246,24000.0,41.77083206176758,2.8000011444091797,0.0,0.0
LA,shadedX,1,AE,A,OOD,11_17,428,81,0.8050651898003922,0.9526279306408328,0.46664877285943646,24000.0,37.341468811035156,3.3000011444091797,0.0,0.001111111111113147
LA,shadedX,1,AE,A,OOD,6_21,203,60,0.8568965517241379,0.9578945827876366,0.14155907997257983,24000.0,28.54838752746582,2.3999996185302734,0.0,0.013333333333388082
LA,shadedX,1,AE,A,OOD,8_19,62,121,0.9489469474806718,0.9322432398427177,0.01937143388392951,24000.0,19.419689178466797,1.3999996185302734,0.0,0.003333333333339441
LA,shadedX,1,AE,A,OOD,9_16,289,380,0.8310690220360589,0.8283233566428311,0.674017668749505,12000.0,14.861368179321289,1.5,0.0,0.0
LA,shadedX,1,AE,AE,ID,10_17,169,54,0.7747096208634672,0.9159394049328189,0.44870070534596246,24000.0,36.68874740600586,3.1999988555908203,0.0,0.0
LA,shadedX,1,AE,AE,ID,11_17,95,61,0.7915444348576359,0.8638546744922424,0.46664877285943646,24000.0,37.91023254394531,4.09999942779541,0.0,0.0005555555555414153
LA,shadedX,1,AE,AE,ID,6_21,257,32,0.8315904669260702,0.9777422226998281,0.14155907997257983,24000.0,28.706809997558594,2.1999988555908203,0.0,0.0011111111111737802
LA,shadedX,1,AE,AE,ID,8_14,317,146,0.9853938896331187,0.9936282725150809,0.02005463282532235,24000.0,0.5330955982208252,0.3999999761581421,0.0,0.025555555555693325
LA,shadedX,1,AE,AE,ID,9_16,1407,300,0.8331603885335228,0.9622102031043345,0.674017668749505,12000.0,7.900562763214111,1.1000001430511475,0.0,0.003333333333430391
LA,shadedX,2,A,A,ID,10_15,161,682,0.9571865721935847,0.9096432049577658,0.018841894152012283,24000.0,1.7464431524276733,0.7999997138977051,0.0,0.0
LA,shadedX,2,A,A,ID,4_21,762,62,0.8588815510964356,0.9867761657170591,0.4228108094448711,24000.0,52.53540229797363,2.299999237060547,0.0,0.004444444444452588
LA,shadedX,2,A,A,ID,6_16,741,51,0.8758169934640522,0.9906053458372381,0.13422304854056127,24000.0,10.54887580871582,1.2000007629394531,0.0,0.04666666666676736
LA,shadedX,2,A,A,ID,7_15,254,1756,0.8329372410453248,0.629328575426998,0.014404710858029255,24000.0,3.300459384918213,0.7000000476837158,0.0,0.014444444444046484
LA,shadedX,2,A,A,ID,7_21,799,1441,0.8527852737504116,0.798756987082459,0.14155907997257983,24000.0,22.71194553375244,2.0,0.0,0.009999999999806108
LA,shadedX,2,A,A,ID,8_15,1374,1029,0.9074948756795294,0.9413125391847758,0.02005463282532235,24000.0,2.00600004196167,0.5999999046325684,0.0,0.012222222222244618
LA,shadedX,2,A,A,ID,8_21,430,26,0.7705724508050089,0.9809355458930011,0.1462774695704643,12000.0,25.72655487060547,0.5,0.0,0.008333333333257654
LA,shadedX,2,A,A,ID,9_14,57,565,0.887905604719764,0.5633531991497817,0.004301663046834955,24000.0,1.0766526460647583,0.7000001072883606,0.0,0.021111111110149353
LA,shadedX,2,A,AE,OOD,10_15,474,1442,0.968658742838416,0.9415040282555154,0.018841894152012283,24000.0,1.672541320323944,0.7000000476837158,0.0,0.0
LA,shadedX,2,A,AE,OOD,6_16,104,42,0.915521978021978,0.9666878717421609,0.10270103710982625,24000.0,8.442795753479004,1.3000001907348633,0.0,0.053888888888199434
LA,shadedX,2,A,AE,OOD,7_15,674,1357,0.8194164120977283,0.7740455742857918,0.014404710858029255,24000.0,3.16257905960083,0.6999998092651367,0.0,0.025555555555481113
LA,shadedX,2,A,AE,OOD,7_21,207,1062,0.8374182337581993,0.6562172156129685,0.14155907997257983,24000.0,23.128589630126953,2.200000762939453,0.0,0.007777777777670764
LA,shadedX,2,A,AE,OOD,8_15,395,836,0.8759584519411302,0.855746330820931,0.02005463282532235,24000.0,2.3756556510925293,0.6000001430511475,0.0,0.0
LA,shadedX,2,A,AE,OOD,8_21,67,28,0.7553304904051172,0.8709934931278944,0.03580428790604329,12000.0,27.10831069946289,0.6000003814697266,0.0,0.0011111111109615647
LA,shadedX,2,A,AE,OOD,9_14,1493,466,0.8827992721397997,0.9555675482965817,0.004301663046834955,24000.0,0.4470832645893097,0.3999999761581421,0.0,0.0988888888890701
LA,shadedX,2,AE,A,OOD,10_15,161,682,0.9607293127629734,0.9116430766705302,0.018841894152012283,24000.0,1.7464431524276733,0.7999997138977051,0.0,0.0
LA,shadedX,2,AE,A,OOD,4_21,762,62,0.7634408602150536,0.9765718042444023,0.4228108094448711,24000.0,52.53540229797363,2.299999237060547,0.0,0.004444444444452588
LA,shadedX,2,AE,A,OOD,6_16,741,51,0.9445105977613717,0.9958231955444012,0.13422304854056127,24000.0,10.54887580871582,1.2000007629394531,0.0,0.04666666666676736
LA,shadedX,2,AE,A,OOD,7_15,254,1756,0.7954392588739619,0.503373135481386,0.014404710858029255,24000.0,3.300459384918213,0.7000000476837158,0.0,0.014444444444046484
LA,shadedX,2,AE,A,OOD,7_21,799,1441,0.8255287881538251,0.780268339811771,0.14155907997257983,24000.0,22.71194553375244,2.0,0.0,0.009999999999806108
LA,shadedX,2,AE,A,OOD,8_15,1374,1029,0.9313369348571202,0.9586789673193634,0.02005463282532235,24000.0,2.00600004196167,0.5999999046325684,0.0,0.012222222222244618
LA,shadedX,2,AE,A,OOD,8_21,430,26,0.8356887298747765,0.983926633269755,0.1462774695704643,12000.0,25.72655487060547,0.5,0.0,0.008333333333257654
LA,shadedX,2,AE,A,OOD,9_14,57,565,0.9777053252600527,0.8911185635776594,0.004301663046834955,24000.0,1.0766526460647583,0.7000001072883606,0.0,0.021111111110149353
LA,shadedX,2,AE,AE,ID,10_15,474,1442,0.9658248330670599,0.9365073152569894,0.018841894152012283,24000.0,1.672541320323944,0.7000000476837158,0.0,0.0
LA,shadedX,2,AE,AE,ID,6_16,104,42,0.9441391941391941,0.9660759239646464,0.10270103710982625,24000.0,8.442795753479004,1.3000001907348633,0.0,0.053888888888199434
LA,shadedX,2,AE,AE,ID,7_15,674,1357,0.8008316040139162,0.7206624720533612,0.014404710858029255,24000.0,3.16257905960083,0.6999998092651367,0.0,0.025555555555481113
LA,shadedX,2,AE,AE,ID,7_21,207,1062,0.8342249151632595,0.6600268324234981,0.14155907997257983,24000.0,23.128589630126953,2.200000762939453,0.0,0.007777777777670764
LA,shadedX,2,AE,AE,ID,8_15,395,836,0.9151929017018957,0.904388390521651,0.02005463282532235,24000.0,2.3756556510925293,0.6000001430511475,0.0,0.0
LA,shadedX,2,AE,AE,ID,8_21,67,28,0.8081023454157783,0.8818236709158973,0.03580428790604329,12000.0,27.10831069946289,0.6000003814697266,0.0,0.0011111111109615647
LA,shadedX,2,AE,AE,ID,9_14,1493,466,0.9708899039580992,0.9910168516647417,0.004301663046834955,24000.0,0.4470832645893097,0.3999999761581421,0.0,0.0988888888890701
LA,shadedX,3,A,A,ID,3_21,187,28,0.7192513368983957,0.9518092823477782,0.5395444685683043,24000.0,52.81781768798828,0.8999977111816406,0.0,0.06666666666621283
LA,shadedX,3,A,A,ID,4_20,422,101,0.8832293181924827,0.9702379914421869,0.4228108094448711,24000.0,45.50194549560547,1.7999992370605469,0.0,0.021111111110967893
LA,shadedX,3,A,A,ID,5_16,681,480,0.9454968184043074,0.9661707086517664,0.2558808670699087,24000.0,5.400726795196533,2.0,0.0,0.002222222222286927
LA,shadedX,3,A,A,ID,5_18,429,144,0.5701728826728827,0.8291788366510642,0.12962288091346452,24000.0,32.69300079345703,2.700000762939453,0.0,0.0
LA,shadedX,3,A,A,ID,5_19,950,297,0.7434272550062024,0.9056065788515908,0.12962288091346452,24000.0,33.22642517089844,2.0999984741210938,0.0,0.011111111110828307
LA,shadedX,3,A,A,ID,6_18,77,471,0.7236606281192268,0.45382308436519864,0.31469618693986984,12000.0,28.239892959594727,1.5,0.0,0.001111111111113147
LA,shadedX,3,A,A,ID,6_19,648,450,0.8953566529492456,0.9321846711130726,0.31469618693986984,24000.0,27.33912944793701,3.1000003814697266,0.0,0.0
LA,shadedX,3,A,A,ID,7_20,1019,947,0.8816623540274385,0.9036047481872933,0.040599694722148943,12000.0,19.614364624023438,1.3999996185302734,0.0,0.014444444444395119
LA,shadedX,3,A,A,ID,9_15,1042,796,0.8725344573153676,0.9049556779486156,0.023715270041224697,24000.0,1.0411612391471863,0.6000001430511475,0.0,0.003333333333293966
LA,shadedX,3,A,AE,OOD,3_21,146,31,0.8358373840035351,0.9633204741308211,0.5395444685683043,24000.0,52.539459228515625,0.7000007629394531,0.0,0.06888888888874233
LA,shadedX,3,A,AE,OOD,4_20,265,82,0.878232857800276,0.96065268762526,0.4228108094448711,24000.0,45.651161193847656,1.6999969482421875,0.0,0.014444444444531548
LA,shadedX,3,A,AE,OOD,5_16,229,404,0.9136365601625664,0.8999531242077589,0.2558808670699087,24000.0,5.0812249183654785,1.6999998092651367,0.0,0.004444444444391955
LA,shadedX,3,A,AE,OOD,5_18,170,83,0.5144578313253012,0.719073786332522,0.12962288091346452,24000.0,32.09201431274414,3.1000003814697266,0.0,0.0033333333333697575
LA,shadedX,3,A,AE,OOD,5_19,154,199,0.7215297265548521,0.7159816893965902,0.12962288091346452,24000.0,33.38491439819336,2.499998092651367,0.0,0.005555555555505102
LA,shadedX,3,A,AE,OOD,6_18,230,394,0.6965129110571617,0.6501150185680331,0.31469618693986984,12000.0,27.950761795043945,1.5,0.0,0.0033333333333091246
LA,shadedX,3,A,AE,OOD,6_19,37,279,0.7942458587619879,0.4781110475308937,0.31469618693986984,24000.0,27.88664150238037,4.949999809265137,0.0,0.0
LA,shadedX,3,A,AE,OOD,7_20,304,734,0.8933296285673311,0.8294484834493859,0.040599694722148943,12000.0,19.79589557647705,1.3999996185302734,0.0,0.004444444444482904
LA,shadedX,3,A,AE,OOD,9_15,745,630,0.879731543624161,0.8995489616961292,0.023715270041224697,24000.0,1.0370599031448364,0.6000001430511475,0.0,0.002222222222286927
LA,shadedX,3,AE,A,OOD,3_21,187,28,0.7473262032085561,0.9559742840819451,0.5395444685683043,24000.0,52.81781768798828,0.8999977111816406,0.0,0.06666666666621283
LA,shadedX,3,AE,A,OOD,4_20,422,101,0.8836281732438646,0.9702142471972243,0.4228108094448711,24000.0,45.50194549560547,1.7999992370605469,0.0,0.021111111110967893
LA,shadedX,3,AE,A,OOD,5_16,681,480,0.9386930983847283,0.9610235312407256,0.2558808670699087,24000.0,5.400726795196533,2.0,0.0,0.002222222222286927
LA,shadedX,3,AE,A,OOD,5_18,429,144,0.7351236726236726,0.901042931749963,0.12962288091346452,24000.0,32.69300079345703,2.700000762939453,0.0,0.0
LA,shadedX,3,AE,A,OOD,5_19,950,297,0.6715399610136452,0.8773629987272056,0.12962288091346452,24000.0,33.22642517089844,2.0999984741210938,0.0,0.011111111110828307
LA,shadedX,3,AE,A,OOD,6_18,77,471,0.8829790167369784,0.697761339498872,0.31469618693986984,12000.0,28.239892959594727,1.5,0.0,0.001111111111113147
LA,shadedX,3,AE,A,OOD,6_19,648,450,0.9043998628257887,0.9340418963902437,0.31469618693986984,24000.0,27.33912944793701,3.1000003814697266,0.0,0.0
LA,shadedX,3,AE,A,OOD,7_20,1019,947,0.8899940206820153,0.9156800550157668,0.040599694722148943,12000.0,19.614364624023438,1.3999996185302734,0.0,0.014444444444395119
LA,shadedX,3,AE,A,OOD,9_15,1042,796,0.9244410632818604,0.9492867596714962,0.023715270041224697,24000.0,1.0411612391471863,0.6000001430511475,0.0,0.003333333333293966
LA,shadedX,3,AE,AE,ID,3_21,146,31,0.7549712770658418,0.944927114427932,0.5395444685683043,24000.0,52.539459228515625,0.7000007629394531,0.0,0.06888888888874233
LA,shadedX,3,AE,AE,ID,4_20,265,82,0.8706396686608375,0.9592611733142564,0.4228108094448711,24000.0,45.651161193847656,1.6999969482421875,0.0,0.014444444444531548
LA,shadedX,3,AE,AE,ID,5_16,229,404,0.919343681093,0.9009893451301632,0.2558808670699087,24000.0,5.0812249183654785,1.6999998092651367,0.0,0.004444444444391955
LA,shadedX,3,AE,AE,ID,5_18,170,83,0.7746279234585401,0.8811607366191154,0.12962288091346452,24000.0,32.09201431274414,3.1000003814697266,0.0,0.0033333333333697575
LA,shadedX,3,AE,AE,ID,5_19,154,199,0.6545715590941721,0.6469946351942674,0.12962288091346452,24000.0,33.38491439819336,2.499998092651367,0.0,0.005555555555505102
LA,shadedX,3,AE,AE,ID,6_18,230,394,0.8642021628779518,0.8398235003884523,0.31469618693986984,12000.0,27.950761795043945,1.5,0.0,0.0033333333333091246
LA,shadedX,3,AE,AE,ID,6_19,37,279,0.8400658723239368,0.5342534590530412,0.31469618693986984,24000.0,27.88664150238037,4.949999809265137,0.0,0.0
LA,shadedX,3,AE,AE,ID,7_20,304,734,0.8838062885415172,0.8359731158727379,0.040599694722148943,12000.0,19.79589557647705,1.3999996185302734,0.0,0.004444444444482904
LA,shadedX,3,AE,AE,ID,9_15,745,630,0.9285948652391605,0.946584709724336,0.023715270041224697,24000.0,1.0370599031448364,0.6000001430511475,0.0,0.002222222222286927
NC,band,0,A,A,ID,23_29,32,172,0.9996366279069767,0.9981617647058824,13.093514330193022,6000.0,931.6083068847656,67.05001831054688,0.0,0.0
NC,band,0,A,A,ID,24_29,26,55,0.9972027972027971,0.9942349957734573,12.922192759780073,6000.0,662.2129516601562,14.79998779296875,0.0,0.0
NC,band,0,A,A,ID,33_28,392,233,0.8903499167907507,0.9150831084675775,0.49159818596598437,12000.0,16.116289138793945,1.2999992370605469,0.0,0.0
NC,band,0,A,A,ID,34_29,945,506,0.7896062069975114,0.8829644319847443,0.30243749976989937,12000.0,10.955551147460938,1.0,0.0,0.0
NC,band,0,A,AE,OOD,24_29,28,108,0.9993386243386243,0.9974929627023222,6.889317231012356,6000.0,670.9405212402344,24.1500244140625,0.0,0.0
NC,band,0,A,AE,OOD,29_32,56,138,0.9884834368530021,0.9742376528097614,4.03315965132689,6000.0,172.01441192626953,10.950000762939453,0.0,0.002222222222226294
NC,band,0,A,AE,OOD,31_28,349,189,0.8736980943284667,0.9320831931666086,1.1172946344537114,12000.0,20.057856559753418,1.7999992370605469,0.0,0.0
NC,band,0,A,AE,OOD,33_28,77,49,0.8844420885237212,0.8973281825112263,0.49159818596598437,6000.0,16.12086582183838,1.3500003814697266,0.0,0.0
NC,band,0,A,AE,OOD,34_29,182,117,0.7889546351084812,0.8524341732092193,0.30243749976989937,12000.0,11.0,1.3000001907348633,0.0,0.0
NC,band,0,AE,A,OOD,23_29,32,172,0.9994549418604651,0.9973214285714286,13.093514330193022,6000.0,931.6083068847656,67.05001831054688,0.0,0.0
NC,band,0,AE,A,OOD,24_29,26,55,1.0,1.0,12.922192759780073,6000.0,662.2129516601562,14.79998779296875,0.0,0.0
NC,band,0,AE,A,OOD,33_28,392,233,0.8926381711482876,0.9194218328209204,0.49159818596598437,12000.0,16.116289138793945,1.2999992370605469,0.0,0.0
NC,band,0,AE,A,OOD,34_29,945,506,0.8832047179873268,0.936999929601401,0.30243749976989937,12000.0,10.955551147460938,1.0,0.0,0.0
NC,band,0,AE,AE,ID,24_29,28,108,0.9996693121693121,0.9987684729064039,6.889317231012356,6000.0,670.9405212402344,24.1500244140625,0.0,0.0
NC,band,0,AE,AE,ID,29_32,56,138,0.9958592132505176,0.9905762160300108,4.03315965132689,6000.0,172.01441192626953,10.950000762939453,0.0,0.002222222222226294
NC,band,0,AE,AE,ID,31_28,349,189,0.9106290080502115,0.9480140860456858,1.1172946344537114,12000.0,20.057856559753418,1.7999992370605469,0.0,0.0
NC,band,0,AE,AE,ID,33_28,77,49,0.838855022528492,0.8478785052382996,0.49159818596598437,6000.0,16.12086582183838,1.3500003814697266,0.0,0.0
NC,band,0,AE,AE,ID,34_29,182,117,0.8424438809054194,0.9014204523875998,0.30243749976989937,12000.0,11.0,1.3000001907348633,0.0,0.0
NC,band,1,A,A,ID,21_28,158,762,0.9875577261703047,0.9033116425707247,3.4838274444705886,6000.0,865.2968139648438,94.10000610351562,0.0,0.0
NC,band,1,A,A,ID,22_28,63,526,0.9980385056430684,0.9820228934067727,3.4838274444705886,6000.0,1000.3131713867188,82.9000244140625,0.0,0.0
NC,band,1,A,A,ID,28_31,58,370,0.8845293569431502,0.7007255940306425,4.813302647447513,6000.0,256.40699768066406,12.799995422363281,0.0,0.0022222222221959776
NC,band,1,A,AE,OOD,21_28,40,77,0.9870129870129871,0.9763630202086439,3.4838274444705886,6000.0,831.1812744140625,64.29998779296875,0.0,0.0
NC,band,1,A,AE,OOD,22_28,43,128,0.9890988372093024,0.9638285302688657,3.4838274444705886,6000.0,975.5231323242188,56.79998779296875,0.0,0.0
NC,band,1,A,AE,OOD,26_29,105,174,0.9944170771756979,0.9924864838331472,4.111934435633611,6000.0,233.46295166015625,7.6999969482421875,0.0,0.0
NC,band,1,A,AE,OOD,28_31,47,142,0.912646089301768,0.8349594152327934,4.813302647447513,6000.0,255.9965057373047,11.800003051757812,0.0,0.0022222222221959776
NC,band,1,AE,A,OOD,21_28,158,762,0.9915445695870295,0.9461033149770299,3.4838274444705886,6000.0,865.2968139648438,94.10000610351562,0.0,0.0
NC,band,1,AE,A,OOD,22_28,63,526,0.9987929265495805,0.9902928661758035,3.4838274444705886,6000.0,1000.3131713867188,82.9000244140625,0.0,0.0
NC,band,1,AE,A,OOD,28_31,58,370,0.9017241379310346,0.7301349855736498,4.813302647447513,6000.0,256.40699768066406,12.799995422363281,0.0,0.0022222222221959776
NC,band,1,AE,AE,ID,21_28,40,77,0.9912337662337662,0.9838076302004587,3.4838274444705886,6000.0,831.1812744140625,64.29998779296875,0.0,0.0
NC,band,1,AE,AE,ID,22_28,43,128,0.9930959302325582,0.9804964861485159,3.4838274444705886,6000.0,975.5231323242188,56.79998779296875,0.0,0.0
NC,band,1,AE,AE,ID,26_29,105,174,0.9950738916256158,0.9929040124341746,4.111934435633611,6000.0,233.46295166015625,7.6999969482421875,0.0,0.0
NC,band,1,AE,AE,ID,28_31,47,142,0.9267305963440216,0.8556626704972067,4.813302647447513,6000.0,255.9965057373047,11.800003051757812,0.0,0.0022222222221959776
NC,band,2,A,A,ID,23_28,59,364,0.9931551499348109,0.9521917991035385,5.965482005905395,6000.0,902.1416625976562,43.5,0.0,0.0
NC,band,2,A,A,ID,24_30,27,206,0.9947860481841064,0.9621576272272094,14.796329129531344,6000.0,904.7426147460938,95.0,0.0,0.0
NC,band,2,A,A,ID,34_33,2779,1009,0.8241212320493749,0.9247979724757087,0.1783077397375132,12000.0,4.752627372741699,1.3000001907348633,0.0,0.0
NC,band,2,A,A,ID,35_31,278,81,0.707744915178968,0.8960767043973801,,12000.0,0.5367092490196228,0.2999999523162842,0.0,0.0
NC,band,2,A,AE,OOD,28_29,143,240,0.9890734265734266,0.9808811431385938,3.486911576263529,12000.0,115.48053741455078,7.599998474121094,0.0,0.0
NC,band,2,A,AE,OOD,28_30,104,200,0.9992307692307691,0.9985768577071146,4.129235868456288,12000.0,215.9283447265625,8.850006103515625,0.0,0.0011111111111434635
NC,band,2,A,AE,OOD,28_32,31,63,0.9733742959549411,0.9385105858222504,4.497029349877356,12000.0,186.37669372558594,8.100006103515625,0.0,0.003333333333384916
NC,band,2,A,AE,OOD,29_28,59,115,0.9749447310243183,0.9495299025224191,3.486911576263529,12000.0,75.17363739013672,6.899997711181641,0.0,0.0
NC,band,2,A,AE,OOD,29_30,74,191,0.9934908730720249,0.9838924524624634,5.362523000263733,12000.0,138.58612060546875,8.79998779296875,0.0,0.0
NC,band,2,A,AE,OOD,30_30,132,179,0.978627052649399,0.9724271040700888,3.1098374872704957,12000.0,77.90555572509766,5.0,0.0,0.004444444444422272
NC,band,2,A,AE,OOD,32_29,248,235,0.9592656142759094,0.9663695935697566,1.627550791347032,12000.0,22.717031478881836,2.3999996185302734,0.0,0.0
NC,band,2,A,AE,OOD,32_32,236,242,0.9476117103235747,0.9500293955850568,1.8177685744405327,6000.0,26.537278175354004,3.3000011444091797,0.0,0.0
NC,band,2,A,AE,OOD,33_31,325,208,0.9196301775147929,0.9530881613526404,1.0001120599879603,12000.0,9.473108291625977,1.3000001907348633,0.0,0.0
NC,band,2,A,AE,OOD,34_31,396,163,0.6774028629856851,0.845124108574443,0.04529855977336601,12000.0,0.8193914294242859,0.3000001907348633,0.0,0.0011111111109615647
NC,band,2,A,AE,OOD,34_33,98,92,0.8392857142857143,0.8324606202055189,0.1783077397375132,12000.0,4.567277431488037,1.1999998092651367,0.0,0.0
NC,band,2,A,AE,OOD,35_31,986,88,0.7190496496404204,0.9665156362767765,,12000.0,0.5392110645771027,0.19999992847442627,0.0,0.004999999999903054
NC,band,2,AE,A,OOD,23_28,59,364,0.9896628794933879,0.9224014581900473,5.965482005905395,6000.0,902.1416625976562,43.5,0.0,0.0
NC,band,2,AE,A,OOD,24_30,27,206,0.9973031283710896,0.9826546929772737,14.796329129531344,6000.0,904.7426147460938,95.0,0.0,0.0
NC,band,2,AE,A,OOD,34_33,2779,1009,0.8320673492365044,0.9146026904750871,0.1783077397375132,12000.0,4.752627372741699,1.3000001907348633,0.0,0.0
NC,band,2,AE,A,OOD,35_31,278,81,0.731592503774758,0.8767381633113345,,12000.0,0.5367092490196228,0.2999999523162842,0.0,0.0
NC,band,2,AE,AE,ID,28_29,143,240,0.9917249417249416,0.9867115291979496,3.486911576263529,12000.0,115.48053741455078,7.599998474121094,0.0,0.0
NC,band,2,AE,AE,ID,28_30,104,200,0.9998557692307692,0.9997304097771388,4.129235868456288,12000.0,215.9283447265625,8.850006103515625,0.0,0.0011111111111434635
NC,band,2,AE,AE,ID,28_32,31,63,0.9841269841269842,0.9657206623752721,4.497029349877356,12000.0,186.37669372558594,8.100006103515625,0.0,0.003333333333384916
NC,band,2,AE,AE,ID,29_28,59,115,0.9806927044952101,0.9519365455368771,3.486911576263529,12000.0,75.17363739013672,6.899997711181641,0.0,0.0
NC,band,2,AE,AE,ID,29_30,74,191,0.9932786189330691,0.9845836847739321,5.362523000263733,12000.0,138.58612060546875,8.79998779296875,0.0,0.0
NC,band,2,AE,AE,ID,30_30,132,179,0.9840443541560859,0.9805471748350792,3.1098374872704957,12000.0,77.90555572509766,5.0,0.0,0.004444444444422272
NC,band,2,AE,AE,ID,32_29,248,235,0.9740048043925876,0.976464702576108,1.627550791347032,12000.0,22.717031478881836,2.3999996185302734,0.0,0.0
NC,band,2,AE,AE,ID,32_32,236,242,0.9753641966661997,0.9749307842634244,1.8177685744405327,6000.0,26.537278175354004,3.3000011444091797,0.0,0.0
NC,band,2,AE,AE,ID,33_31,325,208,0.9405917159763314,0.9681277544729829,1.0001120599879603,12000.0,9.473108291625977,1.3000001907348633,0.0,0.0
NC,band,2,AE,AE,ID,34_31,396,163,0.6919191919191919,0.8281021340995666,0.04529855977336601,12000.0,0.8193914294242859,0.3000001907348633,0.0,0.0011111111109615647
NC,band,2,AE,AE,ID,34_33,98,92,0.8452750665483585,0.8180782189809375,0.1783077397375132,12000.0,4.567277431488037,1.1999998092651367,0.0,0.0
NC,band,2,AE,AE,ID,35_31,986,88,0.7134657938410474,0.9561068974291329,,12000.0,0.5392110645771027,0.19999992847442627,0.0,0.004999999999903054
NC,band,3,A,A,ID,29_29,55,332,0.9778751369112816,0.8914749305425834,4.368841609432139,12000.0,128.30126953125,11.900001525878906,0.0,0.0
NC,band,3,A,A,ID,30_29,283,706,0.9581227039309702,0.8716373110884844,4.368841609432139,12000.0,76.33744049072266,5.8000030517578125,0.0,0.0
NC,band,3,A,A,ID,31_27,555,293,0.7580727485164346,0.8593937604791909,0.26462800059615643,12000.0,14.3857421875,1.4000005722045898,0.0,0.0
NC,band,3,A,A,ID,32_27,2888,1274,0.7159428175702415,0.8490276250899026,0.26462800059615643,12000.0,17.332033157348633,1.6000003814697266,0.0,0.0
NC,band,3,A,A,ID,32_28,239,887,0.8266310680069626,0.6637693497913889,0.38927940853280446,6000.0,19.045729637145996,1.6499996185302734,0.0,0.0
NC,band,3,A,A,ID,33_29,1119,804,0.898363410827898,0.9104098620717113,0.49159818596598437,12000.0,16.25374984741211,1.3000001907348633,0.0,0.0
NC,band,3,A,AE,OOD,25_30,64,101,0.9990717821782178,0.9985887258549253,4.098878892258944,6000.0,386.6236572265625,21.699981689453125,0.0,0.0
NC,band,3,A,AE,OOD,29_29,80,267,0.9606741573033708,0.8798163016300482,4.368841609432139,12000.0,122.12703704833984,8.000007629394531,0.0,0.0
NC,band,3,A,AE,OOD,30_28,258,286,0.9664579606440072,0.9648484843165812,1.207553608644703,6000.0,44.387535095214844,1.0,0.0,0.0
NC,band,3,A,AE,OOD,30_29,77,200,0.9606493506493505,0.8806384175506511,4.368841609432139,12000.0,79.64077758789062,6.5,0.0,0.0
NC,band,3,A,AE,OOD,30_31,100,118,0.994406779661017,0.9938379808358249,0.18280132388969056,6000.0,97.02220916748047,3.950000762939453,0.0,0.005555555555489944
NC,band,3,A,AE,OOD,31_27,399,175,0.7919799498746867,0.8945926020904755,0.26462800059615643,12000.0,14.683119773864746,1.4000000953674316,0.0,0.0
NC,band,3,A,AE,OOD,31_29,118,269,0.9503496944111902,0.9306710881027984,1.5774431716855581,12000.0,39.62656021118164,2.6000003814697266,0.0,0.0
NC,band,3,A,AE,OOD,32_27,132,97,0.7378163074039363,0.770749467062325,0.26462800059615643,12000.0,17.18700408935547,1.5,0.0,0.0
NC,band,3,A,AE,OOD,32_28,290,177,0.8083576855639976,0.8862441447343671,0.38927940853280446,6000.0,16.522220611572266,1.1999998092651367,0.0,0.0
NC,band,3,A,AE,OOD,33_29,157,210,0.8791932059447983,0.8163148654600438,0.49159818596598437,12000.0,16.167095184326172,1.5,0.0,0.0
NC,band,3,AE,A,OOD,29_29,55,332,0.9869112814895948,0.9459020080633568,4.368841609432139,12000.0,128.30126953125,11.900001525878906,0.0,0.0
NC,band,3,AE,A,OOD,30_29,283,706,0.971160872481206,0.8818727143028673,4.368841609432139,12000.0,76.33744049072266,5.8000030517578125,0.0,0.0
NC,band,3,AE,A,OOD,31_27,555,293,0.7491867293915075,0.8686526759640639,0.26462800059615643,12000.0,14.3857421875,1.4000005722045898,0.0,0.0
NC,band,3,AE,A,OOD,32_27,2888,1274,0.7078989224072327,0.8329958656214619,0.26462800059615643,12000.0,17.332033157348633,1.6000003814697266,0.0,0.0
NC,band,3,AE,A,OOD,32_28,239,887,0.8396645172246253,0.6870295343353003,0.38927940853280446,6000.0,19.045729637145996,1.6499996185302734,0.0,0.0
NC,band,3,AE,A,OOD,33_29,1119,804,0.8530948919388757,0.8529886693313923,0.49159818596598437,12000.0,16.25374984741211,1.3000001907348633,0.0,0.0
NC,band,3,AE,AE,ID,25_30,64,101,0.9990717821782178,0.9985562005072802,4.098878892258944,6000.0,386.6236572265625,21.699981689453125,0.0,0.0
NC,band,3,AE,AE,ID,29_29,80,267,0.9832397003745319,0.9425929690965997,4.368841609432139,12000.0,122.12703704833984,8.000007629394531,0.0,0.0
NC,band,3,AE,AE,ID,30_28,258,286,0.983005366726297,0.9831451271404992,1.207553608644703,6000.0,44.387535095214844,1.0,0.0,0.0
NC,band,3,AE,AE,ID,30_29,77,200,0.9765584415584415,0.8979257251854968,4.368841609432139,12000.0,79.64077758789062,6.5,0.0,0.0
NC,band,3,AE,AE,ID,30_31,100,118,0.9966101694915254,0.9961243924424064,0.18280132388969056,6000.0,97.02220916748047,3.950000762939453,0.0,0.005555555555489944
NC,band,3,AE,AE,ID,31_27,399,175,0.7981668456856428,0.9046644022172403,0.26462800059615643,12000.0,14.683119773864746,1.4000000953674316,0.0,0.0
NC,band,3,AE,AE,ID,31_29,118,269,0.9616281267721001,0.9531201031662104,1.5774431716855581,12000.0,39.62656021118164,2.6000003814697266,0.0,0.0
NC,band,3,AE,AE,ID,32_27,132,97,0.745860668541081,0.7470104728117849,0.26462800059615643,12000.0,17.18700408935547,1.5,0.0,0.0
NC,band,3,AE,AE,ID,32_28,290,177,0.8356127021235146,0.8992512104179434,0.38927940853280446,6000.0,16.522220611572266,1.1999998092651367,0.0,0.0
NC,band,3,AE,AE,ID,33_29,157,210,0.8420988777676676,0.7291395249195302,0.49159818596598437,12000.0,16.167095184326172,1.5,0.0,0.0
NC,shadedX,0,A,A,ID,33_28,392,230,0.9826530612244898,0.9917681531617952,0.49159818596598437,12000.0,14.250137329101562,1.0000009536743164,0.0,0.0
NC,shadedX,0,A,A,ID,34_29,945,208,0.9371133496133496,0.9872234828860986,0.30243749976989937,12000.0,10.890000343322754,0.9000000953674316,0.0,0.0
NC,shadedX,0,A,AE,OOD,33_28,77,96,0.9928300865800865,0.9907776755552455,0.49159818596598437,6000.0,4.817783355712891,1.0,0.0,0.0
NC,shadedX,0,A,AE,OOD,34_29,182,675,0.934000814000814,0.9048923499775944,0.30243749976989937,12000.0,2.4991655349731445,1.1000001430511475,0.0,0.0
NC,shadedX,0,AE,A,OOD,33_28,392,230,0.9908385093167701,0.995394523546638,0.49159818596598437,12000.0,14.250137329101562,1.0000009536743164,0.0,0.0
NC,shadedX,0,AE,A,OOD,34_29,945,208,0.954008954008954,0.9900951466761382,0.30243749976989937,12000.0,10.890000343322754,0.9000000953674316,0.0,0.0
NC,shadedX,0,AE,AE,ID,33_28,77,96,0.9975649350649352,0.9967712032386946,0.49159818596598437,6000.0,4.817783355712891,1.0,0.0,0.0
NC,shadedX,0,AE,AE,ID,34_29,182,675,0.9433862433862433,0.7812594399162491,0.30243749976989937,12000.0,2.4991655349731445,1.1000001430511475,0.0,0.0
NC,shadedX,1,A,A,ID,28_31,58,35,0.5201970443349754,0.7254809965087362,4.813302647447513,6000.0,228.5576171875,3.6999969482421875,0.0,0.002222222222286927
NC,shadedX,1,AE,A,OOD,28_31,58,35,0.5783251231527093,0.7428970735043857,4.813302647447513,6000.0,228.5576171875,3.6999969482421875,0.0,0.002222222222286927
NC,shadedX,2,A,A,ID,34_33,2779,206,0.8034950058867302,0.9830733970957755,0.1783077397375132,12000.0,4.827539443969727,1.4000005722045898,0.0,0.0
NC,shadedX,2,A,A,ID,35_31,278,382,0.7819409393950808,0.7794721192439786,,12000.0,1.0011688470840454,0.3000001907348633,0.0,0.0
NC,shadedX,2,A,AE,OOD,30_30,132,71,0.8256508749466496,0.9038072770348783,3.1098374872704957,12000.0,51.336002349853516,1.8000030517578125,0.0,0.027777777777798357
NC,shadedX,2,A,AE,OOD,32_29,248,134,0.7529188733750602,0.8631405738791871,1.627550791347032,12000.0,10.416155815124512,2.0,0.0,0.0
NC,shadedX,2,A,AE,OOD,32_32,236,728,0.7715938722294654,0.5315754928661696,1.8177685744405327,6000.0,17.034574508666992,2.799999237060547,0.0,0.0
NC,shadedX,2,A,AE,OOD,33_31,325,220,0.6672307692307693,0.8069115503291611,1.0001120599879603,12000.0,5.105242729187012,1.3000001907348633,0.0,0.0
NC,shadedX,2,A,AE,OOD,34_31,396,630,0.7873737373737373,0.792254392225425,0.04529855977336601,12000.0,1.370303750038147,0.6000001430511475,0.0,0.0
NC,shadedX,2,A,AE,OOD,34_33,98,104,0.8623430141287285,0.8922517203772612,0.1783077397375132,12000.0,3.508401870727539,1.3999998569488525,0.0,0.0
NC,shadedX,2,A,AE,OOD,35_31,986,649,0.767662529652422,0.8610540414001437,,12000.0,0.8923925161361694,0.2999999523162842,0.0,0.0
NC,shadedX,2,AE,A,OOD,34_33,2779,206,0.8982591349126772,0.9916407963864913,0.1783077397375132,12000.0,4.827539443969727,1.4000005722045898,0.0,0.0
NC,shadedX,2,AE,A,OOD,35_31,278,382,0.8205676296659008,0.8361936710779797,,12000.0,1.0011688470840454,0.3000001907348633,0.0,0.0
NC,shadedX,2,AE,AE,ID,30_30,132,71,0.9230687153222364,0.9582180734564207,3.1098374872704957,12000.0,51.336002349853516,1.8000030517578125,0.0,0.027777777777798357
NC,shadedX,2,AE,AE,ID,32_29,248,134,0.7643837265286472,0.8789005935840025,1.627550791347032,12000.0,10.416155815124512,2.0,0.0,0.0
NC,shadedX,2,AE,AE,ID,32_32,236,728,0.8272140994598624,0.6792410737437203,1.8177685744405327,6000.0,17.034574508666992,2.799999237060547,0.0,0.0
NC,shadedX,2,AE,AE,ID,33_31,325,220,0.8907132867132865,0.9334389364732489,1.0001120599879603,12000.0,5.105242729187012,1.3000001907348633,0.0,0.0
NC,shadedX,2,AE,AE,ID,34_31,396,630,0.8471380471380472,0.8479807256850982,0.04529855977336601,12000.0,1.370303750038147,0.6000001430511475,0.0,0.0
NC,shadedX,2,AE,AE,ID,34_33,98,104,0.9042386185243328,0.9257198415490118,0.1783077397375132,12000.0,3.508401870727539,1.3999998569488525,0.0,0.0
NC,shadedX,2,AE,AE,ID,35_31,986,649,0.8251780708032642,0.8975288806829784,,12000.0,0.8923925161361694,0.2999999523162842,0.0,0.0
NC,shadedX,3,A,A,ID,30_29,283,1270,0.6186778331153835,0.25686845884661863,4.368841609432139,12000.0,28.374006271362305,2.1000003814697266,0.0,0.0
NC,shadedX,3,A,A,ID,31_27,555,148,0.5633674214755295,0.8470390360352831,0.26462800059615643,12000.0,13.136435508728027,1.1999998092651367,0.0,0.0
NC,shadedX,3,A,A,ID,32_27,2888,441,0.738651924296958,0.9423138160807856,0.26462800059615643,12000.0,17.877155303955078,1.5000009536743164,0.0,0.0
NC,shadedX,3,A,A,ID,32_28,239,568,0.41952236431139134,0.43334328559308544,0.38927940853280446,6000.0,6.483808517456055,1.1000003814697266,0.0,0.0
NC,shadedX,3,A,A,ID,33_29,1119,203,0.950294289852393,0.9908919049185474,0.49159818596598437,12000.0,16.190794944763184,1.0,0.0,0.0
NC,shadedX,3,A,AE,OOD,30_28,258,195,0.6989067779765453,0.8174328418861743,1.207553608644703,6000.0,42.74871063232422,0.7000007629394531,0.0,0.0
NC,shadedX,3,A,AE,OOD,30_29,77,655,0.5673044512739169,0.12187810598898208,4.368841609432139,12000.0,27.78199577331543,2.3999996185302734,0.0,0.0
NC,shadedX,3,A,AE,OOD,31_27,399,36,0.585421888053467,0.9475498722675431,0.26462800059615643,12000.0,13.315849304199219,1.1999998092651367,0.0,0.0
NC,shadedX,3,A,AE,OOD,31_29,118,176,0.6826367488443759,0.6278074634615854,1.5774431716855581,12000.0,30.1572847366333,2.6500000953674316,0.0,0.0
NC,shadedX,3,A,AE,OOD,32_27,132,231,0.7581660763478946,0.6125425526563775,0.26462800059615643,12000.0,4.573770523071289,1.7999992370605469,0.0,0.0
NC,shadedX,3,A,AE,OOD,32_28,290,278,0.45253038948151825,0.6100860676357589,0.38927940853280446,6000.0,6.519958019256592,1.0,0.0,0.0
NC,shadedX,3,A,AE,OOD,33_29,157,91,0.9432351088402045,0.9721445419533521,0.49159818596598437,12000.0,14.92769193649292,1.099998950958252,0.0,0.0
NC,shadedX,3,AE,A,OOD,30_29,283,1270,0.8911187779972732,0.675847460448554,4.368841609432139,12000.0,28.374006271362305,2.1000003814697266,0.0,0.0
NC,shadedX,3,AE,A,OOD,31_27,555,148,0.48883613343072807,0.8267676903366696,0.26462800059615643,12000.0,13.136435508728027,1.1999998092651367,0.0,0.0
NC,shadedX,3,AE,A,OOD,32_27,2888,441,0.8444560649744663,0.970290192177518,0.26462800059615643,12000.0,17.877155303955078,1.5000009536743164,0.0,0.0
NC,shadedX,3,AE,A,OOD,32_28,239,568,0.8916332724379752,0.7751820827713697,0.38927940853280446,6000.0,6.483808517456055,1.1000003814697266,0.0,0.0
NC,shadedX,3,AE,A,OOD,33_29,1119,203,0.9471158714017177,0.9884077560516211,0.49159818596598437,12000.0,16.190794944763184,1.0,0.0,0.0
NC,shadedX,3,AE,AE,ID,30_28,258,195,0.8750546611011727,0.8835891083851395,1.207553608644703,6000.0,42.74871063232422,0.7000007629394531,0.0,0.0
NC,shadedX,3,AE,AE,ID,30_29,77,655,0.8920987409537028,0.4875949621454056,4.368841609432139,12000.0,27.78199577331543,2.3999996185302734,0.0,0.0
NC,shadedX,3,AE,AE,ID,31_27,399,36,0.46846282372598164,0.9235764602645646,0.26462800059615643,12000.0,13.315849304199219,1.1999998092651367,0.0,0.0
NC,shadedX,3,AE,AE,ID,31_29,118,176,0.8650327426810478,0.842710761024073,1.5774431716855581,12000.0,30.1572847366333,2.6500000953674316,0.0,0.0
NC,shadedX,3,AE,AE,ID,32_27,132,231,0.8562573789846518,0.7644261508798529,0.26462800059615643,12000.0,4.573770523071289,1.7999992370605469,0.0,0.0
NC,shadedX,3,AE,AE,ID,32_28,290,278,0.8675638799305383,0.8628758371942836,0.38927940853280446,6000.0,6.519958019256592,1.0,0.0,0.0
NC,shadedX,3,AE,AE,ID,33_29,157,91,0.9616434520893119,0.977038828899751,0.49159818596598437,12000.0,14.92769193649292,1.099998950958252,0.0,0.0
TX,band,0,A,A,ID,-1_17,130,173,0.975855935971543,0.9650931732720872,0.8211815482051558,24000.0,96.83939361572266,4.1999969482421875,0.0,0.002222222222226294
TX,band,0,A,A,ID,-1_20,322,114,0.9858886346300535,0.9949536139939317,0.18025986218507156,24000.0,99.42900848388672,1.25,0.0,0.03611111111128339
TX,band,0,A,A,ID,-1_22,267,196,0.9937323243904304,0.9954838444168909,0.3843476335796477,24000.0,162.816650390625,2.5,0.0,0.0011111111110828306
TX,band,0,A,A,ID,-2_19,196,206,0.9862294432336041,0.985142531012399,0.0561175275849968,24000.0,150.36184692382812,2.899993896484375,0.0,0.0
TX,band,0,A,A,ID,-2_22,28,35,0.9979591836734694,0.9976190476190475,0.9067629512043742,12000.0,180.82102966308594,4.100006103515625,0.0,0.0033333333333091246
TX,band,0,A,A,ID,-3_22,86,134,0.9879382158972579,0.9850533070148527,0.9067629512043742,12000.0,205.0626449584961,3.4499969482421875,0.0,0.0011111111111283053
TX,band,0,A,A,ID,-4_10,207,162,0.9098228663446054,0.934302475958293,0.33723016680691564,24000.0,20.609899520874023,0.7999992370605469,0.0,0.0
TX,band,0,A,A,ID,-4_11,183,202,0.8448844884488449,0.8794313946614072,0.1974473779072853,24000.0,41.30504608154297,1.3999996185302734,0.0,0.0
TX,band,0,A,A,ID,-4_14,59,61,0.9863851069741596,0.9866527025152872,0.0852606922069036,12000.0,125.53997039794922,3.299999237060547,0.0,0.001111111111113147
TX,band,0,A,A,ID,-4_20,65,179,0.9968199398366996,0.9928906476741208,0.4338820496821554,12000.0,270.62689208984375,7.149993896484375,0.0,0.001111111111113147
TX,band,0,A,A,ID,-4_21,53,129,0.9950270586514554,0.9903947795789411,0.693051068414272,24000.0,261.85899353027344,6.650001525878906,0.0,0.001111111111113147
TX,band,0,A,A,ID,-6_14,50,47,0.997872340425532,0.9980059392987964,0.280901987198336,18000.0,282.6624450683594,4.3000030517578125,0.0,0.0
TX,band,0,A,A,ID,-7_13,125,105,0.9869714285714286,0.9876950432163998,0.280901987198336,24000.0,245.6811294555664,2.8000030517578125,0.0,0.0
TX,band,0,A,A,ID,-7_9,203,158,0.9806073455135,0.9844539193972052,0.0896597991349496,24000.0,146.47325134277344,2.1999969482421875,0.0,0.0
TX,band,0,A,A,ID,-8_20,91,167,0.9489372902546556,0.924261655697822,1.0795279339873436,24000.0,616.3738403320312,4.10003662109375,0.0,0.0
TX,band,0,A,A,ID,-8_21,89,157,0.9723037286194804,0.934905974607437,0.04550883590675438,24000.0,525.8101501464844,1.8499755859375,0.0,0.0
TX,band,0,A,A,ID,0_14,28,52,0.926510989010989,0.9181735106598736,0.5852358062240963,12000.0,28.05857276916504,0.8000001907348633,0.0,0.001666666666639404
TX,band,0,A,A,ID,0_23,229,193,0.9823064913908184,0.9855703902359375,0.10808237823365237,24000.0,153.40243530273438,2.7500076293945312,0.0,0.002222222222286927
TX,band,0,A,A,ID,1_16,190,171,0.9875038473376423,0.9890393084270448,0.6611532877954029,24000.0,51.29292678833008,2.8999977111816406,0.0,0.0011111111110828306
TX,band,0,A,A,ID,1_20,124,122,0.9957694341618191,0.9962629393374394,0.5570202060414942,24000.0,122.91981506347656,4.8000030517578125,0.0,0.0022222222219686043
TX,band,0,A,A,ID,2_18,304,144,0.9881670321637427,0.9943230427973055,0.13776484014257676,24000.0,63.70485496520996,4.0,0.0,0.0
TX,band,0,A,A,ID,3_15,112,81,0.878858024691358,0.899170423160639,0.12838553163766414,24000.0,5.153842449188232,1.299999713897705,0.0,0.0
TX,band,0,A,A,ID,3_16,371,243,0.9081006732998348,0.9388088942068343,0.36863214942429345,24000.0,16.5950870513916,2.9000000953674316,0.0,0.0
TX,band,0,A,A,ID,4_16,111,58,0.944237340789065,0.967965821240995,0.3834248919071823,24000.0,13.074287414550781,2.3999996185302734,0.0,0.0
TX,band,0,A,AE,OOD,-1_17,90,68,0.9774509803921568,0.9777213857842163,0.8211815482051558,24000.0,94.17928314208984,3.549999237060547,0.0,0.004444444444391955
TX,band,0,A,AE,OOD,-1_20,498,116,0.9951357152748926,0.9988780253690156,0.18025986218507156,24000.0,99.3804931640625,0.9000015258789062,0.0,0.04388888888913606
TX,band,0,A,AE,OOD,-1_22,64,59,0.9854343220338984,0.9867885696621814,0.3843476335796477,24000.0,164.65731811523438,2.0999908447265625,0.0,0.0022222222221959776
TX,band,0,A,AE,OOD,-2_21,513,517,0.996067430557912,0.9961604202502821,2.104235609209174,12000.0,139.2233428955078,3.3000030517578125,0.0,0.004444444444422272
TX,band,0,A,AE,OOD,-2_22,440,218,0.9963407005838198,0.9982787009713919,0.9067629512043742,12000.0,162.6012725830078,1.600006103515625,0.0,0.17166666666587477
TX,band,0,A,AE,OOD,-3_22,242,177,0.9955175794929262,0.996680220670576,0.9067629512043742,12000.0,202.67239379882812,3.4000091552734375,0.0,0.003333333333278808
TX,band,0,A,AE,OOD,-3_6,237,139,0.8709589290592842,0.9126823799239857,0.024854139406446513,24000.0,2.096131920814514,0.6500000953674316,0.0,0.1449999999996443
TX,band,0,A,AE,OOD,-4_10,270,348,0.9274159216687953,0.9236680355953849,0.33723016680691564,24000.0,21.388399124145508,0.8000001907348633,0.0,0.0
TX,band,0,A,AE,OOD,-4_11,58,140,0.8352216748768473,0.8453570913011602,0.29256857670927144,24000.0,44.064369201660156,1.9499998092651367,0.0,0.0
TX,band,0,A,AE,OOD,-4_14,219,374,0.9961541279027177,0.9937344772341861,0.0852606922069036,12000.0,133.39334106445312,4.899993896484375,0.0,0.0
TX,band,0,A,AE,OOD,-4_16,190,259,0.9951839057102214,0.9938447141268437,1.6761314313008995,12000.0,217.5578155517578,9.199996948242188,0.0,0.0
TX,band,0,A,AE,OOD,-4_20,52,69,0.9980490523968785,0.9975055989761872,0.08213722398770898,12000.0,244.80796813964844,6.0,0.0,0.002222222222226294
TX,band,0,A,AE,OOD,-4_21,91,194,0.9927495185227144,0.9871169333422349,0.693051068414272,24000.0,265.8576965332031,6.899993896484375,0.0,0.0022222222221959776
TX,band,0,A,AE,OOD,-6_14,44,104,0.9973776223776224,0.9937876700603199,0.280901987198336,24000.0,289.52001953125,5.95001220703125,0.0,0.0
TX,band,0,A,AE,OOD,-7_13,26,35,0.9703296703296703,0.9489473224401441,0.15976448803700002,24000.0,245.0292205810547,3.4000091552734375,0.0,0.0
TX,band,0,A,AE,OOD,0_14,788,580,0.91140162786627,0.9306974594892224,0.5852358062240963,12000.0,26.301424026489258,0.8999996185302734,0.0,0.002222222222256611
TX,band,0,A,AE,OOD,0_15,359,979,0.8836286245131038,0.8498242306139824,1.2497878760366823,24000.0,54.2622013092041,1.9000015258789062,0.0,0.002222222222286927
TX,band,0,A,AE,OOD,0_23,39,26,0.9960552268244576,0.9976147883124626,0.10808237823365237,24000.0,153.61825561523438,3.29998779296875,0.0,0.004444444444513222
TX,band,0,A,AE,OOD,1_16,154,427,0.9852641503695367,0.9692665369455576,0.6611532877954029,24000.0,56.23036193847656,4.0,0.0,0.0
TX,band,0,A,AE,OOD,1_20,35,160,0.9980357142857142,0.9916811258916521,0.5570202060414942,24000.0,141.4966278076172,10.29998779296875,0.0,0.0
TX,band,0,A,AE,OOD,3_15,324,269,0.8683968975170958,0.8546793625064579,0.12838553163766414,24000.0,4.852147102355957,1.2999999523162842,0.0,0.0011111111109615647
TX,band,0,A,AE,OOD,3_16,101,79,0.8983581902494047,0.9141840668498424,0.36863214942429345,24000.0,17.261747360229492,3.4499998092651367,0.0,0.0
TX,band,0,A,AE,OOD,4_16,300,154,0.9428354978354979,0.9671075739766514,0.3834248919071823,24000.0,12.556797504425049,2.700000047683716,0.0,0.0
TX,band,0,AE,A,OOD,-1_17,130,173,0.9740329035126724,0.9595899258096628,0.8211815482051558,24000.0,96.83939361572266,4.1999969482421875,0.0,0.002222222222226294
TX,band,0,AE,A,OOD,-1_20,322,114,0.987741091860085,0.995838797325429,0.18025986218507156,24000.0,99.42900848388672,1.25,0.0,0.03611111111128339
TX,band,0,AE,A,OOD,-1_22,267,196,0.9957960712374838,0.997036082894891,0.3843476335796477,24000.0,162.816650390625,2.5,0.0,0.0011111111110828306
TX,band,0,AE,A,OOD,-2_19,196,206,0.9846938775510203,0.9833786443012582,0.0561175275849968,24000.0,150.36184692382812,2.899993896484375,0.0,0.0
TX,band,0,AE,A,OOD,-2_22,28,35,0.9989795918367347,0.9987684729064038,0.9067629512043742,12000.0,180.82102966308594,4.100006103515625,0.0,0.0033333333333091246
TX,band,0,AE,A,OOD,-3_22,86,134,0.9795209996528983,0.9749998798990955,0.9067629512043742,12000.0,205.0626449584961,3.4499969482421875,0.0,0.0011111111111283053
TX,band,0,AE,A,OOD,-4_10,207,162,0.908719508558478,0.9416151625791804,0.33723016680691564,24000.0,20.609899520874023,0.7999992370605469,0.0,0.0
TX,band,0,AE,A,OOD,-4_11,183,202,0.8811610669263646,0.8977384396293548,0.1974473779072853,24000.0,41.30504608154297,1.3999996185302734,0.0,0.0
TX,band,0,AE,A,OOD,-4_14,59,61,0.9886079466518478,0.9888821638974143,0.0852606922069036,12000.0,125.53997039794922,3.299999237060547,0.0,0.001111111111113147
TX,band,0,AE,A,OOD,-4_20,65,179,0.994327460249248,0.9886060236915457,0.4338820496821554,12000.0,270.62689208984375,7.149993896484375,0.0,0.001111111111113147
TX,band,0,AE,A,OOD,-4_21,53,129,0.9956121105748135,0.991063008683128,0.693051068414272,24000.0,261.85899353027344,6.650001525878906,0.0,0.001111111111113147
TX,band,0,AE,A,OOD,-6_14,50,47,0.9974468085106384,0.9976464555052791,0.280901987198336,18000.0,282.6624450683594,4.3000030517578125,0.0,0.0
TX,band,0,AE,A,OOD,-7_13,125,105,0.988647619047619,0.989195459100924,0.280901987198336,24000.0,245.6811294555664,2.8000030517578125,0.0,0.0
TX,band,0,AE,A,OOD,-7_9,203,158,0.9674502712477396,0.974048171196944,0.0896597991349496,24000.0,146.47325134277344,2.1999969482421875,0.0,0.0
TX,band,0,AE,A,OOD,-8_20,91,167,0.9415674146213069,0.893288064702381,1.0795279339873436,24000.0,616.3738403320312,4.10003662109375,0.0,0.0
TX,band,0,AE,A,OOD,-8_21,89,157,0.9586345094110069,0.9314272223093754,0.04550883590675438,24000.0,525.8101501464844,1.8499755859375,0.0,0.0
TX,band,0,AE,A,OOD,0_14,28,52,0.9086538461538463,0.9015462641254213,0.5852358062240963,12000.0,28.05857276916504,0.8000001907348633,0.0,0.001666666666639404
TX,band,0,AE,A,OOD,0_23,229,193,0.976333235287463,0.9809372350082164,0.10808237823365237,24000.0,153.40243530273438,2.7500076293945312,0.0,0.002222222222286927
TX,band,0,AE,A,OOD,1_16,190,171,0.9912280701754386,0.9921325307097726,0.6611532877954029,24000.0,51.29292678833008,2.8999977111816406,0.0,0.0011111111110828306
TX,band,0,AE,A,OOD,1_20,124,122,0.9935219460602855,0.9941553849105472,0.5570202060414942,24000.0,122.91981506347656,4.8000030517578125,0.0,0.0022222222219686043
TX,band,0,AE,A,OOD,2_18,304,144,0.9854714912280701,0.9923883591231123,0.13776484014257676,24000.0,63.70485496520996,4.0,0.0,0.0
TX,band,0,AE,A,OOD,3_15,112,81,0.9226190476190477,0.9447929504713053,0.12838553163766414,24000.0,5.153842449188232,1.299999713897705,0.0,0.0
TX,band,0,AE,A,OOD,3_16,371,243,0.9158208822779053,0.9435910704894303,0.36863214942429345,24000.0,16.5950870513916,2.9000000953674316,0.0,0.0
TX,band,0,AE,A,OOD,4_16,111,58,0.9451693072382727,0.9663455456187455,0.3834248919071823,24000.0,13.074287414550781,2.3999996185302734,0.0,0.0
TX,band,0,AE,AE,ID,-1_17,90,68,0.9843137254901961,0.9872164404865381,0.8211815482051558,24000.0,94.17928314208984,3.549999237060547,0.0,0.004444444444391955
TX,band,0,AE,AE,ID,-1_20,498,116,0.9966763606148733,0.9992334195586233,0.18025986218507156,24000.0,99.3804931640625,0.9000015258789062,0.0,0.04388888888913606
TX,band,0,AE,AE,ID,-1_22,64,59,0.9917902542372882,0.9928026926398683,0.3843476335796477,24000.0,164.65731811523438,2.0999908447265625,0.0,0.0022222222221959776
TX,band,0,AE,AE,ID,-2_21,513,517,0.9951889179212807,0.9955836198265009,2.104235609209174,12000.0,139.2233428955078,3.3000030517578125,0.0,0.004444444444422272
TX,band,0,AE,AE,ID,-2_22,440,218,0.9955066722268557,0.9978764850976612,0.9067629512043742,12000.0,162.6012725830078,1.600006103515625,0.0,0.17166666666587477
TX,band,0,AE,AE,ID,-3_22,242,177,0.995050660690106,0.9963642651147983,0.9067629512043742,12000.0,202.67239379882812,3.4000091552734375,0.0,0.003333333333278808
TX,band,0,AE,AE,ID,-3_6,237,139,0.7553349725283065,0.8430156608631865,0.024854139406446513,24000.0,2.096131920814514,0.6500000953674316,0.0,0.1449999999996443
TX,band,0,AE,AE,ID,-4_10,270,348,0.9265644955300127,0.9295069204061718,0.33723016680691564,24000.0,21.388399124145508,0.8000001907348633,0.0,0.0
TX,band,0,AE,AE,ID,-4_11,58,140,0.8944581280788177,0.8779329551342762,0.29256857670927144,24000.0,44.064369201660156,1.9499998092651367,0.0,0.0
TX,band,0,AE,AE,ID,-4_14,219,374,0.9952262349522624,0.9925121754073583,0.0852606922069036,12000.0,133.39334106445312,4.899993896484375,0.0,0.0
TX,band,0,AE,AE,ID,-4_16,190,259,0.9943304206462101,0.9929631421450498,1.6761314313008995,12000.0,217.5578155517578,9.199996948242188,0.0,0.0
TX,band,0,AE,AE,ID,-4_20,52,69,0.9983277591973244,0.9978224149124004,0.08213722398770898,12000.0,244.80796813964844,6.0,0.0,0.002222222222226294
TX,band,0,AE,AE,ID,-4_21,91,194,0.9916166307918886,0.9846153153565163,0.693051068414272,24000.0,265.8576965332031,6.899993896484375,0.0,0.0022222222221959776
TX,band,0,AE,AE,ID,-6_14,44,104,0.9943181818181819,0.9891213331375563,0.280901987198336,24000.0,289.52001953125,5.95001220703125,0.0,0.0
TX,band,0,AE,AE,ID,-7_13,26,35,0.9659340659340658,0.9381517931830764,0.15976448803700002,24000.0,245.0292205810547,3.4000091552734375,0.0,0.0
TX,band,0,AE,AE,ID,0_14,788,580,0.910640206546473,0.9372721108363264,0.5852358062240963,12000.0,26.301424026489258,0.8999996185302734,0.0,0.002222222222256611
TX,band,0,AE,AE,ID,0_15,359,979,0.9212714924273246,0.8769833040812421,1.2497878760366823,24000.0,54.2622013092041,1.9000015258789062,0.0,0.002222222222286927
TX,band,0,AE,AE,ID,0_23,39,26,0.9861932938856016,0.9922107930828861,0.10808237823365237,24000.0,153.61825561523438,3.29998779296875,0.0,0.004444444444513222
TX,band,0,AE,AE,ID,1_16,154,427,0.9865111469326927,0.9779194283617048,0.6611532877954029,24000.0,56.23036193847656,4.0,0.0,0.0
TX,band,0,AE,AE,ID,1_20,35,160,0.9960714285714285,0.984652042635236,0.5570202060414942,24000.0,141.4966278076172,10.29998779296875,0.0,0.0
TX,band,0,AE,AE,ID,3_15,324,269,0.9027605672587085,0.9071351594115465,0.12838553163766414,24000.0,4.852147102355957,1.2999999523162842,0.0,0.0011111111109615647
TX,band,0,AE,AE,ID,3_16,101,79,0.9031206918160171,0.9166637668242016,0.36863214942429345,24000.0,17.261747360229492,3.4499998092651367,0.0,0.0
TX,band,0,AE,AE,ID,4_16,300,154,0.9546320346320347,0.9750444160551006,0.3834248919071823,24000.0,12.556797504425049,2.700000047683716,0.0,0.0
TX,band,1,A,A,ID,-1_21,160,103,0.9834344660194174,0.9901328396034552,0.3843476335796477,24000.0,132.43934631347656,2.0,0.0,0.005555555555535419
TX,band,1,A,A,ID,-2_12,66,65,0.9447552447552447,0.9575479570164452,0.6166045886430126,24000.0,8.933951377868652,0.6000003814697266,0.0,0.0033333333331575423
TX,band,1,A,A,ID,-2_14,189,203,0.9925717413402143,0.9926325436961873,0.47116008280994875,24000.0,75.71719741821289,3.399995803833008,0.0,0.0016666666666090876
TX,band,1,A,A,ID,-2_16,314,190,0.9886523633925579,0.99303408912552,0.05387530172405497,24000.0,96.13522338867188,2.6000022888183594,0.0,0.003333333333324283
TX,band,1,A,A,ID,-2_17,229,58,0.9596446318325553,0.9859719009956035,0.05086570327176242,24000.0,89.12773132324219,1.5,0.0,0.003333333333369758
TX,band,1,A,A,ID,-2_18,103,102,0.963925375975633,0.9536986022471285,0.24308123984103097,24000.0,137.65255737304688,2.6999969482421875,0.0,0.0
TX,band,1,A,A,ID,-3_15,82,144,0.9826388888888888,0.9765886940538552,0.22339885732867895,24000.0,136.5424575805664,6.100002288818359,0.0,0.0
TX,band,1,A,A,ID,-3_20,97,155,0.9812437645493848,0.9730401724482179,0.037571021465512576,24000.0,222.9499969482422,5.2499847412109375,0.0,0.0011111111110979888
TX,band,1,A,A,ID,-4_13,228,203,0.9772275516377149,0.9791737194954118,0.04507314658154439,24000.0,108.53143310546875,2.5,0.0,0.0
TX,band,1,A,A,ID,-4_18,109,192,0.9945049694189603,0.9901775098020027,0.20245035219114538,24000.0,286.9579162597656,7.5,0.0,0.0
TX,band,1,A,A,ID,-4_9,86,125,0.8693023255813954,0.8728091244653462,0.023051612207734686,24000.0,14.809906959533691,0.7999992370605469,0.0,0.0
TX,band,1,A,A,ID,-5_13,128,155,0.9865423387096774,0.9854072057297178,0.21605698632701414,24000.0,147.28099060058594,3.899993896484375,0.0,0.0
TX,band,1,A,A,ID,-5_23,96,134,0.9715485074626866,0.9403225171069131,,24000.0,309.66070556640625,2.649993896484375,0.0,0.0022222222221353447
TX,band,1,A,A,ID,-6_13,117,148,0.9786902286902287,0.9765909812538379,0.280901987198336,24000.0,197.52462768554688,3.3000030517578125,0.0,0.0
TX,band,1,A,A,ID,-6_23,55,140,0.964935064935065,0.9129550760420964,0.11824950185716863,24000.0,340.4188232421875,2.600006103515625,0.0,0.0022222222221959776
TX,band,1,A,A,ID,-9_18,31,118,0.9825041006014217,0.9483580869969126,0.8802179590413254,24000.0,605.5974731445312,5.29998779296875,0.0,0.0
TX,band,1,A,A,ID,0_12,52,29,0.9496021220159151,0.9719441100861099,0.14106475041179814,24000.0,2.217534065246582,0.7000000476837158,0.0,0.0033333333333697575
TX,band,1,A,A,ID,0_13,198,99,0.8583307825732067,0.9217580787564945,0.44333833380286547,12000.0,11.558918952941895,1.0,0.0,0.0
TX,band,1,A,A,ID,2_15,171,116,0.9219600725952812,0.9517731238284222,0.6611532877954029,24000.0,11.429947853088379,1.7000000476837158,0.0,0.0011111111110828306
TX,band,1,A,AE,OOD,-1_21,387,256,0.9870498223514211,0.9922801605204762,0.26029550095384685,24000.0,132.4395294189453,1.9000015258789062,0.0,0.004444444444422272
TX,band,1,A,AE,OOD,-2_12,670,465,0.9063842079922966,0.9444218354320673,0.6166045886430126,24000.0,8.637195587158203,0.6000003814697266,0.0,0.006666666666557616
TX,band,1,A,AE,OOD,-2_14,169,56,0.9849957734573119,0.994769346400455,0.47116008280994875,24000.0,65.96697998046875,2.4000015258789062,0.0,0.002222222222317244
TX,band,1,A,AE,OOD,-3_15,215,227,0.9806986989038008,0.981655222707856,0.22339885732867895,24000.0,126.59220504760742,4.849998474121094,0.0,0.0
TX,band,1,A,AE,OOD,-3_9,115,195,0.8681382385730212,0.7826595243435837,0.023051612207734686,24000.0,0.803066074848175,0.6000000834465027,0.0,0.5249999999999588
TX,band,1,A,AE,OOD,-4_9,26,88,0.8308566433566433,0.7668789441864106,0.023051612207734686,24000.0,14.672872543334961,0.6999998092651367,0.0,0.0
TX,band,1,A,AE,OOD,-5_13,70,108,0.9825396825396826,0.9716263541625897,0.21605698632701414,24000.0,147.5800018310547,4.0500030517578125,0.0,0.0
TX,band,1,A,AE,OOD,-5_15,120,189,0.9946208112874779,0.9914607632728681,1.3806433655571346,12000.0,341.6230773925781,11.79998779296875,0.0,0.0
TX,band,1,A,AE,OOD,-5_17,181,186,0.9976237153210955,0.9974357767690795,0.3151627136180798,24000.0,310.17999267578125,3.899993896484375,0.0,0.003333333333430391
TX,band,1,A,AE,OOD,-6_13,55,55,0.9728925619834712,0.9765412941732949,0.280901987198336,24000.0,188.2434539794922,3.0500030517578125,0.0,0.0
TX,band,1,A,AE,OOD,-6_17,25,41,1.0,1.0,0.3151627136180798,24000.0,379.61827087402344,5.9499969482421875,0.0,0.0
TX,band,1,A,AE,OOD,-9_18,243,335,0.9722744303175481,0.9604185856651423,0.8802179590413254,24000.0,596.2395935058594,3.75,0.0,0.0
TX,band,1,A,AE,OOD,-9_19,46,110,0.9960474308300395,0.9916634089108569,0.8802179590413254,24000.0,618.13720703125,3.200042724609375,0.0,0.0
TX,band,1,A,AE,OOD,0_12,488,184,0.9382795794725588,0.9700606668104501,0.14106475041179814,24000.0,2.337902307510376,0.6000003814697266,0.0,0.0011111111111283053
TX,band,1,A,AE,OOD,0_13,1001,362,0.8630402746424846,0.9430802945932013,0.44333833380286547,12000.0,11.55692195892334,0.8999996185302734,0.0,0.0
TX,band,1,A,AE,OOD,1_15,602,1077,0.9564420054476411,0.9422215021462137,1.2497878760366823,12000.0,23.912105560302734,1.5,0.0,0.001111111111113147
TX,band,1,A,AE,OOD,2_15,736,408,0.9209625426257458,0.9615733320346881,0.6611532877954029,24000.0,10.634130477905273,1.3999996185302734,0.0,0.005555555555308046
TX,band,1,A,AE,OOD,3_14,83,113,0.8620321995948396,0.7918317439637217,0.20223583098689696,24000.0,2.1180917024612427,0.5,0.0,0.006666666666618249
TX,band,1,A,AE,OOD,4_15,234,159,0.8694834166532279,0.8865122414862723,0.12838553163766414,24000.0,1.562999963760376,0.7000000476837158,0.0,0.03333333333336409
TX,band,1,AE,A,OOD,-1_21,160,103,0.9820388349514564,0.9891366318533389,0.3843476335796477,24000.0,132.43934631347656,2.0,0.0,0.005555555555535419
TX,band,1,AE,A,OOD,-2_12,66,65,0.9529137529137529,0.9643526023913271,0.6166045886430126,24000.0,8.933951377868652,0.6000003814697266,0.0,0.0033333333331575423
TX,band,1,AE,A,OOD,-2_14,189,203,0.9901217191857585,0.9911758664024205,0.47116008280994875,24000.0,75.71719741821289,3.399995803833008,0.0,0.0016666666666090876
TX,band,1,AE,A,OOD,-2_16,314,190,0.9880489440160912,0.9928720801758633,0.05387530172405497,24000.0,96.13522338867188,2.6000022888183594,0.0,0.003333333333324283
TX,band,1,AE,A,OOD,-2_17,229,58,0.9634091251317572,0.9881613780403731,0.05086570327176242,24000.0,89.12773132324219,1.5,0.0,0.003333333333369758
TX,band,1,AE,A,OOD,-2_18,103,102,0.9699219493622692,0.9622494429020472,0.24308123984103097,24000.0,137.65255737304688,2.6999969482421875,0.0,0.0
TX,band,1,AE,A,OOD,-3_15,82,144,0.9850948509485093,0.9788862434810898,0.22339885732867895,24000.0,136.5424575805664,6.100002288818359,0.0,0.0
TX,band,1,AE,A,OOD,-3_20,97,155,0.981842367808447,0.9754368491362764,0.037571021465512576,24000.0,222.9499969482422,5.2499847412109375,0.0,0.0011111111110979888
TX,band,1,AE,A,OOD,-4_13,228,203,0.9722150203093942,0.9754053950909845,0.04507314658154439,24000.0,108.53143310546875,2.5,0.0,0.0
TX,band,1,AE,A,OOD,-4_18,109,192,0.996368501529052,0.9933944158019343,0.20245035219114538,24000.0,286.9579162597656,7.5,0.0,0.0
TX,band,1,AE,A,OOD,-4_9,86,125,0.9202790697674419,0.9230930041064008,0.023051612207734686,24000.0,14.809906959533691,0.7999992370605469,0.0,0.0
TX,band,1,AE,A,OOD,-5_13,128,155,0.9769153225806451,0.9753086260888775,0.21605698632701414,24000.0,147.28099060058594,3.899993896484375,0.0,0.0
TX,band,1,AE,A,OOD,-5_23,96,134,0.9670398009950248,0.9384078714767954,,24000.0,309.66070556640625,2.649993896484375,0.0,0.0022222222221353447
TX,band,1,AE,A,OOD,-6_13,117,148,0.9752252252252251,0.9747953984953943,0.280901987198336,24000.0,197.52462768554688,3.3000030517578125,0.0,0.0
TX,band,1,AE,A,OOD,-6_23,55,140,0.9674025974025974,0.9370434872104434,0.11824950185716863,24000.0,340.4188232421875,2.600006103515625,0.0,0.0022222222221959776
TX,band,1,AE,A,OOD,-9_18,31,118,0.9712957900492072,0.9137484157496591,0.8802179590413254,24000.0,605.5974731445312,5.29998779296875,0.0,0.0
TX,band,1,AE,A,OOD,0_12,52,29,0.9529177718832891,0.9666162918979913,0.14106475041179814,24000.0,2.217534065246582,0.7000000476837158,0.0,0.0033333333333697575
TX,band,1,AE,A,OOD,0_13,198,99,0.8054280175492297,0.8872704205128622,0.44333833380286547,12000.0,11.558918952941895,1.0,0.0,0.0
TX,band,1,AE,A,OOD,2_15,171,116,0.9233716475095785,0.952549717594147,0.6611532877954029,24000.0,11.429947853088379,1.7000000476837158,0.0,0.0011111111110828306
TX,band,1,AE,AE,ID,-1_21,387,256,0.9864442021963824,0.99187480651253,0.26029550095384685,24000.0,132.4395294189453,1.9000015258789062,0.0,0.004444444444422272
TX,band,1,AE,AE,ID,-2_12,670,465,0.9375349061145883,0.9596166925694278,0.6166045886430126,24000.0,8.637195587158203,0.6000003814697266,0.0,0.006666666666557616
TX,band,1,AE,AE,ID,-2_14,169,56,0.9835164835164835,0.9946728268072369,0.47116008280994875,24000.0,65.96697998046875,2.4000015258789062,0.0,0.002222222222317244
TX,band,1,AE,AE,ID,-3_15,215,227,0.9834033398217396,0.9846287266370799,0.22339885732867895,24000.0,126.59220504760742,4.849998474121094,0.0,0.0
TX,band,1,AE,AE,ID,-3_9,115,195,0.8835228539576365,0.7664240891789602,0.023051612207734686,24000.0,0.803066074848175,0.6000000834465027,0.0,0.5249999999999588
TX,band,1,AE,AE,ID,-4_9,26,88,0.9003496503496503,0.8606218802878465,0.023051612207734686,24000.0,14.672872543334961,0.6999998092651367,0.0,0.0
TX,band,1,AE,AE,ID,-5_13,70,108,0.9743386243386243,0.9689641085648816,0.21605698632701414,24000.0,147.5800018310547,4.0500030517578125,0.0,0.0
TX,band,1,AE,AE,ID,-5_15,120,189,0.9954144620811288,0.9927655907450099,1.3806433655571346,12000.0,341.6230773925781,11.79998779296875,0.0,0.0
TX,band,1,AE,AE,ID,-5_17,181,186,0.9990494861284382,0.9990439338030157,0.3151627136180798,24000.0,310.17999267578125,3.899993896484375,0.0,0.003333333333430391
TX,band,1,AE,AE,ID,-6_13,55,55,0.980495867768595,0.9838816355639547,0.280901987198336,24000.0,188.2434539794922,3.0500030517578125,0.0,0.0
TX,band,1,AE,AE,ID,-6_17,25,41,1.0,1.0,0.3151627136180798,24000.0,379.61827087402344,5.9499969482421875,0.0,0.0
TX,band,1,AE,AE,ID,-9_18,243,335,0.9688716909280757,0.9601271180968298,0.8802179590413254,24000.0,596.2395935058594,3.75,0.0,0.0
TX,band,1,AE,AE,ID,-9_19,46,110,0.9942687747035573,0.990700005728361,0.8802179590413254,24000.0,618.13720703125,3.200042724609375,0.0,0.0
TX,band,1,AE,AE,ID,0_12,488,184,0.9490266393442623,0.9752187140250861,0.14106475041179814,24000.0,2.337902307510376,0.6000003814697266,0.0,0.0011111111111283053
TX,band,1,AE,AE,ID,0_13,1001,362,0.8316710913395998,0.9246863124897278,0.44333833380286547,12000.0,11.55692195892334,0.8999996185302734,0.0,0.0
TX,band,1,AE,AE,ID,1_15,602,1077,0.9503758749078436,0.9406489424875951,1.2497878760366823,12000.0,23.912105560302734,1.5,0.0,0.001111111111113147
TX,band,1,AE,AE,ID,2_15,736,408,0.9282555413469735,0.9641182695453684,0.6611532877954029,24000.0,10.634130477905273,1.3999996185302734,0.0,0.005555555555308046
TX,band,1,AE,AE,ID,3_14,83,113,0.8404947222518393,0.7449187101219141,0.20223583098689696,24000.0,2.1180917024612427,0.5,0.0,0.006666666666618249
TX,band,1,AE,AE,ID,4_15,234,159,0.8685964629360855,0.8681059285382088,0.12838553163766414,24000.0,1.562999963760376,0.7000000476837158,0.0,0.03333333333336409
TX,band,2,A,A,ID,-11_27,96,104,0.9741586538461539,0.9773971408958678,0.08309217072999632,24000.0,1069.5244140625,3.25006103515625,0.0,0.0
TX,band,2,A,A,ID,-1_13,130,186,0.8495864350703061,0.8371665267427923,0.7140324417418822,24000.0,23.175676345825195,0.5,0.0,0.0
TX,band,2,A,A,ID,-1_14,163,159,0.9607207624339237,0.9687216543016836,0.47116008280994875,24000.0,43.69850730895996,1.0,0.0,0.006666666666709199
TX,band,2,A,A,ID,-1_16,444,112,0.9889599420849421,0.9970652353952415,0.05387530172405497,24000.0,63.50269317626953,2.0,0.0,0.005555555555565736
TX,band,2,A,A,ID,-1_23,150,168,0.9686507936507935,0.9651148810248641,0.033231223476314416,24000.0,180.34178924560547,3.600006103515625,0.0,0.001111111111113147
TX,band,2,A,A,ID,-2_13,135,137,0.9717761557177615,0.9775779478065549,0.9903119111809097,24000.0,27.87549591064453,1.0999984741210938,0.0,0.0
TX,band,2,A,A,ID,-2_15,139,212,0.9736663499389168,0.9555745821952412,0.5350548754278291,24000.0,109.79425048828125,4.1999969482421875,0.0,0.002222222222105028
TX,band,2,A,A,ID,-2_20,195,135,0.9887559354226021,0.9926356690079269,0.43834047911542673,24000.0,144.99325561523438,2.1999969482421875,0.0,0.0
TX,band,2,A,A,ID,-2_23,57,114,0.9742997845490919,0.9314359448308367,0.27514034840674395,24000.0,218.10418701171875,5.100006103515625,0.0,0.004444444444482904
TX,band,2,A,A,ID,-3_11,90,184,0.9615942028985507,0.9389697708574443,0.16931448268318428,24000.0,11.094971179962158,0.8000011444091797,0.0,0.0
TX,band,2,A,A,ID,-3_13,286,182,0.9941596864673787,0.9963247551164927,0.004743415522716003,24000.0,67.53248977661133,3.0,0.0,0.0
TX,band,2,A,A,ID,-3_16,119,187,0.9787893767132522,0.9679521844655499,0.43446448208958116,24000.0,161.2508773803711,3.700000762939453,0.0,0.0
TX,band,2,A,A,ID,-3_18,56,79,0.97875226039783,0.9673044941257983,0.24308123984103097,24000.0,179.5,4.9000091552734375,0.0,0.0011111111111434635
TX,band,2,A,A,ID,-3_19,203,162,0.9910296174663991,0.9928684702508758,0.037571021465512576,24000.0,168.2754669189453,3.4000091552734375,0.0,0.001111111111113147
TX,band,2,A,A,ID,-3_23,78,169,0.9894553178576847,0.9758521226107393,0.265226287496481,24000.0,255.63406372070312,5.9000091552734375,0.0,0.0
TX,band,2,A,A,ID,-5_10,177,206,0.9799517305688114,0.9788082746441323,0.29256857670927144,24000.0,95.7484359741211,1.70001220703125,0.0,0.0
TX,band,2,A,A,ID,-5_24,46,84,0.9707556935817805,0.9418082113867801,0.5357706860943819,24000.0,307.15185546875,2.75,0.0,0.0011111111111434635
TX,band,2,A,A,ID,-6_19,180,182,0.9850427350427351,0.9858754505277244,0.15574499207801415,24000.0,448.80604553222656,3.5500030517578125,0.0,0.001111111111113147
TX,band,2,A,A,ID,-6_22,133,87,0.9175525019445164,0.9152546230506171,0.11824950185716863,24000.0,351.4438018798828,2.1999969482421875,0.0,0.0011111111110828306
TX,band,2,A,A,ID,-7_10,250,152,0.9795263157894736,0.9883943174523141,0.0896597991349496,24000.0,162.62535095214844,1.9000015258789062,0.0,0.0
TX,band,2,A,A,ID,0_16,103,123,0.9964480227326545,0.995886669242865,1.923049698885933,24000.0,84.81069946289062,4.149997711181641,0.0,0.0027777777777222346
TX,band,2,A,A,ID,0_20,157,169,0.9921607055365017,0.9918324809123538,0.18025986218507156,24000.0,128.8045196533203,4.750007629394531,0.0,0.003333333333384916
TX,band,2,A,A,ID,2_20,238,167,0.9869924017511196,0.989136894630994,0.09653944470682342,24000.0,97.51176452636719,4.799995422363281,0.0,0.004444444444361638
TX,band,2,A,A,ID,3_23,112,49,0.9684766763848396,0.9791805808014715,0.09985463981085638,24000.0,88.32649230957031,2.7999954223632812,0.0,0.0
TX,band,2,A,AE,OOD,-1_13,598,376,0.8732566000142319,0.9228491601216944,0.7140324417418822,24000.0,24.192769050598145,0.5,0.0,0.0
TX,band,2,A,AE,OOD,-1_14,744,316,0.96208911800735,0.984363164876217,0.47116008280994875,24000.0,41.27695083618164,1.0,0.0,0.006666666666572774
TX,band,2,A,AE,OOD,-1_16,240,101,0.9803217821782179,0.9917280196560424,0.05387530172405497,24000.0,64.61466979980469,2.0,0.0,0.006666666666678882
TX,band,2,A,AE,OOD,-1_23,92,56,0.9499223602484472,0.961489145057834,0.033231223476314416,24000.0,172.81726837158203,3.0,0.0,0.001666666666684879
TX,band,2,A,AE,OOD,-2_13,197,428,0.9758171640020874,0.9630266332396653,0.9903119111809097,24000.0,28.50191307067871,0.8000011444091797,0.0,0.0
TX,band,2,A,AE,OOD,-2_15,187,78,0.9806663924310983,0.9891963375909163,0.5350548754278291,24000.0,84.46502685546875,2.5,0.0,0.0033333333333091246
TX,band,2,A,AE,OOD,-2_20,85,113,0.9943779281624154,0.9938513544290367,0.43834047911542673,24000.0,149.29178619384766,3.5,0.0,0.0
TX,band,2,A,AE,OOD,-2_23,279,174,0.9878671775223499,0.9929929800954742,0.27514034840674395,24000.0,197.27999877929688,2.5,0.0,0.02333333333331545
TX,band,2,A,AE,OOD,-3_11,126,275,0.9612987012987013,0.9433929131119644,0.16931448268318428,24000.0,11.152113914489746,0.8999996185302734,0.0,0.0
TX,band,2,A,AE,OOD,-3_16,108,112,0.9899140211640212,0.9882145044299314,0.43446448208958116,24000.0,160.04579162597656,3.4499969482421875,0.0,0.001111111111113147
TX,band,2,A,AE,OOD,-3_18,171,125,0.9861988304093567,0.9899388009139607,0.24308123984103097,24000.0,179.5,3.9000091552734375,0.0,0.0022222222220747117
TX,band,2,A,AE,OOD,-5_14,144,391,0.9933042057402671,0.9897922792689097,1.3806433655571346,12000.0,204.5263671875,6.100006103515625,0.0,0.0
TX,band,2,A,AE,OOD,-5_24,52,118,0.9755541069100392,0.9379335563797659,0.5357706860943819,24000.0,310.5343017578125,3.29998779296875,0.0,0.0022222222221353447
TX,band,2,A,AE,OOD,0_16,247,352,0.9950657894736843,0.9940589890038308,1.923049698885933,24000.0,86.81460571289062,5.399993896484375,0.0,0.002222222222286927
TX,band,2,A,AE,OOD,1_13,1031,421,0.8734042773775431,0.941755300842425,0.44333833380286547,12000.0,2.713078498840332,0.6999998092651367,0.0,0.011111111111101156
TX,band,2,A,AE,OOD,2_14,602,253,0.9006079865533859,0.9485036880764077,0.20223583098689696,12000.0,0.906999945640564,0.40000009536743164,0.0,0.07999999999863079
TX,band,2,AE,A,OOD,-11_27,96,104,0.967948717948718,0.9718509994688523,0.08309217072999632,24000.0,1069.5244140625,3.25006103515625,0.0,0.0
TX,band,2,AE,A,OOD,-1_13,130,186,0.8699751861042183,0.8611659804870629,0.7140324417418822,24000.0,23.175676345825195,0.5,0.0,0.0
TX,band,2,AE,A,OOD,-1_14,163,159,0.9554732415017169,0.9652088121487228,0.47116008280994875,24000.0,43.69850730895996,1.0,0.0,0.006666666666709199
TX,band,2,AE,A,OOD,-1_16,444,112,0.9909507722007722,0.9977186804506776,0.05387530172405497,24000.0,63.50269317626953,2.0,0.0,0.005555555555565736
TX,band,2,AE,A,OOD,-1_23,150,168,0.9564682539682539,0.9518333079281094,0.033231223476314416,24000.0,180.34178924560547,3.600006103515625,0.0,0.001111111111113147
TX,band,2,AE,A,OOD,-2_13,135,137,0.9801567991349013,0.9837074028702899,0.9903119111809097,24000.0,27.87549591064453,1.0999984741210938,0.0,0.0
TX,band,2,AE,A,OOD,-2_15,139,212,0.9738699606352654,0.9635559124445784,0.5350548754278291,24000.0,109.79425048828125,4.1999969482421875,0.0,0.002222222222105028
TX,band,2,AE,A,OOD,-2_20,195,135,0.9876923076923076,0.99240867087856,0.43834047911542673,24000.0,144.99325561523438,2.1999969482421875,0.0,0.0
TX,band,2,AE,A,OOD,-2_23,57,114,0.9770698676515851,0.9447181724857834,0.27514034840674395,24000.0,218.10418701171875,5.100006103515625,0.0,0.004444444444482904
TX,band,2,AE,A,OOD,-3_11,90,184,0.9871980676328503,0.9771761624272655,0.16931448268318428,24000.0,11.094971179962158,0.8000011444091797,0.0,0.0
TX,band,2,AE,A,OOD,-3_13,286,182,0.9933335894874356,0.9956892385854968,0.004743415522716003,24000.0,67.53248977661133,3.0,0.0,0.0
TX,band,2,AE,A,OOD,-3_16,119,187,0.9813957668628949,0.9732580123752567,0.43446448208958116,24000.0,161.2508773803711,3.700000762939453,0.0,0.0
TX,band,2,AE,A,OOD,-3_18,56,79,0.9832730560578662,0.9746252535646079,0.24308123984103097,24000.0,179.5,4.9000091552734375,0.0,0.0011111111111434635
TX,band,2,AE,A,OOD,-3_19,203,162,0.9931277747369701,0.9950485202409821,0.037571021465512576,24000.0,168.2754669189453,3.4000091552734375,0.0,0.001111111111113147
TX,band,2,AE,A,OOD,-3_23,78,169,0.9888484296768321,0.9740827310324207,0.265226287496481,24000.0,255.63406372070312,5.9000091552734375,0.0,0.0
TX,band,2,AE,A,OOD,-5_10,177,206,0.9571060281937359,0.9586928919785151,0.29256857670927144,24000.0,95.7484359741211,1.70001220703125,0.0,0.0
TX,band,2,AE,A,OOD,-5_24,46,84,0.9642857142857143,0.9418541825638994,0.5357706860943819,24000.0,307.15185546875,2.75,0.0,0.0011111111111434635
TX,band,2,AE,A,OOD,-6_19,180,182,0.9814407814407815,0.9814287325393594,0.15574499207801415,24000.0,448.80604553222656,3.5500030517578125,0.0,0.001111111111113147
TX,band,2,AE,A,OOD,-6_22,133,87,0.9091694754126696,0.9115010603134136,0.11824950185716863,24000.0,351.4438018798828,2.1999969482421875,0.0,0.0011111111110828306
TX,band,2,AE,A,OOD,-7_10,250,152,0.9608947368421051,0.9775607729364222,0.0896597991349496,24000.0,162.62535095214844,1.9000015258789062,0.0,0.0
TX,band,2,AE,A,OOD,0_16,103,123,0.9962112242481648,0.9956332676196276,1.923049698885933,24000.0,84.81069946289062,4.149997711181641,0.0,0.0027777777777222346
TX,band,2,AE,A,OOD,0_20,157,169,0.9892586590283798,0.9898342692701582,0.18025986218507156,24000.0,128.8045196533203,4.750007629394531,0.0,0.003333333333384916
TX,band,2,AE,A,OOD,2_20,238,167,0.9847028631812006,0.9817289293741362,0.09653944470682342,24000.0,97.51176452636719,4.799995422363281,0.0,0.004444444444361638
TX,band,2,AE,A,OOD,3_23,112,49,0.9912536443148688,0.9962124365607915,0.09985463981085638,24000.0,88.32649230957031,2.7999954223632812,0.0,0.0
TX,band,2,AE,AE,ID,-1_13,598,376,0.8871459830641144,0.9348885808221015,0.7140324417418822,24000.0,24.192769050598145,0.5,0.0,0.0
TX,band,2,AE,AE,ID,-1_14,744,316,0.95850347080441,0.9829685469689807,0.47116008280994875,24000.0,41.27695083618164,1.0,0.0,0.006666666666572774
TX,band,2,AE,AE,ID,-1_16,240,101,0.9792904290429043,0.991528607337672,0.05387530172405497,24000.0,64.61466979980469,2.0,0.0,0.006666666666678882
TX,band,2,AE,AE,ID,-1_23,92,56,0.9359472049689441,0.959543841658907,0.033231223476314416,24000.0,172.81726837158203,3.0,0.0,0.001666666666684879
TX,band,2,AE,AE,ID,-2_13,197,428,0.9809644670050762,0.9679019028043921,0.9903119111809097,24000.0,28.50191307067871,0.8000011444091797,0.0,0.0
TX,band,2,AE,AE,ID,-2_15,187,78,0.9831345125462773,0.9916798290268312,0.5350548754278291,24000.0,84.46502685546875,2.5,0.0,0.0033333333333091246
TX,band,2,AE,AE,ID,-2_20,85,113,0.996668401874024,0.9960199013749338,0.43834047911542673,24000.0,149.29178619384766,3.5,0.0,0.0
TX,band,2,AE,AE,ID,-2_23,279,174,0.9889589255551436,0.9935963434872345,0.27514034840674395,24000.0,197.27999877929688,2.5,0.0,0.02333333333331545
TX,band,2,AE,AE,ID,-3_11,126,275,0.9815584415584415,0.9708549578006017,0.16931448268318428,24000.0,11.152113914489746,0.8999996185302734,0.0,0.0
TX,band,2,AE,AE,ID,-3_16,108,112,0.9932208994708994,0.9914735312764988,0.43446448208958116,24000.0,160.04579162597656,3.4499969482421875,0.0,0.001111111111113147
TX,band,2,AE,AE,ID,-3_18,171,125,0.9892397660818713,0.992321799164954,0.24308123984103097,24000.0,179.5,3.9000091552734375,0.0,0.0022222222220747117
TX,band,2,AE,AE,ID,-5_14,144,391,0.9929489911906793,0.9896134326405618,1.3806433655571346,12000.0,204.5263671875,6.100006103515625,0.0,0.0
TX,band,2,AE,AE,ID,-5_24,52,118,0.9669165580182528,0.9083278070398401,0.5357706860943819,24000.0,310.5343017578125,3.29998779296875,0.0,0.0022222222221353447
TX,band,2,AE,AE,ID,0_16,247,352,0.9910747147589253,0.9897112783615859,1.923049698885933,24000.0,86.81460571289062,5.399993896484375,0.0,0.002222222222286927
TX,band,2,AE,AE,ID,1_13,1031,421,0.8391041605709929,0.907746473940676,0.44333833380286547,12000.0,2.713078498840332,0.6999998092651367,0.0,0.011111111111101156
TX,band,2,AE,AE,ID,2_14,602,253,0.9325436949299437,0.9635409624874561,0.20223583098689696,12000.0,0.906999945640564,0.40000009536743164,0.0,0.07999999999863079
TX,band,3,A,A,ID,-10_14,166,118,0.9817745558505208,0.9863503434232104,0.04988885389311448,24000.0,338.6819763183594,3.20001220703125,0.0,0.0
TX,band,3,A,A,ID,-11_20,33,118,0.9892141756548536,0.9412084992910021,0.18886389121410688,24000.0,764.8316040039062,3.5,0.0,0.0
TX,band,3,A,A,ID,-1_15,340,261,0.9816655397791301,0.9862428472923959,0.20624010429247697,24000.0,55.407066345214844,3.0,0.0,0.0011111111111737802
TX,band,3,A,A,ID,-3_12,228,214,0.9874774553205443,0.9892421054613176,0.6166045886430126,24000.0,32.228750228881836,1.7999992370605469,0.0,0.0
TX,band,3,A,A,ID,-3_14,198,208,0.9898747086247086,0.9905130095011119,0.027137219308491237,24000.0,99.75370788574219,3.1999969482421875,0.0,0.0011111111110828306
TX,band,3,A,A,ID,-4_12,199,196,0.9869756948005333,0.9884118066668424,0.04507314658154439,24000.0,87.84439849853516,3.1999969482421875,0.0,0.0
TX,band,3,A,A,ID,-4_15,58,65,0.9846153846153847,0.9826814820305722,1.6761314313008995,12000.0,177.09837341308594,4.300018310546875,0.0,0.0
TX,band,3,A,A,ID,-5_21,79,160,0.9973101265822785,0.995121565986745,0.014368272478283923,24000.0,335.3725280761719,8.79998779296875,0.0,0.001111111111113147
TX,band,3,A,A,ID,-5_22,121,169,0.9867964203628539,0.9819058413254598,0.11824950185716863,24000.0,344.2847137451172,5.70001220703125,0.0,0.001111111111158622
TX,band,3,A,A,ID,-6_15,32,108,0.9794560185185186,0.951289799528302,0.48339316273128835,24000.0,502.2265167236328,20.800018310546875,0.0,0.0
TX,band,3,A,A,ID,-7_14,134,228,0.9842890809112333,0.9724025971799459,0.280901987198336,24000.0,365.6750946044922,5.899993896484375,0.0,0.0
TX,band,3,A,A,ID,-7_15,25,83,0.9869879518072289,0.9576965522508697,0.584661374661343,24000.0,610.1091003417969,16.149993896484375,0.0,0.0
TX,band,3,A,A,ID,-7_21,35,60,0.9666666666666667,0.9297441140029595,0.04550883590675438,24000.0,498.8904724121094,1.800018310546875,0.0,0.0
TX,band,3,A,A,ID,0_17,275,177,0.9872419106317412,0.9902418529120067,0.04739613046442509,24000.0,58.59052848815918,2.5,0.0,0.002222222222165661
TX,band,3,A,A,ID,0_22,241,223,0.9821372085666971,0.981042540660442,0.09921212486424458,24000.0,147.61470794677734,2.8499984741210938,0.0,0.0011111111110828306
TX,band,3,A,A,ID,2_16,128,132,0.9264322916666667,0.9130952602291583,0.6611532877954029,24000.0,28.542654991149902,3.3499999046325684,0.0,0.0
TX,band,3,A,A,ID,2_19,154,174,0.9889162561576355,0.9890996177528145,0.09653944470682342,24000.0,112.44543838500977,6.0,0.0,0.0
TX,band,3,A,A,ID,4_17,92,168,0.9717261904761905,0.9513271326156699,0.3834248919071823,24000.0,36.98090934753418,5.399999618530273,0.0,0.0
TX,band,3,A,AE,OOD,-1_15,42,54,0.9911816578483246,0.9907544172008688,0.5525581711334748,24000.0,68.30878067016602,3.700000762939453,0.0,0.002222222222271769
TX,band,3,A,AE,OOD,-3_10,214,519,0.8584625357895305,0.6889609298217173,0.33723016680691564,12000.0,4.317790508270264,0.6000003814697266,0.0,0.033333333333788524
TX,band,3,A,AE,OOD,-3_12,150,152,0.9821052631578947,0.9833485127103244,0.16931448268318428,24000.0,33.2531623840332,1.900001049041748,0.0,0.0
TX,band,3,A,AE,OOD,-3_14,118,89,0.9699104932393829,0.9727866485677341,0.027137219308491237,24000.0,100.41490936279297,3.2999954223632812,0.0,0.001111111111113147
TX,band,3,A,AE,OOD,-3_17,267,247,0.988703392015042,0.9886750014401339,1.3443590752827872,24000.0,157.7086410522461,2.8000030517578125,0.0,0.0011111111110828306
TX,band,3,A,AE,OOD,-3_21,215,266,0.996765168735793,0.9967233050379114,2.427675033519717,12000.0,199.88357543945312,4.5999908447265625,0.0,0.003333333333400074
TX,band,3,A,AE,OOD,-4_15,157,362,0.9939824752788824,0.9876172429631155,0.5742858882114332,12000.0,184.7858428955078,6.6999969482421875,0.0,0.0
TX,band,3,A,AE,OOD,-4_17,44,68,0.9986631016042781,0.9980017566974088,1.3443590752827872,24000.0,255.4772491455078,7.0,0.0,0.0
TX,band,3,A,AE,OOD,-5_16,102,187,0.990353360595575,0.9853143716056364,0.5229608295165853,12000.0,277.68670654296875,8.4000244140625,0.0,0.0
TX,band,3,A,AE,OOD,-5_21,87,57,0.9943537003428111,0.9964816276403818,0.014368272478283923,24000.0,303.7040100097656,1.649993896484375,0.0,0.0072222222220232404
TX,band,3,A,AE,OOD,-5_22,63,56,0.9812925170068028,0.9810833281475746,0.11824950185716863,24000.0,334.974609375,3.899993896484375,0.0,0.002222222222165661
TX,band,3,A,AE,OOD,-7_15,26,120,0.9916666666666667,0.9581256226122744,0.584661374661343,24000.0,606.5824279785156,19.5,0.0,0.0
TX,band,3,A,AE,OOD,-7_21,42,79,0.9746835443037974,0.9476899563477722,0.04550883590675438,24000.0,500.6940002441406,2.5,0.0,0.0011111111109615647
TX,band,3,A,AE,OOD,2_16,387,123,0.9574168609903153,0.9861062775044291,0.6611532877954029,24000.0,19.679509162902832,3.3999996185302734,0.0,0.0
TX,band,3,A,AE,OOD,4_17,199,190,0.9590848981750859,0.9475608069656498,0.3834248919071823,24000.0,31.62913703918457,5.399999618530273,0.0,0.0
TX,band,3,AE,A,OOD,-10_14,166,118,0.98560343067184,0.9864044929445599,0.04988885389311448,24000.0,338.6819763183594,3.20001220703125,0.0,0.0
TX,band,3,AE,A,OOD,-11_20,33,118,0.9904982023626091,0.9584408505145705,0.18886389121410688,24000.0,764.8316040039062,3.5,0.0,0.0
TX,band,3,AE,A,OOD,-1_15,340,261,0.9804710389903087,0.9858062123488337,0.20624010429247697,24000.0,55.407066345214844,3.0,0.0,0.0011111111111737802
TX,band,3,AE,A,OOD,-3_12,228,214,0.9838088211182161,0.9865598400259222,0.6166045886430126,24000.0,32.228750228881836,1.7999992370605469,0.0,0.0
TX,band,3,AE,A,OOD,-3_14,198,208,0.9871066433566433,0.9876253751381587,0.027137219308491237,24000.0,99.75370788574219,3.1999969482421875,0.0,0.0011111111110828306
TX,band,3,AE,A,OOD,-4_12,199,196,0.9872833555532766,0.9885124110338868,0.04507314658154439,24000.0,87.84439849853516,3.1999969482421875,0.0,0.0
TX,band,3,AE,A,OOD,-4_15,58,65,0.9877984084880637,0.986553854189168,1.6761314313008995,12000.0,177.09837341308594,4.300018310546875,0.0,0.0
TX,band,3,AE,A,OOD,-5_21,79,160,0.9968354430379747,0.9942020578451133,0.014368272478283923,24000.0,335.3725280761719,8.79998779296875,0.0,0.001111111111113147
TX,band,3,AE,A,OOD,-5_22,121,169,0.9850848452247054,0.980361419970951,0.11824950185716863,24000.0,344.2847137451172,5.70001220703125,0.0,0.001111111111158622
TX,band,3,AE,A,OOD,-6_15,32,108,0.9820601851851851,0.956661929145043,0.48339316273128835,24000.0,502.2265167236328,20.800018310546875,0.0,0.0
TX,band,3,AE,A,OOD,-7_14,134,228,0.9795758051846033,0.9559936828731339,0.280901987198336,24000.0,365.6750946044922,5.899993896484375,0.0,0.0
TX,band,3,AE,A,OOD,-7_15,25,83,0.983132530120482,0.9306622602585133,0.584661374661343,24000.0,610.1091003417969,16.149993896484375,0.0,0.0
TX,band,3,AE,A,OOD,-7_21,35,60,0.9661904761904763,0.9200929731592639,0.04550883590675438,24000.0,498.8904724121094,1.800018310546875,0.0,0.0
TX,band,3,AE,A,OOD,0_17,275,177,0.9839342578325629,0.985166824085667,0.04739613046442509,24000.0,58.59052848815918,2.5,0.0,0.002222222222165661
TX,band,3,AE,A,OOD,0_22,241,223,0.9790484342146885,0.9771738735072077,0.09921212486424458,24000.0,147.61470794677734,2.8499984741210938,0.0,0.0011111111110828306
TX,band,3,AE,A,OOD,2_16,128,132,0.9262547348484849,0.8987808287139493,0.6611532877954029,24000.0,28.542654991149902,3.3499999046325684,0.0,0.0
TX,band,3,AE,A,OOD,2_19,154,174,0.9857068219137185,0.9861797718981475,0.09653944470682342,24000.0,112.44543838500977,6.0,0.0,0.0
TX,band,3,AE,A,OOD,4_17,92,168,0.9668737060041408,0.9418467814042459,0.3834248919071823,24000.0,36.98090934753418,5.399999618530273,0.0,0.0
TX,band,3,AE,AE,ID,-1_15,42,54,0.9929453262786596,0.9923612785094608,0.5525581711334748,24000.0,68.30878067016602,3.700000762939453,0.0,0.002222222222271769
TX,band,3,AE,AE,ID,-3_10,214,519,0.8649361640826175,0.6844398024098514,0.33723016680691564,12000.0,4.317790508270264,0.6000003814697266,0.0,0.033333333333788524
TX,band,3,AE,AE,ID,-3_12,150,152,0.9742543859649123,0.9768294687685249,0.16931448268318428,24000.0,33.2531623840332,1.900001049041748,0.0,0.0
TX,band,3,AE,AE,ID,-3_14,118,89,0.9674347743286994,0.9711339577239639,0.027137219308491237,24000.0,100.41490936279297,3.2999954223632812,0.0,0.001111111111113147
TX,band,3,AE,AE,ID,-3_17,267,247,0.9905229798783909,0.9900542164880701,1.3443590752827872,24000.0,157.7086410522461,2.8000030517578125,0.0,0.0011111111110828306
TX,band,3,AE,AE,ID,-3_21,215,266,0.9965903129917817,0.9962957640914476,2.427675033519717,12000.0,199.88357543945312,4.5999908447265625,0.0,0.003333333333400074
TX,band,3,AE,AE,ID,-4_15,157,362,0.9949678009642116,0.9905440264465769,0.5742858882114332,12000.0,184.7858428955078,6.6999969482421875,0.0,0.0
TX,band,3,AE,AE,ID,-4_17,44,68,0.9953208556149733,0.9945141065830722,1.3443590752827872,24000.0,255.4772491455078,7.0,0.0,0.0
TX,band,3,AE,AE,ID,-5_16,102,187,0.989933941491035,0.9855309091774651,0.5229608295165853,12000.0,277.68670654296875,8.4000244140625,0.0,0.0
TX,band,3,AE,AE,ID,-5_21,87,57,0.9977818108489614,0.9985844402295406,0.014368272478283923,24000.0,303.7040100097656,1.649993896484375,0.0,0.0072222222220232404
TX,band,3,AE,AE,ID,-5_22,63,56,0.9756235827664399,0.9760157167637578,0.11824950185716863,24000.0,334.974609375,3.899993896484375,0.0,0.002222222222165661
TX,band,3,AE,AE,ID,-7_15,26,120,0.9871794871794872,0.9386527921062353,0.584661374661343,24000.0,606.5824279785156,19.5,0.0,0.0
TX,band,3,AE,AE,ID,-7_21,42,79,0.9767932489451476,0.9569480544599747,0.04550883590675438,24000.0,500.6940002441406,2.5,0.0,0.0011111111109615647
TX,band,3,AE,AE,ID,2_16,387,123,0.9586773387113716,0.9861937897424005,0.6611532877954029,24000.0,19.679509162902832,3.3999996185302734,0.0,0.0
TX,band,3,AE,AE,ID,4_17,199,190,0.9579740809309707,0.9483778272819529,0.3834248919071823,24000.0,31.62913703918457,5.399999618530273,0.0,0.0
TX,shadedX,0,A,A,ID,-2_22,28,52,0.8537087912087912,0.8511957200860907,0.9067629512043742,12000.0,163.93456268310547,3.9499969482421875,0.0,0.058333333333121934
TX,shadedX,0,A,A,ID,-4_10,207,151,0.8681575327126723,0.898942053731778,0.33723016680691564,24000.0,13.47907018661499,0.7999992370605469,0.0,0.002222222222165661
TX,shadedX,0,A,A,ID,-4_11,183,56,0.7930327868852459,0.9234626761190201,0.1974473779072853,24000.0,27.799999237060547,0.6000003814697266,0.0,0.0
TX,shadedX,0,A,A,ID,-4_14,59,186,0.8274102423911063,0.6303366130407624,0.0852606922069036,12000.0,139.73793029785156,2.70001220703125,0.0,0.001111111111113147
TX,shadedX,0,A,A,ID,-4_20,65,29,0.8684350132625995,0.9512713279444642,0.4338820496821554,12000.0,211.1469497680664,1.1999969482421875,0.0,0.08666666666665872
TX,shadedX,0,A,A,ID,-6_14,50,100,0.7961999999999999,0.7724742675711282,0.280901987198336,18000.0,248.22791290283203,2.20001220703125,0.0,0.0
TX,shadedX,0,A,A,ID,0_14,28,249,0.8475329890992541,0.483592552332116,0.5852358062240963,12000.0,24.808786392211914,0.8999996185302734,38.0,0.0011111111111737802
TX,shadedX,0,A,A,ID,1_16,190,105,0.9275187969924812,0.9624867842307587,0.6611532877954029,24000.0,42.544681549072266,1.8999977111816406,0.0,0.0011111111111434635
TX,shadedX,0,A,A,ID,3_15,112,366,0.7560499609679937,0.5724267387860825,0.12838553163766414,24000.0,6.176624298095703,1.8000001907348633,0.0,0.0
TX,shadedX,0,A,A,ID,4_16,111,106,0.7302396736359,0.765216433284013,0.3834248919071823,24000.0,11.227696418762207,2.500000476837158,0.0,0.0
TX,shadedX,0,A,AE,OOD,-2_21,513,63,0.9266066400569325,0.9904664109084111,2.104235609209174,12000.0,124.64957046508789,1.4000053405761719,0.0,0.11777777777772076
TX,shadedX,0,A,AE,OOD,-3_6,237,788,0.6540566300413373,0.36046329093803176,0.024854139406446513,24000.0,2.76566481590271,0.7999999523162842,0.0,0.06777777777762917
TX,shadedX,0,A,AE,OOD,-4_10,270,106,0.8413347309573725,0.9254707268243232,0.33723016680691564,24000.0,14.919761180877686,0.7999992370605469,0.0,0.0022222222220443953
TX,shadedX,0,A,AE,OOD,-4_14,219,81,0.8105868425503128,0.9073683728988583,0.0852606922069036,12000.0,119.93459701538086,2.4000015258789062,0.0,0.0022222222221353447
TX,shadedX,0,A,AE,OOD,-4_16,190,54,0.8961988304093568,0.9699016727575159,1.6761314313008995,12000.0,207.9600067138672,1.4500045776367188,0.0,0.2772222222212447
TX,shadedX,0,A,AE,OOD,-6_14,44,87,0.8463949843260188,0.7909793744434592,0.280901987198336,24000.0,257.3036193847656,2.0999908447265625,0.0,0.0
TX,shadedX,0,A,AE,OOD,0_14,788,355,0.8402480875098306,0.9192894357764457,0.5852358062240963,12000.0,24.729999542236328,1.0,0.0,0.007777777777761714
TX,shadedX,0,A,AE,OOD,0_15,359,303,0.754157588460796,0.789280913391171,1.2497878760366823,24000.0,47.556339263916016,1.5,0.0,0.004444444444482904
TX,shadedX,0,A,AE,OOD,1_16,154,87,0.8991640543364682,0.9434258325517206,0.6611532877954029,24000.0,41.11988067626953,2.200000762939453,0.0,0.001111111111113147
TX,shadedX,0,A,AE,OOD,3_15,324,301,0.7612792748451663,0.7986105278266804,0.12838553163766414,24000.0,5.491714954376221,1.4000005722045898,0.0,0.0
TX,shadedX,0,A,AE,OOD,4_16,300,92,0.7713043478260869,0.9242822650023823,0.3834248919071823,24000.0,10.943569660186768,2.6999998092651367,0.0,0.0
TX,shadedX,0,AE,A,OOD,-2_22,28,52,0.9313186813186813,0.9036873706054648,0.9067629512043742,12000.0,163.93456268310547,3.9499969482421875,0.0,0.058333333333121934
TX,shadedX,0,AE,A,OOD,-4_10,207,151,0.8499536103912722,0.9035176134530247,0.33723016680691564,24000.0,13.47907018661499,0.7999992370605469,0.0,0.002222222222165661
TX,shadedX,0,AE,A,OOD,-4_11,183,56,0.8620218579234974,0.9575342543048835,0.1974473779072853,24000.0,27.799999237060547,0.6000003814697266,0.0,0.0
TX,shadedX,0,AE,A,OOD,-4_14,59,186,0.8429925277929652,0.6795154903941899,0.0852606922069036,12000.0,139.73793029785156,2.70001220703125,0.0,0.001111111111113147
TX,shadedX,0,AE,A,OOD,-4_20,65,29,0.9209549071618036,0.9679729636303558,0.4338820496821554,12000.0,211.1469497680664,1.1999969482421875,0.0,0.08666666666665872
TX,shadedX,0,AE,A,OOD,-6_14,50,100,0.886,0.8335637993445004,0.280901987198336,18000.0,248.22791290283203,2.20001220703125,0.0,0.0
TX,shadedX,0,AE,A,OOD,0_14,28,249,0.8928571428571428,0.5613383062249411,0.5852358062240963,12000.0,24.808786392211914,0.8999996185302734,38.0,0.0011111111111737802
TX,shadedX,0,AE,A,OOD,1_16,190,105,0.9258646616541353,0.9619774565881903,0.6611532877954029,24000.0,42.544681549072266,1.8999977111816406,0.0,0.0011111111111434635
TX,shadedX,0,AE,A,OOD,3_15,112,366,0.7596604215456675,0.5967165933282261,0.12838553163766414,24000.0,6.176624298095703,1.8000001907348633,0.0,0.0
TX,shadedX,0,AE,A,OOD,4_16,111,106,0.7211456739758627,0.7680656723834407,0.3834248919071823,24000.0,11.227696418762207,2.500000476837158,0.0,0.0
TX,shadedX,0,AE,AE,ID,-2_21,513,63,0.9119403446888827,0.9882882263197401,2.104235609209174,12000.0,124.64957046508789,1.4000053405761719,0.0,0.11777777777772076
TX,shadedX,0,AE,AE,ID,-3_6,237,788,0.6771134528475657,0.4289925973763866,0.024854139406446513,24000.0,2.76566481590271,0.7999999523162842,0.0,0.06777777777762917
TX,shadedX,0,AE,AE,ID,-4_10,270,106,0.8517470300489167,0.9423374417950998,0.33723016680691564,24000.0,14.919761180877686,0.7999992370605469,0.0,0.0022222222220443953
TX,shadedX,0,AE,AE,ID,-4_14,219,81,0.8158295281582953,0.9141142873780541,0.0852606922069036,12000.0,119.93459701538086,2.4000015258789062,0.0,0.0022222222221353447
TX,shadedX,0,AE,AE,ID,-4_16,190,54,0.82729044834308,0.9481766983337147,1.6761314313008995,12000.0,207.9600067138672,1.4500045776367188,0.0,0.2772222222212447
TX,shadedX,0,AE,AE,ID,-6_14,44,87,0.8610240334378265,0.7842537921382211,0.280901987198336,24000.0,257.3036193847656,2.0999908447265625,0.0,0.0
TX,shadedX,0,AE,AE,ID,0_14,788,355,0.9100521913205118,0.9574625721498494,0.5852358062240963,12000.0,24.729999542236328,1.0,0.0,0.007777777777761714
TX,shadedX,0,AE,AE,ID,0_15,359,303,0.7946716677238754,0.8210673057010109,1.2497878760366823,24000.0,47.556339263916016,1.5,0.0,0.004444444444482904
TX,shadedX,0,AE,AE,ID,1_16,154,87,0.9164054336468129,0.9571614679167915,0.6611532877954029,24000.0,41.11988067626953,2.200000762939453,0.0,0.001111111111113147
TX,shadedX,0,AE,AE,ID,3_15,324,301,0.7806078503752922,0.8267486114579992,0.12838553163766414,24000.0,5.491714954376221,1.4000005722045898,0.0,0.0
TX,shadedX,0,AE,AE,ID,4_16,300,92,0.7951449275362319,0.92979619360204,0.3834248919071823,24000.0,10.943569660186768,2.6999998092651367,0.0,0.0
TX,shadedX,1,A,A,ID,-2_12,66,46,0.8435441370223979,0.8895904655453448,0.6166045886430126,24000.0,4.188985347747803,0.5,0.0,0.022777777777455713
TX,shadedX,1,A,A,ID,-2_14,189,136,0.748249299719888,0.8189302779707003,0.47116008280994875,24000.0,65.05692291259766,2.200000762939453,0.0,0.0022222222220443953
TX,shadedX,1,A,A,ID,-3_15,82,586,0.871659868475818,0.6947558092954955,0.22339885732867895,24000.0,114.3305435180664,2.6999969482421875,0.0,0.0022222222220443953
TX,shadedX,1,A,A,ID,-3_9,27,398,0.834822259445375,0.6890797951333414,0.023051612207734686,24000.0,2.1248281002044678,0.8000001907348633,0.0,0.12111111111148459
TX,shadedX,1,A,A,ID,-4_9,86,220,0.9045983086680761,0.8103711330637063,0.023051612207734686,24000.0,2.555603861808777,1.0,0.0,0.046666666666903785
TX,shadedX,1,A,A,ID,-9_18,31,270,0.855794504181601,0.6122070822425859,0.8802179590413254,24000.0,596.3551025390625,3.29998779296875,0.0,0.0
TX,shadedX,1,A,A,ID,0_12,52,1058,0.8278319034462701,0.47000651565536306,0.14106475041179814,24000.0,4.275410175323486,1.0999999046325684,0.0,0.0
TX,shadedX,1,A,A,ID,0_13,198,722,0.7696004364979433,0.517183939866478,0.44333833380286547,12000.0,12.169385433197021,0.7999999523162842,0.0,0.0
TX,shadedX,1,A,A,ID,2_15,171,888,0.8404457088667615,0.6260725991808821,0.6611532877954029,24000.0,10.345244407653809,1.1000003814697266,0.0,0.001111111111113147
TX,shadedX,1,A,A,ID,4_15,73,536,0.7248517685544879,0.4481197768164772,0.12838553163766414,24000.0,3.0649030208587646,1.2000000476837158,0.0,0.002222222222226294
TX,shadedX,1,A,AE,OOD,-2_12,670,243,0.8374547017996439,0.9394439902693276,0.6166045886430126,24000.0,4.09456729888916,0.5999999046325684,0.0,0.04555555555569968
TX,shadedX,1,A,AE,OOD,-2_14,169,64,0.7604474852071006,0.8963957891033839,0.47116008280994875,24000.0,64.7049331665039,2.1999969482421875,0.0,0.004444444444513221
TX,shadedX,1,A,AE,OOD,-3_15,215,379,0.835626188869117,0.807280995724815,0.22339885732867895,24000.0,112.62117004394531,2.4000015258789062,0.0,0.0027777777776009692
TX,shadedX,1,A,AE,OOD,-3_9,115,328,0.8514050901378579,0.8199059203987982,0.023051612207734686,24000.0,2.1053450107574463,0.7000001668930054,0.0,0.14444444444470916
TX,shadedX,1,A,AE,OOD,-4_9,26,178,0.9094641313742438,0.7239113417431684,0.023051612207734686,24000.0,2.4825292825698853,1.1999993324279785,0.0,0.06444444444380465
TX,shadedX,1,A,AE,OOD,-5_15,120,29,0.9362068965517242,0.98233950791864,1.3806433655571346,12000.0,277.29998779296875,0.899993896484375,0.0,0.3700000000000405
TX,shadedX,1,A,AE,OOD,-9_18,243,196,0.8413748215335517,0.8829173548711098,0.8802179590413254,24000.0,589.852294921875,2.4000244140625,0.0,0.0
TX,shadedX,1,A,AE,OOD,0_12,488,762,0.7964911148401532,0.7592045978966291,0.14106475041179814,24000.0,3.9111733436584473,0.8999996185302734,0.0,0.0
TX,shadedX,1,A,AE,OOD,0_13,1001,576,0.7696036602286602,0.8535045252251926,0.44333833380286547,12000.0,9.997220993041992,0.8999996185302734,0.0,0.0
TX,shadedX,1,A,AE,OOD,1_15,602,1065,0.7214387097780481,0.6981187500493963,1.2497878760366823,12000.0,24.451339721679688,1.6999988555908203,0.0,0.0022222222221959776
TX,shadedX,1,A,AE,OOD,2_15,736,721,0.8592364921907978,0.8739263711691809,0.6611532877954029,24000.0,9.744253158569336,1.1000022888183594,0.0,0.007777777777731396
TX,shadedX,1,A,AE,OOD,3_14,83,185,0.7654184304786714,0.7617226998223986,0.20223583098689696,24000.0,3.3683650493621826,0.5000000596046448,0.0,0.001111111111113147
TX,shadedX,1,A,AE,OOD,4_15,234,415,0.7899186489547936,0.7392916857569555,0.12838553163766414,24000.0,3.0149502754211426,1.000000238418579,0.0,0.003333333333339441
TX,shadedX,1,AE,A,OOD,-2_12,66,46,0.8873517786561265,0.9281384901767114,0.6166045886430126,24000.0,4.188985347747803,0.5,0.0,0.022777777777455713
TX,shadedX,1,AE,A,OOD,-2_14,189,136,0.7746654217242452,0.8414208335913494,0.47116008280994875,24000.0,65.05692291259766,2.200000762939453,0.0,0.0022222222220443953
TX,shadedX,1,AE,A,OOD,-3_15,82,586,0.9078498293515359,0.7171709017348006,0.22339885732867895,24000.0,114.3305435180664,2.6999969482421875,0.0,0.0022222222220443953
TX,shadedX,1,AE,A,OOD,-3_9,27,398,0.7541410757491159,0.5263863433367049,0.023051612207734686,24000.0,2.1248281002044678,0.8000001907348633,0.0,0.12111111111148459
TX,shadedX,1,AE,A,OOD,-4_9,86,220,0.7743128964059197,0.6837929067871007,0.023051612207734686,24000.0,2.555603861808777,1.0,0.0,0.046666666666903785
TX,shadedX,1,AE,A,OOD,-9_18,31,270,0.8224611708482676,0.5980746737987742,0.8802179590413254,24000.0,596.3551025390625,3.29998779296875,0.0,0.0
TX,shadedX,1,AE,A,OOD,0_12,52,1058,0.8484077359313654,0.48543699409793833,0.14106475041179814,24000.0,4.275410175323486,1.0999999046325684,0.0,0.0
TX,shadedX,1,AE,A,OOD,0_13,198,722,0.7354990346680097,0.4605995553584207,0.44333833380286547,12000.0,12.169385433197021,0.7999999523162842,0.0,0.0
TX,shadedX,1,AE,A,OOD,2_15,171,888,0.8380288182919761,0.6828002899098066,0.6611532877954029,24000.0,10.345244407653809,1.1000003814697266,0.0,0.001111111111113147
TX,shadedX,1,AE,A,OOD,4_15,73,536,0.7737681455735024,0.5161079883904901,0.12838553163766414,24000.0,3.0649030208587646,1.2000000476837158,0.0,0.002222222222226294
TX,shadedX,1,AE,AE,ID,-2_12,670,243,0.8870155395860205,0.9596485927445803,0.6166045886430126,24000.0,4.09456729888916,0.5999999046325684,0.0,0.04555555555569968
TX,shadedX,1,AE,AE,ID,-2_14,169,64,0.7025702662721893,0.8766085652108,0.47116008280994875,24000.0,64.7049331665039,2.1999969482421875,0.0,0.004444444444513221
TX,shadedX,1,AE,AE,ID,-3_15,215,379,0.8847886114008714,0.8444115874087326,0.22339885732867895,24000.0,112.62117004394531,2.4000015258789062,0.0,0.0027777777776009692
TX,shadedX,1,AE,AE,ID,-3_9,115,328,0.7057529162248145,0.6362413523695336,0.023051612207734686,24000.0,2.1053450107574463,0.7000001668930054,0.0,0.14444444444470916
TX,shadedX,1,AE,AE,ID,-4_9,26,178,0.7307692307692308,0.5061142099776912,0.023051612207734686,24000.0,2.4825292825698853,1.1999993324279785,0.0,0.06444444444380465
TX,shadedX,1,AE,AE,ID,-5_15,120,29,0.9413793103448276,0.9849481627911848,1.3806433655571346,12000.0,277.29998779296875,0.899993896484375,0.0,0.3700000000000405
TX,shadedX,1,AE,AE,ID,-9_18,243,196,0.7851683883429916,0.8543235561319643,0.8802179590413254,24000.0,589.852294921875,2.4000244140625,0.0,0.0
TX,shadedX,1,AE,AE,ID,0_12,488,762,0.8204627597779786,0.7997160795933732,0.14106475041179814,24000.0,3.9111733436584473,0.8999996185302734,0.0,0.0
TX,shadedX,1,AE,AE,ID,0_13,1001,576,0.7621441058941059,0.8432219038208522,0.44333833380286547,12000.0,9.997220993041992,0.8999996185302734,0.0,0.0
TX,shadedX,1,AE,AE,ID,1_15,602,1065,0.7636002058864817,0.7458462432193325,1.2497878760366823,12000.0,24.451339721679688,1.6999988555908203,0.0,0.0022222222221959776
TX,shadedX,1,AE,AE,ID,2_15,736,721,0.8585580865947056,0.8882638842771208,0.6611532877954029,24000.0,9.744253158569336,1.1000022888183594,0.0,0.007777777777731396
TX,shadedX,1,AE,AE,ID,3_14,83,185,0.8939759036144578,0.8660035794683912,0.20223583098689696,24000.0,3.3683650493621826,0.5000000596046448,0.0,0.001111111111113147
TX,shadedX,1,AE,AE,ID,4_15,234,415,0.7970033982082175,0.7500532689720522,0.12838553163766414,24000.0,3.0149502754211426,1.000000238418579,0.0,0.003333333333339441
TX,shadedX,2,A,A,ID,-11_27,96,42,0.9327876984126983,0.9738719006451497,0.08309217072999632,24000.0,1041.7115478515625,1.79998779296875,0.0,0.004444444444452588
TX,shadedX,2,A,A,ID,-1_13,130,1263,0.7002131676716,0.16978758535322408,0.7140324417418822,24000.0,22.764362335205078,0.6000003814697266,0.0,0.0
TX,shadedX,2,A,A,ID,-1_14,163,585,0.7581983115725446,0.5639735294213473,0.47116008280994875,24000.0,40.969377517700195,1.2999992370605469,0.0,0.002222222222165661
TX,shadedX,2,A,A,ID,-2_15,139,194,0.815656752948157,0.8275716863345941,0.5350548754278291,24000.0,81.7665023803711,1.8000030517578125,0.0,0.0011111111110828306
TX,shadedX,2,A,A,ID,-2_23,57,25,0.9768421052631578,0.9911185875460968,0.27514034840674395,24000.0,192.55177307128906,1.4499969482421875,0.0,0.275555555555636
TX,shadedX,2,A,A,ID,-3_11,90,321,0.9037037037037038,0.791703767999074,0.16931448268318428,24000.0,2.6104907989501953,0.9000000953674316,0.0,0.0
TX,shadedX,2,A,A,ID,-3_18,56,109,0.8612385321100917,0.8399549129573087,0.24308123984103097,24000.0,122.74397277832031,2.3000030517578125,0.0,0.04555555555533589
TX,shadedX,2,A,A,ID,-5_10,177,107,0.9907598078040023,0.9939499631480977,0.29256857670927144,24000.0,62.78257179260254,1.0,0.0,0.0
TX,shadedX,2,A,A,ID,-5_24,46,125,0.9293913043478261,0.8639164883183899,0.5357706860943819,24000.0,291.10992431640625,1.800018310546875,0.0,0.0011111111111737802
TX,shadedX,2,A,AE,OOD,-1_13,598,926,0.7105687063429575,0.5911873274462383,0.7140324417418822,24000.0,24.233567237854004,0.6000003814697266,0.0,0.0
TX,shadedX,2,A,AE,OOD,-1_14,744,443,0.7494144275346488,0.8393975153777138,0.47116008280994875,24000.0,40.364501953125,1.0999984741210938,0.0,0.004444444444513221
TX,shadedX,2,A,AE,OOD,-2_15,187,142,0.8347894855765611,0.9002158022261263,0.5350548754278291,24000.0,80.74054718017578,1.9000015258789062,0.0,0.003333333333400074
TX,shadedX,2,A,AE,OOD,-3_11,126,166,0.9084432969975138,0.8994870194939996,0.16931448268318428,24000.0,2.790159821510315,1.0,0.0,0.0022222222220747117
TX,shadedX,2,A,AE,OOD,-3_18,171,89,0.8459819961889743,0.927319642474714,0.24308123984103097,24000.0,143.84751892089844,2.299999237060547,0.0,0.04055555555570567
TX,shadedX,2,A,AE,OOD,-5_14,144,71,0.9374021909233178,0.9704144968973271,1.3806433655571346,12000.0,187.3952178955078,1.899993896484375,0.0,0.0
TX,shadedX,2,A,AE,OOD,-5_24,52,59,0.9621903520208605,0.9574097484602164,0.5357706860943819,24000.0,292.65045166015625,1.5,0.0,0.002222222222286927
TX,shadedX,2,A,AE,OOD,1_13,1031,1275,0.7504383712747951,0.7688350967672614,0.44333833380286547,12000.0,4.1731178760528564,0.7000000476837158,0.0,0.005555555555626368
TX,shadedX,2,A,AE,OOD,2_14,602,691,0.810661278613017,0.8518697454133024,0.20223583098689696,12000.0,3.3032352924346924,0.5,0.0,0.012222222222274936
TX,shadedX,2,AE,A,OOD,-11_27,96,42,0.8177083333333334,0.9255439903825338,0.08309217072999632,24000.0,1041.7115478515625,1.79998779296875,0.0,0.004444444444452588
TX,shadedX,2,AE,A,OOD,-1_13,130,1263,0.6865643461842987,0.18654971571484052,0.7140324417418822,24000.0,22.764362335205078,0.6000003814697266,0.0,0.0
TX,shadedX,2,AE,A,OOD,-1_14,163,585,0.8039641340254837,0.6085038590055007,0.47116008280994875,24000.0,40.969377517700195,1.2999992370605469,0.0,0.002222222222165661
TX,shadedX,2,AE,A,OOD,-2_15,139,194,0.8204776385077506,0.8168758342133248,0.5350548754278291,24000.0,81.7665023803711,1.8000030517578125,0.0,0.0011111111110828306
TX,shadedX,2,AE,A,OOD,-2_23,57,25,0.7887719298245612,0.9229631490042478,0.27514034840674395,24000.0,192.55177307128906,1.4499969482421875,0.0,0.275555555555636
TX,shadedX,2,AE,A,OOD,-3_11,90,321,0.9120456905503634,0.8133705259929035,0.16931448268318428,24000.0,2.6104907989501953,0.9000000953674316,0.0,0.0
TX,shadedX,2,AE,A,OOD,-3_18,56,109,0.8807339449541284,0.8462884443441064,0.24308123984103097,24000.0,122.74397277832031,2.3000030517578125,0.0,0.04555555555533589
TX,shadedX,2,AE,A,OOD,-5_10,177,107,0.9606103806959185,0.9749463285303447,0.29256857670927144,24000.0,62.78257179260254,1.0,0.0,0.0
TX,shadedX,2,AE,A,OOD,-5_24,46,125,0.8535652173913044,0.7362137535669411,0.5357706860943819,24000.0,291.10992431640625,1.800018310546875,0.0,0.0011111111111737802
TX,shadedX,2,AE,AE,ID,-1_13,598,926,0.6928909901254723,0.5945338315696561,0.7140324417418822,24000.0,24.233567237854004,0.6000003814697266,0.0,0.0
TX,shadedX,2,AE,AE,ID,-1_14,744,443,0.7863813442073837,0.8750196817693785,0.47116008280994875,24000.0,40.364501953125,1.0999984741210938,0.0,0.004444444444513221
TX,shadedX,2,AE,AE,ID,-2_15,187,142,0.8293665737741959,0.8787799108353407,0.5350548754278291,24000.0,80.74054718017578,1.9000015258789062,0.0,0.003333333333400074
TX,shadedX,2,AE,AE,ID,-3_11,126,166,0.9175750621533755,0.9109971734654738,0.16931448268318428,24000.0,2.790159821510315,1.0,0.0,0.0022222222220747117
TX,shadedX,2,AE,AE,ID,-3_18,171,89,0.8523556081214272,0.9297948907608575,0.24308123984103097,24000.0,143.84751892089844,2.299999237060547,0.0,0.04055555555570567
TX,shadedX,2,AE,AE,ID,-5_14,144,71,0.9042449139280127,0.9499148609773661,1.3806433655571346,12000.0,187.3952178955078,1.899993896484375,0.0,0.0
TX,shadedX,2,AE,AE,ID,-5_24,52,59,0.9031942633637549,0.8961435185405819,0.5357706860943819,24000.0,292.65045166015625,1.5,0.0,0.002222222222286927
TX,shadedX,2,AE,AE,ID,1_13,1031,1275,0.7908993742987009,0.7971708973702065,0.44333833380286547,12000.0,4.1731178760528564,0.7000000476837158,0.0,0.005555555555626368
TX,shadedX,2,AE,AE,ID,2_14,602,691,0.8971397800866383,0.9089992037648944,0.20223583098689696,12000.0,3.3032352924346924,0.5,0.0,0.012222222222274936
TX,shadedX,3,A,A,ID,-1_15,340,37,0.9093799682034975,0.9896112609599306,0.20624010429247697,24000.0,46.672794342041016,1.5,0.0,0.0011111111111737802
TX,shadedX,3,A,A,ID,-3_14,198,33,0.8140495867768595,0.9624455487057808,0.027137219308491237,24000.0,87.29082489013672,1.5,0.0,0.0011111111110828306
TX,shadedX,3,A,A,ID,-4_15,58,238,0.8642422486235873,0.7590376409589121,1.6761314313008995,12000.0,134.64102935791016,3.2500076293945312,0.0,0.007777777777913297
TX,shadedX,3,A,A,ID,-5_21,79,68,0.8931496649292628,0.9321406754429576,0.014368272478283923,24000.0,282.9966735839844,1.20001220703125,0.0,0.04222222222236024
TX,shadedX,3,A,A,ID,-6_15,32,66,0.8063446969696969,0.7307330114127742,0.48339316273128835,24000.0,455.0392761230469,3.149993896484375,0.0,0.0
TX,shadedX,3,A,A,ID,-7_14,134,41,0.8161630870040044,0.9389576648644349,0.280901987198336,24000.0,321.50872802734375,2.0,0.0,0.0
TX,shadedX,3,A,A,ID,-7_15,25,44,0.9672727272727273,0.9506332420692764,0.584661374661343,24000.0,544.13525390625,3.70001220703125,0.0,0.0
TX,shadedX,3,A,A,ID,2_16,128,43,0.6557049418604651,0.860848136445127,0.6611532877954029,24000.0,17.54500389099121,2.90000057220459,0.0,0.0
TX,shadedX,3,A,AE,OOD,-1_15,42,30,0.9253968253968256,0.9521602752064066,0.5525581711334748,24000.0,40.278188705444336,1.4500007629394531,0.0,0.004444444444513221
TX,shadedX,3,A,AE,OOD,-3_10,214,433,0.6092249249962228,0.5316471131482775,0.33723016680691564,12000.0,3.102963447570801,0.9000000953674316,0.0,0.0300000000002975
TX,shadedX,3,A,AE,OOD,-3_21,215,55,0.9029175475687105,0.975930005929758,2.427675033519717,12000.0,197.61549377441406,0.3000030517578125,0.0,0.2805555555558119
TX,shadedX,3,A,AE,OOD,-4_15,157,190,0.8761649346295676,0.8792302029943363,0.5742858882114332,12000.0,135.3777618408203,2.70001220703125,0.0,0.0033333333333091246
TX,shadedX,3,A,AE,OOD,-5_16,102,81,0.7924231420963448,0.8636492757735594,0.5229608295165853,12000.0,250.20016479492188,3.0,0.0,0.1700000000007057
TX,shadedX,3,A,AE,OOD,-5_21,87,37,0.8819509164336751,0.9552391308709307,0.014368272478283923,24000.0,292.7718048095703,0.6500015258789062,0.0,0.10444444444437816
TX,shadedX,3,A,AE,OOD,-7_15,26,52,0.8942307692307692,0.8768104293593981,0.584661374661343,24000.0,529.9285278320312,3.9499969482421875,0.0,0.002222222221953446
TX,shadedX,3,A,AE,OOD,2_16,387,25,0.6146770025839793,0.9653930874332765,0.6611532877954029,24000.0,18.148502349853516,3.200000762939453,0.0,0.0011111111110979888
TX,shadedX,3,AE,A,OOD,-1_15,340,37,0.9078696343402225,0.9875417599289443,0.20624010429247697,24000.0,46.672794342041016,1.5,0.0,0.0011111111111737802
TX,shadedX,3,AE,A,OOD,-3_14,198,33,0.8516988062442608,0.9718764094933929,0.027137219308491237,24000.0,87.29082489013672,1.5,0.0,0.0011111111110828306
TX,shadedX,3,AE,A,OOD,-4_15,58,238,0.8990147783251231,0.7878908901569318,1.6761314313008995,12000.0,134.64102935791016,3.2500076293945312,0.0,0.007777777777913297
TX,shadedX,3,AE,A,OOD,-5_21,79,68,0.9497393894266568,0.9586499874604023,0.014368272478283923,24000.0,282.9966735839844,1.20001220703125,0.0,0.04222222222236024
TX,shadedX,3,AE,A,OOD,-6_15,32,66,0.7760416666666666,0.7088928326700845,0.48339316273128835,24000.0,455.0392761230469,3.149993896484375,0.0,0.0
TX,shadedX,3,AE,A,OOD,-7_14,134,41,0.7213323625773571,0.9025027759588229,0.280901987198336,24000.0,321.50872802734375,2.0,0.0,0.0
TX,shadedX,3,AE,A,OOD,-7_15,25,44,0.9,0.8909000356949004,0.584661374661343,24000.0,544.13525390625,3.70001220703125,0.0,0.0
TX,shadedX,3,AE,A,OOD,2_16,128,43,0.7409156976744186,0.8923887041735297,0.6611532877954029,24000.0,17.54500389099121,2.90000057220459,0.0,0.0
TX,shadedX,3,AE,AE,ID,-1_15,42,30,0.9484126984126984,0.9555570188438864,0.5525581711334748,24000.0,40.278188705444336,1.4500007629394531,0.0,0.004444444444513221
TX,shadedX,3,AE,AE,ID,-3_10,214,433,0.6059226004187261,0.5500672919261236,0.33723016680691564,12000.0,3.102963447570801,0.9000000953674316,0.0,0.0300000000002975
TX,shadedX,3,AE,AE,ID,-3_21,215,55,0.9059619450317126,0.9755720820786195,2.427675033519717,12000.0,197.61549377441406,0.3000030517578125,0.0,0.2805555555558119
TX,shadedX,3,AE,AE,ID,-4_15,157,190,0.8799195440831378,0.8771305671246704,0.5742858882114332,12000.0,135.3777618408203,2.70001220703125,0.0,0.0033333333333091246
TX,shadedX,3,AE,AE,ID,-5_16,102,81,0.8063422900024207,0.8777379795700769,0.5229608295165853,12000.0,250.20016479492188,3.0,0.0,0.1700000000007057
TX,shadedX,3,AE,AE,ID,-5_21,87,37,0.9502951227089158,0.9812145756996404,0.014368272478283923,24000.0,292.7718048095703,0.6500015258789062,0.0,0.10444444444437816
TX,shadedX,3,AE,AE,ID,-7_15,26,52,0.9341715976331361,0.9057751350231702,0.584661374661343,24000.0,529.9285278320312,3.9499969482421875,0.0,0.002222222221953446
TX,shadedX,3,AE,AE,ID,2_16,387,25,0.6963307493540052,0.9738812979202423,0.6611532877954029,24000.0,18.148502349853516,3.200000762939453,0.0,0.0011111111110979888
FL,band,0,A,A,ID,16_18,42,229,0.9849241006446247,0.9451985058879182,0.2084060214673994,12000.0,72.09557342529297,6.1999969482421875,0.0,0.0
FL,band,0,A,A,ID,20_18,144,252,0.9602623456790124,0.9312269905822365,0.37957578035541106,12000.0,36.165958404541016,3.0,0.0,0.0
FL,band,0,A,A,ID,21_17,578,140,0.869265941670786,0.9619821547783122,0.17417833267239485,24000.0,23.715340614318848,2.0,0.0,0.0
FL,band,0,A,A,ID,23_18,94,132,0.9597034171502257,0.9325163955091493,0.2211789203462979,24000.0,32.18073844909668,5.65000057220459,0.0,0.0
FL,band,0,A,A,ID,25_16,197,462,0.9629177928670315,0.9339893438151796,0.17568605152900577,12000.0,17.69554901123047,1.5,0.0,0.0
FL,band,0,A,A,ID,25_18,660,149,0.49255643685173894,0.799207523907796,0.16729524407643967,12000.0,37.94108581542969,0.3999977111816406,0.0,0.0
FL,band,0,A,A,ID,26_15,125,432,0.9457592592592593,0.8957356269835839,0.032736793066972275,12000.0,23.33104133605957,3.3000011444091797,0.0,0.0
FL,band,0,A,A,ID,26_18,406,404,0.8068148563624834,0.7629851428088887,0.1690305949906459,12000.0,34.527936935424805,1.0,0.0,0.0
FL,band,0,A,A,ID,29_10,323,183,0.8807457409193186,0.9398491542975841,0.20628257277623194,24000.0,5.576426982879639,0.5999999046325684,0.0,0.0
FL,band,0,A,A,ID,30_12,467,158,0.8629685848263899,0.9514744712511151,0.1275874707130689,24000.0,7.1529998779296875,0.7999998331069946,0.0,0.001111111111113147
FL,band,0,A,A,ID,31_10,65,53,0.4725689404934688,0.5475303890370555,0.018654058711205707,6000.0,4.63435959815979,0.5,0.0,0.1388888888897194
FL,band,0,A,AE,OOD,16_18,60,68,0.9904411764705883,0.9894829397458458,0.2084060214673994,12000.0,43.51982307434082,4.250002384185791,0.0,0.002222222222286927
FL,band,0,A,AE,OOD,20_18,58,47,0.9225972120322817,0.9452814603497951,0.37957578035541106,12000.0,34.70271682739258,3.200000762939453,0.0,0.0
FL,band,0,A,AE,OOD,21_17,229,99,0.8882272506726655,0.944022242787147,0.17417833267239485,24000.0,25.219449996948242,2.200000762939453,0.0,0.0
FL,band,0,A,AE,OOD,21_18,96,98,0.8898809523809523,0.8445096765894803,0.37957578035541106,12000.0,25.50795269012451,3.3999996185302734,0.0,0.018888888888665814
FL,band,0,A,AE,OOD,23_16,127,87,0.987329170060639,0.9911327401507064,0.031565413329493905,12000.0,1.3225898742675781,1.0999994277954102,0.0,0.0
FL,band,0,A,AE,OOD,23_18,87,28,0.9261083743842364,0.9687877327107858,0.2211789203462979,24000.0,27.255088806152344,3.5999984741210938,0.0,0.0
FL,band,0,A,AE,OOD,25_16,134,474,0.9426286290068643,0.8867613531941192,0.17568605152900577,12000.0,17.263962745666504,1.7000004053115845,0.0,0.0
FL,band,0,A,AE,OOD,25_18,27,32,0.7638888888888888,0.6508885744124878,0.16729524407643967,12000.0,38.270450592041016,0.5999984741210938,0.0,0.0
FL,band,0,A,AE,OOD,26_11,48,177,0.977165725047081,0.9123778457309831,0.32978745236974377,6000.0,0.0,1.1000003814697266,0.0,1.0
FL,band,0,A,AE,OOD,26_18,37,89,0.830245976313392,0.6164577823398099,0.1690305949906459,12000.0,35.146995544433594,1.1000022888183594,0.0,0.0
FL,band,0,A,AE,OOD,27_10,469,413,0.9502470353180483,0.9524065006123039,0.1428175559815026,6000.0,0.48623795807361603,0.5999999046325684,0.0,0.09444444444451142
FL,band,0,A,AE,OOD,27_13,262,72,0.8419211195928753,0.940317100409526,0.15984675710927612,24000.0,31.188312530517578,2.049999237060547,0.0,0.0
FL,band,0,A,AE,OOD,29_10,373,98,0.900476008097609,0.9741270837555236,0.20628257277623194,24000.0,5.7422051429748535,0.6999998092651367,0.0,0.0011111111110828306
FL,band,0,A,AE,OOD,30_12,406,178,0.9042037969779155,0.959018363964053,0.1275874707130689,24000.0,7.077000141143799,0.7000002861022949,0.0,0.0011111111111434635
FL,band,0,A,AE,OOD,31_10,111,212,0.5348461669216387,0.38258064661856656,0.018654058711205707,6000.0,4.627731800079346,0.5999999046325684,0.0,0.21999999999815986
FL,band,0,AE,A,OOD,16_18,42,229,0.9862757330006238,0.9614952748207081,0.2084060214673994,12000.0,72.09557342529297,6.1999969482421875,0.0,0.0
FL,band,0,AE,A,OOD,20_18,144,252,0.9708994708994709,0.9443995293788402,0.37957578035541106,12000.0,36.165958404541016,3.0,0.0,0.0
FL,band,0,AE,A,OOD,21_17,578,140,0.8410034602076124,0.9519776971710617,0.17417833267239485,24000.0,23.715340614318848,2.0,0.0,0.0
FL,band,0,AE,A,OOD,23_18,94,132,0.9392327530625403,0.898897031237375,0.2211789203462979,24000.0,32.18073844909668,5.65000057220459,0.0,0.0
FL,band,0,AE,A,OOD,25_16,197,462,0.9726086096644472,0.9502300090056454,0.17568605152900577,12000.0,17.69554901123047,1.5,0.0,0.0
FL,band,0,AE,A,OOD,25_18,660,149,0.5451901565995525,0.8273879107607456,0.16729524407643967,12000.0,37.94108581542969,0.3999977111816406,0.0,0.0
FL,band,0,AE,A,OOD,26_15,125,432,0.9498518518518518,0.8810087844210772,0.032736793066972275,12000.0,23.33104133605957,3.3000011444091797,0.0,0.0
FL,band,0,AE,A,OOD,26_18,406,404,0.8012059210847193,0.7725815554349049,0.1690305949906459,12000.0,34.527936935424805,1.0,0.0,0.0
FL,band,0,AE,A,OOD,29_10,323,183,0.8611040619871763,0.9276042018895636,0.20628257277623194,24000.0,5.576426982879639,0.5999999046325684,0.0,0.0
FL,band,0,AE,A,OOD,30_12,467,158,0.8831621174748597,0.9595515766892744,0.1275874707130689,24000.0,7.1529998779296875,0.7999998331069946,0.0,0.001111111111113147
FL,band,0,AE,A,OOD,31_10,65,53,0.47808417997097247,0.6050379801049208,0.018654058711205707,6000.0,4.63435959815979,0.5,0.0,0.1388888888897194
FL,band,0,AE,AE,ID,16_18,60,68,0.9943627450980392,0.9940158667680863,0.2084060214673994,12000.0,43.51982307434082,4.250002384185791,0.0,0.002222222222286927
FL,band,0,AE,AE,ID,20_18,58,47,0.9402054292002935,0.9611956047591469,0.37957578035541106,12000.0,34.70271682739258,3.200000762939453,0.0,0.0
FL,band,0,AE,AE,ID,21_17,229,99,0.8433681796127211,0.9163395478459182,0.17417833267239485,24000.0,25.219449996948242,2.200000762939453,0.0,0.0
FL,band,0,AE,AE,ID,21_18,96,98,0.8763818027210885,0.788487788157993,0.37957578035541106,12000.0,25.50795269012451,3.3999996185302734,0.0,0.018888888888665814
FL,band,0,AE,AE,ID,23_16,127,87,0.9919449723956919,0.9945546021706841,0.031565413329493905,12000.0,1.3225898742675781,1.0999994277954102,0.0,0.0
FL,band,0,AE,AE,ID,23_18,87,28,0.9109195402298851,0.9569008448622859,0.2211789203462979,24000.0,27.255088806152344,3.5999984741210938,0.0,0.0
FL,band,0,AE,AE,ID,25_16,134,474,0.9603564456200012,0.9034831056181684,0.17568605152900577,12000.0,17.263962745666504,1.7000004053115845,0.0,0.0
FL,band,0,AE,AE,ID,25_18,27,32,0.7037037037037037,0.6146480821425448,0.16729524407643967,12000.0,38.270450592041016,0.5999984741210938,0.0,0.0
FL,band,0,AE,AE,ID,26_11,48,177,0.9717514124293786,0.9024132916164761,0.32978745236974377,6000.0,0.0,1.1000003814697266,0.0,1.0
FL,band,0,AE,AE,ID,26_18,37,89,0.8527178864257515,0.7354497575616907,0.1690305949906459,12000.0,35.146995544433594,1.1000022888183594,0.0,0.0
FL,band,0,AE,AE,ID,27_10,469,413,0.9388787642555124,0.9396886273090566,0.1428175559815026,6000.0,0.48623795807361603,0.5999999046325684,0.0,0.09444444444451142
FL,band,0,AE,AE,ID,27_13,262,72,0.8288273960983884,0.9368345453796557,0.15984675710927612,24000.0,31.188312530517578,2.049999237060547,0.0,0.0
FL,band,0,AE,AE,ID,29_10,373,98,0.8803961262789298,0.9687980374343947,0.20628257277623194,24000.0,5.7422051429748535,0.6999998092651367,0.0,0.0011111111110828306
FL,band,0,AE,AE,ID,30_12,406,178,0.9254718547628272,0.9694371008904739,0.1275874707130689,24000.0,7.077000141143799,0.7000002861022949,0.0,0.0011111111111434635
FL,band,0,AE,AE,ID,31_10,111,212,0.5118137004929457,0.3957980119641598,0.018654058711205707,6000.0,4.627731800079346,0.5999999046325684,0.0,0.21999999999815986
FL,band,1,A,A,ID,19_16,25,61,1.0,1.0,0.11239476929864274,6000.0,0.0,0.0,0.0,1.0
FL,band,1,A,A,ID,20_16,573,97,0.9922275597776219,0.9983479532213942,0.1904464320677894,12000.0,3.8451305627822876,0.9000000953674316,0.0,0.0
FL,band,1,A,A,ID,24_16,1067,32,0.8901124648547329,0.9959697204612956,0.044001914831197315,12000.0,10.63207721710205,1.5000009536743164,0.0,0.0
FL,band,1,A,A,ID,25_15,541,112,0.9571065487193029,0.9885514703464522,0.07843489770263268,12000.0,4.617702960968018,0.799999475479126,0.0,0.0
FL,band,1,A,A,ID,26_17,579,457,0.9130433139457981,0.9342497024186431,0.1544154920774841,12000.0,42.61155319213867,0.75,0.0,0.0
FL,band,1,A,A,ID,27_12,240,166,0.8266817269076304,0.8676717607368295,0.15984675710927612,24000.0,34.86909484863281,2.6999998092651367,0.0,0.04833333333342192
FL,band,1,A,A,ID,27_14,338,44,0.9880311995696611,0.9984319883652578,0.05096279107270798,12000.0,24.806584358215332,1.6499991416931152,0.0,0.04777777777730448
FL,band,1,A,A,ID,27_17,163,159,0.8501369757302157,0.7974967267768044,0.5346385850465465,12000.0,8.180362224578857,1.0999999642372131,0.0,0.0
FL,band,1,A,A,ID,28_10,194,569,0.7628684796985125,0.5714709446600396,0.20628257277623194,24000.0,9.914766311645508,0.7999992370605469,0.0,0.003333333333339441
FL,band,1,A,A,ID,29_11,815,158,0.8003106313582355,0.9545392988471123,0.053495674986241436,12000.0,8.808647155761719,0.5999999046325684,0.0,0.0011111111110828306
FL,band,1,A,A,ID,29_12,596,100,0.7841946308724832,0.958991678106115,0.11288208201785273,24000.0,17.291479110717773,0.6000003814697266,0.0,0.004444444444255531
FL,band,1,A,A,ID,29_14,149,279,0.8358711601837819,0.7936886642966986,0.25825670222051667,12000.0,3.4371659755706787,0.6000000238418579,0.0,0.01722222222160198
FL,band,1,A,A,ID,30_10,195,74,0.6275814275814277,0.8216635646820936,0.018654058711205707,24000.0,2.645437240600586,0.39999985694885254,0.0,0.08888888888808165
FL,band,1,A,A,ID,30_11,383,240,0.8332354221061793,0.8839546836384655,0.018892666494895346,24000.0,3.139446258544922,0.0,0.0,1.0
FL,band,1,A,A,ID,30_8,416,54,0.44733796296296285,0.890849287092722,0.4495251317805067,24000.0,1.3721551299095154,0.20000004768371582,0.0,0.5877777777793659
FL,band,1,A,A,ID,30_9,119,145,0.35027528252680384,0.3947432090158229,0.4495251317805067,24000.0,3.256420850753784,0.3000001907348633,0.0,0.2416666666657909
FL,band,1,A,AE,OOD,20_16,439,91,0.9929409997747127,0.9983499875509996,0.1904464320677894,12000.0,4.427257299423218,0.9000000953674316,0.0,0.0
FL,band,1,A,AE,OOD,22_16,91,91,0.9949281487743026,0.9934477823218139,0.017150084265593363,24000.0,0.5247620195150375,2.1000001430511475,0.0,0.3577777777761133
FL,band,1,A,AE,OOD,24_15,256,65,0.8766225961538462,0.96642848308534,0.044001914831197315,6000.0,1.4701937437057495,1.1000001430511475,0.0,0.0
FL,band,1,A,AE,OOD,24_16,153,78,0.8635830400536283,0.9276777636769697,0.044001914831197315,12000.0,7.057679653167725,1.7000007629394531,0.0,0.0
FL,band,1,A,AE,OOD,25_15,469,40,0.9720149253731343,0.9974777844459521,0.07843489770263268,12000.0,3.933194637298584,0.8000001907348633,0.0,0.0
FL,band,1,A,AE,OOD,26_17,56,70,0.9283163265306122,0.9197210902903804,0.1690305949906459,12000.0,42.66922378540039,0.8499984741210938,0.0,0.0
FL,band,1,A,AE,OOD,27_12,82,119,0.8088747694199631,0.7717686510160651,0.15984675710927612,24000.0,36.655845642089844,2.5,0.0,0.11111111110919253
FL,band,1,A,AE,OOD,27_14,444,73,0.9809021350117241,0.9958630730878318,0.05096279107270798,12000.0,25.466320037841797,1.5,0.0,0.0300000000001156
FL,band,1,A,AE,OOD,27_17,211,171,0.7892796762839167,0.7506502193053747,0.5346385850465465,12000.0,6.615194082260132,1.2500004768371582,0.0,0.0
FL,band,1,A,AE,OOD,28_10,123,229,0.7562040685909043,0.6686269010329504,0.20628257277623194,24000.0,10.404382228851318,0.7000007629394531,0.0,0.003333333333445549
FL,band,1,A,AE,OOD,29_11,301,53,0.7725192753714035,0.952420669068044,0.053495674986241436,12000.0,8.816302299499512,0.5999994277954102,0.0,0.002222222222211136
FL,band,1,A,AE,OOD,29_14,743,328,0.8438105242425237,0.9294069659511894,0.25825670222051667,24000.0,2.789416790008545,0.5,0.0,0.03666666666676417
FL,band,1,A,AE,OOD,30_10,840,293,0.5991467576791809,0.8217401012228822,0.018654058711205707,24000.0,2.6779732704162598,0.39999961853027344,0.0,0.064444444444987
FL,band,1,A,AE,OOD,30_11,92,62,0.8524719495091164,0.8981205332730369,0.018892666494895346,24000.0,3.139446258544922,0.0,0.0,1.0
FL,band,1,A,AE,OOD,30_8,637,45,0.44266527123669985,0.9400036745098347,0.4495251317805067,24000.0,1.3589350581169128,0.20000004768371582,0.0,0.5888888888898727
FL,band,1,A,AE,OOD,30_9,73,66,0.3945620589456205,0.5112113896371452,0.4495251317805067,24000.0,3.26308012008667,0.3000001907348633,0.0,0.33222222222119346
FL,band,1,A,AE,OOD,31_9,319,135,0.6302798095901545,0.798737733423322,0.029188088072685917,6000.0,1.380186676979065,0.6000001430511475,28.5,0.10611111111148745
FL,band,1,AE,A,OOD,19_16,25,61,1.0,1.0,0.11239476929864274,6000.0,0.0,0.0,0.0,1.0
FL,band,1,AE,A,OOD,20_16,573,97,0.9891329770964897,0.9974025556178602,0.1904464320677894,12000.0,3.8451305627822876,0.9000000953674316,0.0,0.0
FL,band,1,AE,A,OOD,24_16,1067,32,0.8872129803186504,0.9956441413250099,0.044001914831197315,12000.0,10.63207721710205,1.5000009536743164,0.0,0.0
FL,band,1,AE,A,OOD,25_15,541,112,0.9631304462635332,0.9845696954130894,0.07843489770263268,12000.0,4.617702960968018,0.799999475479126,0.0,0.0
FL,band,1,AE,A,OOD,26_17,579,457,0.9118679682392111,0.9364373021482867,0.1544154920774841,12000.0,42.61155319213867,0.75,0.0,0.0
FL,band,1,AE,A,OOD,27_12,240,166,0.832605421686747,0.879972098987289,0.15984675710927612,24000.0,34.86909484863281,2.6999998092651367,0.0,0.04833333333342192
FL,band,1,AE,A,OOD,27_14,338,44,0.9718934911242605,0.9960711782610636,0.05096279107270798,12000.0,24.806584358215332,1.6499991416931152,0.0,0.04777777777730448
FL,band,1,AE,A,OOD,27_17,163,159,0.8499440521665317,0.8273807517235224,0.5346385850465465,12000.0,8.180362224578857,1.0999999642372131,0.0,0.0
FL,band,1,AE,A,OOD,28_10,194,569,0.7438262098454514,0.5656756222206868,0.20628257277623194,24000.0,9.914766311645508,0.7999992370605469,0.0,0.003333333333339441
FL,band,1,AE,A,OOD,29_11,815,158,0.7456317465248117,0.9437467381738471,0.053495674986241436,12000.0,8.808647155761719,0.5999999046325684,0.0,0.0011111111110828306
FL,band,1,AE,A,OOD,29_12,596,100,0.7364429530201342,0.9446833901606302,0.11288208201785273,24000.0,17.291479110717773,0.6000003814697266,0.0,0.004444444444255531
FL,band,1,AE,A,OOD,29_14,149,279,0.8490534266676288,0.8011923757094452,0.25825670222051667,12000.0,3.4371659755706787,0.6000000238418579,0.0,0.01722222222160198
FL,band,1,AE,A,OOD,30_10,195,74,0.42702702702702705,0.7030266445688936,0.018654058711205707,24000.0,2.645437240600586,0.39999985694885254,0.0,0.08888888888808165
FL,band,1,AE,A,OOD,30_11,383,240,0.8042210617928632,0.8283221271021711,0.018892666494895346,24000.0,3.139446258544922,0.0,0.0,1.0
FL,band,1,AE,A,OOD,30_8,416,54,0.3452635327635327,0.8657430338313,0.4495251317805067,24000.0,1.3721551299095154,0.20000004768371582,0.0,0.5877777777793659
FL,band,1,AE,A,OOD,30_9,119,145,0.3818603303390322,0.38611104588224965,0.4495251317805067,24000.0,3.256420850753784,0.3000001907348633,0.0,0.2416666666657909
FL,band,1,AE,AE,ID,20_16,439,91,0.9912137975919297,0.9978382084065986,0.1904464320677894,12000.0,4.427257299423218,0.9000000953674316,0.0,0.0
FL,band,1,AE,AE,ID,22_16,91,91,0.9961357323994686,0.9953977897295941,0.017150084265593363,24000.0,0.5247620195150375,2.1000001430511475,0.0,0.3577777777761133
FL,band,1,AE,AE,ID,24_15,256,65,0.9078725961538462,0.9737525674674626,0.044001914831197315,6000.0,1.4701937437057495,1.1000001430511475,0.0,0.0
FL,band,1,AE,AE,ID,24_16,153,78,0.8283056812468577,0.8827239655717953,0.044001914831197315,12000.0,7.057679653167725,1.7000007629394531,0.0,0.0
FL,band,1,AE,AE,ID,25_15,469,40,0.9875266524520256,0.9989130740275026,0.07843489770263268,12000.0,3.933194637298584,0.8000001907348633,0.0,0.0
FL,band,1,AE,AE,ID,26_17,56,70,0.9232142857142858,0.9210066367466329,0.1690305949906459,12000.0,42.66922378540039,0.8499984741210938,0.0,0.0
FL,band,1,AE,AE,ID,27_12,82,119,0.8351096536175445,0.7804968067408101,0.15984675710927612,24000.0,36.655845642089844,2.5,0.0,0.11111111110919253
FL,band,1,AE,AE,ID,27_14,444,73,0.9728804146612365,0.9947981976404574,0.05096279107270798,12000.0,25.466320037841797,1.5,0.0,0.0300000000001156
FL,band,1,AE,AE,ID,27_17,211,171,0.7921897951830603,0.7508646906635309,0.5346385850465465,12000.0,6.615194082260132,1.2500004768371582,0.0,0.0
FL,band,1,AE,AE,ID,28_10,123,229,0.7911385664074981,0.7341295301859493,0.20628257277623194,24000.0,10.404382228851318,0.7000007629394531,0.0,0.003333333333445549
FL,band,1,AE,AE,ID,29_11,301,53,0.7433084686265906,0.9463237762639775,0.053495674986241436,12000.0,8.816302299499512,0.5999994277954102,0.0,0.002222222222211136
FL,band,1,AE,AE,ID,29_14,743,328,0.876961395791616,0.9433011618783197,0.25825670222051667,24000.0,2.789416790008545,0.5,0.0,0.03666666666676417
FL,band,1,AE,AE,ID,30_10,840,293,0.46940110515195843,0.7517105051776025,0.018654058711205707,24000.0,2.6779732704162598,0.39999961853027344,0.0,0.064444444444987
FL,band,1,AE,AE,ID,30_11,92,62,0.7897966339410939,0.7946835567370497,0.018892666494895346,24000.0,3.139446258544922,0.0,0.0,1.0
FL,band,1,AE,AE,ID,30_8,637,45,0.3623931623931624,0.9255743920568551,0.4495251317805067,24000.0,1.3589350581169128,0.20000004768371582,0.0,0.5888888888898727
FL,band,1,AE,AE,ID,30_9,73,66,0.30448318804483193,0.4460297752702197,0.4495251317805067,24000.0,3.26308012008667,0.3000001907348633,0.0,0.33222222222119346
FL,band,1,AE,AE,ID,31_9,319,135,0.6626030419133867,0.8084224915794689,0.029188088072685917,6000.0,1.380186676979065,0.6000001430511475,28.5,0.10611111111148745
FL,band,2,A,A,ID,18_18,101,298,0.9780051830686424,0.9495935599701488,0.2859889626143453,12000.0,65.3333511352539,7.700004577636719,0.0,0.0
FL,band,2,A,A,ID,20_17,202,84,0.9547383309759548,0.9818713040042589,0.6825807301436665,12000.0,18.40229606628418,3.0,0.0,0.0
FL,band,2,A,A,ID,21_16,900,69,0.9350885668276973,0.9921444184212374,0.07975562019792173,24000.0,4.274367332458496,1.2999999523162842,0.0,0.0
FL,band,2,A,A,ID,22_17,480,138,0.907578502415459,0.9712742194408481,0.18539784796927666,24000.0,10.705575942993164,2.0000009536743164,0.0,0.0
FL,band,2,A,A,ID,22_18,104,116,0.9755470822281167,0.9704178370085645,0.18539784796927666,12000.0,40.21282386779785,6.59999942779541,0.0,0.003333333333400074
FL,band,2,A,A,ID,24_17,452,109,0.9467808719655761,0.9877294045084429,0.11678587080871551,12000.0,25.428693771362305,1.3999996185302734,0.0,0.0
FL,band,2,A,A,ID,24_18,30,48,0.8826388888888889,0.8431681164183027,0.13683805302577387,12000.0,28.934762954711914,2.700000762939453,0.0,0.0
FL,band,2,A,A,ID,26_13,43,38,0.9436964504283966,0.9579900896516353,0.453343921918634,6000.0,11.177358627319336,2.4000000953674316,0.0,0.0
FL,band,2,A,A,ID,27_11,298,525,0.829530201342282,0.7788540083039694,0.2623886226362189,12000.0,11.362143516540527,0.8999996185302734,0.0,0.0
FL,band,2,A,A,ID,27_15,374,344,0.9885741823156323,0.9904349630566082,0.032736793066972275,12000.0,18.64984893798828,3.3000001907348633,0.0,0.0
FL,band,2,A,A,ID,27_16,516,364,0.9528814209046768,0.9676340856280808,0.06725932869430318,12000.0,8.937037944793701,2.250000238418579,0.0,0.0
FL,band,2,A,A,ID,28_11,371,91,0.9595094932022155,0.9900581575833696,0.2463294231968003,12000.0,22.285948753356934,0.9000015258789062,0.0,0.0
FL,band,2,A,A,ID,28_16,291,385,0.7767661891373231,0.7252785914092782,0.2785330128915243,12000.0,6.413260221481323,0.7000002861022949,0.0,0.0
FL,band,2,A,AE,OOD,20_15,47,100,0.9770212765957448,0.9367207519765484,0.1904464320677894,12000.0,0.0,0.9000000953674316,0.0,1.0
FL,band,2,A,AE,OOD,21_16,551,86,0.9521588654876968,0.989795424213782,0.07975562019792173,24000.0,4.523745536804199,1.1000001430511475,0.0,0.0
FL,band,2,A,AE,OOD,22_17,171,81,0.8649195003970832,0.9343187694677949,0.18539784796927666,24000.0,10.24967908859253,2.0,0.0,0.0
FL,band,2,A,AE,OOD,24_17,127,352,0.9627550107372942,0.9518101903797161,0.11678587080871551,12000.0,23.243793487548828,1.8999996185302734,0.0,0.0
FL,band,2,A,AE,OOD,24_18,67,185,0.9578862444534085,0.8881608647033911,0.13683805302577387,12000.0,26.879369735717773,2.8999996185302734,0.0,0.0
FL,band,2,A,AE,OOD,26_13,270,93,0.9272003185981682,0.9732574712705198,0.453343921918634,6000.0,9.796826362609863,2.0,0.0,0.0
FL,band,2,A,AE,OOD,27_11,93,73,0.7909854175872736,0.8525542928502186,0.2623886226362189,12000.0,11.638168334960938,1.099998950958252,0.0,0.0
FL,band,2,A,AE,OOD,27_15,242,68,0.9905201750121536,0.9974512512719668,0.032736793066972275,12000.0,16.095632553100586,2.1500000953674316,0.0,0.009444444444507226
FL,band,2,A,AE,OOD,27_16,334,103,0.9804953200395325,0.9937219086003679,0.06725932869430318,12000.0,6.263740539550781,1.7000000476837158,0.0,0.0
FL,band,2,A,AE,OOD,28_16,204,240,0.7722017973856209,0.740635214495184,0.2785330128915243,12000.0,6.4549477100372314,0.8000001907348633,0.0,0.0
FL,band,2,AE,A,OOD,18_18,101,298,0.9748488271645956,0.9305691611738541,0.2859889626143453,12000.0,65.3333511352539,7.700004577636719,0.0,0.0
FL,band,2,AE,A,OOD,20_17,202,84,0.9486680810938236,0.980206789798947,0.6825807301436665,12000.0,18.40229606628418,3.0,0.0,0.0
FL,band,2,AE,A,OOD,21_16,900,69,0.938244766505636,0.9930705357271425,0.07975562019792173,24000.0,4.274367332458496,1.2999999523162842,0.0,0.0
FL,band,2,AE,A,OOD,22_17,480,138,0.9551177536231884,0.9850340431720993,0.18539784796927666,24000.0,10.705575942993164,2.0000009536743164,0.0,0.0
FL,band,2,AE,A,OOD,22_18,104,116,0.9711538461538463,0.9611940771936728,0.18539784796927666,12000.0,40.21282386779785,6.59999942779541,0.0,0.003333333333400074
FL,band,2,AE,A,OOD,24_17,452,109,0.9505358447673947,0.9887795872130278,0.11678587080871551,12000.0,25.428693771362305,1.3999996185302734,0.0,0.0
FL,band,2,AE,A,OOD,24_18,30,48,0.9041666666666667,0.8331477168923113,0.13683805302577387,12000.0,28.934762954711914,2.700000762939453,0.0,0.0
FL,band,2,AE,A,OOD,26_13,43,38,0.9602203182374541,0.9622944114214542,0.453343921918634,6000.0,11.177358627319336,2.4000000953674316,0.0,0.0
FL,band,2,AE,A,OOD,27_11,298,525,0.7531991051454139,0.6924449175015512,0.2623886226362189,12000.0,11.362143516540527,0.8999996185302734,0.0,0.0
FL,band,2,AE,A,OOD,27_15,374,344,0.9825736848650665,0.9860174344325077,0.032736793066972275,12000.0,18.64984893798828,3.3000001907348633,0.0,0.0
FL,band,2,AE,A,OOD,27_16,516,364,0.9626192605843769,0.9727361753884953,0.06725932869430318,12000.0,8.937037944793701,2.250000238418579,0.0,0.0
FL,band,2,AE,A,OOD,28_11,371,91,0.9471579633304701,0.9855732840048295,0.2463294231968003,12000.0,22.285948753356934,0.9000015258789062,0.0,0.0
FL,band,2,AE,A,OOD,28_16,291,385,0.7803454277681081,0.7341092299500867,0.2785330128915243,12000.0,6.413260221481323,0.7000002861022949,0.0,0.0
FL,band,2,AE,AE,ID,20_15,47,100,0.9708510638297873,0.9188555974563078,0.1904464320677894,12000.0,0.0,0.9000000953674316,0.0,1.0
FL,band,2,AE,AE,ID,21_16,551,86,0.9515046638247583,0.989565218043066,0.07975562019792173,24000.0,4.523745536804199,1.1000001430511475,0.0,0.0
FL,band,2,AE,AE,ID,22_17,171,81,0.9307631217962602,0.9562705414824776,0.18539784796927666,24000.0,10.24967908859253,2.0,0.0,0.0
FL,band,2,AE,AE,ID,24_17,127,352,0.9610325697924123,0.9517803710516834,0.11678587080871551,12000.0,23.243793487548828,1.8999996185302734,0.0,0.0
FL,band,2,AE,AE,ID,24_18,67,185,0.9474788221056878,0.844229840229402,0.13683805302577387,12000.0,26.879369735717773,2.8999996185302734,0.0,0.0
FL,band,2,AE,AE,ID,26_13,270,93,0.969215452011151,0.9888440569222118,0.453343921918634,6000.0,9.796826362609863,2.0,0.0,0.0
FL,band,2,AE,AE,ID,27_11,93,73,0.7454706142288997,0.8125969276348032,0.2623886226362189,12000.0,11.638168334960938,1.099998950958252,0.0,0.0
FL,band,2,AE,AE,ID,27_15,242,68,0.9883325230918814,0.9968938100740721,0.032736793066972275,12000.0,16.095632553100586,2.1500000953674316,0.0,0.009444444444507226
FL,band,2,AE,AE,ID,27_16,334,103,0.9827916981570839,0.9946067594869819,0.06725932869430318,12000.0,6.263740539550781,1.7000000476837158,0.0,0.0
FL,band,2,AE,AE,ID,28_16,204,240,0.7540236928104576,0.6965729850420279,0.2785330128915243,12000.0,6.4549477100372314,0.8000001907348633,0.0,0.0
FL,band,3,A,A,ID,16_17,62,366,0.9774810505905165,0.9042016942226684,0.2084060214673994,12000.0,28.48879337310791,5.200000286102295,0.0,0.0
FL,band,3,A,A,ID,17_17,60,283,0.9794464075382804,0.9139315697473823,0.7830257529484034,12000.0,37.23435974121094,4.0,0.0,0.0
FL,band,3,A,A,ID,17_18,50,360,0.992388888888889,0.9519904530907033,0.8215066262225971,24000.0,56.66476821899414,8.799999237060547,0.0,0.0
FL,band,3,A,A,ID,18_17,42,282,0.9954407294832827,0.9796921245375146,0.2859889626143453,12000.0,30.062939643859863,3.9499998092651367,0.0,0.0
FL,band,3,A,A,ID,19_17,326,141,0.9931688639429144,0.9970057339022588,0.2859889626143453,12000.0,9.878215789794922,1.5,0.0,0.0
FL,band,3,A,A,ID,19_18,119,34,0.9920909540286703,0.9976207801793306,0.8183753064621511,12000.0,22.7991943359375,2.3000011444091797,0.0,0.0
FL,band,3,A,A,ID,25_17,330,182,0.9781884781884781,0.987854770452151,0.16729524407643967,12000.0,32.156965255737305,1.0000014305114746,0.0,0.0
FL,band,3,A,A,ID,26_14,53,26,0.9891146589259797,0.9958379578246392,0.1440938771548217,6000.0,12.017019271850586,2.4000003337860107,0.0,0.0
FL,band,3,A,A,ID,26_16,498,215,0.9746334173904923,0.9880291986208078,0.2069894435518293,12000.0,25.73968505859375,1.2999992370605469,0.0,0.0
FL,band,3,A,A,ID,27_18,130,229,0.9472959355055425,0.9208971063835865,0.03668747818753617,12000.0,5.77357816696167,1.2000001668930054,0.0,0.0
FL,band,3,A,A,ID,28_12,317,130,0.9393351128366901,0.9717246970454401,0.15984675710927612,12000.0,25.91012954711914,1.8999977111816406,0.0,0.002222222222226294
FL,band,3,A,A,ID,28_13,195,84,0.9401709401709402,0.9725891691236266,0.11288208201785273,24000.0,19.988718032836914,1.0000009536743164,0.0,0.022222222222414524
FL,band,3,A,A,ID,28_14,69,84,0.9653209109730848,0.9540725494454413,0.2632278699245747,24000.0,21.486988067626953,2.700000286102295,0.0,0.015555555555796276
FL,band,3,A,A,ID,28_15,574,243,0.8612939303996214,0.940121528614474,0.16497527655276623,24000.0,8.89307975769043,1.5999999046325684,0.0,0.0
FL,band,3,A,A,ID,28_17,51,66,0.9622697563874034,0.9549891198613988,0.22279505208131747,6000.0,8.224405288696289,1.3000000715255737,0.0,0.009999999999957692
FL,band,3,A,A,ID,29_13,298,44,0.7553386211104332,0.9583758495354843,0.25825670222051667,24000.0,6.905808687210083,0.6000003814697266,0.0,0.0022222222221959776
FL,band,3,A,A,ID,29_15,229,96,0.9260371179039302,0.9679526688795789,0.16497527655276623,12000.0,2.8572118282318115,1.0999999046325684,0.0,0.002222222222226294
FL,band,3,A,A,ID,30_13,71,73,0.9139494501254101,0.9164008207301212,0.25825670222051667,12000.0,6.331177234649658,0.6999998092651367,0.0,0.01999999999924842
FL,band,3,A,A,ID,31_7,103,74,0.6895827866701654,0.6609029633575718,,12000.0,0.10000000149011612,0.3000001907348633,0.0,0.8855555555551363
FL,band,3,A,AE,OOD,16_17,141,270,0.9813501444707118,0.9668555207025092,0.2084060214673994,12000.0,22.697317123413086,3.59999942779541,0.0,0.0
FL,band,3,A,AE,OOD,17_17,207,596,0.9777988522517266,0.9422282244107737,0.7830257529484034,12000.0,35.502655029296875,4.150000095367432,0.0,0.0
FL,band,3,A,AE,OOD,17_18,61,140,0.9713114754098361,0.9413462740022588,0.8215066262225971,24000.0,52.086307525634766,5.700000762939453,0.0,0.0
FL,band,3,A,AE,OOD,18_17,43,146,0.9907613889773813,0.9683783779758786,0.2859889626143453,12000.0,26.262296676635742,3.8499984741210938,0.0,0.0
FL,band,3,A,AE,OOD,19_17,351,60,0.9797720797720797,0.9962695943810922,0.2859889626143453,12000.0,9.352190971374512,1.3999996185302734,0.0,0.0
FL,band,3,A,AE,OOD,25_17,109,131,0.98452272568107,0.9821592741914247,0.16729524407643967,12000.0,25.42990207672119,1.0999984741210938,0.0,0.0
FL,band,3,A,AE,OOD,26_14,680,68,0.974113321799308,0.997047640800844,0.1440938771548217,6000.0,11.624040603637695,1.9000000953674316,0.0,0.0
FL,band,3,A,AE,OOD,26_16,200,61,0.9613934426229509,0.9883357836256128,0.2069894435518293,12000.0,24.388362884521484,1.2999992370605469,0.0,0.0
FL,band,3,A,AE,OOD,27_18,118,189,0.943502824858757,0.9264613318388533,0.03668747818753617,12000.0,5.613950252532959,1.3999998569488525,0.0,0.0
FL,band,3,A,AE,OOD,28_12,249,68,0.9427120245688637,0.9825726269325669,0.15984675710927612,12000.0,24.544952392578125,1.2000007629394531,0.0,0.017777777777780036
FL,band,3,A,AE,OOD,28_13,686,146,0.933443827628899,0.9839397024662616,0.11288208201785273,24000.0,18.94287872314453,1.0,0.0,0.02222222222232357
FL,band,3,A,AE,OOD,28_14,425,186,0.9417330803289058,0.9723790513736168,0.2632278699245747,12000.0,19.808990478515625,0.8999996185302734,0.0,0.08555555555604585
FL,band,3,A,AE,OOD,28_15,392,104,0.8577315541601256,0.9585950987342232,0.16497527655276623,24000.0,8.759090900421143,1.6000001430511475,0.0,0.0
FL,band,3,A,AE,OOD,28_17,58,90,0.9509578544061302,0.92115894575129,0.22279505208131747,6000.0,7.504307746887207,1.3000001907348633,0.0,0.01333333333349419
FL,band,3,A,AE,OOD,29_13,677,52,0.7555391432791728,0.9771096718081927,0.25825670222051667,24000.0,6.132439613342285,0.6999988555908203,0.0,0.002222222222226294
FL,band,3,A,AE,OOD,29_15,177,176,0.9477401129943502,0.94737329500588,0.16497527655276623,12000.0,1.4788280725479126,1.0000000596046448,0.0,0.02444444444464082
FL,band,3,A,AE,OOD,30_13,201,189,0.9109742293821896,0.9001997076917001,0.25825670222051667,12000.0,6.205891132354736,0.6000003814697266,0.0,0.029444444444543867
FL,band,3,A,AE,OOD,31_7,227,456,0.7462806244686606,0.4550223363642234,,12000.0,0.10000000149011612,0.3999999761581421,0.0,0.973333333333376
FL,band,3,A,AE,OOD,31_8,179,172,0.8669611536962454,0.8560683497325361,,12000.0,1.0230000019073486,0.5,0.0,0.9133333333368139
FL,band,3,AE,A,OOD,16_17,62,366,0.9636435748281332,0.8611258263858913,0.2084060214673994,12000.0,28.48879337310791,5.200000286102295,0.0,0.0
FL,band,3,AE,A,OOD,17_17,60,283,0.9687868080094229,0.8975871384378908,0.7830257529484034,12000.0,37.23435974121094,4.0,0.0,0.0
FL,band,3,AE,A,OOD,17_18,50,360,0.9934444444444445,0.951671356822434,0.8215066262225971,24000.0,56.66476821899414,8.799999237060547,0.0,0.0
FL,band,3,AE,A,OOD,18_17,42,282,0.9929078014184397,0.9663119660068769,0.2859889626143453,12000.0,30.062939643859863,3.9499998092651367,0.0,0.0
FL,band,3,AE,A,OOD,19_17,326,141,0.9934951920985076,0.9968836004063164,0.2859889626143453,12000.0,9.878215789794922,1.5,0.0,0.0
FL,band,3,AE,A,OOD,19_18,119,34,0.9965397923875432,0.9989621515648847,0.8183753064621511,12000.0,22.7991943359375,2.3000011444091797,0.0,0.0
FL,band,3,AE,A,OOD,25_17,330,182,0.9712121212121213,0.9826361308479457,0.16729524407643967,12000.0,32.156965255737305,1.0000014305114746,0.0,0.0
FL,band,3,AE,A,OOD,26_14,53,26,0.9949201741654572,0.9975871325378713,0.1440938771548217,6000.0,12.017019271850586,2.4000003337860107,0.0,0.0
FL,band,3,AE,A,OOD,26_16,498,215,0.9724199122069674,0.9878895556306181,0.2069894435518293,12000.0,25.73968505859375,1.2999992370605469,0.0,0.0
FL,band,3,AE,A,OOD,27_18,130,229,0.9285186429291233,0.9042973396518195,0.03668747818753617,12000.0,5.77357816696167,1.2000001668930054,0.0,0.0
FL,band,3,AE,A,OOD,28_12,317,130,0.9493812181509342,0.9777826393208098,0.15984675710927612,12000.0,25.91012954711914,1.8999977111816406,0.0,0.002222222222226294
FL,band,3,AE,A,OOD,28_13,195,84,0.9466422466422467,0.9701962036308623,0.11288208201785273,24000.0,19.988718032836914,1.0000009536743164,0.0,0.022222222222414524
FL,band,3,AE,A,OOD,28_14,69,84,0.9760179434092477,0.9708508348024159,0.2632278699245747,24000.0,21.486988067626953,2.700000286102295,0.0,0.015555555555796276
FL,band,3,AE,A,OOD,28_15,574,243,0.879195881905909,0.9470919470373353,0.16497527655276623,24000.0,8.89307975769043,1.5999999046325684,0.0,0.0
FL,band,3,AE,A,OOD,28_17,51,66,0.9646464646464646,0.9539466837458143,0.22279505208131747,6000.0,8.224405288696289,1.3000000715255737,0.0,0.009999999999957692
FL,band,3,AE,A,OOD,29_13,298,44,0.8152074435631483,0.968902440486317,0.25825670222051667,24000.0,6.905808687210083,0.6000003814697266,0.0,0.0022222222221959776
FL,band,3,AE,A,OOD,29_15,229,96,0.9415029112081513,0.9750355357942435,0.16497527655276623,12000.0,2.8572118282318115,1.0999999046325684,0.0,0.002222222222226294
FL,band,3,AE,A,OOD,30_13,71,73,0.9070036658306,0.9095798069095804,0.25825670222051667,12000.0,6.331177234649658,0.6999998092651367,0.0,0.01999999999924842
FL,band,3,AE,A,OOD,31_7,103,74,0.8211755444765153,0.8516098880080907,,12000.0,0.10000000149011612,0.3000001907348633,0.0,0.8855555555551363
FL,band,3,AE,AE,ID,16_17,141,270,0.9728657735749935,0.9551740750033282,0.2084060214673994,12000.0,22.697317123413086,3.59999942779541,0.0,0.0
FL,band,3,AE,AE,ID,17_17,207,596,0.9690448399961094,0.9251442826188956,0.7830257529484034,12000.0,35.502655029296875,4.150000095367432,0.0,0.0
FL,band,3,AE,AE,ID,17_18,61,140,0.9634660421545667,0.9229583983629762,0.8215066262225971,24000.0,52.086307525634766,5.700000762939453,0.0,0.0
FL,band,3,AE,AE,ID,18_17,43,146,0.9856642242752469,0.9595726014335293,0.2859889626143453,12000.0,26.262296676635742,3.8499984741210938,0.0,0.0
FL,band,3,AE,AE,ID,19_17,351,60,0.9815289648622982,0.9964999717566374,0.2859889626143453,12000.0,9.352190971374512,1.3999996185302734,0.0,0.0
FL,band,3,AE,AE,ID,25_17,109,131,0.9901953918341619,0.9872217982847604,0.16729524407643967,12000.0,25.42990207672119,1.0999984741210938,0.0,0.0
FL,band,3,AE,AE,ID,26_14,680,68,0.983780276816609,0.9982543158767945,0.1440938771548217,6000.0,11.624040603637695,1.9000000953674316,0.0,0.0
FL,band,3,AE,AE,ID,26_16,200,61,0.9672131147540983,0.9899570998596395,0.2069894435518293,12000.0,24.388362884521484,1.2999992370605469,0.0,0.0
FL,band,3,AE,AE,ID,27_18,118,189,0.9230562281409739,0.9028205295936487,0.03668747818753617,12000.0,5.613950252532959,1.3999998569488525,0.0,0.0
FL,band,3,AE,AE,ID,28_12,249,68,0.9415308291991495,0.9826048161671024,0.15984675710927612,12000.0,24.544952392578125,1.2000007629394531,0.0,0.017777777777780036
FL,band,3,AE,AE,ID,28_13,686,146,0.9335037341746875,0.9833287329357445,0.11288208201785273,24000.0,18.94287872314453,1.0,0.0,0.02222222222232357
FL,band,3,AE,AE,ID,28_14,425,186,0.9463124604680582,0.9726193694054712,0.2632278699245747,12000.0,19.808990478515625,0.8999996185302734,0.0,0.08555555555604585
FL,band,3,AE,AE,ID,28_15,392,104,0.8653600863422292,0.9596565180045626,0.16497527655276623,24000.0,8.759090900421143,1.6000001430511475,0.0,0.0
FL,band,3,AE,AE,ID,28_17,58,90,0.95727969348659,0.9326111603915427,0.22279505208131747,6000.0,7.504307746887207,1.3000001907348633,0.0,0.01333333333349419
FL,band,3,AE,AE,ID,29_13,677,52,0.8071810021588456,0.9823547538387287,0.25825670222051667,24000.0,6.132439613342285,0.6999988555908203,0.0,0.002222222222226294
FL,band,3,AE,AE,ID,29_15,177,176,0.949248844375963,0.9510136003644964,0.16497527655276623,12000.0,1.4788280725479126,1.0000000596046448,0.0,0.02444444444464082
FL,band,3,AE,AE,ID,30_13,201,189,0.9270841559398773,0.9352732398620505,0.25825670222051667,12000.0,6.205891132354736,0.6000003814697266,0.0,0.029444444444543867
FL,band,3,AE,AE,ID,31_7,227,456,0.8330628332946903,0.6823453978865915,,12000.0,0.10000000149011612,0.3999999761581421,0.0,0.973333333333376
FL,band,3,AE,AE,ID,31_8,179,172,0.8764128881382357,0.8601663799472604,,12000.0,1.0230000019073486,0.5,0.0,0.9133333333368139
FL,shadedX,0,A,A,ID,23_16,33,159,0.9201448446731466,0.8602125957160914,0.031565413329493905,12000.0,5.27427339553833,2.0,0.0,0.0
FL,shadedX,0,A,A,ID,23_18,94,39,0.8488816148390617,0.9270660730950376,0.2211789203462979,24000.0,26.487688064575195,3.6000003814697266,0.0,0.0
FL,shadedX,0,A,A,ID,25_16,197,375,0.917969543147208,0.8999157402112169,0.17568605152900577,12000.0,9.88797903060913,1.5,0.0,0.0
FL,shadedX,0,A,A,ID,26_15,125,74,0.704,0.8267216895392878,0.032736793066972275,12000.0,14.991534233093262,2.1999998092651367,0.0,0.0
FL,shadedX,0,A,A,ID,27_13,581,28,0.9201499877059258,0.9958046841009118,0.15984675710927612,24000.0,30.69878578186035,2.0999984741210938,0.0,0.0
FL,shadedX,0,A,A,ID,29_10,323,1047,0.9089452098136797,0.8884537621710233,0.20628257277623194,24000.0,4.358085632324219,0.5999999046325684,0.0,0.0
FL,shadedX,0,A,A,ID,30_12,467,125,0.9830064239828694,0.9958399683939111,0.1275874707130689,24000.0,7.077000141143799,0.8999996185302734,0.0,0.003333333333400074
FL,shadedX,0,A,A,ID,31_10,65,62,0.9560794044665013,0.9729898624985931,0.018654058711205707,6000.0,3.4721486568450928,0.9000000953674316,16.0,0.0711111111107564
FL,shadedX,0,A,AE,OOD,23_16,127,146,0.9027073670585698,0.9172009125265936,0.031565413329493905,12000.0,4.748240947723389,1.5,0.0,0.0
FL,shadedX,0,A,AE,OOD,23_18,87,49,0.8925639221205722,0.9471326584622537,0.2211789203462979,24000.0,26.717280387878418,3.350001335144043,0.0,0.0
FL,shadedX,0,A,AE,OOD,25_16,134,240,0.9009328358208955,0.890952653130905,0.17568605152900577,12000.0,9.531390190124512,1.4000003337860107,0.0,0.0
FL,shadedX,0,A,AE,OOD,26_11,48,139,0.7245203836930455,0.5109028532601799,0.32978745236974377,6000.0,3.105745553970337,1.6999998092651367,18.0,0.028888888888820553
FL,shadedX,0,A,AE,OOD,26_18,37,34,0.848966613672496,0.8793687468660052,0.1690305949906459,12000.0,22.43061065673828,1.1999998092651367,0.0,0.0
FL,shadedX,0,A,AE,OOD,27_10,469,1295,0.6955339134443612,0.43863212238557,0.1428175559815026,6000.0,2.913483738899231,0.7999999523162842,3.0,0.010000000000003166
FL,shadedX,0,A,AE,OOD,27_13,262,57,0.8534886835409133,0.9670265229448324,0.15984675710927612,24000.0,31.57198715209961,2.1000003814697266,0.0,0.0
FL,shadedX,0,A,AE,OOD,29_10,373,911,0.920857084840334,0.916798699106794,0.20628257277623194,24000.0,4.454000949859619,0.5999999046325684,0.0,0.0
FL,shadedX,0,A,AE,OOD,30_12,406,127,0.9950932857530739,0.9985308281957579,0.1275874707130689,24000.0,6.90500020980835,0.7999997138977051,0.0,0.004444444444391955
FL,shadedX,0,A,AE,OOD,31_10,111,63,0.9560989560989561,0.979975883428422,0.018654058711205707,6000.0,3.5860646963119507,0.9000000953674316,0.0,0.09666666666590401
FL,shadedX,0,AE,A,OOD,23_16,33,159,0.9228130360205833,0.8677493403062245,0.031565413329493905,12000.0,5.27427339553833,2.0,0.0,0.0
FL,shadedX,0,AE,A,OOD,23_18,94,39,0.8529732678668849,0.9236535128211909,0.2211789203462979,24000.0,26.487688064575195,3.6000003814697266,0.0,0.0
FL,shadedX,0,AE,A,OOD,25_16,197,375,0.9017664974619289,0.8910783666542722,0.17568605152900577,12000.0,9.88797903060913,1.5,0.0,0.0
FL,shadedX,0,AE,A,OOD,26_15,125,74,0.7484324324324324,0.8498572117312304,0.032736793066972275,12000.0,14.991534233093262,2.1999998092651367,0.0,0.0
FL,shadedX,0,AE,A,OOD,27_13,581,28,0.8383943939021391,0.9911106249084284,0.15984675710927612,24000.0,30.69878578186035,2.0999984741210938,0.0,0.0
FL,shadedX,0,AE,A,OOD,29_10,323,1047,0.8780741673837383,0.820006418851778,0.20628257277623194,24000.0,4.358085632324219,0.5999999046325684,0.0,0.0
FL,shadedX,0,AE,A,OOD,30_12,467,125,0.9318886509635975,0.9830837093326855,0.1275874707130689,24000.0,7.077000141143799,0.8999996185302734,0.0,0.003333333333400074
FL,shadedX,0,AE,A,OOD,31_10,65,62,0.929528535980149,0.9540056539827797,0.018654058711205707,6000.0,3.4721486568450928,0.9000000953674316,16.0,0.0711111111107564
FL,shadedX,0,AE,AE,ID,23_16,127,146,0.9194261676194586,0.9253445099264467,0.031565413329493905,12000.0,4.748240947723389,1.5,0.0,0.0
FL,shadedX,0,AE,AE,ID,23_18,87,49,0.8831808585503167,0.9397501814720592,0.2211789203462979,24000.0,26.717280387878418,3.350001335144043,0.0,0.0
FL,shadedX,0,AE,AE,ID,25_16,134,240,0.8884639303482588,0.8710998566704459,0.17568605152900577,12000.0,9.531390190124512,1.4000003337860107,0.0,0.0
FL,shadedX,0,AE,AE,ID,26_11,48,139,0.8475719424460432,0.6606984363536904,0.32978745236974377,6000.0,3.105745553970337,1.6999998092651367,18.0,0.028888888888820553
FL,shadedX,0,AE,AE,ID,26_18,37,34,0.8322734499205088,0.8723323578513973,0.1690305949906459,12000.0,22.43061065673828,1.1999998092651367,0.0,0.0
FL,shadedX,0,AE,AE,ID,27_10,469,1295,0.8110479044380964,0.6756583550111899,0.1428175559815026,6000.0,2.913483738899231,0.7999999523162842,3.0,0.010000000000003166
FL,shadedX,0,AE,AE,ID,27_13,262,57,0.7663720369626357,0.9467959872547036,0.15984675710927612,24000.0,31.57198715209961,2.1000003814697266,0.0,0.0
FL,shadedX,0,AE,AE,ID,29_10,373,911,0.8951892714307996,0.8541319085544662,0.20628257277623194,24000.0,4.454000949859619,0.5999999046325684,0.0,0.0
FL,shadedX,0,AE,AE,ID,30_12,406,127,0.9312090299057446,0.97966639184104,0.1275874707130689,24000.0,6.90500020980835,0.7999997138977051,0.0,0.004444444444391955
FL,shadedX,0,AE,AE,ID,31_10,111,63,0.9337909337909338,0.9702358008997183,0.018654058711205707,6000.0,3.5860646963119507,0.9000000953674316,0.0,0.09666666666590401
FL,shadedX,1,A,A,ID,19_16,25,64,0.999375,0.9984615384615385,0.11239476929864274,6000.0,3.332632541656494,3.0,38.0,0.029999999999236426
FL,shadedX,1,A,A,ID,20_16,573,162,0.7959623381380218,0.93179772725276,0.1904464320677894,12000.0,3.7197041511535645,1.0,0.0,0.0
FL,shadedX,1,A,A,ID,22_16,52,189,0.6629019129019129,0.3640854640607493,0.017150084265593363,24000.0,4.960267066955566,1.9000000953674316,0.0,0.0
FL,shadedX,1,A,A,ID,23_17,637,408,0.7984386062117155,0.864743492346979,0.031565413329493905,12000.0,10.95564079284668,1.6000003814697266,0.0,0.0
FL,shadedX,1,A,A,ID,24_15,32,316,0.7274525316455696,0.39727313456897795,0.044001914831197315,6000.0,3.600385546684265,2.100000023841858,0.0,0.0
FL,shadedX,1,A,A,ID,24_16,1067,250,0.8010909090909091,0.9433426535170487,0.044001914831197315,12000.0,9.36264419555664,1.5,0.0,0.0
FL,shadedX,1,A,A,ID,25_15,541,212,0.8503470163568513,0.9375657698460202,0.07843489770263268,12000.0,4.099947452545166,1.0,0.0,0.0
FL,shadedX,1,A,A,ID,27_14,338,61,0.9498496459404404,0.9903823303659391,0.05096279107270798,12000.0,19.629819869995117,1.5999994277954102,0.0,0.02666666666695806
FL,shadedX,1,A,A,ID,27_17,163,159,0.9069722575915422,0.92593073720314,0.5346385850465465,12000.0,4.3009490966796875,0.8999996185302734,0.0,0.004444444444270689
FL,shadedX,1,A,A,ID,28_10,194,846,0.6918488459944919,0.40973301710375815,0.20628257277623194,24000.0,6.297281980514526,0.7000000476837158,0.0,0.01666666666648499
FL,shadedX,1,A,A,ID,29_11,815,105,0.7874379199532573,0.9660674922432849,0.053495674986241436,12000.0,8.681941509246826,0.5999999046325684,0.0,0.002222222222105028
FL,shadedX,1,A,A,ID,29_14,149,923,0.768765406065718,0.542643317719209,0.25825670222051667,12000.0,3.4767065048217773,0.7999999523162842,0.0,0.0
FL,shadedX,1,A,A,ID,30_10,195,228,0.9617633828160144,0.9461049534964815,0.018654058711205707,24000.0,3.4011917114257812,0.40000009536743164,0.0,0.04999999999997038
FL,shadedX,1,A,A,ID,30_11,383,614,0.8877922453457617,0.8769714454849985,0.018892666494895346,24000.0,5.581719875335693,0.3000001907348633,0.0,0.06222222222263944
FL,shadedX,1,A,AE,OOD,20_16,439,141,0.8160067206255351,0.9324646931075031,0.1904464320677894,12000.0,3.9868245124816895,1.1999998092651367,0.0,0.0
FL,shadedX,1,A,AE,OOD,22_16,91,141,0.6524822695035462,0.6015773824695132,0.017150084265593363,24000.0,4.768126010894775,2.0,0.0,0.0
FL,shadedX,1,A,AE,OOD,23_17,302,334,0.7891402625213149,0.7970884747769833,0.031565413329493905,12000.0,10.920461177825928,1.700000286102295,0.0,0.0
FL,shadedX,1,A,AE,OOD,24_15,256,240,0.6720377604166666,0.7237529139462018,0.044001914831197315,6000.0,3.0619752407073975,1.3999998569488525,0.0,0.0
FL,shadedX,1,A,AE,OOD,24_16,153,229,0.7761509261637697,0.7303673257904031,0.044001914831197315,12000.0,5.596127271652222,1.399999976158142,0.0,0.0
FL,shadedX,1,A,AE,OOD,25_15,469,146,0.8164412769810439,0.9336358719546576,0.07843489770263268,12000.0,3.937483549118042,1.0,0.0,0.0
FL,shadedX,1,A,AE,OOD,27_14,444,40,0.9434121621621622,0.9947511688260378,0.05096279107270798,12000.0,20.07913112640381,1.0,0.0,0.051666666666822
FL,shadedX,1,A,AE,OOD,27_17,211,104,0.8482500911410865,0.9239811073869375,0.5346385850465465,12000.0,3.5918469429016113,1.0,0.0,0.0044444444441494235
FL,shadedX,1,A,AE,OOD,28_10,123,719,0.6619401381774597,0.33364985144739356,0.20628257277623194,24000.0,5.807369709014893,0.6999998092651367,0.0,0.015000000000118434
FL,shadedX,1,A,AE,OOD,29_11,301,92,0.7930449227213636,0.9256225339858166,0.053495674986241436,12000.0,8.440020561218262,0.5999999046325684,0.0,0.002222222222317244
FL,shadedX,1,A,AE,OOD,29_14,743,762,0.8094445798582042,0.836793242987915,0.25825670222051667,24000.0,3.114778995513916,0.6000001430511475,0.0,0.005555555555626368
FL,shadedX,1,A,AE,OOD,30_10,840,177,0.9619518428840463,0.990768906360325,0.018654058711205707,24000.0,2.74324369430542,0.39999961853027344,0.0,0.06444444444474447
FL,shadedX,1,A,AE,OOD,30_11,92,970,0.8908673240699237,0.7092904124354459,0.018892666494895346,24000.0,6.624345064163208,0.7999998331069946,0.0,0.014444444444501228
FL,shadedX,1,A,AE,OOD,31_9,319,3080,0.6083906688922364,0.2707985901833465,0.029188088072685917,6000.0,2.163999319076538,0.6999998092651367,45.0,0.027777777777525506
FL,shadedX,1,AE,A,OOD,19_16,25,64,0.999375,0.9984615384615385,0.11239476929864274,6000.0,3.332632541656494,3.0,38.0,0.029999999999236426
FL,shadedX,1,AE,A,OOD,20_16,573,162,0.829886023312434,0.9454020167108793,0.1904464320677894,12000.0,3.7197041511535645,1.0,0.0,0.0
FL,shadedX,1,AE,A,OOD,22_16,52,189,0.6755189255189256,0.3470790152746767,0.017150084265593363,24000.0,4.960267066955566,1.9000000953674316,0.0,0.0
FL,shadedX,1,AE,A,OOD,23_17,637,408,0.8207475297811433,0.8689550445455259,0.031565413329493905,12000.0,10.95564079284668,1.6000003814697266,0.0,0.0
FL,shadedX,1,AE,A,OOD,24_15,32,316,0.7792721518987341,0.4056763109943478,0.044001914831197315,6000.0,3.600385546684265,2.100000023841858,0.0,0.0
FL,shadedX,1,AE,A,OOD,24_16,1067,250,0.7402624179943769,0.9101512942988821,0.044001914831197315,12000.0,9.36264419555664,1.5,0.0,0.0
FL,shadedX,1,AE,A,OOD,25_15,541,212,0.7538450807379765,0.8676314123276394,0.07843489770263268,12000.0,4.099947452545166,1.0,0.0,0.0
FL,shadedX,1,AE,A,OOD,27_14,338,61,0.953341740226986,0.9913292898465951,0.05096279107270798,12000.0,19.629819869995117,1.5999994277954102,0.0,0.02666666666695806
FL,shadedX,1,AE,A,OOD,27_17,163,159,0.9112165759925918,0.9336864070807567,0.5346385850465465,12000.0,4.3009490966796875,0.8999996185302734,0.0,0.004444444444270689
FL,shadedX,1,AE,A,OOD,28_10,194,846,0.7080621968755332,0.2949877907302016,0.20628257277623194,24000.0,6.297281980514526,0.7000000476837158,0.0,0.01666666666648499
FL,shadedX,1,AE,A,OOD,29_11,815,105,0.7550452819164475,0.9586237375177553,0.053495674986241436,12000.0,8.681941509246826,0.5999999046325684,0.0,0.002222222222105028
FL,shadedX,1,AE,A,OOD,29_14,149,923,0.7640754179179361,0.5247478033583185,0.25825670222051667,12000.0,3.4767065048217773,0.7999999523162842,0.0,0.0
FL,shadedX,1,AE,A,OOD,30_10,195,228,0.9585695006747638,0.9362978104586327,0.018654058711205707,24000.0,3.4011917114257812,0.40000009536743164,0.0,0.04999999999997038
FL,shadedX,1,AE,A,OOD,30_11,383,614,0.908905350354224,0.8631066560733791,0.018892666494895346,24000.0,5.581719875335693,0.3000001907348633,0.0,0.06222222222263944
FL,shadedX,1,AE,AE,ID,20_16,439,141,0.8407728719365417,0.9442725152411207,0.1904464320677894,12000.0,3.9868245124816895,1.1999998092651367,0.0,0.0
FL,shadedX,1,AE,AE,ID,22_16,91,141,0.6278544150884576,0.5604536664858001,0.017150084265593363,24000.0,4.768126010894775,2.0,0.0,0.0
FL,shadedX,1,AE,AE,ID,23_17,302,334,0.825911091723837,0.8093885931546592,0.031565413329493905,12000.0,10.920461177825928,1.700000286102295,0.0,0.0
FL,shadedX,1,AE,AE,ID,24_15,256,240,0.746533203125,0.8024214366922114,0.044001914831197315,6000.0,3.0619752407073975,1.3999998569488525,0.0,0.0
FL,shadedX,1,AE,AE,ID,24_16,153,229,0.7168136541370551,0.6139619076895311,0.044001914831197315,12000.0,5.596127271652222,1.399999976158142,0.0,0.0
FL,shadedX,1,AE,AE,ID,25_15,469,146,0.7417559949761954,0.8812272558268641,0.07843489770263268,12000.0,3.937483549118042,1.0,0.0,0.0
FL,shadedX,1,AE,AE,ID,27_14,444,40,0.9539977477477478,0.9957194355778134,0.05096279107270798,12000.0,20.07913112640381,1.0,0.0,0.051666666666822
FL,shadedX,1,AE,AE,ID,27_17,211,104,0.8561337951148379,0.9312360849986215,0.5346385850465465,12000.0,3.5918469429016113,1.0,0.0,0.0044444444441494235
FL,shadedX,1,AE,AE,ID,28_10,123,719,0.6931714101563825,0.23496492520688106,0.20628257277623194,24000.0,5.807369709014893,0.6999998092651367,0.0,0.015000000000118434
FL,shadedX,1,AE,AE,ID,29_11,301,92,0.8087895421060234,0.9312645512424862,0.053495674986241436,12000.0,8.440020561218262,0.5999999046325684,0.0,0.002222222222317244
FL,shadedX,1,AE,AE,ID,29_14,743,762,0.8042323276212276,0.8289380909154487,0.25825670222051667,24000.0,3.114778995513916,0.6000001430511475,0.0,0.005555555555626368
FL,shadedX,1,AE,AE,ID,30_10,840,177,0.9602703793381759,0.9902298528459628,0.018654058711205707,24000.0,2.74324369430542,0.39999961853027344,0.0,0.06444444444474447
FL,shadedX,1,AE,AE,ID,30_11,92,970,0.9116875840430301,0.6120391295787508,0.018892666494895346,24000.0,6.624345064163208,0.7999998331069946,0.0,0.014444444444501228
FL,shadedX,1,AE,AE,ID,31_9,319,3080,0.6394017424581687,0.2504946086039276,0.029188088072685917,6000.0,2.163999319076538,0.6999998092651367,45.0,0.027777777777525506
FL,shadedX,2,A,A,ID,20_17,202,25,0.8932673267326733,0.9856060406797063,0.6825807301436665,12000.0,13.051323890686035,2.6000003814697266,0.0,0.0
FL,shadedX,2,A,A,ID,21_16,900,171,0.8733853151397011,0.9637225005340812,0.07975562019792173,24000.0,4.131485939025879,1.2999999523162842,0.0,0.0
FL,shadedX,2,A,A,ID,22_17,480,598,0.8091485507246376,0.8337116777288248,0.18539784796927666,24000.0,4.923967123031616,1.8999998569488525,0.0,0.0
FL,shadedX,2,A,A,ID,24_17,452,452,0.9159096248727386,0.9413251531538352,0.11678587080871551,12000.0,19.37992286682129,1.7999992370605469,0.0,0.0
FL,shadedX,2,A,A,ID,24_18,30,185,0.7868468468468468,0.618921375187114,0.13683805302577387,12000.0,23.404502868652344,2.8000011444091797,0.0,0.0
FL,shadedX,2,A,A,ID,26_13,43,388,0.7993886358187485,0.561846940762372,0.453343921918634,6000.0,6.9321417808532715,1.6999998092651367,14.0,0.003333333333339441
FL,shadedX,2,A,A,ID,27_11,298,76,0.407541504768633,0.7886473077814302,0.2623886226362189,12000.0,11.910160064697266,1.25,0.0,0.0
FL,shadedX,2,A,A,ID,27_16,516,42,0.8949335548172758,0.9908151089418696,0.06725932869430318,12000.0,4.998739719390869,1.1000003814697266,0.0,0.0022222222221959776
FL,shadedX,2,A,A,ID,28_11,371,137,0.925334959765479,0.9684002543117667,0.2463294231968003,12000.0,18.61152935028076,1.0,0.0,0.0
FL,shadedX,2,A,A,ID,28_16,291,341,0.8360189860023581,0.8231199091493424,0.2785330128915243,12000.0,3.5458627939224243,0.7999999821186066,0.0,0.0
FL,shadedX,2,A,AE,OOD,20_15,47,91,0.7535655833528174,0.5862369758161357,0.1904464320677894,12000.0,3.31765079498291,1.5499999523162842,0.0,0.0
FL,shadedX,2,A,AE,OOD,21_16,551,123,0.8615377805320703,0.9581939660035692,0.07975562019792173,24000.0,4.413837909698486,1.2000000476837158,0.0,0.0
FL,shadedX,2,A,AE,OOD,22_17,171,458,0.8526903138486682,0.7988796015866103,0.18539784796927666,24000.0,4.818491458892822,1.9000000953674316,0.0,0.0
FL,shadedX,2,A,AE,OOD,24_17,127,364,0.9261919183179026,0.9125408835104869,0.11678587080871551,12000.0,17.06597137451172,2.3999996185302734,0.0,0.0
FL,shadedX,2,A,AE,OOD,24_18,67,149,0.7081037764199138,0.6946413758527346,0.13683805302577387,12000.0,23.034055709838867,2.5,0.0,0.0
FL,shadedX,2,A,AE,OOD,26_13,270,246,0.8104787714543813,0.8586039760976518,0.453343921918634,6000.0,8.634674549102783,1.699997901916504,0.0,0.0011111111110828306
FL,shadedX,2,A,AE,OOD,27_11,93,73,0.4386507585800559,0.6034511922372601,0.2623886226362189,12000.0,9.41920518875122,1.75,0.0,0.0
FL,shadedX,2,A,AE,OOD,28_11,111,73,0.9447118351227941,0.9639925245269254,0.053495674986241436,12000.0,17.58259105682373,0.9000003337860107,0.0,0.0
FL,shadedX,2,A,AE,OOD,28_16,204,255,0.7944252210688196,0.7650091683629238,0.2785330128915243,12000.0,3.7211835384368896,0.8999999761581421,0.0,0.0
FL,shadedX,2,AE,A,OOD,20_17,202,25,0.8827722772277228,0.9841170537468912,0.6825807301436665,12000.0,13.051323890686035,2.6000003814697266,0.0,0.0
FL,shadedX,2,AE,A,OOD,21_16,900,171,0.8682456140350876,0.968148410414483,0.07975562019792173,24000.0,4.131485939025879,1.2999999523162842,0.0,0.0
FL,shadedX,2,AE,A,OOD,22_17,480,598,0.8056681995540691,0.8123218352892673,0.18539784796927666,24000.0,4.923967123031616,1.8999998569488525,0.0,0.0
FL,shadedX,2,AE,A,OOD,24_17,452,452,0.9023318192497455,0.9299660773208619,0.11678587080871551,12000.0,19.37992286682129,1.7999992370605469,0.0,0.0
FL,shadedX,2,AE,A,OOD,24_18,30,185,0.8396396396396396,0.6183779147772499,0.13683805302577387,12000.0,23.404502868652344,2.8000011444091797,0.0,0.0
FL,shadedX,2,AE,A,OOD,26_13,43,388,0.9294533684967634,0.7861658579387276,0.453343921918634,6000.0,6.9321417808532715,1.6999998092651367,14.0,0.003333333333339441
FL,shadedX,2,AE,A,OOD,27_11,298,76,0.7325591663723066,0.9144651094269197,0.2623886226362189,12000.0,11.910160064697266,1.25,0.0,0.0
FL,shadedX,2,AE,A,OOD,27_16,516,42,0.9017165005537099,0.991365096877206,0.06725932869430318,12000.0,4.998739719390869,1.1000003814697266,0.0,0.0022222222221959776
FL,shadedX,2,AE,A,OOD,28_11,371,137,0.9328309756625416,0.9663585740088009,0.2463294231968003,12000.0,18.61152935028076,1.0,0.0,0.0
FL,shadedX,2,AE,A,OOD,28_16,291,341,0.8416321512430591,0.8366799540284628,0.2785330128915243,12000.0,3.5458627939224243,0.7999999821186066,0.0,0.0
FL,shadedX,2,AE,AE,ID,20_15,47,91,0.690437222352116,0.5847219462748212,0.1904464320677894,12000.0,3.31765079498291,1.5499999523162842,0.0,0.0
FL,shadedX,2,AE,AE,ID,21_16,551,123,0.8650937689050211,0.963798331038526,0.07975562019792173,24000.0,4.413837909698486,1.2000000476837158,0.0,0.0
FL,shadedX,2,AE,AE,ID,22_17,171,458,0.8506218238463699,0.7469088867862913,0.18539784796927666,24000.0,4.818491458892822,1.9000000953674316,0.0,0.0
FL,shadedX,2,AE,AE,ID,24_17,127,364,0.943800294193995,0.9118769409296463,0.11678587080871551,12000.0,17.06597137451172,2.3999996185302734,0.0,0.0
FL,shadedX,2,AE,AE,ID,24_18,67,149,0.8006611239106481,0.7499147793503034,0.13683805302577387,12000.0,23.034055709838867,2.5,0.0,0.0
FL,shadedX,2,AE,AE,ID,26_13,270,246,0.9012496236073472,0.930064338344873,0.453343921918634,6000.0,8.634674549102783,1.699997901916504,0.0,0.0011111111110828306
FL,shadedX,2,AE,AE,ID,27_11,93,73,0.7562233024009427,0.7975646429623151,0.2623886226362189,12000.0,9.41920518875122,1.75,0.0,0.0
FL,shadedX,2,AE,AE,ID,28_11,111,73,0.948537578674565,0.958371726870883,0.053495674986241436,12000.0,17.58259105682373,0.9000003337860107,0.0,0.0
FL,shadedX,2,AE,AE,ID,28_16,204,255,0.818319876970396,0.7978686343039301,0.2785330128915243,12000.0,3.7211835384368896,0.8999999761581421,0.0,0.0
FL,shadedX,3,A,A,ID,16_17,62,110,0.8991202346041056,0.8779652834765924,0.2084060214673994,12000.0,3.8958336114883423,1.899999976158142,0.0,0.003888888888926331
FL,shadedX,3,A,A,ID,17_17,60,436,0.8605886850152906,0.5142116615193766,0.7830257529484034,12000.0,3.390609860420227,1.9000002145767212,0.0,0.003333333333278808
FL,shadedX,3,A,A,ID,18_17,42,74,0.8120978120978121,0.7281394994028223,0.2859889626143453,12000.0,2.350733995437622,2.2000001668930054,0.0,0.021111111110967893
FL,shadedX,3,A,A,ID,19_17,326,98,0.8101915612870915,0.9227592982784123,0.2859889626143453,12000.0,9.47886848449707,1.600000262260437,0.0,0.0
FL,shadedX,3,A,A,ID,25_17,330,200,0.908151515151515,0.9522089266542234,0.16729524407643967,12000.0,27.30194091796875,1.1499996185302734,0.0,0.0
FL,shadedX,3,A,A,ID,26_14,53,391,0.7636925155624186,0.48471201626393345,0.1440938771548217,6000.0,12.846695899963379,2.8000001907348633,0.0,0.0
FL,shadedX,3,A,A,ID,26_16,498,55,0.7905805038335159,0.9666277540957472,0.2069894435518293,12000.0,20.30782699584961,0.6999988555908203,0.0,0.0011111111111737802
FL,shadedX,3,A,A,ID,27_18,130,433,0.9073903002309469,0.8041395274469466,0.03668747818753617,12000.0,2.6514883041381836,1.0999999046325684,0.0,0.007777777777822347
FL,shadedX,3,A,A,ID,28_12,317,49,0.8514131204532286,0.9762682744069913,0.15984675710927612,12000.0,24.474815368652344,1.200000286102295,0.0,0.006666666666572775
FL,shadedX,3,A,A,ID,28_13,195,138,0.8950947603121516,0.932431429966099,0.11288208201785273,24000.0,18.969532012939453,1.1999988555908203,0.0,0.06555555555582729
FL,shadedX,3,A,A,ID,28_14,69,155,0.890603085553997,0.8731583963698959,0.2632278699245747,24000.0,4.534717321395874,1.7000000476837158,0.0,0.0
FL,shadedX,3,A,A,ID,28_15,574,47,0.8026169471421157,0.9813022198572893,0.16497527655276623,24000.0,6.102107524871826,1.0,0.0,0.0
FL,shadedX,3,A,A,ID,28_17,51,169,0.900684534168697,0.8152514398435755,0.22279505208131747,6000.0,2.2006778717041016,1.5,0.0,0.029444444444452912
FL,shadedX,3,A,A,ID,29_13,298,459,0.6943457472474448,0.6264464885204198,0.25825670222051667,24000.0,5.9456634521484375,0.6999998092651367,0.0,0.0
FL,shadedX,3,A,A,ID,29_15,229,569,0.9338454808481899,0.8926861940261553,0.16497527655276623,12000.0,1.8952447772026062,1.3000001907348633,0.0,0.0
FL,shadedX,3,A,A,ID,30_13,71,412,0.7135580473130043,0.3363334731144957,0.25825670222051667,12000.0,6.042739391326904,0.8000001907348633,2.0,0.006666666666072554
FL,shadedX,3,A,A,ID,31_7,103,43,0.7976969970648001,0.9204364463480464,,12000.0,0.9319999814033508,0.5,0.0,0.44111111111069007
FL,shadedX,3,A,A,ID,31_8,167,265,0.8798553835724776,0.8687307417651734,,12000.0,1.6794264912605286,0.5999999046325684,23.0,0.01111111111107084
FL,shadedX,3,A,AE,OOD,16_17,141,106,0.9008430349257326,0.9210554028041344,0.2084060214673994,12000.0,3.8779191970825195,1.3000001907348633,0.0,0.004444444444513221
FL,shadedX,3,A,AE,OOD,17_17,207,399,0.8480621844466238,0.74809115276557,0.7830257529484034,12000.0,3.7759686708450317,2.100000739097595,0.0,0.002222222222165661
FL,shadedX,3,A,AE,OOD,18_17,43,63,0.8571428571428572,0.8276975793298437,0.2859889626143453,12000.0,2.925929069519043,1.7499998211860657,0.0,0.009999999999851586
FL,shadedX,3,A,AE,OOD,19_17,351,104,0.7871740083278546,0.9165844312448883,0.2859889626143453,12000.0,8.865082740783691,1.5999999046325684,0.0,0.0
FL,shadedX,3,A,AE,OOD,25_17,109,155,0.9018052678307191,0.8963764452157033,0.16729524407643967,12000.0,25.500840187072754,1.2000007629394531,0.0,0.0
FL,shadedX,3,A,AE,OOD,26_14,680,290,0.7634127789046653,0.8981221572443809,0.1440938771548217,6000.0,11.774526596069336,2.1000001430511475,0.0,0.0011111111110828306
FL,shadedX,3,A,AE,OOD,26_16,200,38,0.851842105263158,0.9617402284522942,0.2069894435518293,12000.0,20.18822479248047,1.0,0.0,0.0
FL,shadedX,3,A,AE,OOD,27_18,118,310,0.9473209404045927,0.8793294289439053,0.03668747818753617,12000.0,2.734377145767212,1.1999999284744263,0.0,0.007777777777731396
FL,shadedX,3,A,AE,OOD,28_12,249,86,0.8422994302792564,0.9468010930834762,0.15984675710927612,12000.0,24.682771682739258,1.1999988555908203,0.0,0.007777777777761713
FL,shadedX,3,A,AE,OOD,28_13,686,65,0.8541825521417359,0.9842817982123373,0.11288208201785273,24000.0,18.079565048217773,0.7999992370605469,0.0,0.05666666666704339
FL,shadedX,3,A,AE,OOD,28_14,425,108,0.8930065359477125,0.9717074130349472,0.2632278699245747,12000.0,17.98323631286621,0.5,0.0,0.2088888888884229
FL,shadedX,3,A,AE,OOD,28_15,392,54,0.8149092970521543,0.9707444774778501,0.16497527655276623,24000.0,6.673027038574219,1.2000000476837158,0.0,0.0
FL,shadedX,3,A,AE,OOD,28_17,58,127,0.8837903882704317,0.8565127244196077,0.22279505208131747,6000.0,2.2544350624084473,1.8999996185302734,0.0,0.019999999999278737
FL,shadedX,3,A,AE,OOD,29_13,677,404,0.6908828992204982,0.7976615044457389,0.25825670222051667,24000.0,5.921957015991211,0.6999998092651367,0.0,0.0
FL,shadedX,3,A,AE,OOD,29_15,177,438,0.925650749425999,0.8820756972254755,0.16497527655276623,12000.0,1.7399473190307617,1.2000000476837158,0.0,0.0
FL,shadedX,3,A,AE,OOD,30_13,201,353,0.7687765140304146,0.6392570196901561,0.25825670222051667,12000.0,5.969328880310059,0.7000002264976501,0.0,0.012222222222032406
FL,shadedX,3,A,AE,OOD,31_7,227,59,0.8260285223624281,0.9452769151183693,,12000.0,0.8319999575614929,0.3999999761581421,0.0,0.565000000000092
FL,shadedX,3,A,AE,OOD,31_8,179,186,0.8735207544902985,0.8920616317784238,,12000.0,1.7569999694824219,0.5999999046325684,10.0,0.02111111111142264
FL,shadedX,3,AE,A,OOD,16_17,62,110,0.8790322580645161,0.8453318466451383,0.2084060214673994,12000.0,3.8958336114883423,1.899999976158142,0.0,0.003888888888926331
FL,shadedX,3,AE,A,OOD,17_17,60,436,0.9174694189602446,0.6512558365569862,0.7830257529484034,12000.0,3.390609860420227,1.9000002145767212,0.0,0.003333333333278808
FL,shadedX,3,AE,A,OOD,18_17,42,74,0.8613256113256113,0.8312491096070543,0.2859889626143453,12000.0,2.350733995437622,2.2000001668930054,0.0,0.021111111110967893
FL,shadedX,3,AE,A,OOD,19_17,326,98,0.7969199949918617,0.9253043719320234,0.2859889626143453,12000.0,9.47886848449707,1.600000262260437,0.0,0.0
FL,shadedX,3,AE,A,OOD,25_17,330,200,0.9156666666666667,0.9540775533007748,0.16729524407643967,12000.0,27.30194091796875,1.1499996185302734,0.0,0.0
FL,shadedX,3,AE,A,OOD,26_14,53,391,0.8192346667953482,0.5413093757509403,0.1440938771548217,6000.0,12.846695899963379,2.8000001907348633,0.0,0.0
FL,shadedX,3,AE,A,OOD,26_16,498,55,0.7947426067907996,0.9623614118901707,0.2069894435518293,12000.0,20.30782699584961,0.6999988555908203,0.0,0.0011111111111737802
FL,shadedX,3,AE,A,OOD,27_18,130,433,0.7406466512702079,0.5763833699917511,0.03668747818753617,12000.0,2.6514883041381836,1.0999999046325684,0.0,0.007777777777822347
FL,shadedX,3,AE,A,OOD,28_12,317,49,0.8553402433528615,0.9762197758044513,0.15984675710927612,12000.0,24.474815368652344,1.200000286102295,0.0,0.006666666666572775
FL,shadedX,3,AE,A,OOD,28_13,195,138,0.8912671869193608,0.9332151521768403,0.11288208201785273,24000.0,18.969532012939453,1.1999988555908203,0.0,0.06555555555582729
FL,shadedX,3,AE,A,OOD,28_14,69,155,0.896026180458158,0.8807235353650226,0.2632278699245747,24000.0,4.534717321395874,1.7000000476837158,0.0,0.0
FL,shadedX,3,AE,A,OOD,28_15,574,47,0.7883460597523907,0.979340785728962,0.16497527655276623,24000.0,6.102107524871826,1.0,0.0,0.0
FL,shadedX,3,AE,A,OOD,28_17,51,169,0.8642533936651584,0.7513010082136009,0.22279505208131747,6000.0,2.2006778717041016,1.5,0.0,0.029444444444452912
FL,shadedX,3,AE,A,OOD,29_13,298,459,0.7337953824333611,0.6676883377139617,0.25825670222051667,24000.0,5.9456634521484375,0.6999998092651367,0.0,0.0
FL,shadedX,3,AE,A,OOD,29_15,229,569,0.9155954290450572,0.8806074222448621,0.16497527655276623,12000.0,1.8952447772026062,1.3000001907348633,0.0,0.0
FL,shadedX,3,AE,A,OOD,30_13,71,412,0.7463421304526185,0.47622624402482594,0.25825670222051667,12000.0,6.042739391326904,0.8000001907348633,2.0,0.006666666666072554
FL,shadedX,3,AE,A,OOD,31_7,103,43,0.9189433280650259,0.9686295131078099,,12000.0,0.9319999814033508,0.5,0.0,0.44111111111069007
FL,shadedX,3,AE,A,OOD,31_8,167,265,0.9007343802960117,0.8845426210208731,,12000.0,1.6794264912605286,0.5999999046325684,23.0,0.01111111111107084
FL,shadedX,3,AE,AE,ID,16_17,141,106,0.8814398501271243,0.906958594391523,0.2084060214673994,12000.0,3.8779191970825195,1.3000001907348633,0.0,0.004444444444513221
FL,shadedX,3,AE,AE,ID,17_17,207,399,0.8966861598440545,0.8185315994540343,0.7830257529484034,12000.0,3.7759686708450317,2.100000739097595,0.0,0.002222222222165661
FL,shadedX,3,AE,AE,ID,18_17,43,63,0.8851974898486527,0.8655464197294915,0.2859889626143453,12000.0,2.925929069519043,1.7499998211860657,0.0,0.009999999999851586
FL,shadedX,3,AE,AE,ID,19_17,351,104,0.7454525531448609,0.9041748716215768,0.2859889626143453,12000.0,8.865082740783691,1.5999999046325684,0.0,0.0
FL,shadedX,3,AE,AE,ID,25_17,109,155,0.9034033737792246,0.8953906050772097,0.16729524407643967,12000.0,25.500840187072754,1.2000007629394531,0.0,0.0
FL,shadedX,3,AE,AE,ID,26_14,680,290,0.7870791075050709,0.9019322380971642,0.1440938771548217,6000.0,11.774526596069336,2.1000001430511475,0.0,0.0011111111110828306
FL,shadedX,3,AE,AE,ID,26_16,200,38,0.8426315789473684,0.9551574288412583,0.2069894435518293,12000.0,20.18822479248047,1.0,0.0,0.0
FL,shadedX,3,AE,AE,ID,27_18,118,310,0.7364953526517223,0.5769787335396162,0.03668747818753617,12000.0,2.734377145767212,1.1999999284744263,0.0,0.007777777777731396
FL,shadedX,3,AE,AE,ID,28_12,249,86,0.8418791444849163,0.9463220030463808,0.15984675710927612,12000.0,24.682771682739258,1.1999988555908203,0.0,0.007777777777761713
FL,shadedX,3,AE,AE,ID,28_13,686,65,0.8455931823278762,0.9827441104160928,0.11288208201785273,24000.0,18.079565048217773,0.7999992370605469,0.0,0.05666666666704339
FL,shadedX,3,AE,AE,ID,28_14,425,108,0.9161220043572986,0.9786508484838676,0.2632278699245747,12000.0,17.98323631286621,0.5,0.0,0.2088888888884229
FL,shadedX,3,AE,AE,ID,28_15,392,54,0.781698790627362,0.9646188784818894,0.16497527655276623,24000.0,6.673027038574219,1.2000000476837158,0.0,0.0
FL,shadedX,3,AE,AE,ID,28_17,58,127,0.8658702144990497,0.8177765847900584,0.22279505208131747,6000.0,2.2544350624084473,1.8999996185302734,0.0,0.019999999999278737
FL,shadedX,3,AE,AE,ID,29_13,677,404,0.7330535121458971,0.8296173589302549,0.25825670222051667,24000.0,5.921957015991211,0.6999998092651367,0.0,0.0
FL,shadedX,3,AE,AE,ID,29_15,177,438,0.9225421149033872,0.8794398654501746,0.16497527655276623,12000.0,1.7399473190307617,1.2000000476837158,0.0,0.0
FL,shadedX,3,AE,AE,ID,30_13,201,353,0.8167237467055656,0.7663234934701164,0.25825670222051667,12000.0,5.969328880310059,0.7000002264976501,0.0,0.012222222222032406
FL,shadedX,3,AE,AE,ID,31_7,227,59,0.9281714328380497,0.9804325201062785,,12000.0,0.8319999575614929,0.3999999761581421,0.0,0.565000000000092
FL,shadedX,3,AE,AE,ID,31_8,179,186,0.9099537454195952,0.9190360846740706,,12000.0,1.7569999694824219,0.5999999046325684,10.0,0.02111111111142264
