state,protocol,fold,train_domain,eval_domain,kind,tile,n_pos,n_neg,auc,ap,bfe,panel_scale,elev,hand,imperv,water
VT,band,0,A,A,ID,35_51,139,42,0.9117848578280232,0.9630817535283736,0.632824558747173,12000.0,101.24889373779297,2.1999969482421875,0.0,0.0
VT,band,0,A,A,ID,36_49,738,660,0.9823581341874024,0.9800744494503918,1.2456999735442347,12000.0,317.65570068359375,8.399993896484375,0.0,0.0
VT,band,0,A,A,ID,36_51,402,643,0.9815309146336747,0.9697199972275545,2.7378647473443487,12000.0,311.0415954589844,23.399993896484375,0.0,0.0
VT,band,0,A,A,ID,37_48,570,636,0.9866959064327485,0.9860764193374976,2.0980755805239,12000.0,452.94000244140625,12.900001525878906,0.0,0.0
VT,band,0,A,AE,OOD,35_51,413,71,0.9525287317123078,0.9885549138339462,0.632824558747173,24000.0,28.849000930786133,0.0,0.0,1.0
VT,band,0,A,AE,OOD,36_49,367,604,0.9896421675659094,0.9772156749377399,1.2456999735442347,6000.0,285.68133544921875,21.20000457763672,0.0,0.0
VT,band,0,A,AE,OOD,36_51,568,846,0.9977774448107082,0.996244710776625,2.7378647473443487,6000.0,265.9901580810547,21.400001525878906,0.0,0.0
VT,band,0,A,AE,OOD,37_48,264,317,0.9955429691234108,0.9948251045846069,2.0980755805239,6000.0,350.0117492675781,14.400001525878906,0.0,0.0
VT,band,0,AE,A,OOD,35_51,139,42,0.7944501541623845,0.9238613579095245,0.632824558747173,12000.0,101.24889373779297,2.1999969482421875,0.0,0.0
VT,band,0,AE,A,OOD,36_49,738,660,0.9854644000985464,0.9868120978932554,1.2456999735442347,12000.0,317.65570068359375,8.399993896484375,0.0,0.0
VT,band,0,AE,A,OOD,36_51,402,643,0.9785636359415982,0.9542852013525638,2.7378647473443487,12000.0,311.0415954589844,23.399993896484375,0.0,0.0
VT,band,0,AE,A,OOD,37_48,570,636,0.974704843870683,0.974700949062717,2.0980755805239,12000.0,452.94000244140625,12.900001525878906,0.0,0.0
VT,band,0,AE,AE,ID,35_51,413,71,0.9441394127476725,0.9862538931456792,0.632824558747173,24000.0,28.849000930786133,0.0,0.0,1.0
VT,band,0,AE,AE,ID,36_49,367,604,0.9935398884818738,0.986295027111416,1.2456999735442347,6000.0,285.68133544921875,21.20000457763672,0.0,0.0
VT,band,0,AE,AE,ID,36_51,568,846,0.9991009889121967,0.9986390541845951,2.7378647473443487,6000.0,265.9901580810547,21.400001525878906,0.0,0.0
VT,band,0,AE,AE,ID,37_48,264,317,0.9947065290125227,0.9941890143478375,2.0980755805239,6000.0,350.0117492675781,14.400001525878906,0.0,0.0
VT,band,1,A,A,ID,36_48,211,280,0.9858835477318889,0.9759502702591748,2.966575696441484,12000.0,332.98565673828125,11.800018310546875,0.0,0.0
VT,band,1,A,A,ID,36_50,1469,1150,0.983128422174209,0.9851080536828228,1.2456999735442347,12000.0,202.33094787597656,6.600006103515625,0.0,0.0
VT,band,1,A,A,ID,37_51,222,250,0.9578018018018019,0.9460675024530432,2.7378647473443487,12000.0,311.48765563964844,11.749984741210938,0.0,0.0
VT,band,1,A,A,ID,37_52,405,397,0.9266536057468046,0.9154343117951176,2.7378647473443487,12000.0,381.38963317871094,11.399993896484375,0.0,0.0
VT,band,1,A,AE,OOD,36_48,183,399,0.9931111932837559,0.9804053131790644,2.966575696441484,6000.0,289.1833038330078,21.95000457763672,0.0,0.0
VT,band,1,A,AE,OOD,36_50,755,734,0.9990905317862749,0.9991203750761344,1.2456999735442347,6000.0,227.94459533691406,7.600006103515625,0.0,0.0
VT,band,1,A,AE,OOD,37_51,299,250,0.9027023411371237,0.9071022707983261,0.8394054991673486,12000.0,204.86741638183594,5.9000091552734375,0.0,0.0
VT,band,1,A,AE,OOD,37_52,117,139,0.9566500645637337,0.9209845040498388,3.35983104765846,6000.0,335.4867706298828,8.650009155273438,0.0,0.0
VT,band,1,AE,A,OOD,36_48,211,280,0.9752708192281652,0.9523945059062081,2.966575696441484,12000.0,332.98565673828125,11.800018310546875,0.0,0.0
VT,band,1,AE,A,OOD,36_50,1469,1150,0.9785189569952939,0.9817189870823887,1.2456999735442347,12000.0,202.33094787597656,6.600006103515625,0.0,0.0
VT,band,1,AE,A,OOD,37_51,222,250,0.956900900900901,0.9476485220728541,2.7378647473443487,12000.0,311.48765563964844,11.749984741210938,0.0,0.0
VT,band,1,AE,A,OOD,37_52,405,397,0.9379357527132506,0.9421731726295153,2.7378647473443487,12000.0,381.38963317871094,11.399993896484375,0.0,0.0
VT,band,1,AE,AE,ID,36_48,183,399,0.996151581138639,0.9906487572166747,2.966575696441484,6000.0,289.1833038330078,21.95000457763672,0.0,0.0
VT,band,1,AE,AE,ID,36_50,755,734,0.9987783532129131,0.9988972433890778,1.2456999735442347,6000.0,227.94459533691406,7.600006103515625,0.0,0.0
VT,band,1,AE,AE,ID,37_51,299,250,0.9857391304347826,0.9855244313883351,0.8394054991673486,12000.0,204.86741638183594,5.9000091552734375,0.0,0.0
VT,band,1,AE,AE,ID,37_52,117,139,0.9938510729877637,0.9912416078198124,3.35983104765846,6000.0,335.4867706298828,8.650009155273438,0.0,0.0
VT,band,2,A,A,ID,36_52,402,530,0.9606120341687787,0.9112427626584924,2.5917303848117714,6000.0,297.5619812011719,12.75,0.0,0.0
VT,band,2,A,A,ID,36_53,29,37,0.9664492078285182,0.9460359689118162,8.058741670771274,12000.0,319.2893981933594,12.400001525878906,0.0,0.0
VT,band,2,A,A,ID,37_50,494,705,0.9805323455939358,0.9674707768546897,3.899178062337426,12000.0,342.06329345703125,20.79998779296875,0.0,0.0
VT,band,2,A,AE,OOD,36_52,511,757,0.9839747484017404,0.9588667064053231,0.632824558747173,6000.0,227.0723648071289,12.250003814697266,0.0,0.0
VT,band,2,A,AE,OOD,36_53,43,120,0.9833333333333333,0.9013142988821181,8.058741670771274,6000.0,279.1339416503906,34.09999084472656,0.0,0.0
VT,band,2,A,AE,OOD,37_50,705,866,0.994784859056885,0.992322952135887,3.899178062337426,6000.0,266.8780212402344,11.899993896484375,0.0,0.0
VT,band,2,AE,A,OOD,36_52,402,530,0.9513798929878906,0.9117890491632499,2.5917303848117714,6000.0,297.5619812011719,12.75,0.0,0.0
VT,band,2,AE,A,OOD,36_53,29,37,0.9599254426840633,0.9281391999247554,8.058741670771274,12000.0,319.2893981933594,12.400001525878906,0.0,0.0
VT,band,2,AE,A,OOD,37_50,494,705,0.9789215264019295,0.9645569955120051,3.899178062337426,12000.0,342.06329345703125,20.79998779296875,0.0,0.0
VT,band,2,AE,AE,ID,36_52,511,757,0.9947651017121348,0.9912261106529862,0.632824558747173,6000.0,227.0723648071289,12.250003814697266,0.0,0.0
VT,band,2,AE,AE,ID,36_53,43,120,0.9986434108527131,0.9962604450765488,8.058741670771274,6000.0,279.1339416503906,34.09999084472656,0.0,0.0
VT,band,2,AE,AE,ID,37_50,705,866,0.9962999361210751,0.9940518499563304,3.899178062337426,6000.0,266.8780212402344,11.899993896484375,0.0,0.0
VT,band,3,A,A,ID,35_50,97,43,0.947254854950851,0.9789337670912412,1.2456999735442347,12000.0,32.3161096572876,1.6000003814697266,0.0,0.09888888888928232
VT,band,3,A,A,ID,35_52,222,129,0.9657098959424542,0.9781342946008798,0.632824558747173,6000.0,96.06607055664062,4.299999237060547,0.0,0.0
VT,band,3,A,A,ID,37_49,693,855,0.9769862366353593,0.9721657464812737,2.0980755805239,12000.0,356.2074737548828,18.099990844726562,0.0,0.0
VT,band,3,A,AE,OOD,35_52,950,262,0.9615889915628767,0.9849357330800865,0.632824558747173,6000.0,30.304845809936523,0.0,0.0,0.14944444444409677
VT,band,3,A,AE,OOD,37_49,918,992,0.9936968515004568,0.9912276557895523,2.0980755805239,6000.0,303.2053527832031,12.249996185302734,0.0,0.0
VT,band,3,AE,A,OOD,35_50,97,43,0.9033804842963319,0.9543976555997522,1.2456999735442347,12000.0,32.3161096572876,1.6000003814697266,0.0,0.09888888888928232
VT,band,3,AE,A,OOD,35_52,222,129,0.9454920036315386,0.9642665287514006,0.632824558747173,6000.0,96.06607055664062,4.299999237060547,0.0,0.0
VT,band,3,AE,A,OOD,37_49,693,855,0.9729981519455203,0.9685604467789688,2.0980755805239,12000.0,356.2074737548828,18.099990844726562,0.0,0.0
VT,band,3,AE,AE,ID,35_52,950,262,0.9627681799919646,0.9869389219245801,0.632824558747173,6000.0,30.304845809936523,0.0,0.0,0.14944444444409677
VT,band,3,AE,AE,ID,37_49,918,992,0.9940482465387589,0.9934545013323214,2.0980755805239,6000.0,303.2053527832031,12.249996185302734,0.0,0.0
VT,shadedX,0,A,A,ID,36_49,738,66,0.7610043524677671,0.9621932219487466,1.2456999735442347,12000.0,239.527099609375,1.70001220703125,0.0,0.0
VT,shadedX,0,A,A,ID,36_51,402,148,0.9490553986822643,0.9763163045576203,2.7378647473443487,12000.0,201.3068618774414,1.7000045776367188,0.0,0.0
VT,shadedX,0,A,A,ID,37_48,570,53,0.6930817610062894,0.9590416585903092,2.0980755805239,12000.0,452.94000244140625,0.0,0.0,0.007777777777731397
VT,shadedX,0,A,AE,OOD,36_49,367,58,0.5908108615991732,0.9091073355032966,1.2456999735442347,6000.0,177.78707885742188,0.100006103515625,0.0,0.0
VT,shadedX,0,A,AE,OOD,36_51,568,124,0.6600408905043162,0.8883880701891104,2.7378647473443487,6000.0,157.2481689453125,1.9500045776367188,0.0,0.0
VT,shadedX,0,A,AE,OOD,37_48,264,56,0.515422077922078,0.837449985096969,2.0980755805239,6000.0,101.58300399780273,0.5,0.0,0.060555555555560456
VT,shadedX,0,AE,A,OOD,36_49,738,66,0.6908310749774166,0.9641702787370625,1.2456999735442347,12000.0,239.527099609375,1.70001220703125,0.0,0.0
VT,shadedX,0,AE,A,OOD,36_51,402,148,0.6504134731746672,0.842638288437241,2.7378647473443487,12000.0,201.3068618774414,1.7000045776367188,0.0,0.0
VT,shadedX,0,AE,A,OOD,37_48,570,53,0.6522012578616353,0.9475968247804633,2.0980755805239,12000.0,452.94000244140625,0.0,0.0,0.007777777777731397
VT,shadedX,0,AE,AE,ID,36_49,367,58,0.7972376209715306,0.9613191975768991,1.2456999735442347,6000.0,177.78707885742188,0.100006103515625,0.0,0.0
VT,shadedX,0,AE,AE,ID,36_51,568,124,0.801879827351204,0.9439281788891272,2.7378647473443487,6000.0,157.2481689453125,1.9500045776367188,0.0,0.0
VT,shadedX,0,AE,AE,ID,37_48,264,56,0.7404626623376624,0.9233549761699578,2.0980755805239,6000.0,101.58300399780273,0.5,0.0,0.060555555555560456
VT,shadedX,1,A,A,ID,36_48,211,33,0.9419790320264254,0.989839877283873,2.966575696441484,12000.0,260.706298828125,1.79998779296875,0.0,0.0005555555555414153
VT,shadedX,1,A,A,ID,36_50,1469,111,0.8620131363494195,0.9859950645929718,1.2456999735442347,12000.0,149.40851593017578,1.4000091552734375,0.0,0.0
VT,shadedX,1,A,A,ID,37_51,222,46,0.677536231884058,0.852978294371334,2.7378647473443487,12000.0,282.32676696777344,2.2499923706054688,0.0,0.0
VT,shadedX,1,A,A,ID,37_52,405,26,0.928395061728395,0.9947045040984623,2.7378647473443487,12000.0,347.49371337890625,1.5999755859375,0.0,0.0
VT,shadedX,1,A,AE,OOD,36_48,183,37,0.7289912863683355,0.9288772387888724,2.966575696441484,6000.0,174.66514587402344,2.0499954223632812,0.0,0.0011111111110828306
VT,shadedX,1,A,AE,OOD,36_50,755,113,0.5311609916192932,0.8833392484603324,1.2456999735442347,6000.0,161.92178344726562,2.5,0.0,0.0016666666665636131
VT,shadedX,1,A,AE,OOD,37_51,299,46,0.27446561000436237,0.7621988572119325,0.8394054991673486,12000.0,168.65890502929688,2.2999954223632812,0.0,0.001111111111113147
VT,shadedX,1,A,AE,OOD,37_52,117,27,0.6435580880025324,0.8775003515892804,3.35983104765846,6000.0,245.92552947998047,1.0,0.0,0.0
VT,shadedX,1,AE,A,OOD,36_48,211,33,0.7538417348843889,0.952015764119364,2.966575696441484,12000.0,260.706298828125,1.79998779296875,0.0,0.0005555555555414153
VT,shadedX,1,AE,A,OOD,36_50,1469,111,0.6160101558331647,0.9588645065237077,1.2456999735442347,12000.0,149.40851593017578,1.4000091552734375,0.0,0.0
VT,shadedX,1,AE,A,OOD,37_51,222,46,0.5608108108108109,0.8731534758763999,2.7378647473443487,12000.0,282.32676696777344,2.2499923706054688,0.0,0.0
VT,shadedX,1,AE,A,OOD,37_52,405,26,0.6761633428300096,0.973712806652897,2.7378647473443487,12000.0,347.49371337890625,1.5999755859375,0.0,0.0
VT,shadedX,1,AE,AE,ID,36_48,183,37,0.8137645842563875,0.960799439088937,2.966575696441484,6000.0,174.66514587402344,2.0499954223632812,0.0,0.0011111111110828306
VT,shadedX,1,AE,AE,ID,36_50,755,113,0.7407372677723729,0.9480798016581036,1.2456999735442347,6000.0,161.92178344726562,2.5,0.0,0.0016666666665636131
VT,shadedX,1,AE,AE,ID,37_51,299,46,0.7582521448305947,0.9515135153565564,0.8394054991673486,12000.0,168.65890502929688,2.2999954223632812,0.0,0.001111111111113147
VT,shadedX,1,AE,AE,ID,37_52,117,27,0.8167141500474833,0.9528734980882119,3.35983104765846,6000.0,245.92552947998047,1.0,0.0,0.0
VT,shadedX,2,A,A,ID,36_52,402,95,0.899135899450118,0.9734952398320168,2.5917303848117714,6000.0,219.14073181152344,2.2000045776367188,0.0,0.0
VT,shadedX,2,A,A,ID,37_50,494,165,0.8475647159857685,0.9267744622434799,3.899178062337426,12000.0,223.5736083984375,3.0,0.0,0.0
VT,shadedX,2,A,AE,OOD,36_52,511,114,0.389123493665671,0.7834784411805034,0.632824558747173,6000.0,145.72628784179688,1.9000015258789062,0.0,0.0
VT,shadedX,2,A,AE,OOD,37_50,705,139,0.6404510434205827,0.8852417264257211,3.899178062337426,6000.0,170.72858428955078,1.8000106811523438,0.0,0.015555555555644692
VT,shadedX,2,AE,A,OOD,36_52,402,95,0.6270489656978266,0.864162489485307,2.5917303848117714,6000.0,219.14073181152344,2.2000045776367188,0.0,0.0
VT,shadedX,2,AE,A,OOD,37_50,494,165,0.6108207581891791,0.8260499769043445,3.899178062337426,12000.0,223.5736083984375,3.0,0.0,0.0
VT,shadedX,2,AE,AE,ID,36_52,511,114,0.8311875579359357,0.9538125115585777,0.632824558747173,6000.0,145.72628784179688,1.9000015258789062,0.0,0.0
VT,shadedX,2,AE,AE,ID,37_50,705,139,0.7575182407265677,0.9410840765126874,3.899178062337426,6000.0,170.72858428955078,1.8000106811523438,0.0,0.015555555555644692
VT,shadedX,3,A,A,ID,35_52,222,109,0.8018431275312009,0.8757552152372157,0.632824558747173,6000.0,91.26302337646484,2.5,0.0,0.0
VT,shadedX,3,A,A,ID,37_49,693,200,0.7754689754689754,0.919181029503465,2.0980755805239,12000.0,250.83900451660156,3.100006103515625,0.0,0.0
VT,shadedX,3,A,AE,OOD,35_52,950,108,0.7023976608187135,0.9545929912532107,0.632824558747173,6000.0,29.954086303710938,0.0,0.0,0.2622222222217633
VT,shadedX,3,A,AE,OOD,37_49,918,225,0.5773710965867829,0.840231787715047,2.0980755805239,6000.0,202.70147705078125,2.1999969482421875,0.0,0.0011111111110828306
VT,shadedX,3,AE,A,OOD,35_52,222,109,0.6913381271179436,0.8216026602387626,0.632824558747173,6000.0,91.26302337646484,2.5,0.0,0.0
VT,shadedX,3,AE,A,OOD,37_49,693,200,0.6096608946608947,0.8384542634523254,2.0980755805239,12000.0,250.83900451660156,3.100006103515625,0.0,0.0
VT,shadedX,3,AE,AE,ID,35_52,950,108,0.9676120857699805,0.9961541798411626,0.632824558747173,6000.0,29.954086303710938,0.0,0.0,0.2622222222217633
VT,shadedX,3,AE,AE,ID,37_49,918,225,0.7410070200919874,0.9193323731838573,2.0980755805239,6000.0,202.70147705078125,2.1999969482421875,0.0,0.0011111111110828306
CO,band,0,A,A,ID,-11_32,44,32,1.0,0.9999999999999999,0.5340172771990488,24000.0,1143.3792114257812,1.9000244140625,0.0,0.0
CO,band,0,A,A,ID,-11_33,452,173,0.9556499053660035,0.9810913915048083,0.5340172771990488,24000.0,1073.2362060546875,1.2000732421875,0.0,0.0
CO,band,0,A,A,ID,-11_34,76,51,0.9331785345717234,0.9616453791532548,0.5340172771990488,24000.0,1131.5377197265625,1.9000244140625,0.0,0.0
CO,band,0,A,A,ID,-12_32,51,53,0.972992970773215,0.946222619890972,0.5340172771990488,24000.0,1302.2138061523438,4.39996337890625,0.0,0.0
CO,band,0,A,A,ID,-14_36,473,277,0.973569122507079,0.9856771762347254,1.8972700132404465,24000.0,1775.4893798828125,2.5,0.0,0.0
CO,band,0,A,A,ID,-14_37,419,233,0.9893574523441261,0.9938521969995272,2.618682738577198,24000.0,1586.5700073242188,2.2000732421875,0.0,0.0
CO,band,0,A,A,ID,-15_32,87,56,0.9852216748768473,0.9894974579439239,0.26492988682649626,24000.0,1718.71923828125,1.9000244140625,0.0,0.0
CO,band,0,A,A,ID,-15_34,640,566,0.9829753754416961,0.9852816646406569,0.6992865332940402,24000.0,1440.8768310546875,2.5999755859375,0.0,0.0
CO,band,0,A,A,ID,-15_37,414,414,0.991149151672151,0.9922432703051604,2.618682738577198,24000.0,1760.1397705078125,3.7999267578125,0.0,0.0
CO,band,0,A,A,ID,-15_38,568,282,0.9608243432224554,0.9795435915473827,0.4985742665666153,24000.0,1515.9168090820312,1.800048828125,0.0,0.0
CO,band,0,A,A,ID,-16_34,522,435,0.9836526181353767,0.9873855461095693,0.6992865332940402,12000.0,1588.959228515625,3.9000244140625,0.0,0.0
CO,band,0,A,A,ID,-16_36,84,311,0.9867554738937376,0.9402447160500941,1.8972700132404465,12000.0,2277.498779296875,26.699951171875,0.0,0.0
CO,band,0,A,A,ID,-18_37,100,211,0.9929383886255924,0.981612560003227,1.4738408079160736,6000.0,3178.7783203125,46.0,0.0,0.0
CO,band,0,A,A,ID,-19_37,72,216,0.9992283950617284,0.9977278548159909,2.742322162871958,24000.0,2695.97021484375,59.949951171875,0.0,0.0
CO,band,0,A,A,ID,-20_32,111,292,0.9954646427249167,0.9583446097842514,0.8200771853291582,12000.0,2185.366943359375,33.60009765625,0.0,0.0
CO,band,0,A,A,ID,-20_36,52,118,0.9990221642764016,0.9977125378174045,2.0466789510249295,24000.0,2189.2479248046875,26.95001220703125,0.0,0.0
CO,band,0,A,A,ID,-20_38,49,84,0.9995140913508261,0.9991753436068306,0.019068590551404925,12000.0,2286.1455078125,31.0,0.0,0.0
CO,band,0,A,A,ID,-22_38,87,99,0.9936143039591315,0.9902794878178481,0.019068590551404925,24000.0,2054.0467529296875,12.199951171875,0.0,0.0
CO,band,0,A,AE,OOD,-11_33,336,40,0.9711309523809524,0.9947230931000961,0.5340172771990488,6000.0,1055.7991943359375,1.0,0.0,0.0
CO,band,0,A,AE,OOD,-14_36,41,66,0.9645232815964524,0.9284373696160172,2.524434589778718,24000.0,1636.90576171875,3.5,0.0,0.0
CO,band,0,A,AE,OOD,-15_32,56,75,0.9971428571428571,0.9962618455142157,0.26492988682649626,6000.0,1840.29638671875,10.699951171875,0.0,0.0
CO,band,0,A,AE,OOD,-15_34,558,647,0.9880368726906096,0.9897403370767662,0.6992865332940402,12000.0,1456.6781005859375,3.5,0.0,0.0
CO,band,0,A,AE,OOD,-15_37,689,934,0.9821126108346827,0.9720929714511981,2.618682738577198,6000.0,1701.407958984375,4.5999755859375,0.0,0.0
CO,band,0,A,AE,OOD,-15_38,1082,738,0.9763548883178296,0.9800635070711226,0.4985742665666153,12000.0,1517.2415771484375,2.0999755859375,0.0,0.0
CO,band,0,A,AE,OOD,-16_34,244,215,0.9971025543271064,0.9975778856702551,1.488841657636012,6000.0,1573.372314453125,4.2999267578125,0.0,0.0
CO,band,0,A,AE,OOD,-16_36,99,305,0.9926809074350058,0.9654441296958158,4.464403047586651,6000.0,2173.3074951171875,26.45001220703125,0.0,0.0
CO,band,0,A,AE,OOD,-18_37,54,224,0.9971064814814815,0.9883909375800239,3.8036216647881775,6000.0,2857.321044921875,59.699951171875,0.0,0.0
CO,band,0,A,AE,OOD,-19_37,77,277,0.9975620047822213,0.989861847022172,2.742322162871958,6000.0,2349.3148193359375,54.10009765625,0.0,0.0
CO,band,0,A,AE,OOD,-19_38,93,144,1.0,1.0,3.8036216647881775,6000.0,2118.9111328125,21.199951171875,0.0,0.0
CO,band,0,A,AE,OOD,-20_32,40,141,0.9927304964539008,0.9721821648060666,0.8200771853291582,6000.0,2270.427001953125,35.900146484375,0.0,0.0
CO,band,0,A,AE,OOD,-20_36,45,162,0.9998628257887517,0.9995169082125607,2.9405562386278166,12000.0,2143.8779296875,67.0999755859375,0.0,0.0
CO,band,0,AE,A,OOD,-11_32,44,32,0.9836647727272727,0.9849864203906901,0.5340172771990488,24000.0,1143.3792114257812,1.9000244140625,0.0,0.0
CO,band,0,AE,A,OOD,-11_33,452,173,0.9362627244360325,0.9710980662677254,0.5340172771990488,24000.0,1073.2362060546875,1.2000732421875,0.0,0.0
CO,band,0,AE,A,OOD,-11_34,76,51,0.9171826625386997,0.9350460398706619,0.5340172771990488,24000.0,1131.5377197265625,1.9000244140625,0.0,0.0
CO,band,0,AE,A,OOD,-12_32,51,53,0.9748427672955975,0.9238521018829999,0.5340172771990488,24000.0,1302.2138061523438,4.39996337890625,0.0,0.0
CO,band,0,AE,A,OOD,-14_36,473,277,0.9576709077170835,0.9726560450330946,1.8972700132404465,24000.0,1775.4893798828125,2.5,0.0,0.0
CO,band,0,AE,A,OOD,-14_37,419,233,0.9911192600407674,0.9947703141101911,2.618682738577198,24000.0,1586.5700073242188,2.2000732421875,0.0,0.0
CO,band,0,AE,A,OOD,-15_32,87,56,0.9922003284072249,0.9951162370981277,0.26492988682649626,24000.0,1718.71923828125,1.9000244140625,0.0,0.0
CO,band,0,AE,A,OOD,-15_34,640,566,0.9742988074204948,0.9790202410685918,0.6992865332940402,24000.0,1440.8768310546875,2.5999755859375,0.0,0.0
CO,band,0,AE,A,OOD,-15_37,414,414,0.9865574459147237,0.9868960448253469,2.618682738577198,24000.0,1760.1397705078125,3.7999267578125,0.0,0.0
CO,band,0,AE,A,OOD,-15_38,568,282,0.8890158325841574,0.94242030295281,0.4985742665666153,24000.0,1515.9168090820312,1.800048828125,0.0,0.0
CO,band,0,AE,A,OOD,-16_34,522,435,0.9733782534020347,0.9780352192990741,0.6992865332940402,12000.0,1588.959228515625,3.9000244140625,0.0,0.0
CO,band,0,AE,A,OOD,-16_36,84,311,0.9864875210534374,0.9297502598042839,1.8972700132404465,12000.0,2277.498779296875,26.699951171875,0.0,0.0
CO,band,0,AE,A,OOD,-18_37,100,211,0.9948341232227489,0.9891616855463281,1.4738408079160736,6000.0,3178.7783203125,46.0,0.0,0.0
CO,band,0,AE,A,OOD,-19_37,72,216,0.9976208847736626,0.9923231369294965,2.742322162871958,24000.0,2695.97021484375,59.949951171875,0.0,0.0
CO,band,0,AE,A,OOD,-20_32,111,292,0.9969147229421202,0.9911376113158176,0.8200771853291582,12000.0,2185.366943359375,33.60009765625,0.0,0.0
CO,band,0,AE,A,OOD,-20_36,52,118,0.9957627118644068,0.9878666229296953,2.0466789510249295,24000.0,2189.2479248046875,26.95001220703125,0.0,0.0
CO,band,0,AE,A,OOD,-20_38,49,84,0.9978134110787171,0.9960881996335594,0.019068590551404925,12000.0,2286.1455078125,31.0,0.0,0.0
CO,band,0,AE,A,OOD,-22_38,87,99,0.9930337861372345,0.9920371294600726,0.019068590551404925,24000.0,2054.0467529296875,12.199951171875,0.0,0.0
CO,band,0,AE,AE,ID,-11_33,336,40,0.9943452380952381,0.9993171417651842,0.5340172771990488,6000.0,1055.7991943359375,1.0,0.0,0.0
CO,band,0,AE,AE,ID,-14_36,41,66,0.9645232815964524,0.9442298733870358,2.524434589778718,24000.0,1636.90576171875,3.5,0.0,0.0
CO,band,0,AE,AE,ID,-15_32,56,75,0.9988095238095238,0.9984906462585036,0.26492988682649626,6000.0,1840.29638671875,10.699951171875,0.0,0.0
CO,band,0,AE,AE,ID,-15_34,558,647,0.9767745259344203,0.9772625680399443,0.6992865332940402,12000.0,1456.6781005859375,3.5,0.0,0.0
CO,band,0,AE,AE,ID,-15_37,689,934,0.9837753253170812,0.9701282295543716,2.618682738577198,6000.0,1701.407958984375,4.5999755859375,0.0,0.0
CO,band,0,AE,AE,ID,-15_38,1082,738,0.9882870224266014,0.9915747675068632,0.4985742665666153,12000.0,1517.2415771484375,2.0999755859375,0.0,0.0
CO,band,0,AE,AE,ID,-16_34,244,215,0.9965116279069768,0.9971659096143939,1.488841657636012,6000.0,1573.372314453125,4.2999267578125,0.0,0.0
CO,band,0,AE,AE,ID,-16_36,99,305,0.989733399569465,0.9609952415951949,4.464403047586651,6000.0,2173.3074951171875,26.45001220703125,0.0,0.0
CO,band,0,AE,AE,ID,-18_37,54,224,0.9968584656084656,0.9867453432417779,3.8036216647881775,6000.0,2857.321044921875,59.699951171875,0.0,0.0
CO,band,0,AE,AE,ID,-19_37,77,277,0.9999531154765812,0.9998334998334999,2.742322162871958,6000.0,2349.3148193359375,54.10009765625,0.0,0.0
CO,band,0,AE,AE,ID,-19_38,93,144,1.0,1.0,3.8036216647881775,6000.0,2118.9111328125,21.199951171875,0.0,0.0
CO,band,0,AE,AE,ID,-20_32,40,141,0.9955673758865248,0.9857860534770507,0.8200771853291582,6000.0,2270.427001953125,35.900146484375,0.0,0.0
CO,band,0,AE,AE,ID,-20_36,45,162,1.0,1.0000000000000002,2.9405562386278166,12000.0,2143.8779296875,67.0999755859375,0.0,0.0
CO,band,1,A,A,ID,-12_33,595,184,0.9873401534526854,0.9957058046615885,0.5340172771990488,24000.0,1120.75830078125,1.4000244140625,0.0,0.0
CO,band,1,A,A,ID,-13_40,147,63,0.9841269841269842,0.9932023411876083,0.20835211832052025,24000.0,1298.0108642578125,1.9000244140625,0.0,0.0
CO,band,1,A,A,ID,-15_33,234,261,0.9892261846284834,0.9869587627736773,0.6992865332940402,24000.0,1458.1639404296875,3.9000244140625,0.0,0.0
CO,band,1,A,A,ID,-15_39,407,244,0.9780682321665928,0.9866601384370095,0.4985742665666153,24000.0,1451.7337646484375,1.9000244140625,0.0,0.0
CO,band,1,A,A,ID,-16_33,81,74,0.9808141474808141,0.9846502949136586,0.6992865332940402,12000.0,1837.600830078125,6.300048828125,0.0,0.0
CO,band,1,A,A,ID,-16_38,202,428,0.981771074303692,0.9667466344530031,1.966264907156103,12000.0,1623.68896484375,8.2999267578125,0.0,0.0
CO,band,1,A,A,ID,-17_36,398,217,0.9871361415371789,0.9920051435078261,,24000.0,2726.48681640625,2.699951171875,0.0,0.0
CO,band,1,A,A,ID,-17_38,72,203,0.9807060755336617,0.9559028740674349,1.3987375165414402,12000.0,2746.299072265625,53.60009765625,0.0,0.0
CO,band,1,A,A,ID,-18_33,225,90,0.9130370370370371,0.9541679510243339,0.5694834414531335,12000.0,2353.697509765625,1.199951171875,0.0,0.0
CO,band,1,A,A,ID,-18_35,83,188,0.9354011791848245,0.899593255347321,2.2244754223515697,12000.0,2563.33984375,22.5,0.0,0.0
CO,band,1,A,A,ID,-18_36,206,195,0.9903659447348767,0.9910285054310306,2.2244754223515697,24000.0,2976.02685546875,8.2998046875,0.0,0.0
CO,band,1,A,A,ID,-19_35,269,133,0.9896022584341896,0.9943019447106708,2.0466789510249295,24000.0,2468.4649658203125,2.8499755859375,0.0,0.0
CO,band,1,A,A,ID,-20_33,141,295,0.9914893617021276,0.9794310318441071,0.004142890852903014,24000.0,3051.544677734375,37.4500732421875,0.0,0.0
CO,band,1,A,A,ID,-20_34,113,245,0.9923424236951418,0.9842705345750535,2.0466789510249295,24000.0,3119.2200927734375,39.64990234375,0.0,0.0
CO,band,1,A,A,ID,-20_35,99,181,0.9578659523410904,0.8550925291221274,2.0466789510249295,24000.0,2545.2720947265625,16.0,0.0,0.0
CO,band,1,A,A,ID,-21_36,73,145,0.9948039678790742,0.9896305381245021,2.9405562386278166,12000.0,1613.2489624023438,8.0,0.0,0.0
CO,band,1,A,A,ID,-22_33,156,178,0.9987755690002881,0.9985939272198601,0.9579615443391074,24000.0,2161.310546875,5.300048828125,0.0,0.0
CO,band,1,A,A,ID,-22_35,43,84,1.0,1.0000000000000002,2.4115849662406474,24000.0,1790.4561767578125,19.5,0.0,0.0
CO,band,1,A,AE,OOD,-11_40,631,279,0.9589546092281127,0.9804434296667282,,12000.0,1080.860595703125,1.0,0.0,0.0
CO,band,1,A,AE,OOD,-12_33,305,118,0.9838844123367603,0.9932728370832358,0.5340172771990488,6000.0,1097.369384765625,1.5,0.0,0.0
CO,band,1,A,AE,OOD,-15_39,1489,1291,0.9852894893042133,0.9872192194510983,0.4985742665666153,6000.0,1436.2554321289062,2.10003662109375,0.0,0.002222222222105028
CO,band,1,A,AE,OOD,-16_38,1410,1511,0.9706802596561387,0.9640118378912066,4.290055092091757,6000.0,1565.0469970703125,3.9000244140625,0.0,0.0022222222221959776
CO,band,1,A,AE,OOD,-17_38,26,128,0.9969951923076923,0.9860242726622037,4.290055092091757,24000.0,2657.310791015625,38.9998779296875,0.0,0.0
CO,band,1,A,AE,OOD,-18_33,150,37,0.939099099099099,0.9825874961874809,0.5694834414531335,12000.0,2332.6474609375,1.0,0.0,0.015555555554674567
CO,band,1,A,AE,OOD,-18_35,28,74,1.0,1.0,2.2244754223515697,12000.0,2478.6937255859375,17.1500244140625,0.0,0.0
CO,band,1,A,AE,OOD,-19_35,183,183,0.999193765116904,0.9992297708128121,2.0466789510249295,6000.0,2412.5462646484375,4.4998779296875,0.0,0.0
CO,band,1,A,AE,OOD,-21_36,198,400,0.994570707070707,0.9869461774145813,2.9405562386278166,6000.0,1566.9139404296875,4.89996337890625,0.0,0.0
CO,band,1,A,AE,OOD,-22_33,119,114,0.9989680082559339,0.9989923395792415,0.9579615443391074,12000.0,2372.7158203125,8.0,0.0,0.0
CO,band,1,AE,A,OOD,-12_33,595,184,0.9678662769455608,0.9874699963231316,0.5340172771990488,24000.0,1120.75830078125,1.4000244140625,0.0,0.0
CO,band,1,AE,A,OOD,-13_40,147,63,0.9393154087031638,0.9710827222977637,0.20835211832052025,24000.0,1298.0108642578125,1.9000244140625,0.0,0.0
CO,band,1,AE,A,OOD,-15_33,234,261,0.9915021121917673,0.9901370144650455,0.6992865332940402,24000.0,1458.1639404296875,3.9000244140625,0.0,0.0
CO,band,1,AE,A,OOD,-15_39,407,244,0.9635175413863939,0.9749211064994775,0.4985742665666153,24000.0,1451.7337646484375,1.9000244140625,0.0,0.0
CO,band,1,AE,A,OOD,-16_33,81,74,0.9883216549883217,0.9909247796736916,0.6992865332940402,12000.0,1837.600830078125,6.300048828125,0.0,0.0
CO,band,1,AE,A,OOD,-16_38,202,428,0.9544623854908856,0.9252702639248075,1.966264907156103,12000.0,1623.68896484375,8.2999267578125,0.0,0.0
CO,band,1,AE,A,OOD,-17_36,398,217,0.9849014658546187,0.9901710109339901,,24000.0,2726.48681640625,2.699951171875,0.0,0.0
CO,band,1,AE,A,OOD,-17_38,72,203,0.9870689655172414,0.9744390398509831,1.3987375165414402,12000.0,2746.299072265625,53.60009765625,0.0,0.0
CO,band,1,AE,A,OOD,-18_33,225,90,0.8839506172839506,0.9442088432180364,0.5694834414531335,12000.0,2353.697509765625,1.199951171875,0.0,0.0
CO,band,1,AE,A,OOD,-18_35,83,188,0.9416816200974109,0.9073642071427667,2.2244754223515697,12000.0,2563.33984375,22.5,0.0,0.0
CO,band,1,AE,A,OOD,-18_36,206,195,0.9864824495892457,0.9846794700210333,2.2244754223515697,24000.0,2976.02685546875,8.2998046875,0.0,0.0
CO,band,1,AE,A,OOD,-19_35,269,133,0.9835369091874667,0.9917134182336567,2.0466789510249295,24000.0,2468.4649658203125,2.8499755859375,0.0,0.0
CO,band,1,AE,A,OOD,-20_33,141,295,0.9866570501262171,0.945637703579611,0.004142890852903014,24000.0,3051.544677734375,37.4500732421875,0.0,0.0
CO,band,1,AE,A,OOD,-20_34,113,245,0.9838179519595449,0.9621052889966577,2.0466789510249295,24000.0,3119.2200927734375,39.64990234375,0.0,0.0
CO,band,1,AE,A,OOD,-20_35,99,181,0.962888554048775,0.9064699155583865,2.0466789510249295,24000.0,2545.2720947265625,16.0,0.0,0.0
CO,band,1,AE,A,OOD,-21_36,73,145,0.9949929145016533,0.9906279060595093,2.9405562386278166,12000.0,1613.2489624023438,8.0,0.0,0.0
CO,band,1,AE,A,OOD,-22_33,156,178,0.9883318928262748,0.9853239380391355,0.9579615443391074,24000.0,2161.310546875,5.300048828125,0.0,0.0
CO,band,1,AE,A,OOD,-22_35,43,84,0.9975083056478405,0.9951388449901162,2.4115849662406474,24000.0,1790.4561767578125,19.5,0.0,0.0
CO,band,1,AE,AE,ID,-11_40,631,279,0.9742230856182086,0.9874110782306812,,12000.0,1080.860595703125,1.0,0.0,0.0
CO,band,1,AE,AE,ID,-12_33,305,118,0.9942761878299529,0.9977189230256753,0.5340172771990488,6000.0,1097.369384765625,1.5,0.0,0.0
CO,band,1,AE,AE,ID,-15_39,1489,1291,0.9851599569057675,0.9875230061520937,0.4985742665666153,6000.0,1436.2554321289062,2.10003662109375,0.0,0.002222222222105028
CO,band,1,AE,AE,ID,-16_38,1410,1511,0.9737893743751497,0.9730874275691119,4.290055092091757,6000.0,1565.0469970703125,3.9000244140625,0.0,0.0022222222221959776
CO,band,1,AE,AE,ID,-17_38,26,128,0.9819711538461539,0.8907037017423498,4.290055092091757,24000.0,2657.310791015625,38.9998779296875,0.0,0.0
CO,band,1,AE,AE,ID,-18_33,150,37,0.8605405405405405,0.9662265744363342,0.5694834414531335,12000.0,2332.6474609375,1.0,0.0,0.015555555554674567
CO,band,1,AE,AE,ID,-18_35,28,74,1.0,1.0,2.2244754223515697,12000.0,2478.6937255859375,17.1500244140625,0.0,0.0
CO,band,1,AE,AE,ID,-19_35,183,183,0.9996715339365164,0.9996790653669207,2.0466789510249295,6000.0,2412.5462646484375,4.4998779296875,0.0,0.0
CO,band,1,AE,AE,ID,-21_36,198,400,0.9990909090909091,0.9982036755338215,2.9405562386278166,6000.0,1566.9139404296875,4.89996337890625,0.0,0.0
CO,band,1,AE,AE,ID,-22_33,119,114,0.9996314315199764,0.9996438742088132,0.9579615443391074,12000.0,2372.7158203125,8.0,0.0,0.0
CO,band,2,A,A,ID,-12_34,68,75,0.9841176470588235,0.9812753863724897,0.5340172771990488,24000.0,1140.35595703125,2.300048828125,0.0,0.0
CO,band,2,A,A,ID,-14_35,156,154,0.9671994671994673,0.9424064076814779,1.8972700132404465,24000.0,1780.206298828125,3.10003662109375,0.0,0.0
CO,band,2,A,A,ID,-14_38,883,320,0.9561296715741787,0.9810239467374483,0.12624561791812738,24000.0,1390.8306884765625,1.5999755859375,0.0,0.0
CO,band,2,A,A,ID,-14_39,294,175,0.9685714285714286,0.979681912073428,0.4985742665666153,24000.0,1374.748779296875,1.5,0.0,0.0
CO,band,2,A,A,ID,-14_40,55,25,0.9469090909090909,0.9626533948887757,0.4985742665666153,24000.0,1599.8522338867188,1.9000244140625,0.0,0.0
CO,band,2,A,A,ID,-15_35,580,426,0.9667354702930224,0.9777035391099302,1.8972700132404465,24000.0,1767.2249145507812,3.29998779296875,0.0,0.0
CO,band,2,A,A,ID,-15_36,410,417,0.9747908989881264,0.9747488666402925,1.8972700132404465,24000.0,2031.615478515625,4.9000244140625,0.0,0.0
CO,band,2,A,A,ID,-16_35,194,444,0.9780231262190026,0.948934241622583,1.488841657636012,24000.0,2289.08349609375,22.24993896484375,0.0,0.0
CO,band,2,A,A,ID,-16_39,102,211,0.9842022116903633,0.9635096910559852,2.611682680896089,12000.0,1654.40185546875,9.9000244140625,0.0,0.0
CO,band,2,A,A,ID,-16_40,119,97,0.9770423633370875,0.9780846936484736,2.611682680896089,24000.0,1715.22998046875,4.14996337890625,0.0,0.0
CO,band,2,A,A,ID,-17_35,163,270,0.9945239718245853,0.9915623208063733,1.488841657636012,24000.0,2570.70166015625,14.5,0.0,0.0
CO,band,2,A,A,ID,-17_39,25,79,0.9736708860759493,0.85519886842136,2.611682680896089,24000.0,2792.970947265625,74.949951171875,0.0,0.0
CO,band,2,A,A,ID,-19_33,139,114,0.9865581219235139,0.9884412945122228,0.5694834414531335,12000.0,2468.167724609375,3.5,0.0,0.0
CO,band,2,A,A,ID,-21_32,172,293,0.9809111834272561,0.9640838814105829,0.4085687839190642,24000.0,2034.9344482421875,10.5,0.0,0.0
CO,band,2,A,A,ID,-21_34,25,80,0.9995,0.9984615384615385,0.32013061771068124,12000.0,3370.36181640625,62.0,0.0,0.0
CO,band,2,A,A,ID,-21_38,109,310,0.9969813554306008,0.9917251242632698,0.019068590551404925,24000.0,2137.50830078125,44.199951171875,0.0,0.0
CO,band,2,A,A,ID,-23_33,108,222,0.9937437437437437,0.9729463471903484,0.9579615443391074,24000.0,1866.693115234375,11.9500732421875,0.0,0.0
CO,band,2,A,AE,OOD,-14_38,175,183,0.9691178766588602,0.9679335039430008,0.12624561791812738,12000.0,1314.5333862304688,2.5,0.0,0.0
CO,band,2,A,AE,OOD,-14_39,308,122,0.9750904832872046,0.9897260460005692,0.12624561791812738,24000.0,1337.8414306640625,1.5999755859375,0.0,0.027777777777313297
CO,band,2,A,AE,OOD,-15_35,611,487,0.9889298520955648,0.9922542699438637,1.8972700132404465,12000.0,1779.4149780273438,3.39996337890625,0.0,0.0
CO,band,2,A,AE,OOD,-16_35,128,314,0.9195113455414012,0.8833944579234358,1.8972700132404465,6000.0,1777.962890625,10.5,0.0,0.0
CO,band,2,A,AE,OOD,-16_39,659,1204,0.9809990975957734,0.9599048427926449,2.611682680896089,6000.0,1529.6361083984375,4.0,0.0,0.0
CO,band,2,A,AE,OOD,-19_33,54,53,0.9905660377358491,0.9885432982388844,0.5694834414531335,24000.0,2513.01220703125,3.2001953125,0.0,0.0
CO,band,2,A,AE,OOD,-21_32,97,160,0.9798969072164948,0.9517243325270601,0.4085687839190642,6000.0,2118.474609375,9.0001220703125,0.0,0.0
CO,band,2,A,AE,OOD,-21_34,54,115,0.9967793880837359,0.9940301080479382,0.32013061771068124,6000.0,2645.39697265625,43.0,0.0,0.0
CO,band,2,A,AE,OOD,-22_37,473,428,0.9630959672798404,0.955846588280018,4.434012077870649,6000.0,1400.0023193359375,2.9000244140625,0.0,0.021111111111301373
CO,band,2,AE,A,OOD,-12_34,68,75,0.9713725490196078,0.9699954663145903,0.5340172771990488,24000.0,1140.35595703125,2.300048828125,0.0,0.0
CO,band,2,AE,A,OOD,-14_35,156,154,0.9526307026307026,0.9108600049472907,1.8972700132404465,24000.0,1780.206298828125,3.10003662109375,0.0,0.0
CO,band,2,AE,A,OOD,-14_38,883,320,0.9383493771234427,0.9672674869827006,0.12624561791812738,24000.0,1390.8306884765625,1.5999755859375,0.0,0.0
CO,band,2,AE,A,OOD,-14_39,294,175,0.9275607385811466,0.9459574827509915,0.4985742665666153,24000.0,1374.748779296875,1.5,0.0,0.0
CO,band,2,AE,A,OOD,-14_40,55,25,0.9701818181818181,0.9811050111130367,0.4985742665666153,24000.0,1599.8522338867188,1.9000244140625,0.0,0.0
CO,band,2,AE,A,OOD,-15_35,580,426,0.965108466893314,0.9770833725680271,1.8972700132404465,24000.0,1767.2249145507812,3.29998779296875,0.0,0.0
CO,band,2,AE,A,OOD,-15_36,410,417,0.9763408785166989,0.9754936738615998,1.8972700132404465,24000.0,2031.615478515625,4.9000244140625,0.0,0.0
CO,band,2,AE,A,OOD,-16_35,194,444,0.9798922633974181,0.9457183629144,1.488841657636012,24000.0,2289.08349609375,22.24993896484375,0.0,0.0
CO,band,2,AE,A,OOD,-16_39,102,211,0.9724467986246631,0.9390752354822858,2.611682680896089,12000.0,1654.40185546875,9.9000244140625,0.0,0.0
CO,band,2,AE,A,OOD,-16_40,119,97,0.9773022611106299,0.9787404004254419,2.611682680896089,24000.0,1715.22998046875,4.14996337890625,0.0,0.0
CO,band,2,AE,A,OOD,-17_35,163,270,0.9901158827539195,0.9831083378184733,1.488841657636012,24000.0,2570.70166015625,14.5,0.0,0.0
CO,band,2,AE,A,OOD,-17_39,25,79,0.9843037974683544,0.9498849254191764,2.611682680896089,24000.0,2792.970947265625,74.949951171875,0.0,0.0
CO,band,2,AE,A,OOD,-19_33,139,114,0.9832765366654045,0.9858151164657452,0.5694834414531335,12000.0,2468.167724609375,3.5,0.0,0.0
CO,band,2,AE,A,OOD,-21_32,172,293,0.9595007540280974,0.9286465972323713,0.4085687839190642,24000.0,2034.9344482421875,10.5,0.0,0.0
CO,band,2,AE,A,OOD,-21_34,25,80,1.0,1.0,0.32013061771068124,12000.0,3370.36181640625,62.0,0.0,0.0
CO,band,2,AE,A,OOD,-21_38,109,310,0.9924237940219,0.9802205683211493,0.019068590551404925,24000.0,2137.50830078125,44.199951171875,0.0,0.0
CO,band,2,AE,A,OOD,-23_33,108,222,0.994703036369703,0.9853586738442695,0.9579615443391074,24000.0,1866.693115234375,11.9500732421875,0.0,0.0
CO,band,2,AE,AE,ID,-14_38,175,183,0.9918188914910226,0.9912552160600755,0.12624561791812738,12000.0,1314.5333862304688,2.5,0.0,0.0
CO,band,2,AE,AE,ID,-14_39,308,122,0.990392803917394,0.9961200698041994,0.12624561791812738,24000.0,1337.8414306640625,1.5999755859375,0.0,0.027777777777313297
CO,band,2,AE,AE,ID,-15_35,611,487,0.9805818717086138,0.9861730233631367,1.8972700132404465,12000.0,1779.4149780273438,3.39996337890625,0.0,0.0
CO,band,2,AE,AE,ID,-16_35,128,314,0.973626592356688,0.947054263990069,1.8972700132404465,6000.0,1777.962890625,10.5,0.0,0.0
CO,band,2,AE,AE,ID,-16_39,659,1204,0.9873625598031852,0.9780389007197025,2.611682680896089,6000.0,1529.6361083984375,4.0,0.0,0.0
CO,band,2,AE,AE,ID,-19_33,54,53,0.9944095038434662,0.9939790983360588,0.5694834414531335,24000.0,2513.01220703125,3.2001953125,0.0,0.0
CO,band,2,AE,AE,ID,-21_32,97,160,0.9867912371134021,0.975901964412458,0.4085687839190642,6000.0,2118.474609375,9.0001220703125,0.0,0.0
CO,band,2,AE,AE,ID,-21_34,54,115,0.9979066022544284,0.9956390716980298,0.32013061771068124,6000.0,2645.39697265625,43.0,0.0,0.0
CO,band,2,AE,AE,ID,-22_37,473,428,0.986658038766276,0.9871189049894005,4.434012077870649,6000.0,1400.0023193359375,2.9000244140625,0.0,0.021111111111301373
CO,band,3,A,A,ID,-12_39,363,218,0.9817777440796622,0.9876316472702782,0.20835211832052025,24000.0,1264.3775634765625,1.199951171875,0.0,0.0
CO,band,3,A,A,ID,-12_40,289,226,0.9750436353614845,0.9791013050575715,0.20835211832052025,24000.0,1148.619384765625,1.5,0.0,0.0
CO,band,3,A,A,ID,-13_38,368,92,0.9453568052930056,0.9858961600475556,0.12624561791812738,24000.0,1334.6240844726562,1.4000244140625,0.0,0.0
CO,band,3,A,A,ID,-13_39,344,268,0.9615801804928843,0.9674138288725046,0.20835211832052025,24000.0,1265.0287475585938,2.0999755859375,0.0,0.0
CO,band,3,A,A,ID,-15_40,112,74,0.9741795366795367,0.9756869699177058,0.4985742665666153,24000.0,1620.8961791992188,2.800048828125,0.0,0.0
CO,band,3,A,A,ID,-16_37,163,319,0.9891916841356232,0.9711667485229275,4.3987810166040955,12000.0,1894.7022094726562,19.300048828125,0.0,0.0
CO,band,3,A,A,ID,-17_37,130,281,0.9841773884478511,0.9601343980302034,3.4441486853609016,24000.0,3019.13134765625,49.60009765625,0.0,0.0
CO,band,3,A,A,ID,-18_38,44,108,0.9726430976430976,0.9542077820685704,1.4738408079160736,24000.0,2745.7752685546875,44.199951171875,0.0,0.0
CO,band,3,A,A,ID,-19_36,77,249,0.9891514108381578,0.9576346018437221,2.2244754223515697,24000.0,3225.5262451171875,94.4998779296875,0.0,0.0
CO,band,3,A,A,ID,-19_39,87,169,0.9840848806366048,0.9384250877099445,2.9879698462887285,24000.0,2196.8359375,27.7000732421875,0.0,0.0
CO,band,3,A,A,ID,-20_39,42,51,0.9995331465919701,0.9994462901439647,0.019068590551404925,24000.0,2157.71875,18.800048828125,0.0,0.0
CO,band,3,A,A,ID,-21_33,86,113,0.9951636139123277,0.9916064722843763,0.4085687839190642,12000.0,2473.300048828125,25.800048828125,0.0,0.0
CO,band,3,A,A,ID,-21_35,62,155,0.9924037460978148,0.976258228426782,2.4115849662406474,24000.0,2013.1199951171875,12.5,0.0,0.0
CO,band,3,A,A,ID,-21_39,113,139,0.9949067294836696,0.9939837469542077,0.019068590551404925,24000.0,1893.4244995117188,9.8499755859375,0.0,0.0
CO,band,3,A,A,ID,-22_32,33,169,0.9910346064192218,0.936160388845763,0.4085687839190642,12000.0,2091.5845947265625,14.1500244140625,0.0,0.0
CO,band,3,A,A,ID,-22_36,30,48,0.9590277777777778,0.8889051647636301,2.9405562386278166,24000.0,1555.3316040039062,14.3499755859375,0.0,0.0
CO,band,3,A,A,ID,-22_39,108,205,0.9934056007226739,0.9887942718723219,0.019068590551404925,24000.0,1736.015380859375,17.0,0.0,0.0
CO,band,3,A,AE,OOD,-12_39,381,141,0.9452541836525752,0.9738922524187551,0.20835211832052025,12000.0,1177.0283203125,1.0999755859375,0.0,0.0
CO,band,3,A,AE,OOD,-12_40,506,45,0.9589811155028547,0.9954217041453427,0.20835211832052025,12000.0,1128.625,0.9000244140625,0.0,0.0
CO,band,3,A,AE,OOD,-13_38,411,208,0.9367045667228149,0.9689476159391393,0.12624561791812738,12000.0,1288.7667236328125,1.5,0.0,0.0
CO,band,3,A,AE,OOD,-13_39,980,277,0.9164665144035954,0.9729882885006051,0.20835211832052025,12000.0,1235.0711669921875,1.0999755859375,0.0,0.00444444444417974
CO,band,3,A,AE,OOD,-16_37,392,833,0.9275332582012397,0.8807849570942905,4.3987810166040955,6000.0,1700.8232421875,8.5,4.0,0.0
CO,band,3,A,AE,OOD,-19_36,88,113,0.9956757843925985,0.9935710789995863,2.0466789510249295,6000.0,2696.27587890625,16.300048828125,0.0,0.0
CO,band,3,A,AE,OOD,-19_39,308,439,0.989401828240097,0.9744970713947959,2.9879698462887285,12000.0,2059.484130859375,6.5999755859375,0.0,0.0
CO,band,3,A,AE,OOD,-19_40,55,137,0.9961512939615129,0.9869088617903427,2.9879698462887285,12000.0,2121.5740966796875,26.4000244140625,0.0,0.0
CO,band,3,A,AE,OOD,-20_37,37,103,0.9055366045657308,0.856229617783129,2.742322162871958,6000.0,2216.9522705078125,41.25,0.0,0.0
CO,band,3,A,AE,OOD,-21_33,173,209,0.9940537102082585,0.9915179788343949,0.4085687839190642,6000.0,2288.3302001953125,12.4500732421875,0.0,0.0
CO,band,3,A,AE,OOD,-21_35,114,251,0.9854966100510238,0.9628070931100311,2.4115849662406474,6000.0,1745.0401611328125,4.2000732421875,0.0,0.0
CO,band,3,A,AE,OOD,-22_39,49,86,1.0,1.0000000000000002,0.019068590551404925,6000.0,1632.275390625,11.10009765625,0.0,0.0
CO,band,3,AE,A,OOD,-12_39,363,218,0.9737660171354917,0.9799975528151266,0.20835211832052025,24000.0,1264.3775634765625,1.199951171875,0.0,0.0
CO,band,3,AE,A,OOD,-12_40,289,226,0.9830357963070705,0.9886690493578596,0.20835211832052025,24000.0,1148.619384765625,1.5,0.0,0.0
CO,band,3,AE,A,OOD,-13_38,368,92,0.9388882325141777,0.9839186617971654,0.12624561791812738,24000.0,1334.6240844726562,1.4000244140625,0.0,0.0
CO,band,3,AE,A,OOD,-13_39,344,268,0.9697587643179453,0.9749746119957998,0.20835211832052025,24000.0,1265.0287475585938,2.0999755859375,0.0,0.0
CO,band,3,AE,A,OOD,-15_40,112,74,0.9780405405405406,0.9828993813793931,0.4985742665666153,24000.0,1620.8961791992188,2.800048828125,0.0,0.0
CO,band,3,AE,A,OOD,-16_37,163,319,0.9812681500855819,0.9634082386844938,4.3987810166040955,12000.0,1894.7022094726562,19.300048828125,0.0,0.0
CO,band,3,AE,A,OOD,-17_37,130,281,0.9774979468929647,0.94236923434146,3.4441486853609016,24000.0,3019.13134765625,49.60009765625,0.0,0.0
CO,band,3,AE,A,OOD,-18_38,44,108,0.9730639730639731,0.9604880523689733,1.4738408079160736,24000.0,2745.7752685546875,44.199951171875,0.0,0.0
CO,band,3,AE,A,OOD,-19_36,77,249,0.9886298440515309,0.9729559599061478,2.2244754223515697,24000.0,3225.5262451171875,94.4998779296875,0.0,0.0
CO,band,3,AE,A,OOD,-19_39,87,169,0.9831326940080256,0.9483330182706541,2.9879698462887285,24000.0,2196.8359375,27.7000732421875,0.0,0.0
CO,band,3,AE,A,OOD,-20_39,42,51,0.9985994397759104,0.9982986766270132,0.019068590551404925,24000.0,2157.71875,18.800048828125,0.0,0.0
CO,band,3,AE,A,OOD,-21_33,86,113,0.9911504424778761,0.9707014687508595,0.4085687839190642,12000.0,2473.300048828125,25.800048828125,0.0,0.0
CO,band,3,AE,A,OOD,-21_35,62,155,0.9824141519250781,0.9412375342806603,2.4115849662406474,24000.0,2013.1199951171875,12.5,0.0,0.0
CO,band,3,AE,A,OOD,-21_39,113,139,0.9883491436938945,0.9866047866289068,0.019068590551404925,24000.0,1893.4244995117188,9.8499755859375,0.0,0.0
CO,band,3,AE,A,OOD,-22_32,33,169,0.9956966110812264,0.9691887097359423,0.4085687839190642,12000.0,2091.5845947265625,14.1500244140625,0.0,0.0
CO,band,3,AE,A,OOD,-22_36,30,48,0.9750000000000001,0.9498520499859394,2.9405562386278166,24000.0,1555.3316040039062,14.3499755859375,0.0,0.0
CO,band,3,AE,A,OOD,-22_39,108,205,0.9942186088527553,0.9896749940272678,0.019068590551404925,24000.0,1736.015380859375,17.0,0.0,0.0
CO,band,3,AE,AE,ID,-12_39,381,141,0.9689134602855494,0.9875361059111547,0.20835211832052025,12000.0,1177.0283203125,1.0999755859375,0.0,0.0
CO,band,3,AE,AE,ID,-12_40,506,45,0.9980237154150198,0.9998252412199437,0.20835211832052025,12000.0,1128.625,0.9000244140625,0.0,0.0
CO,band,3,AE,AE,ID,-13_38,411,208,0.9285864682762494,0.9654411138989359,0.12624561791812738,12000.0,1288.7667236328125,1.5,0.0,0.0
CO,band,3,AE,AE,ID,-13_39,980,277,0.9530870109776762,0.9870776904632508,0.20835211832052025,12000.0,1235.0711669921875,1.0999755859375,0.0,0.00444444444417974
CO,band,3,AE,AE,ID,-16_37,392,833,0.9688089521522895,0.9374602086492102,4.3987810166040955,6000.0,1700.8232421875,8.5,4.0,0.0
CO,band,3,AE,AE,ID,-19_36,88,113,0.994770716009654,0.992302734110392,2.0466789510249295,6000.0,2696.27587890625,16.300048828125,0.0,0.0
CO,band,3,AE,AE,ID,-19_39,308,439,0.9944605508386829,0.9907521970739783,2.9879698462887285,12000.0,2059.484130859375,6.5999755859375,0.0,0.0
CO,band,3,AE,AE,ID,-19_40,55,137,0.9976111479761115,0.9937868057948387,2.9879698462887285,12000.0,2121.5740966796875,26.4000244140625,0.0,0.0
CO,band,3,AE,AE,ID,-20_37,37,103,0.9887168722120179,0.9682363021660196,2.742322162871958,6000.0,2216.9522705078125,41.25,0.0,0.0
CO,band,3,AE,AE,ID,-21_33,173,209,0.9936388527809276,0.990635145280705,0.4085687839190642,6000.0,2288.3302001953125,12.4500732421875,0.0,0.0
CO,band,3,AE,AE,ID,-21_35,114,251,0.9958761445446286,0.9911759627701296,2.4115849662406474,6000.0,1745.0401611328125,4.2000732421875,0.0,0.0
CO,band,3,AE,AE,ID,-22_39,49,86,1.0,1.0000000000000002,0.019068590551404925,6000.0,1632.275390625,11.10009765625,0.0,0.0
CO,shadedX,0,A,A,ID,-11_33,452,84,0.8123156342182892,0.9451179163889216,0.5340172771990488,24000.0,1054.0108032226562,0.9000244140625,0.0,0.0
CO,shadedX,0,A,A,ID,-15_34,640,181,0.7684564917127072,0.9131048494561725,0.6992865332940402,24000.0,1416.6546630859375,1.5999755859375,0.0,0.005555555555505102
CO,shadedX,0,A,A,ID,-15_37,414,313,0.915705885076631,0.9253595573996249,2.618682738577198,24000.0,1725.28955078125,1.800048828125,0.0,0.0
CO,shadedX,0,A,A,ID,-15_38,568,75,0.9387089201877934,0.9902694140590813,0.4985742665666153,24000.0,1489.291015625,1.199951171875,0.0,0.0
CO,shadedX,0,A,A,ID,-16_36,84,26,0.9445970695970696,0.98294550733995,1.8972700132404465,12000.0,2135.11474609375,1.0,0.0,0.0
CO,shadedX,0,A,AE,OOD,-11_33,336,93,0.8548067076292882,0.9486173819553287,0.5340172771990488,6000.0,1054.9564208984375,1.0,0.0,0.0
CO,shadedX,0,A,AE,OOD,-15_34,558,161,0.8424274805761482,0.9273539523681615,0.6992865332940402,12000.0,1435.7281494140625,1.7999267578125,0.0,0.017777777777507192
CO,shadedX,0,A,AE,OOD,-15_37,689,306,0.7896639062010871,0.8635136486096794,2.618682738577198,6000.0,1688.1265869140625,1.60009765625,0.0,0.0
CO,shadedX,0,A,AE,OOD,-15_38,1082,89,0.7003260711541258,0.9657085977048665,0.4985742665666153,12000.0,1498.9029541015625,1.300048828125,0.0,0.004444444444422272
CO,shadedX,0,AE,A,OOD,-11_33,452,84,0.396913190054783,0.8336041741055841,0.5340172771990488,24000.0,1054.0108032226562,0.9000244140625,0.0,0.0
CO,shadedX,0,AE,A,OOD,-15_34,640,181,0.8074412983425415,0.9404094546576212,0.6992865332940402,24000.0,1416.6546630859375,1.5999755859375,0.0,0.005555555555505102
CO,shadedX,0,AE,A,OOD,-15_37,414,313,0.7507601364387031,0.7688188525833226,2.618682738577198,24000.0,1725.28955078125,1.800048828125,0.0,0.0
CO,shadedX,0,AE,A,OOD,-15_38,568,75,0.5919718309859154,0.9227829318985888,0.4985742665666153,24000.0,1489.291015625,1.199951171875,0.0,0.0
CO,shadedX,0,AE,A,OOD,-16_36,84,26,0.8731684981684982,0.9602290228248667,1.8972700132404465,12000.0,2135.11474609375,1.0,0.0,0.0
CO,shadedX,0,AE,AE,ID,-11_33,336,93,0.789810547875064,0.9334135615867851,0.5340172771990488,6000.0,1054.9564208984375,1.0,0.0,0.0
CO,shadedX,0,AE,AE,ID,-15_34,558,161,0.7569736637057813,0.9225126792620424,0.6992865332940402,12000.0,1435.7281494140625,1.7999267578125,0.0,0.017777777777507192
CO,shadedX,0,AE,AE,ID,-15_37,689,306,0.8179800221975582,0.8909434806176961,2.618682738577198,6000.0,1688.1265869140625,1.60009765625,0.0,0.0
CO,shadedX,0,AE,AE,ID,-15_38,1082,89,0.6913643066314981,0.9596990479986515,0.4985742665666153,12000.0,1498.9029541015625,1.300048828125,0.0,0.004444444444422272
CO,shadedX,1,A,A,ID,-11_40,34,147,0.6702681072428971,0.564455385699175,,12000.0,1081.5733642578125,1.5,0.0,0.0
CO,shadedX,1,A,A,ID,-12_33,595,129,0.7889127744120905,0.9473732858923147,0.5340172771990488,24000.0,1109.2320556640625,1.0,0.0,0.0
CO,shadedX,1,A,A,ID,-15_39,407,274,0.945291343101562,0.9561004598363739,0.4985742665666153,24000.0,1429.49462890625,1.699951171875,0.0,0.0
CO,shadedX,1,A,A,ID,-16_38,202,609,0.9232713911785267,0.8504312562590772,1.966264907156103,12000.0,1566.6834716796875,2.0,1.0,0.0033333333334000744
CO,shadedX,1,A,A,ID,-18_33,225,53,0.649643605870021,0.9086648208565342,0.5694834414531335,12000.0,2343.5601806640625,1.10009765625,0.0,0.003888888888896015
CO,shadedX,1,A,A,ID,-21_36,73,84,0.918460534898891,0.9193147294241627,2.9405562386278166,12000.0,1531.1365966796875,1.0999755859375,0.0,0.00777777777779203
CO,shadedX,1,A,AE,OOD,-11_40,631,169,0.7960783578240607,0.9410154963648354,,12000.0,1076.241455078125,0.800048828125,0.0,0.00777777777779203
CO,shadedX,1,A,AE,OOD,-12_33,305,138,0.6176764076977905,0.7428430445593217,0.5340172771990488,6000.0,1097.3817138671875,1.2000732421875,0.0,0.0
CO,shadedX,1,A,AE,OOD,-15_39,1489,274,0.5991945802061835,0.8804236678654225,0.4985742665666153,6000.0,1422.1561279296875,1.5,0.0,0.03666666666667322
CO,shadedX,1,A,AE,OOD,-16_38,1410,570,0.7353004852556924,0.8655671715443956,4.290055092091757,6000.0,1546.3319702148438,1.7000732421875,0.0,0.029999999999994333
CO,shadedX,1,A,AE,OOD,-18_33,150,39,0.5712820512820513,0.8351892188960715,0.5694834414531335,12000.0,2332.81591796875,0.89990234375,0.0,0.027777777777646773
CO,shadedX,1,A,AE,OOD,-21_36,198,85,0.7805109922756981,0.8880813578076547,2.9405562386278166,6000.0,1513.546630859375,1.300048828125,0.0,0.054444444444483604
CO,shadedX,1,AE,A,OOD,-11_40,34,147,0.8143257302921169,0.5962358130004911,,12000.0,1081.5733642578125,1.5,0.0,0.0
CO,shadedX,1,AE,A,OOD,-12_33,595,129,0.8458862614813367,0.9569804667951691,0.5340172771990488,24000.0,1109.2320556640625,1.0,0.0,0.0
CO,shadedX,1,AE,A,OOD,-15_39,407,274,0.7698757151311897,0.8202189341980504,0.4985742665666153,24000.0,1429.49462890625,1.699951171875,0.0,0.0
CO,shadedX,1,AE,A,OOD,-16_38,202,609,0.8404379846851681,0.7275307462936218,1.966264907156103,12000.0,1566.6834716796875,2.0,1.0,0.0033333333334000744
CO,shadedX,1,AE,A,OOD,-18_33,225,53,0.42004192872117396,0.7699542514580154,0.5694834414531335,12000.0,2343.5601806640625,1.10009765625,0.0,0.003888888888896015
CO,shadedX,1,AE,A,OOD,-21_36,73,84,0.75440313111546,0.7770444170819447,2.9405562386278166,12000.0,1531.1365966796875,1.0999755859375,0.0,0.00777777777779203
CO,shadedX,1,AE,AE,ID,-11_40,631,169,0.8590103057980664,0.9578943249651589,,12000.0,1076.241455078125,0.800048828125,0.0,0.00777777777779203
CO,shadedX,1,AE,AE,ID,-12_33,305,138,0.8049180327868855,0.9001618321849113,0.5340172771990488,6000.0,1097.3817138671875,1.2000732421875,0.0,0.0
CO,shadedX,1,AE,AE,ID,-15_39,1489,274,0.7939610672915247,0.9520323045779848,0.4985742665666153,6000.0,1422.1561279296875,1.5,0.0,0.03666666666667322
CO,shadedX,1,AE,AE,ID,-16_38,1410,570,0.807786487495334,0.9078920902102336,4.290055092091757,6000.0,1546.3319702148438,1.7000732421875,0.0,0.029999999999994333
CO,shadedX,1,AE,AE,ID,-18_33,150,39,0.44324786324786325,0.7991434176007575,0.5694834414531335,12000.0,2332.81591796875,0.89990234375,0.0,0.027777777777646773
CO,shadedX,1,AE,AE,ID,-21_36,198,85,0.8139631610219846,0.9097494184109591,2.9405562386278166,6000.0,1513.546630859375,1.300048828125,0.0,0.054444444444483604
CO,shadedX,2,A,A,ID,-14_38,883,115,0.8856172140430352,0.9828968497016404,0.12624561791812738,24000.0,1385.9396362304688,1.2000732421875,0.0,0.0
CO,shadedX,2,A,A,ID,-14_39,294,98,0.9426627793974732,0.980718182604589,0.4985742665666153,24000.0,1357.2193603515625,0.9000244140625,0.0,0.04222222222163263
CO,shadedX,2,A,A,ID,-15_35,580,83,0.950934773577067,0.992292533337449,1.8972700132404465,24000.0,1750.2777099609375,1.9000244140625,0.0,0.0
CO,shadedX,2,A,A,ID,-16_35,194,128,0.9813547036082474,0.9888647163312427,1.488841657636012,24000.0,1816.5076293945312,1.8499755859375,0.0,0.0
CO,shadedX,2,A,A,ID,-16_39,102,315,0.8850918145035792,0.8030108962734414,2.611682680896089,12000.0,1512.674072265625,1.5,0.0,0.012222222222214302
CO,shadedX,2,A,AE,OOD,-14_38,175,137,0.49605839416058395,0.553905957006969,0.12624561791812738,12000.0,1305.4346923828125,1.60009765625,0.0,0.014444444444289013
CO,shadedX,2,A,AE,OOD,-14_39,308,122,0.6776932084309134,0.810080199855639,0.12624561791812738,24000.0,1334.587158203125,1.3499755859375,0.0,0.06666666666671307
CO,shadedX,2,A,AE,OOD,-15_35,611,97,0.8106366105927414,0.9668241287408273,1.8972700132404465,12000.0,1764.9868774414062,1.800048828125,0.0,0.0
CO,shadedX,2,A,AE,OOD,-16_35,128,122,0.6560578893442623,0.6379106655454123,1.8972700132404465,6000.0,1739.0029907226562,2.29998779296875,14.0,0.0
CO,shadedX,2,A,AE,OOD,-16_39,659,292,0.6755253913151933,0.8278956182199009,2.611682680896089,6000.0,1506.6783447265625,1.5,0.0,0.007777777777428232
CO,shadedX,2,A,AE,OOD,-21_32,97,25,0.6672164948453608,0.8919637308386736,0.4085687839190642,6000.0,2099.790771484375,1.85003662109375,0.0,0.0066666666667092
CO,shadedX,2,A,AE,OOD,-22_37,473,139,0.6890200313322281,0.8841190485933718,4.434012077870649,6000.0,1382.5887451171875,1.5,0.0,0.17111111111072744
CO,shadedX,2,AE,A,OOD,-14_38,883,115,0.7312718499187553,0.9509854141033652,0.12624561791812738,24000.0,1385.9396362304688,1.2000732421875,0.0,0.0
CO,shadedX,2,AE,A,OOD,-14_39,294,98,0.8147299736221019,0.936658297591604,0.4985742665666153,24000.0,1357.2193603515625,0.9000244140625,0.0,0.04222222222163263
CO,shadedX,2,AE,A,OOD,-15_35,580,83,0.6251557955961777,0.9232392462201121,1.8972700132404465,24000.0,1750.2777099609375,1.9000244140625,0.0,0.0
CO,shadedX,2,AE,A,OOD,-16_35,194,128,0.8896987757731959,0.9068790838306557,1.488841657636012,24000.0,1816.5076293945312,1.8499755859375,0.0,0.0
CO,shadedX,2,AE,A,OOD,-16_39,102,315,0.8672891378773732,0.7643486087740767,2.611682680896089,12000.0,1512.674072265625,1.5,0.0,0.012222222222214302
CO,shadedX,2,AE,AE,ID,-14_38,175,137,0.8371220020855057,0.8852554009889069,0.12624561791812738,12000.0,1305.4346923828125,1.60009765625,0.0,0.014444444444289013
CO,shadedX,2,AE,AE,ID,-14_39,308,122,0.9213859910581222,0.9696254142028147,0.12624561791812738,24000.0,1334.587158203125,1.3499755859375,0.0,0.06666666666671307
CO,shadedX,2,AE,AE,ID,-15_35,611,97,0.7803836873808359,0.9550699216393883,1.8972700132404465,12000.0,1764.9868774414062,1.800048828125,0.0,0.0
CO,shadedX,2,AE,AE,ID,-16_35,128,122,0.7740138319672131,0.7675617922676499,1.8972700132404465,6000.0,1739.0029907226562,2.29998779296875,14.0,0.0
CO,shadedX,2,AE,AE,ID,-16_39,659,292,0.8201249298438897,0.9060659713470428,2.611682680896089,6000.0,1506.6783447265625,1.5,0.0,0.007777777777428232
CO,shadedX,2,AE,AE,ID,-21_32,97,25,0.7232989690721651,0.9143334372422572,0.4085687839190642,6000.0,2099.790771484375,1.85003662109375,0.0,0.0066666666667092
CO,shadedX,2,AE,AE,ID,-22_37,473,139,0.8433236497482774,0.9524687806403723,4.434012077870649,6000.0,1382.5887451171875,1.5,0.0,0.17111111111072744
CO,shadedX,3,A,A,ID,-12_39,363,144,0.8553145087235997,0.9375330670651804,0.20835211832052025,24000.0,1186.489501953125,0.800048828125,0.0,0.0
CO,shadedX,3,A,A,ID,-12_40,289,100,0.6946366782006921,0.8866145535822816,0.20835211832052025,24000.0,1118.837158203125,0.89990234375,0.0,0.0
CO,shadedX,3,A,A,ID,-13_38,368,75,0.9819202898550724,0.9965809126854053,0.12624561791812738,24000.0,1325.9111328125,1.300048828125,0.0,0.0
CO,shadedX,3,A,A,ID,-13_39,344,341,0.8256069699242992,0.8196164701760481,0.20835211832052025,24000.0,1234.408935546875,1.4000244140625,0.0,0.0
CO,shadedX,3,A,A,ID,-16_37,163,308,0.8014899211218229,0.7021498197239137,4.3987810166040955,12000.0,1664.73583984375,2.0999755859375,17.0,0.014444444444501226
CO,shadedX,3,A,A,ID,-19_39,87,44,0.959508881922675,0.977171381458394,2.9879698462887285,24000.0,2093.215576171875,0.5999755859375,0.0,0.0022222222221959776
CO,shadedX,3,A,A,ID,-21_33,86,62,0.9909977494373593,0.9930178058644774,0.4085687839190642,12000.0,2329.43994140625,0.300048828125,0.0,0.11777777777838772
CO,shadedX,3,A,A,ID,-21_35,62,37,0.9498692240627724,0.965828643852819,2.4115849662406474,24000.0,1786.8651123046875,1.5999755859375,0.0,0.0
CO,shadedX,3,A,AE,OOD,-12_39,381,148,0.6678193941973469,0.8315419963751441,0.20835211832052025,12000.0,1174.0704345703125,0.89990234375,0.0,0.0
CO,shadedX,3,A,AE,OOD,-12_40,506,84,0.5817570111048371,0.8908278923590894,0.20835211832052025,12000.0,1127.8713989257812,0.89996337890625,0.0,0.0
CO,shadedX,3,A,AE,OOD,-13_38,411,77,0.7710999462824281,0.9466567452169286,0.12624561791812738,12000.0,1285.88037109375,1.300048828125,0.0,0.004444444444391955
CO,shadedX,3,A,AE,OOD,-13_39,980,368,0.6880684338952974,0.8387826373490035,0.20835211832052025,12000.0,1222.9819946289062,1.0999755859375,0.0,0.006666666666709199
CO,shadedX,3,A,AE,OOD,-16_37,392,273,0.71791134036032,0.774798622766186,4.3987810166040955,6000.0,1662.4666748046875,1.4000244140625,7.0,0.004444444444664805
CO,shadedX,3,A,AE,OOD,-19_39,308,30,0.6797619047619047,0.9593699337946723,2.9879698462887285,12000.0,1994.8021850585938,1.4000244140625,0.0,0.024444444443579738
CO,shadedX,3,A,AE,OOD,-21_33,173,57,0.564851434945746,0.7708851250795377,0.4085687839190642,6000.0,2010.7305297851562,1.699951171875,0.0,0.018888888888650656
CO,shadedX,3,A,AE,OOD,-21_35,114,42,0.7228487886382624,0.8347323826630623,2.4115849662406474,6000.0,1709.4483032226562,1.95001220703125,0.0,0.0
CO,shadedX,3,AE,A,OOD,-12_39,363,144,0.8357055402509947,0.92116292620306,0.20835211832052025,24000.0,1186.489501953125,0.800048828125,0.0,0.0
CO,shadedX,3,AE,A,OOD,-12_40,289,100,0.7261245674740484,0.8824931500390091,0.20835211832052025,24000.0,1118.837158203125,0.89990234375,0.0,0.0
CO,shadedX,3,AE,A,OOD,-13_38,368,75,0.6302173913043478,0.881726815106203,0.12624561791812738,24000.0,1325.9111328125,1.300048828125,0.0,0.0
CO,shadedX,3,AE,A,OOD,-13_39,344,341,0.6340363499965901,0.6434118801242711,0.20835211832052025,24000.0,1234.408935546875,1.4000244140625,0.0,0.0
CO,shadedX,3,AE,A,OOD,-16_37,163,308,0.8218667835232252,0.7587605667865617,4.3987810166040955,12000.0,1664.73583984375,2.0999755859375,17.0,0.014444444444501226
CO,shadedX,3,AE,A,OOD,-19_39,87,44,0.6948798328108673,0.8334482086731758,2.9879698462887285,24000.0,2093.215576171875,0.5999755859375,0.0,0.0022222222221959776
CO,shadedX,3,AE,A,OOD,-21_33,86,62,0.9356714178544637,0.9640029956303945,0.4085687839190642,12000.0,2329.43994140625,0.300048828125,0.0,0.11777777777838772
CO,shadedX,3,AE,A,OOD,-21_35,62,37,0.8142981691368788,0.8924607134819784,2.4115849662406474,24000.0,1786.8651123046875,1.5999755859375,0.0,0.0
CO,shadedX,3,AE,AE,ID,-12_39,381,148,0.7235759381428672,0.8870588711449483,0.20835211832052025,12000.0,1174.0704345703125,0.89990234375,0.0,0.0
CO,shadedX,3,AE,AE,ID,-12_40,506,84,0.8165819687558816,0.9569180077125593,0.20835211832052025,12000.0,1127.8713989257812,0.89996337890625,0.0,0.0
CO,shadedX,3,AE,AE,ID,-13_38,411,77,0.7485069674850697,0.9454001838713236,0.12624561791812738,12000.0,1285.88037109375,1.300048828125,0.0,0.004444444444391955
CO,shadedX,3,AE,AE,ID,-13_39,980,368,0.8042923691215617,0.9202947762565525,0.20835211832052025,12000.0,1222.9819946289062,1.0999755859375,0.0,0.006666666666709199
CO,shadedX,3,AE,AE,ID,-16_37,392,273,0.7769585856320551,0.8540195194952734,4.3987810166040955,6000.0,1662.4666748046875,1.4000244140625,7.0,0.004444444444664805
CO,shadedX,3,AE,AE,ID,-19_39,308,30,0.7155844155844157,0.9652248856829566,2.9879698462887285,12000.0,1994.8021850585938,1.4000244140625,0.0,0.024444444443579738
CO,shadedX,3,AE,AE,ID,-21_33,173,57,0.7209207991075957,0.8983318289293424,0.4085687839190642,6000.0,2010.7305297851562,1.699951171875,0.0,0.018888888888650656
CO,shadedX,3,AE,AE,ID,-21_35,114,42,0.8082706766917294,0.9274365584427335,2.4115849662406474,6000.0,1709.4483032226562,1.95001220703125,0.0,0.0
AZ,band,0,A,A,ID,-26_21,398,187,0.8925509902453445,0.9446308665589456,0.16284229423379265,12000.0,1309.4024658203125,2.0,0.0,0.0
AZ,band,0,A,A,ID,-26_22,565,403,0.8827949669514044,0.8940881863778981,0.16284229423379265,12000.0,1261.3088989257812,2.7999267578125,0.0,0.0
AZ,band,0,A,A,ID,-26_23,702,395,0.9317357279382595,0.9541766615742482,0.3844572951469946,24000.0,944.2252807617188,4.0999755859375,0.0,0.0
AZ,band,0,A,A,ID,-26_26,38,185,0.9890469416785206,0.9596280365495041,0.5009534078828138,24000.0,1981.68798828125,12.5,0.0,0.0
AZ,band,0,A,A,ID,-27_21,275,298,0.9582184258694326,0.9617212601774469,0.16284229423379265,24000.0,1280.6026611328125,4.300048828125,0.0,0.0
AZ,band,0,A,A,ID,-27_27,170,190,0.9673684210526317,0.9605611656828063,0.5009534078828138,24000.0,1809.4005126953125,3.20001220703125,0.0,0.0
AZ,band,0,A,A,ID,-28_20,180,203,0.9870005473453749,0.9835408908978089,1.7290481764509422,24000.0,1497.029052734375,7.2000732421875,0.0,0.0
AZ,band,0,A,A,ID,-28_23,246,340,0.9792802486848398,0.9727871296619974,0.6023478768511848,24000.0,978.7286987304688,6.850006103515625,0.0,0.0
AZ,band,0,A,A,ID,-28_25,236,58,0.9192723553477499,0.9637259368403501,1.7592262344812786,24000.0,643.6231079101562,0.0,0.0,0.8388888888885367
AZ,band,0,A,A,ID,-28_30,41,57,0.9234060761660248,0.8563930724717286,0.39846084002546717,24000.0,1307.6263427734375,3.14996337890625,0.0,0.0
AZ,band,0,A,A,ID,-29_23,641,241,0.8866138877920263,0.953797824738248,0.6023478768511848,24000.0,536.7716979980469,1.79998779296875,0.0,0.0
AZ,band,0,A,A,ID,-29_26,53,112,0.9927560646900269,0.9880672783338623,1.1328305713768412,24000.0,784.1554565429688,17.600006103515625,0.0,0.0
AZ,band,0,A,A,ID,-29_27,33,128,0.9921875,0.9774529869940174,1.1328305713768412,24000.0,1096.1156005859375,60.79998779296875,0.0,0.0
AZ,band,0,A,A,ID,-30_28,135,181,0.9919377941477389,0.9899100464988223,1.1328305713768412,12000.0,1447.8403930664062,4.85003662109375,0.0,0.0
AZ,band,0,A,A,ID,-30_33,65,126,0.954945054945055,0.9203847803259296,0.3283262882108657,24000.0,1495.87109375,3.5,0.0,0.0
AZ,band,0,A,A,ID,-31_25,120,207,0.7377616747181963,0.6082671882458074,2.0052221069266016,12000.0,358.4496765136719,4.899993896484375,0.0,0.0
AZ,band,0,A,A,ID,-31_27,155,384,0.9850470430107527,0.9564613947639148,1.1328305713768412,24000.0,1069.0611572265625,10.300048828125,0.0,0.0
AZ,band,0,A,A,ID,-32_24,628,159,0.9547430196691103,0.9883672093421509,2.0052221069266016,24000.0,186.4037322998047,1.8000030517578125,0.0,0.053333333333218866
AZ,band,0,A,A,ID,-32_29,186,115,0.9813464235624123,0.9859410458754256,0.3283262882108657,24000.0,1030.2825927734375,4.0999755859375,0.0,0.0
AZ,band,0,A,A,ID,-32_33,56,180,0.9827380952380952,0.9356109010517872,0.3283262882108657,24000.0,736.4676818847656,18.550048828125,0.0,0.0
AZ,band,0,A,A,ID,-33_24,293,88,0.9117669872789328,0.9746900425649685,0.5251896942125486,24000.0,122.12022399902344,1.0999984741210938,0.0,0.0
AZ,band,0,A,A,ID,-34_26,268,190,0.933032207384132,0.947287494365409,0.4455546092955288,12000.0,188.84759521484375,2.100006103515625,0.0,0.0
AZ,band,0,A,A,ID,-34_27,379,178,0.882096587708636,0.9210505758346953,0.4455546092955288,24000.0,94.3011703491211,1.199981689453125,0.0,0.0
AZ,band,0,A,A,ID,-34_30,152,107,0.9850590260698475,0.988678557603774,0.3283262882108657,24000.0,196.85337829589844,0.0,0.0,0.2600000000011735
AZ,band,0,A,AE,OOD,-26_22,171,57,0.8632912691084437,0.9228880764694092,0.16284229423379265,6000.0,1273.7025146484375,0.89990234375,0.0,0.0
AZ,band,0,A,AE,OOD,-26_23,220,155,0.8769794721407624,0.8941491087840139,0.3844572951469946,6000.0,905.7332763671875,2.89996337890625,0.0,0.0
AZ,band,0,A,AE,OOD,-26_26,54,255,0.9728395061728395,0.8661699674383594,0.5009534078828138,6000.0,1998.62548828125,12.800048828125,0.0,0.0
AZ,band,0,A,AE,OOD,-27_21,25,65,0.9852307692307692,0.9572668536993885,0.16284229423379265,6000.0,1115.3577880859375,6.35003662109375,0.0,0.0
AZ,band,0,A,AE,OOD,-28_23,98,297,0.9929224214938501,0.9819061836694891,0.9304363871268337,12000.0,883.4702758789062,11.79998779296875,0.0,0.0
AZ,band,0,A,AE,OOD,-28_25,68,239,0.9860940191976373,0.9444173097238053,1.7592262344812786,6000.0,996.2089233398438,19.5999755859375,0.0,0.0
AZ,band,0,A,AE,OOD,-29_23,1007,322,0.8976573920445082,0.9660994880926589,0.9304363871268337,12000.0,578.83740234375,1.4000244140625,0.0,0.0
AZ,band,0,A,AE,OOD,-29_26,404,283,0.8183185809747052,0.8163208672667842,2.0052221069266016,6000.0,701.048095703125,14.0999755859375,0.0,0.0
AZ,band,0,A,AE,OOD,-29_27,161,266,0.9991593891561201,0.9986191912328909,1.1328305713768412,6000.0,979.8125610351562,8.70001220703125,0.0,0.0
AZ,band,0,A,AE,OOD,-30_25,597,1076,0.8715697446339503,0.8207140761213422,2.0052221069266016,12000.0,326.75823974609375,1.9000244140625,9.0,0.0
AZ,band,0,A,AE,OOD,-30_28,485,1023,0.9825719785147787,0.9683951686815788,1.1328305713768412,12000.0,1470.934814453125,6.0999755859375,0.0,0.0
AZ,band,0,A,AE,OOD,-31_25,2568,1492,0.9684245362598448,0.9820575627716852,2.0052221069266016,12000.0,277.6678771972656,1.95001220703125,0.0,0.0
AZ,band,0,A,AE,OOD,-31_27,108,193,0.9951065054691998,0.9905700439324185,1.1328305713768412,12000.0,779.454833984375,7.0,0.0,0.0
AZ,band,0,A,AE,OOD,-32_24,29,76,0.5313067150635209,0.40817120452071676,2.0052221069266016,12000.0,236.41354370117188,2.3000030517578125,0.0,0.0
AZ,band,0,A,AE,OOD,-32_33,103,160,0.9962378640776699,0.9938666617130297,0.3283262882108657,6000.0,561.3518676757812,4.4000244140625,0.0,0.0
AZ,band,0,A,AE,OOD,-34_26,139,211,0.9512768931774012,0.9323564013178863,0.4455546092955288,6000.0,265.2525177001953,2.4500045776367188,0.0,0.0
AZ,band,0,A,AE,OOD,-34_27,195,426,0.9983267124112195,0.9967359921890685,0.4455546092955288,24000.0,104.2243881225586,1.2000045776367188,0.0,0.0
AZ,band,0,A,AE,OOD,-34_30,46,117,0.8861018208844295,0.826764449608961,0.3283262882108657,6000.0,229.4695587158203,10.300003051757812,0.0,0.0
AZ,band,0,A,AE,OOD,-35_24,758,549,0.9525258205131902,0.9671316320987333,0.5251896942125486,12000.0,43.66018104553223,1.0999984741210938,0.0,0.0
AZ,band,0,AE,A,OOD,-26_21,398,187,0.8565286324671486,0.9179843135781891,0.16284229423379265,12000.0,1309.4024658203125,2.0,0.0,0.0
AZ,band,0,AE,A,OOD,-26_22,565,403,0.8184808625573685,0.8433501105516148,0.16284229423379265,12000.0,1261.3088989257812,2.7999267578125,0.0,0.0
AZ,band,0,AE,A,OOD,-26_23,702,395,0.9238234339500162,0.9493633736707295,0.3844572951469946,24000.0,944.2252807617188,4.0999755859375,0.0,0.0
AZ,band,0,AE,A,OOD,-26_26,38,185,0.988620199146515,0.9522149107423724,0.5009534078828138,24000.0,1981.68798828125,12.5,0.0,0.0
AZ,band,0,AE,A,OOD,-27_21,275,298,0.9546064673581452,0.9518627094167404,0.16284229423379265,24000.0,1280.6026611328125,4.300048828125,0.0,0.0
AZ,band,0,AE,A,OOD,-27_27,170,190,0.9562229102167182,0.9458441937181179,0.5009534078828138,24000.0,1809.4005126953125,3.20001220703125,0.0,0.0
AZ,band,0,AE,A,OOD,-28_20,180,203,0.981800766283525,0.9802386821652648,1.7290481764509422,24000.0,1497.029052734375,7.2000732421875,0.0,0.0
AZ,band,0,AE,A,OOD,-28_23,246,340,0.9704567192730751,0.9666222435860835,0.6023478768511848,24000.0,978.7286987304688,6.850006103515625,0.0,0.0
AZ,band,0,AE,A,OOD,-28_25,236,58,0.9501022793687902,0.973836913474507,1.7592262344812786,24000.0,643.6231079101562,0.0,0.0,0.8388888888885367
AZ,band,0,AE,A,OOD,-28_30,41,57,0.9208386820710313,0.8785416324432327,0.39846084002546717,24000.0,1307.6263427734375,3.14996337890625,0.0,0.0
AZ,band,0,AE,A,OOD,-29_23,641,241,0.8769816352820089,0.9486608399922165,0.6023478768511848,24000.0,536.7716979980469,1.79998779296875,0.0,0.0
AZ,band,0,AE,A,OOD,-29_26,53,112,0.9974730458221025,0.9948451503785205,1.1328305713768412,24000.0,784.1554565429688,17.600006103515625,0.0,0.0
AZ,band,0,AE,A,OOD,-29_27,33,128,0.9910037878787878,0.9707218021358788,1.1328305713768412,24000.0,1096.1156005859375,60.79998779296875,0.0,0.0
AZ,band,0,AE,A,OOD,-30_28,135,181,0.9917740945365254,0.9897227577382341,1.1328305713768412,12000.0,1447.8403930664062,4.85003662109375,0.0,0.0
AZ,band,0,AE,A,OOD,-30_33,65,126,0.9525030525030524,0.9128473714266236,0.3283262882108657,24000.0,1495.87109375,3.5,0.0,0.0
AZ,band,0,AE,A,OOD,-31_25,120,207,0.667512077294686,0.532929774123232,2.0052221069266016,12000.0,358.4496765136719,4.899993896484375,0.0,0.0
AZ,band,0,AE,A,OOD,-31_27,155,384,0.9708837365591397,0.9250883155606435,1.1328305713768412,24000.0,1069.0611572265625,10.300048828125,0.0,0.0
AZ,band,0,AE,A,OOD,-32_24,628,159,0.8929215238553058,0.9701291445367355,2.0052221069266016,24000.0,186.4037322998047,1.8000030517578125,0.0,0.053333333333218866
AZ,band,0,AE,A,OOD,-32_29,186,115,0.9733987844787283,0.9785691119612971,0.3283262882108657,24000.0,1030.2825927734375,4.0999755859375,0.0,0.0
AZ,band,0,AE,A,OOD,-32_33,56,180,0.9793650793650793,0.9250188767341294,0.3283262882108657,24000.0,736.4676818847656,18.550048828125,0.0,0.0
AZ,band,0,AE,A,OOD,-33_24,293,88,0.9079661805771021,0.9720486144375535,0.5251896942125486,24000.0,122.12022399902344,1.0999984741210938,0.0,0.0
AZ,band,0,AE,A,OOD,-34_26,268,190,0.9159465828750982,0.9420500850002624,0.4455546092955288,12000.0,188.84759521484375,2.100006103515625,0.0,0.0
AZ,band,0,AE,A,OOD,-34_27,379,178,0.9365272301443777,0.9627755325438698,0.4455546092955288,24000.0,94.3011703491211,1.199981689453125,0.0,0.0
AZ,band,0,AE,A,OOD,-34_30,152,107,0.9607722577471716,0.9663540048155239,0.3283262882108657,24000.0,196.85337829589844,0.0,0.0,0.2600000000011735
AZ,band,0,AE,AE,ID,-26_22,171,57,0.92797783933518,0.9553261525031119,0.16284229423379265,6000.0,1273.7025146484375,0.89990234375,0.0,0.0
AZ,band,0,AE,AE,ID,-26_23,220,155,0.8960997067448679,0.9128692536229381,0.3844572951469946,6000.0,905.7332763671875,2.89996337890625,0.0,0.0
AZ,band,0,AE,AE,ID,-26_26,54,255,0.9832244008714597,0.9193942465478755,0.5009534078828138,6000.0,1998.62548828125,12.800048828125,0.0,0.0
AZ,band,0,AE,AE,ID,-27_21,25,65,0.9889230769230769,0.9735959903584028,0.16284229423379265,6000.0,1115.3577880859375,6.35003662109375,0.0,0.0
AZ,band,0,AE,AE,ID,-28_23,98,297,0.9922352779495636,0.9801313831394829,0.9304363871268337,12000.0,883.4702758789062,11.79998779296875,0.0,0.0
AZ,band,0,AE,AE,ID,-28_25,68,239,0.985663302978095,0.9231071783681669,1.7592262344812786,6000.0,996.2089233398438,19.5999755859375,0.0,0.0
AZ,band,0,AE,AE,ID,-29_23,1007,322,0.8679060242896002,0.9571507073872906,0.9304363871268337,12000.0,578.83740234375,1.4000244140625,0.0,0.0
AZ,band,0,AE,AE,ID,-29_26,404,283,0.8379456320190323,0.8501157904596444,2.0052221069266016,6000.0,701.048095703125,14.0999755859375,0.0,0.0
AZ,band,0,AE,AE,ID,-29_27,161,266,0.9988324849390557,0.9978457910340757,1.1328305713768412,6000.0,979.8125610351562,8.70001220703125,0.0,0.0
AZ,band,0,AE,AE,ID,-30_25,597,1076,0.8758818877535136,0.8357452297889943,2.0052221069266016,12000.0,326.75823974609375,1.9000244140625,9.0,0.0
AZ,band,0,AE,AE,ID,-30_28,485,1023,0.9737723090566456,0.9592429538515692,1.1328305713768412,12000.0,1470.934814453125,6.0999755859375,0.0,0.0
AZ,band,0,AE,AE,ID,-31_25,2568,1492,0.9730875155554443,0.9846041793932215,2.0052221069266016,12000.0,277.6678771972656,1.95001220703125,0.0,0.0
AZ,band,0,AE,AE,ID,-31_27,108,193,0.9939071195547879,0.9883023020964323,1.1328305713768412,12000.0,779.454833984375,7.0,0.0,0.0
AZ,band,0,AE,AE,ID,-32_24,29,76,0.719147005444646,0.48680720370674674,2.0052221069266016,12000.0,236.41354370117188,2.3000030517578125,0.0,0.0
AZ,band,0,AE,AE,ID,-32_33,103,160,0.995995145631068,0.9903057811796954,0.3283262882108657,6000.0,561.3518676757812,4.4000244140625,0.0,0.0
AZ,band,0,AE,AE,ID,-34_26,139,211,0.969756895905077,0.9498942754801092,0.4455546092955288,6000.0,265.2525177001953,2.4500045776367188,0.0,0.0
AZ,band,0,AE,AE,ID,-34_27,195,426,0.9823281569760443,0.9744165149246423,0.4455546092955288,24000.0,104.2243881225586,1.2000045776367188,0.0,0.0
AZ,band,0,AE,AE,ID,-34_30,46,117,0.8900037160906726,0.8327658912312805,0.3283262882108657,6000.0,229.4695587158203,10.300003051757812,0.0,0.0
AZ,band,0,AE,AE,ID,-35_24,758,549,0.9198686986653594,0.9450902449721196,0.5251896942125486,12000.0,43.66018104553223,1.0999984741210938,0.0,0.0
AZ,band,1,A,A,ID,-25_20,71,71,0.9468359452489585,0.925044725038349,0.16284229423379265,24000.0,1358.5921020507812,3.5,0.0,0.0
AZ,band,1,A,A,ID,-25_22,308,325,0.9345754245754245,0.9299220743995422,0.3844572951469946,24000.0,1115.552001953125,3.5,0.0,0.0
AZ,band,1,A,A,ID,-25_23,231,402,0.9735736899916003,0.953883876791966,0.38893566854058353,24000.0,1210.0185546875,14.2999267578125,0.0,0.0
AZ,band,1,A,A,ID,-25_25,28,192,0.9884672619047619,0.9330039623242419,0.21676553804934295,24000.0,2446.5443115234375,26.550048828125,0.0,0.0
AZ,band,1,A,A,ID,-25_26,142,311,0.9730311127213442,0.9189379093784149,0.21676553804934295,24000.0,2053.755126953125,8.5,0.0,0.0
AZ,band,1,A,A,ID,-25_27,244,130,0.9784047919293821,0.9875084207003,0.21676553804934295,24000.0,1713.9468383789062,2.10003662109375,0.0,0.0
AZ,band,1,A,A,ID,-26_20,270,209,0.9524189261031365,0.9688436367502972,0.16284229423379265,24000.0,1255.0172119140625,2.4000244140625,0.0,0.0
AZ,band,1,A,A,ID,-27_20,200,265,0.9693207547169811,0.9682319112105615,0.16284229423379265,24000.0,1347.2645263671875,5.0,0.0,0.0
AZ,band,1,A,A,ID,-29_21,168,233,0.971438790108318,0.9550606471882199,0.9304363871268337,24000.0,1078.259521484375,7.9000244140625,0.0,0.0
AZ,band,1,A,A,ID,-29_32,40,60,0.95,0.8939111332170154,0.39846084002546717,24000.0,1573.9138793945312,4.1500244140625,0.0,0.0
AZ,band,1,A,A,ID,-30_31,51,117,0.9911178146472265,0.9748147797623342,0.39846084002546717,24000.0,1744.6112670898438,7.4000244140625,0.0,0.0
AZ,band,1,A,A,ID,-31_29,118,196,0.9938602559667935,0.9896180466561006,1.1328305713768412,24000.0,1508.7078247070312,5.9000244140625,0.0,0.0
AZ,band,1,A,A,ID,-31_32,110,333,0.9843297843297844,0.9602726127129547,0.3283262882108657,24000.0,1628.71435546875,13.7000732421875,0.0,0.0
AZ,band,1,A,A,ID,-32_25,486,384,0.9475844478737998,0.9587446523137293,2.0052221069266016,24000.0,272.00132751464844,2.79998779296875,0.0,0.0
AZ,band,1,A,A,ID,-32_26,427,387,0.8181108508977362,0.8211660605373189,2.0052221069266016,24000.0,528.3871765136719,3.3000030517578125,0.0,0.0
AZ,band,1,A,A,ID,-32_30,51,139,0.9571166596134857,0.9090895600319384,0.3283262882108657,24000.0,1181.5414428710938,13.100006103515625,0.0,0.0
AZ,band,1,A,A,ID,-32_31,36,55,0.9984848484848485,0.9976839935173268,0.3283262882108657,24000.0,967.61572265625,22.699951171875,0.0,0.0
AZ,band,1,A,A,ID,-32_32,157,136,0.9967684526039715,0.9970030604210504,0.3283262882108657,24000.0,832.5901489257812,5.699981689453125,0.0,0.0
AZ,band,1,A,A,ID,-33_28,468,210,0.9522181522181522,0.9771976023053723,0.3283262882108657,24000.0,599.2477111816406,5.70001220703125,0.0,0.0
AZ,band,1,A,A,ID,-34_24,295,162,0.9558066541117389,0.9731367140187064,0.5251896942125486,12000.0,85.94097137451172,1.5,0.0,0.0
AZ,band,1,A,A,ID,-34_31,62,119,0.9983735429655733,0.996956194718804,0.3283262882108657,24000.0,346.4130554199219,11.800003051757812,0.0,0.0
AZ,band,1,A,AE,OOD,-25_23,284,210,0.9943494299128102,0.9960307493822422,0.38893566854058353,24000.0,1111.4913940429688,4.04998779296875,0.0,0.0
AZ,band,1,A,AE,OOD,-25_26,30,121,0.9986225895316805,0.994465654077723,0.21676553804934295,6000.0,2186.111083984375,10.89990234375,0.0,0.0
AZ,band,1,A,AE,OOD,-25_27,26,73,0.9452054794520548,0.8944152693353401,0.21676553804934295,6000.0,1746.7293701171875,7.0,0.0,0.0
AZ,band,1,A,AE,OOD,-27_20,81,207,0.8625275839446531,0.7949706422421551,0.16284229423379265,24000.0,1382.9592895507812,5.85003662109375,0.0,0.0
AZ,band,1,A,AE,OOD,-29_21,653,442,0.9709797454144811,0.9793737538359341,0.9304363871268337,12000.0,936.4216918945312,4.20001220703125,0.0,0.0
AZ,band,1,A,AE,OOD,-29_28,448,1081,0.9949059237478525,0.988743280111467,1.1328305713768412,12000.0,1173.83349609375,14.699951171875,0.0,0.0
AZ,band,1,A,AE,OOD,-32_25,872,300,0.9211735474006117,0.9622711863117144,2.0052221069266016,24000.0,323.32232666015625,1.4000244140625,0.0,0.0
AZ,band,1,A,AE,OOD,-32_26,268,284,0.9460269077149464,0.9337868138870726,2.0052221069266016,24000.0,401.2692108154297,1.399993896484375,0.0,0.0
AZ,band,1,A,AE,OOD,-34_24,792,199,0.9673684076950408,0.9908017663600994,0.5251896942125486,12000.0,63.552268981933594,0.9000015258789062,0.0,0.0
AZ,band,1,AE,A,OOD,-25_20,71,71,0.9666732791112874,0.9686705658052934,0.16284229423379265,24000.0,1358.5921020507812,3.5,0.0,0.0
AZ,band,1,AE,A,OOD,-25_22,308,325,0.8836063936063935,0.8578682728343653,0.3844572951469946,24000.0,1115.552001953125,3.5,0.0,0.0
AZ,band,1,AE,A,OOD,-25_23,231,402,0.9618789171027977,0.9245570999653814,0.38893566854058353,24000.0,1210.0185546875,14.2999267578125,0.0,0.0
AZ,band,1,AE,A,OOD,-25_25,28,192,0.9938616071428572,0.9662757056845727,0.21676553804934295,24000.0,2446.5443115234375,26.550048828125,0.0,0.0
AZ,band,1,AE,A,OOD,-25_26,142,311,0.967370137222046,0.9148246586829489,0.21676553804934295,24000.0,2053.755126953125,8.5,0.0,0.0
AZ,band,1,AE,A,OOD,-25_27,244,130,0.9771122320302648,0.9856969414434837,0.21676553804934295,24000.0,1713.9468383789062,2.10003662109375,0.0,0.0
AZ,band,1,AE,A,OOD,-26_20,270,209,0.8966507177033493,0.9205339714964799,0.16284229423379265,24000.0,1255.0172119140625,2.4000244140625,0.0,0.0
AZ,band,1,AE,A,OOD,-27_20,200,265,0.9518867924528301,0.9411324181158862,0.16284229423379265,24000.0,1347.2645263671875,5.0,0.0,0.0
AZ,band,1,AE,A,OOD,-29_21,168,233,0.9598661352953199,0.9390749929797357,0.9304363871268337,24000.0,1078.259521484375,7.9000244140625,0.0,0.0
AZ,band,1,AE,A,OOD,-29_32,40,60,0.9541666666666666,0.9095684845971393,0.39846084002546717,24000.0,1573.9138793945312,4.1500244140625,0.0,0.0
AZ,band,1,AE,A,OOD,-30_31,51,117,0.9948047595106418,0.9879385790355159,0.39846084002546717,24000.0,1744.6112670898438,7.4000244140625,0.0,0.0
AZ,band,1,AE,A,OOD,-31_29,118,196,0.9916983742649602,0.9863701060769376,1.1328305713768412,24000.0,1508.7078247070312,5.9000244140625,0.0,0.0
AZ,band,1,AE,A,OOD,-31_32,110,333,0.9722085722085723,0.9319642561915744,0.3283262882108657,24000.0,1628.71435546875,13.7000732421875,0.0,0.0
AZ,band,1,AE,A,OOD,-32_25,486,384,0.9413794581618656,0.9533409419094538,2.0052221069266016,24000.0,272.00132751464844,2.79998779296875,0.0,0.0
AZ,band,1,AE,A,OOD,-32_26,427,387,0.8347887127910002,0.8402816904458187,2.0052221069266016,24000.0,528.3871765136719,3.3000030517578125,0.0,0.0
AZ,band,1,AE,A,OOD,-32_30,51,139,0.935251798561151,0.8642245955629492,0.3283262882108657,24000.0,1181.5414428710938,13.100006103515625,0.0,0.0
AZ,band,1,AE,A,OOD,-32_31,36,55,0.9924242424242424,0.9892292473443837,0.3283262882108657,24000.0,967.61572265625,22.699951171875,0.0,0.0
AZ,band,1,AE,A,OOD,-32_32,157,136,0.9916635443986512,0.992940555865898,0.3283262882108657,24000.0,832.5901489257812,5.699981689453125,0.0,0.0
AZ,band,1,AE,A,OOD,-33_28,468,210,0.9383597883597884,0.9688748325106188,0.3283262882108657,24000.0,599.2477111816406,5.70001220703125,0.0,0.0
AZ,band,1,AE,A,OOD,-34_24,295,162,0.9300272023435866,0.9608340858793583,0.5251896942125486,12000.0,85.94097137451172,1.5,0.0,0.0
AZ,band,1,AE,A,OOD,-34_31,62,119,0.9937652480346978,0.9893270781117441,0.3283262882108657,24000.0,346.4130554199219,11.800003051757812,0.0,0.0
AZ,band,1,AE,AE,ID,-25_23,284,210,0.9925050301810866,0.9938324003081337,0.38893566854058353,24000.0,1111.4913940429688,4.04998779296875,0.0,0.0
AZ,band,1,AE,AE,ID,-25_26,30,121,0.9966942148760332,0.9852229592714471,0.21676553804934295,6000.0,2186.111083984375,10.89990234375,0.0,0.0
AZ,band,1,AE,AE,ID,-25_27,26,73,0.8898840885142255,0.8003988951633544,0.21676553804934295,6000.0,1746.7293701171875,7.0,0.0,0.0
AZ,band,1,AE,AE,ID,-27_20,81,207,0.8928251923421006,0.8044761214406284,0.16284229423379265,24000.0,1382.9592895507812,5.85003662109375,0.0,0.0
AZ,band,1,AE,AE,ID,-29_21,653,442,0.9923638203072488,0.9949425265848498,0.9304363871268337,12000.0,936.4216918945312,4.20001220703125,0.0,0.0
AZ,band,1,AE,AE,ID,-29_28,448,1081,0.9971814292321923,0.9932815300281674,1.1328305713768412,12000.0,1173.83349609375,14.699951171875,0.0,0.0
AZ,band,1,AE,AE,ID,-32_25,872,300,0.9686697247706422,0.98780697155456,2.0052221069266016,24000.0,323.32232666015625,1.4000244140625,0.0,0.0
AZ,band,1,AE,AE,ID,-32_26,268,284,0.9409685726298087,0.9290214611357885,2.0052221069266016,24000.0,401.2692108154297,1.399993896484375,0.0,0.0
AZ,band,1,AE,AE,ID,-34_24,792,199,0.9901908532561798,0.9973232355473748,0.5251896942125486,12000.0,63.552268981933594,0.9000015258789062,0.0,0.0
AZ,band,2,A,A,ID,-24_27,75,40,0.9873333333333334,0.993545741930552,0.21676553804934295,24000.0,1814.8165283203125,2.5,0.0,0.0
AZ,band,2,A,A,ID,-24_28,36,60,0.961111111111111,0.8861764014902898,0.21676553804934295,24000.0,1908.4891967773438,5.6500244140625,0.0,0.0
AZ,band,2,A,A,ID,-26_27,296,497,0.9700364348251673,0.9543976058536981,0.5009534078828138,24000.0,1725.5977783203125,4.5999755859375,0.0,0.0
AZ,band,2,A,A,ID,-27_22,178,362,0.9701409150164504,0.9465006354261647,0.16284229423379265,24000.0,1306.2081909179688,8.89990234375,0.0,0.0
AZ,band,2,A,A,ID,-27_23,255,362,0.9607843137254901,0.9496187771466886,0.3844572951469946,24000.0,1287.7210693359375,9.4000244140625,0.0,0.0
AZ,band,2,A,A,ID,-28_21,247,379,0.9839552198946728,0.9752850158661721,1.7290481764509422,24000.0,1424.337646484375,7.800048828125,0.0,0.0
AZ,band,2,A,A,ID,-28_28,78,98,0.9977760334903192,0.9973722660817606,0.39846084002546717,12000.0,2166.5142822265625,2.949951171875,0.0,0.0
AZ,band,2,A,A,ID,-29_22,131,112,0.7111504907306434,0.7344779609812566,0.9304363871268337,24000.0,762.8423461914062,4.0,0.0,0.0
AZ,band,2,A,A,ID,-29_30,70,124,0.9263824884792627,0.9000466989493485,0.39846084002546717,24000.0,1924.1163940429688,5.9000244140625,0.0,0.0
AZ,band,2,A,A,ID,-30_23,625,148,0.7224756756756757,0.9013948242046236,0.6023478768511848,24000.0,498.0859069824219,1.300048828125,0.0,0.0
AZ,band,2,A,A,ID,-30_24,393,269,0.8004672852994316,0.8505507391147606,0.6023478768511848,24000.0,409.48846435546875,1.20001220703125,0.0,0.0
AZ,band,2,A,A,ID,-30_29,150,276,0.9881884057971014,0.9822469783990262,1.1328305713768412,24000.0,1571.691650390625,7.14996337890625,0.0,0.0
AZ,band,2,A,A,ID,-30_30,35,45,0.9847619047619047,0.9824142401581173,0.39846084002546717,24000.0,1759.6452026367188,3.14996337890625,0.0,0.0
AZ,band,2,A,A,ID,-31_24,104,120,0.885176282051282,0.8833305125271859,2.0052221069266016,24000.0,396.9318084716797,2.6499862670898438,0.0,0.0
AZ,band,2,A,A,ID,-32_23,218,159,0.8912065085684611,0.9044739245601195,0.9304363871268337,24000.0,493.01806640625,2.29998779296875,0.0,0.0
AZ,band,2,A,A,ID,-32_27,542,395,0.9521883320099023,0.964185360602304,0.4455546092955288,24000.0,639.5219116210938,4.5,0.0,0.0
AZ,band,2,A,A,ID,-33_27,260,380,0.9553340080971661,0.9370256355611831,0.4455546092955288,24000.0,359.4580993652344,4.5,0.0,0.0
AZ,band,2,A,A,ID,-33_29,469,266,0.9515045609760008,0.9660069890813509,0.3283262882108657,24000.0,710.15234375,6.10003662109375,0.0,0.0
AZ,band,2,A,A,ID,-33_30,311,374,0.9134583970975119,0.9082809582274525,0.3283262882108657,24000.0,964.624267578125,4.699951171875,0.0,0.0
AZ,band,2,A,A,ID,-33_31,360,236,0.9691384180790961,0.9738467902938636,0.3283262882108657,24000.0,841.64404296875,2.399993896484375,0.0,0.0
AZ,band,2,A,A,ID,-34_28,129,101,0.976667434185279,0.9732276973205098,0.3283262882108657,12000.0,153.36416625976562,3.0,0.0,0.0011111111110525139
AZ,band,2,A,A,ID,-34_29,237,194,0.9494758362695203,0.9492255091104285,0.3283262882108657,24000.0,321.4425964355469,6.0,0.0,0.0
AZ,band,2,A,A,ID,-34_32,83,33,0.9580138736765242,0.9802318169155055,0.3283262882108657,24000.0,329.54998779296875,0.0,0.0,0.9672222222235272
AZ,band,2,A,AE,OOD,-26_27,108,231,0.9688953022286355,0.9503085309167442,0.5009534078828138,6000.0,1738.1470947265625,6.699951171875,0.0,0.0
AZ,band,2,A,AE,OOD,-27_22,349,60,0.8211556829035338,0.9656354479093728,0.3844572951469946,12000.0,1323.4990234375,1.4000244140625,0.0,0.0
AZ,band,2,A,AE,OOD,-28_26,161,169,0.9779484729317506,0.9789333700705934,1.7592262344812786,24000.0,721.7265319824219,4.79998779296875,0.0,0.0
AZ,band,2,A,AE,OOD,-28_28,74,36,0.9988738738738738,0.9994617661758485,0.39846084002546717,6000.0,2168.20458984375,1.900146484375,0.0,0.31444444444517167
AZ,band,2,A,AE,OOD,-29_22,230,260,0.9567391304347826,0.9332419783141088,0.9304363871268337,12000.0,739.2328796386719,4.25,0.0,0.0
AZ,band,2,A,AE,OOD,-30_23,58,57,0.6938898971566848,0.5790206953002266,0.6023478768511848,12000.0,455.3165588378906,0.699981689453125,0.0,0.0
AZ,band,2,A,AE,OOD,-30_24,563,473,0.7583768620986185,0.7758940360105112,0.6023478768511848,12000.0,420.4370574951172,1.100006103515625,0.0,0.0
AZ,band,2,A,AE,OOD,-30_29,68,131,0.9820386169735069,0.9612344811912594,1.1328305713768412,12000.0,1391.1495361328125,3.5999755859375,0.0,0.0
AZ,band,2,A,AE,OOD,-31_24,420,320,0.9027306547619047,0.935216014937516,2.0052221069266016,12000.0,230.19783782958984,1.899993896484375,0.0,0.0
AZ,band,2,A,AE,OOD,-32_27,465,160,0.8042069892473119,0.9086840946164039,2.0052221069266016,12000.0,651.9009399414062,1.10003662109375,0.0,0.0
AZ,band,2,A,AE,OOD,-33_27,118,101,0.9482295687195839,0.9507195156032541,0.4455546092955288,6000.0,292.5629577636719,2.399993896484375,0.0,0.0
AZ,band,2,A,AE,OOD,-33_30,259,190,0.9205649258280837,0.9366370855827284,0.3283262882108657,6000.0,868.1283569335938,5.0999755859375,0.0,0.0
AZ,band,2,A,AE,OOD,-34_29,154,357,0.9468514678598713,0.8941670227849949,0.3283262882108657,24000.0,167.0747528076172,3.3000030517578125,0.0,0.0
AZ,band,2,A,AE,OOD,-35_25,708,461,0.9879039670576124,0.990227754876511,0.5251896942125486,12000.0,62.34256362915039,2.7999954223632812,0.0,0.06666666666666758
AZ,band,2,AE,A,OOD,-24_27,75,40,0.9903333333333334,0.9951713374451537,0.21676553804934295,24000.0,1814.8165283203125,2.5,0.0,0.0
AZ,band,2,AE,A,OOD,-24_28,36,60,0.9560185185185185,0.8744311983857748,0.21676553804934295,24000.0,1908.4891967773438,5.6500244140625,0.0,0.0
AZ,band,2,AE,A,OOD,-26_27,296,497,0.9541097938985263,0.9263175678057625,0.5009534078828138,24000.0,1725.5977783203125,4.5999755859375,0.0,0.0
AZ,band,2,AE,A,OOD,-27_22,178,362,0.9586876901111181,0.9216436735719242,0.16284229423379265,24000.0,1306.2081909179688,8.89990234375,0.0,0.0
AZ,band,2,AE,A,OOD,-27_23,255,362,0.9586935326616834,0.9494176657211152,0.3844572951469946,24000.0,1287.7210693359375,9.4000244140625,0.0,0.0
AZ,band,2,AE,A,OOD,-28_21,247,379,0.9712539925010415,0.9592901182285785,1.7290481764509422,24000.0,1424.337646484375,7.800048828125,0.0,0.0
AZ,band,2,AE,A,OOD,-28_28,78,98,0.9939822082679226,0.9933905458909523,0.39846084002546717,12000.0,2166.5142822265625,2.949951171875,0.0,0.0
AZ,band,2,AE,A,OOD,-29_22,131,112,0.7026308615049073,0.7565417309532975,0.9304363871268337,24000.0,762.8423461914062,4.0,0.0,0.0
AZ,band,2,AE,A,OOD,-29_30,70,124,0.9119815668202764,0.877876478973906,0.39846084002546717,24000.0,1924.1163940429688,5.9000244140625,0.0,0.0
AZ,band,2,AE,A,OOD,-30_23,625,148,0.6660486486486485,0.888003524789255,0.6023478768511848,24000.0,498.0859069824219,1.300048828125,0.0,0.0
AZ,band,2,AE,A,OOD,-30_24,393,269,0.8425986359809681,0.8672003030793878,0.6023478768511848,24000.0,409.48846435546875,1.20001220703125,0.0,0.0
AZ,band,2,AE,A,OOD,-30_29,150,276,0.9835507246376812,0.9792703622036562,1.1328305713768412,24000.0,1571.691650390625,7.14996337890625,0.0,0.0
AZ,band,2,AE,A,OOD,-30_30,35,45,0.979047619047619,0.9755592835840634,0.39846084002546717,24000.0,1759.6452026367188,3.14996337890625,0.0,0.0
AZ,band,2,AE,A,OOD,-31_24,104,120,0.8834935897435897,0.859308120323078,2.0052221069266016,24000.0,396.9318084716797,2.6499862670898438,0.0,0.0
AZ,band,2,AE,A,OOD,-32_23,218,159,0.8738964860654319,0.8859657638078915,0.9304363871268337,24000.0,493.01806640625,2.29998779296875,0.0,0.0
AZ,band,2,AE,A,OOD,-32_27,542,395,0.9375963379886963,0.9535648007748908,0.4455546092955288,24000.0,639.5219116210938,4.5,0.0,0.0
AZ,band,2,AE,A,OOD,-33_27,260,380,0.9334412955465587,0.9168461659885014,0.4455546092955288,24000.0,359.4580993652344,4.5,0.0,0.0
AZ,band,2,AE,A,OOD,-33_29,469,266,0.9383105952514549,0.9632813597498557,0.3283262882108657,24000.0,710.15234375,6.10003662109375,0.0,0.0
AZ,band,2,AE,A,OOD,-33_30,311,374,0.9152036728166858,0.9012800970791623,0.3283262882108657,24000.0,964.624267578125,4.699951171875,0.0,0.0
AZ,band,2,AE,A,OOD,-33_31,360,236,0.9356049905838041,0.9459872404697478,0.3283262882108657,24000.0,841.64404296875,2.399993896484375,0.0,0.0
AZ,band,2,AE,A,OOD,-34_28,129,101,0.9744416302095326,0.980089908949576,0.3283262882108657,12000.0,153.36416625976562,3.0,0.0,0.0011111111110525139
AZ,band,2,AE,A,OOD,-34_29,237,194,0.960720344512593,0.968643225959586,0.3283262882108657,24000.0,321.4425964355469,6.0,0.0,0.0
AZ,band,2,AE,A,OOD,-34_32,83,33,0.9357429718875501,0.9642147246199418,0.3283262882108657,24000.0,329.54998779296875,0.0,0.0,0.9672222222235272
AZ,band,2,AE,AE,ID,-26_27,108,231,0.97663139329806,0.951417807085817,0.5009534078828138,6000.0,1738.1470947265625,6.699951171875,0.0,0.0
AZ,band,2,AE,AE,ID,-27_22,349,60,0.9468958930276982,0.9902704459986409,0.3844572951469946,12000.0,1323.4990234375,1.4000244140625,0.0,0.0
AZ,band,2,AE,AE,ID,-28_26,161,169,0.9742732184203755,0.9713137832278567,1.7592262344812786,24000.0,721.7265319824219,4.79998779296875,0.0,0.0
AZ,band,2,AE,AE,ID,-28_28,74,36,0.9767267267267267,0.9811452988713256,0.39846084002546717,6000.0,2168.20458984375,1.900146484375,0.0,0.31444444444517167
AZ,band,2,AE,AE,ID,-29_22,230,260,0.9812207357859531,0.9616973689532674,0.9304363871268337,12000.0,739.2328796386719,4.25,0.0,0.0
AZ,band,2,AE,AE,ID,-30_23,58,57,0.059588626739261956,0.3221706132509101,0.6023478768511848,12000.0,455.3165588378906,0.699981689453125,0.0,0.0
AZ,band,2,AE,AE,ID,-30_24,563,473,0.7175468176748693,0.7874588611859171,0.6023478768511848,12000.0,420.4370574951172,1.100006103515625,0.0,0.0
AZ,band,2,AE,AE,ID,-30_29,68,131,0.9873147732375394,0.9684902279523595,1.1328305713768412,12000.0,1391.1495361328125,3.5999755859375,0.0,0.0
AZ,band,2,AE,AE,ID,-31_24,420,320,0.8868824404761905,0.9143111393485136,2.0052221069266016,12000.0,230.19783782958984,1.899993896484375,0.0,0.0
AZ,band,2,AE,AE,ID,-32_27,465,160,0.9075806451612903,0.9540154469863751,2.0052221069266016,12000.0,651.9009399414062,1.10003662109375,0.0,0.0
AZ,band,2,AE,AE,ID,-33_27,118,101,0.9486491021983555,0.9544180884365443,0.4455546092955288,6000.0,292.5629577636719,2.399993896484375,0.0,0.0
AZ,band,2,AE,AE,ID,-33_30,259,190,0.9089819142450721,0.9353942215476863,0.3283262882108657,6000.0,868.1283569335938,5.0999755859375,0.0,0.0
AZ,band,2,AE,AE,ID,-34_29,154,357,0.9712612317654334,0.9456701295640786,0.3283262882108657,24000.0,167.0747528076172,3.3000030517578125,0.0,0.0
AZ,band,2,AE,AE,ID,-35_25,708,461,0.9865620059561013,0.9861631738467541,0.5251896942125486,12000.0,62.34256362915039,2.7999954223632812,0.0,0.06666666666666758
AZ,band,3,A,A,ID,-25_21,122,187,0.922854387656702,0.8333289931829176,0.16284229423379265,24000.0,1272.977783203125,4.9000244140625,0.0,0.0
AZ,band,3,A,A,ID,-25_24,53,246,0.9920233164595798,0.9579639251711054,0.38893566854058353,24000.0,1645.6265869140625,50.5999755859375,0.0,0.0
AZ,band,3,A,A,ID,-25_28,289,317,0.969272919782127,0.9708689260537484,0.21676553804934295,24000.0,1737.3727416992188,4.5,0.0,0.0
AZ,band,3,A,A,ID,-26_24,67,49,0.9865976241242765,0.9913843467308427,0.3844572951469946,24000.0,825.6947631835938,3.850006103515625,0.0,0.0
AZ,band,3,A,A,ID,-26_28,608,371,0.9395304298482055,0.9531536007330877,0.5009534078828138,24000.0,1594.3416748046875,2.89990234375,0.0,0.0
AZ,band,3,A,A,ID,-27_28,571,331,0.9596351342056392,0.9685905536511527,0.5009534078828138,24000.0,1506.270751953125,1.75,0.0,0.0
AZ,band,3,A,A,ID,-28_22,65,157,0.9200391964723176,0.870395468832879,0.9304363871268337,24000.0,967.2135620117188,8.800018310546875,0.0,0.0
AZ,band,3,A,A,ID,-28_24,200,292,0.9695547945205479,0.9617181082332593,0.6023478768511848,24000.0,851.0539855957031,13.70001220703125,0.0,0.0
AZ,band,3,A,A,ID,-29_20,33,64,0.9815340909090908,0.9689149397890591,1.7290481764509422,12000.0,1188.8550415039062,18.5,0.0,0.0
AZ,band,3,A,A,ID,-29_24,471,262,0.8935916759858025,0.9371597987061521,0.6023478768511848,24000.0,513.2894287109375,2.600006103515625,0.0,0.0
AZ,band,3,A,A,ID,-29_25,98,173,0.9574141795446502,0.911335663232225,2.0052221069266016,12000.0,492.33013916015625,5.20001220703125,0.0,0.0
AZ,band,3,A,A,ID,-29_29,46,115,0.968241965973535,0.91405322669861,0.39846084002546717,24000.0,2182.226318359375,6.900146484375,0.0,0.0
AZ,band,3,A,A,ID,-29_33,35,47,0.9258358662613981,0.9115119909198843,0.39846084002546717,24000.0,1531.3460083007812,4.79998779296875,0.0,0.0
AZ,band,3,A,A,ID,-30_21,107,69,0.9844236760124611,0.9899280148612994,0.9304363871268337,24000.0,1062.9453735351562,3.54998779296875,0.0,0.0
AZ,band,3,A,A,ID,-30_26,152,146,0.9452054794520548,0.9274135279279903,2.0052221069266016,12000.0,510.0763702392578,4.149993896484375,0.0,0.0
AZ,band,3,A,A,ID,-30_27,62,184,0.986851332398317,0.9688345591270111,1.1328305713768412,24000.0,1199.51513671875,19.70001220703125,0.0,0.0
AZ,band,3,A,A,ID,-31_26,188,208,0.7987162438625205,0.8265681058989441,2.0052221069266016,12000.0,496.0216064453125,4.29998779296875,0.0,0.0
AZ,band,3,A,A,ID,-31_28,130,228,0.9869770580296895,0.9714316123985595,1.1328305713768412,24000.0,1404.2652587890625,11.0,0.0,0.0
AZ,band,3,A,A,ID,-31_33,131,340,0.9875168387965874,0.9745499310327593,0.3283262882108657,24000.0,1403.5262451171875,10.699951171875,0.0,0.0
AZ,band,3,A,A,ID,-32_28,178,171,0.9836717261318089,0.9829819669605224,0.3283262882108657,24000.0,673.1048583984375,8.5,0.0,0.0
AZ,band,3,A,A,ID,-33_26,312,200,0.8920993589743589,0.9324568073873705,0.4455546092955288,24000.0,386.8184814453125,1.29998779296875,0.0,0.0
AZ,band,3,A,A,ID,-33_32,279,72,0.9386698526483472,0.9628255854878132,0.3283262882108657,24000.0,332.80584716796875,0.0,0.0,0.99555555555579
AZ,band,3,A,A,ID,-35_26,111,54,0.9302635969302636,0.9605282432629665,0.4455546092955288,24000.0,78.8981704711914,1.3000030517578125,0.0,0.0
AZ,band,3,A,AE,OOD,-26_28,297,125,0.9777508417508417,0.9833759122043843,0.5009534078828138,6000.0,1541.6558837890625,2.4000244140625,0.0,0.0
AZ,band,3,A,AE,OOD,-27_28,441,83,0.9687730513892303,0.986440156459739,0.5009534078828138,6000.0,1475.5090942382812,1.0999755859375,0.0,0.0
AZ,band,3,A,AE,OOD,-28_22,460,817,0.9862460752487894,0.9784583454750594,0.9304363871268337,12000.0,824.3075561523438,5.0999755859375,0.0,0.0
AZ,band,3,A,AE,OOD,-28_24,156,370,0.9973146223146223,0.993866969803621,0.6023478768511848,6000.0,717.0924987792969,20.199981689453125,0.0,0.0
AZ,band,3,A,AE,OOD,-29_20,254,359,0.9947141008488145,0.9934141313270769,1.7290481764509422,12000.0,1136.9281616210938,10.0999755859375,0.0,0.0
AZ,band,3,A,AE,OOD,-29_24,225,295,0.7836233521657251,0.7896618413777514,0.6023478768511848,24000.0,444.07647705078125,1.800018310546875,0.0,0.0
AZ,band,3,A,AE,OOD,-29_25,133,240,0.9535714285714286,0.9429482282371441,2.0052221069266016,12000.0,469.3540954589844,5.100006103515625,0.0,0.0
AZ,band,3,A,AE,OOD,-29_29,27,143,0.9906759906759907,0.9597493849440424,0.39846084002546717,6000.0,2129.88134765625,16.0499267578125,0.0,0.0
AZ,band,3,A,AE,OOD,-30_26,1154,1451,0.9435189022809822,0.9188462367765639,2.0052221069266016,12000.0,531.6064453125,4.100006103515625,0.0,0.0
AZ,band,3,A,AE,OOD,-30_27,42,192,0.9995039682539683,0.9978458049886623,1.1328305713768412,12000.0,1257.4951171875,26.0499267578125,0.0,0.0
AZ,band,3,A,AE,OOD,-31_26,1512,1057,0.9163025033412923,0.9466202000352213,2.0052221069266016,12000.0,488.66552734375,2.70001220703125,0.0,0.0
AZ,band,3,A,AE,OOD,-31_28,25,110,0.9945454545454545,0.9739846707407349,1.1328305713768412,12000.0,1444.4188232421875,23.0999755859375,0.0,0.0
AZ,band,3,A,AE,OOD,-32_28,41,70,0.9996515679442509,0.9994192799070849,0.3283262882108657,6000.0,665.7354736328125,9.0,0.0,0.0
AZ,band,3,A,AE,OOD,-33_26,79,92,0.8128783709411117,0.8447988757182037,0.4455546092955288,6000.0,577.5661010742188,3.20001220703125,0.0,0.0
AZ,band,3,A,AE,OOD,-35_26,390,284,0.9868364030335861,0.989586618420468,0.4455546092955288,24000.0,70.37365341186523,1.0,0.0,0.0
AZ,band,3,AE,A,OOD,-25_21,122,187,0.9097484001051985,0.8368002935623328,0.16284229423379265,24000.0,1272.977783203125,4.9000244140625,0.0,0.0
AZ,band,3,AE,A,OOD,-25_24,53,246,0.9914864242982053,0.9618812089451106,0.38893566854058353,24000.0,1645.6265869140625,50.5999755859375,0.0,0.0
AZ,band,3,AE,A,OOD,-25_28,289,317,0.9669042603124011,0.9701588229333565,0.21676553804934295,24000.0,1737.3727416992188,4.5,0.0,0.0
AZ,band,3,AE,A,OOD,-26_24,67,49,0.9805056350898569,0.9889818961803147,0.3844572951469946,24000.0,825.6947631835938,3.850006103515625,0.0,0.0
AZ,band,3,AE,A,OOD,-26_28,608,371,0.9601184565186551,0.9684472680726138,0.5009534078828138,24000.0,1594.3416748046875,2.89990234375,0.0,0.0
AZ,band,3,AE,A,OOD,-27_28,571,331,0.9539684975211772,0.9711591391817567,0.5009534078828138,24000.0,1506.270751953125,1.75,0.0,0.0
AZ,band,3,AE,A,OOD,-28_22,65,157,0.8879960803527682,0.8111214600662329,0.9304363871268337,24000.0,967.2135620117188,8.800018310546875,0.0,0.0
AZ,band,3,AE,A,OOD,-28_24,200,292,0.9552226027397259,0.9440364150072877,0.6023478768511848,24000.0,851.0539855957031,13.70001220703125,0.0,0.0
AZ,band,3,AE,A,OOD,-29_20,33,64,0.9839015151515151,0.9676697045705558,1.7290481764509422,12000.0,1188.8550415039062,18.5,0.0,0.0
AZ,band,3,AE,A,OOD,-29_24,471,262,0.83342247289347,0.8984845700666059,0.6023478768511848,24000.0,513.2894287109375,2.600006103515625,0.0,0.0
AZ,band,3,AE,A,OOD,-29_25,98,173,0.940839919782942,0.9109116289961201,2.0052221069266016,12000.0,492.33013916015625,5.20001220703125,0.0,0.0
AZ,band,3,AE,A,OOD,-29_29,46,115,0.9561436672967865,0.892535518052243,0.39846084002546717,24000.0,2182.226318359375,6.900146484375,0.0,0.0
AZ,band,3,AE,A,OOD,-29_33,35,47,0.9033434650455927,0.8831388655345548,0.39846084002546717,24000.0,1531.3460083007812,4.79998779296875,0.0,0.0
AZ,band,3,AE,A,OOD,-30_21,107,69,0.965190302045239,0.9749786083739121,0.9304363871268337,24000.0,1062.9453735351562,3.54998779296875,0.0,0.0
AZ,band,3,AE,A,OOD,-30_26,152,146,0.9435832732516222,0.9197359731454491,2.0052221069266016,12000.0,510.0763702392578,4.149993896484375,0.0,0.0
AZ,band,3,AE,A,OOD,-30_27,62,184,0.9875525946704067,0.9652639404411023,1.1328305713768412,24000.0,1199.51513671875,19.70001220703125,0.0,0.0
AZ,band,3,AE,A,OOD,-31_26,188,208,0.7889729950900164,0.8059306562652915,2.0052221069266016,12000.0,496.0216064453125,4.29998779296875,0.0,0.0
AZ,band,3,AE,A,OOD,-31_28,130,228,0.9868083670715249,0.9785332357631972,1.1328305713768412,24000.0,1404.2652587890625,11.0,0.0,0.0
AZ,band,3,AE,A,OOD,-31_33,131,340,0.9729007633587785,0.9547760550966807,0.3283262882108657,24000.0,1403.5262451171875,10.699951171875,0.0,0.0
AZ,band,3,AE,A,OOD,-32_28,178,171,0.9792364807148959,0.9777447174578023,0.3283262882108657,24000.0,673.1048583984375,8.5,0.0,0.0
AZ,band,3,AE,A,OOD,-33_26,312,200,0.9107051282051282,0.9462698862798007,0.4455546092955288,24000.0,386.8184814453125,1.29998779296875,0.0,0.0
AZ,band,3,AE,A,OOD,-33_32,279,72,0.9180605336519315,0.9666434830206752,0.3283262882108657,24000.0,332.80584716796875,0.0,0.0,0.99555555555579
AZ,band,3,AE,A,OOD,-35_26,111,54,0.9114114114114114,0.9542091504706723,0.4455546092955288,24000.0,78.8981704711914,1.3000030517578125,0.0,0.0
AZ,band,3,AE,AE,ID,-26_28,297,125,0.9818720538720539,0.9857707461619287,0.5009534078828138,6000.0,1541.6558837890625,2.4000244140625,0.0,0.0
AZ,band,3,AE,AE,ID,-27_28,441,83,0.9647296669671884,0.9917210550375324,0.5009534078828138,6000.0,1475.5090942382812,1.0999755859375,0.0,0.0
AZ,band,3,AE,AE,ID,-28_22,460,817,0.9859560427864402,0.9786210200607336,0.9304363871268337,12000.0,824.3075561523438,5.0999755859375,0.0,0.0
AZ,band,3,AE,AE,ID,-28_24,156,370,0.9871275121275122,0.9867282677684347,0.6023478768511848,6000.0,717.0924987792969,20.199981689453125,0.0,0.0
AZ,band,3,AE,AE,ID,-29_20,254,359,0.9989472068080626,0.9985170251251219,1.7290481764509422,12000.0,1136.9281616210938,10.0999755859375,0.0,0.0
AZ,band,3,AE,AE,ID,-29_24,225,295,0.8402561205273069,0.8184538536513533,0.6023478768511848,24000.0,444.07647705078125,1.800018310546875,0.0,0.0
AZ,band,3,AE,AE,ID,-29_25,133,240,0.9723997493734335,0.9544377873445746,2.0052221069266016,12000.0,469.3540954589844,5.100006103515625,0.0,0.0
AZ,band,3,AE,AE,ID,-29_29,27,143,0.987049987049987,0.931770012793814,0.39846084002546717,6000.0,2129.88134765625,16.0499267578125,0.0,0.0
AZ,band,3,AE,AE,ID,-30_26,1154,1451,0.954036360509157,0.9443080410394351,2.0052221069266016,12000.0,531.6064453125,4.100006103515625,0.0,0.0
AZ,band,3,AE,AE,ID,-30_27,42,192,0.9990079365079365,0.9958761960068581,1.1328305713768412,12000.0,1257.4951171875,26.0499267578125,0.0,0.0
AZ,band,3,AE,AE,ID,-31_26,1512,1057,0.9034460362511451,0.9417928167233849,2.0052221069266016,12000.0,488.66552734375,2.70001220703125,0.0,0.0
AZ,band,3,AE,AE,ID,-31_28,25,110,0.9963636363636365,0.9810523710805581,1.1328305713768412,12000.0,1444.4188232421875,23.0999755859375,0.0,0.0
AZ,band,3,AE,AE,ID,-32_28,41,70,1.0,1.0000000000000002,0.3283262882108657,6000.0,665.7354736328125,9.0,0.0,0.0
AZ,band,3,AE,AE,ID,-33_26,79,92,0.8618602091359384,0.8776917251825719,0.4455546092955288,6000.0,577.5661010742188,3.20001220703125,0.0,0.0
AZ,band,3,AE,AE,ID,-35_26,390,284,0.9853376670278079,0.9892654246108261,0.4455546092955288,24000.0,70.37365341186523,1.0,0.0,0.0
AZ,shadedX,0,A,A,ID,-26_22,565,64,0.9077986725663717,0.9867478299704402,0.16284229423379265,12000.0,1262.30322265625,1.4000244140625,0.0,0.0
AZ,shadedX,0,A,A,ID,-27_21,275,58,0.9650156739811913,0.9921869711789579,0.16284229423379265,24000.0,1273.094482421875,2.0,0.0,0.0
AZ,shadedX,0,A,A,ID,-29_23,641,70,0.978805437931803,0.9977364399401892,0.6023478768511848,24000.0,537.176025390625,1.70001220703125,0.0,0.0
AZ,shadedX,0,A,A,ID,-29_26,53,320,0.9862617924528301,0.9540582995802014,1.1328305713768412,24000.0,711.2184448242188,13.0999755859375,0.0,0.0
AZ,shadedX,0,A,A,ID,-31_25,120,3142,0.7393936982813495,0.09469537224326555,2.0052221069266016,12000.0,312.6041259765625,4.70001220703125,0.0,0.0
AZ,shadedX,0,A,A,ID,-32_24,628,1227,0.879031504524006,0.8556724174715451,2.0052221069266016,24000.0,202.42945861816406,2.600006103515625,0.0,0.0
AZ,shadedX,0,A,A,ID,-33_24,293,82,0.9532173478731374,0.9856703588056707,0.5251896942125486,24000.0,122.97867584228516,1.0,0.0,0.0
AZ,shadedX,0,A,A,ID,-34_26,268,166,0.44169214170113297,0.6833135114459941,0.4455546092955288,12000.0,238.60914611816406,2.100006103515625,0.0,0.0
AZ,shadedX,0,A,A,ID,-34_27,379,64,0.7097625329815305,0.9336247038766226,0.4455546092955288,24000.0,93.17962646484375,1.0,0.0,0.0
AZ,shadedX,0,A,AE,OOD,-26_22,171,83,0.600718664130205,0.7286709390998137,0.16284229423379265,6000.0,1274.514892578125,0.9000244140625,0.0,0.0
AZ,shadedX,0,A,AE,OOD,-27_21,25,66,0.9539393939393939,0.8330318762713573,0.16284229423379265,6000.0,1300.531005859375,2.800048828125,0.0,0.0
AZ,shadedX,0,A,AE,OOD,-29_23,1007,60,0.9546011254551474,0.9971917561129701,0.9304363871268337,12000.0,579.1259155273438,1.29998779296875,0.0,0.0
AZ,shadedX,0,A,AE,OOD,-29_26,404,280,0.7098479490806223,0.7245011187253816,2.0052221069266016,6000.0,671.1091613769531,10.0,0.0,0.0
AZ,shadedX,0,A,AE,OOD,-30_25,597,2308,0.8841209223471488,0.7612373142612626,2.0052221069266016,12000.0,354.1044006347656,2.300018310546875,42.0,0.0
AZ,shadedX,0,A,AE,OOD,-31_25,2568,3109,0.9364203914071197,0.9208610613681923,2.0052221069266016,12000.0,288.3709411621094,2.5,0.0,0.0
AZ,shadedX,0,A,AE,OOD,-32_24,29,1208,0.19216716145238638,0.01391502777200573,2.0052221069266016,12000.0,216.43243408203125,3.3000030517578125,0.0,0.0
AZ,shadedX,0,A,AE,OOD,-34_26,139,167,0.4736139232326714,0.54252576226608,0.4455546092955288,6000.0,269.4949645996094,2.899993896484375,0.0,0.0
AZ,shadedX,0,A,AE,OOD,-34_27,195,67,0.9378492154611558,0.9777002185723337,0.4455546092955288,24000.0,99.70199584960938,0.8000030517578125,0.0,0.16722222222243768
AZ,shadedX,0,A,AE,OOD,-35_24,758,439,0.7300022238116131,0.8514805934077192,0.5251896942125486,12000.0,45.36583709716797,1.0999984741210938,0.0,0.0
AZ,shadedX,0,AE,A,OOD,-26_22,565,64,0.6735896017699115,0.9571255972572792,0.16284229423379265,12000.0,1262.30322265625,1.4000244140625,0.0,0.0
AZ,shadedX,0,AE,A,OOD,-27_21,275,58,0.9773040752351096,0.9951156434977703,0.16284229423379265,24000.0,1273.094482421875,2.0,0.0,0.0
AZ,shadedX,0,AE,A,OOD,-29_23,641,70,0.881190104747047,0.9828335275379778,0.6023478768511848,24000.0,537.176025390625,1.70001220703125,0.0,0.0
AZ,shadedX,0,AE,A,OOD,-29_26,53,320,0.9860849056603773,0.9603168739224075,1.1328305713768412,24000.0,711.2184448242188,13.0999755859375,0.0,0.0
AZ,shadedX,0,AE,A,OOD,-31_25,120,3142,0.5454699766603013,0.04178075008778861,2.0052221069266016,12000.0,312.6041259765625,4.70001220703125,0.0,0.0
AZ,shadedX,0,AE,A,OOD,-32_24,628,1227,0.8497747081328287,0.7810885688544907,2.0052221069266016,24000.0,202.42945861816406,2.600006103515625,0.0,0.0
AZ,shadedX,0,AE,A,OOD,-33_24,293,82,0.9523432947640056,0.9855383102679915,0.5251896942125486,24000.0,122.97867584228516,1.0,0.0,0.0
AZ,shadedX,0,AE,A,OOD,-34_26,268,166,0.42406941197626324,0.6654008915087796,0.4455546092955288,12000.0,238.60914611816406,2.100006103515625,0.0,0.0
AZ,shadedX,0,AE,A,OOD,-34_27,379,64,0.9662351583113457,0.9898466567483993,0.4455546092955288,24000.0,93.17962646484375,1.0,0.0,0.0
AZ,shadedX,0,AE,AE,ID,-26_22,171,83,0.5670400901853025,0.6738125357953997,0.16284229423379265,6000.0,1274.514892578125,0.9000244140625,0.0,0.0
AZ,shadedX,0,AE,AE,ID,-27_21,25,66,0.9890909090909091,0.9702917118477761,0.16284229423379265,6000.0,1300.531005859375,2.800048828125,0.0,0.0
AZ,shadedX,0,AE,AE,ID,-29_23,1007,60,0.8940913604766634,0.9924545944921525,0.9304363871268337,12000.0,579.1259155273438,1.29998779296875,0.0,0.0
AZ,shadedX,0,AE,AE,ID,-29_26,404,280,0.7599451909476662,0.8022846802964163,2.0052221069266016,6000.0,671.1091613769531,10.0,0.0,0.0
AZ,shadedX,0,AE,AE,ID,-30_25,597,2308,0.8986606922538748,0.7761997004126582,2.0052221069266016,12000.0,354.1044006347656,2.300018310546875,42.0,0.0
AZ,shadedX,0,AE,AE,ID,-31_25,2568,3109,0.9448703843429135,0.9355647040146843,2.0052221069266016,12000.0,288.3709411621094,2.5,0.0,0.0
AZ,shadedX,0,AE,AE,ID,-32_24,29,1208,0.9509591230874629,0.2727494759642606,2.0052221069266016,12000.0,216.43243408203125,3.3000030517578125,0.0,0.0
AZ,shadedX,0,AE,AE,ID,-34_26,139,167,0.7595743764270021,0.7790370098456793,0.4455546092955288,6000.0,269.4949645996094,2.899993896484375,0.0,0.0
AZ,shadedX,0,AE,AE,ID,-34_27,195,67,0.9960964408725602,0.9986034724974153,0.4455546092955288,24000.0,99.70199584960938,0.8000030517578125,0.0,0.16722222222243768
AZ,shadedX,0,AE,AE,ID,-35_24,758,439,0.9166671675251381,0.9520158792405566,0.5251896942125486,12000.0,45.36583709716797,1.0999984741210938,0.0,0.0
AZ,shadedX,1,A,A,ID,-32_25,486,2118,0.73343320237665,0.43580059762894463,2.0052221069266016,24000.0,310.5218963623047,4.0,0.0,0.0
AZ,shadedX,1,A,A,ID,-32_26,427,941,0.7425281291764454,0.5945449922762294,2.0052221069266016,24000.0,464.66925048828125,4.0,0.0,0.0
AZ,shadedX,1,A,A,ID,-33_28,468,86,0.9906827668455576,0.9980837925548027,0.3283262882108657,24000.0,544.0557556152344,4.350006103515625,0.0,0.0
AZ,shadedX,1,A,AE,OOD,-32_25,872,2161,0.6309727487698951,0.365760440289768,2.0052221069266016,24000.0,318.5228271484375,3.20001220703125,0.0,0.0
AZ,shadedX,1,A,AE,OOD,-32_26,268,954,0.9464352764479489,0.8005114305126662,2.0052221069266016,24000.0,438.2828063964844,3.649993896484375,0.0,0.0
AZ,shadedX,1,AE,A,OOD,-32_25,486,2118,0.8269720250100063,0.5157384086043099,2.0052221069266016,24000.0,310.5218963623047,4.0,0.0,0.0
AZ,shadedX,1,AE,A,OOD,-32_26,427,941,0.783149621584492,0.6690476658172287,2.0052221069266016,24000.0,464.66925048828125,4.0,0.0,0.0
AZ,shadedX,1,AE,A,OOD,-33_28,468,86,0.9539852911945935,0.9888066452434865,0.3283262882108657,24000.0,544.0557556152344,4.350006103515625,0.0,0.0
AZ,shadedX,1,AE,AE,ID,-32_25,872,2161,0.9341469290890642,0.839007628293781,2.0052221069266016,24000.0,318.5228271484375,3.20001220703125,0.0,0.0
AZ,shadedX,1,AE,AE,ID,-32_26,268,954,0.9582746644137802,0.8693350135618451,2.0052221069266016,24000.0,438.2828063964844,3.649993896484375,0.0,0.0
AZ,shadedX,2,A,A,ID,-30_24,393,207,0.9237624614325577,0.9453220479894503,0.6023478768511848,24000.0,405.5076904296875,1.199981689453125,0.0,0.0
AZ,shadedX,2,A,A,ID,-31_24,104,1284,0.8219656122693506,0.6073636232690909,2.0052221069266016,24000.0,385.8868103027344,3.899993896484375,0.0,0.0
AZ,shadedX,2,A,A,ID,-32_27,542,233,0.8725274377207293,0.9464394182770894,0.4455546092955288,24000.0,645.6112670898438,2.5,0.0,0.0
AZ,shadedX,2,A,A,ID,-33_27,260,168,0.978021978021978,0.9857314593779133,0.4455546092955288,24000.0,342.2121276855469,4.5,0.0,0.0
AZ,shadedX,2,A,A,ID,-34_29,237,182,0.360434923726063,0.4966844426103366,0.3283262882108657,24000.0,152.0074462890625,1.1999969482421875,0.0,0.0
AZ,shadedX,2,A,AE,OOD,-30_24,563,236,0.9025047415480025,0.9581889490190117,0.6023478768511848,12000.0,406.809326171875,1.199981689453125,0.0,0.0
AZ,shadedX,2,A,AE,OOD,-31_24,420,1306,0.8887387880113761,0.7982611585363569,2.0052221069266016,12000.0,291.3240509033203,3.100006103515625,0.0,0.0
AZ,shadedX,2,A,AE,OOD,-32_27,465,224,0.736847158218126,0.8278408476811572,2.0052221069266016,12000.0,654.835693359375,1.20001220703125,0.0,0.0
AZ,shadedX,2,A,AE,OOD,-33_27,118,164,0.9833608929309632,0.9772479227529616,0.4455546092955288,6000.0,316.7397766113281,7.79998779296875,0.0,0.0
AZ,shadedX,2,A,AE,OOD,-33_30,259,47,0.6990059968783372,0.921028342084697,0.3283262882108657,6000.0,858.7162475585938,3.850006103515625,0.0,0.0
AZ,shadedX,2,A,AE,OOD,-34_29,154,198,0.4202741702741703,0.4157590211719516,0.3283262882108657,24000.0,145.012451171875,1.0999908447265625,0.0,0.0
AZ,shadedX,2,AE,A,OOD,-30_24,393,207,0.935206696906,0.941424279091031,0.6023478768511848,24000.0,405.5076904296875,1.199981689453125,0.0,0.0
AZ,shadedX,2,AE,A,OOD,-31_24,104,1284,0.8460415168943206,0.3481005070861955,2.0052221069266016,24000.0,385.8868103027344,3.899993896484375,0.0,0.0
AZ,shadedX,2,AE,A,OOD,-32_27,542,233,0.7315696118334574,0.8861902781644021,0.4455546092955288,24000.0,645.6112670898438,2.5,0.0,0.0
AZ,shadedX,2,AE,A,OOD,-33_27,260,168,0.9907509157509158,0.9942603610143899,0.4455546092955288,24000.0,342.2121276855469,4.5,0.0,0.0
AZ,shadedX,2,AE,A,OOD,-34_29,237,182,0.3752724069179766,0.5443195152345424,0.3283262882108657,24000.0,152.0074462890625,1.1999969482421875,0.0,0.0
AZ,shadedX,2,AE,AE,ID,-30_24,563,236,0.8659270855284945,0.9281220304260015,0.6023478768511848,12000.0,406.809326171875,1.199981689453125,0.0,0.0
AZ,shadedX,2,AE,AE,ID,-31_24,420,1306,0.8693958287756145,0.7607092397433908,2.0052221069266016,12000.0,291.3240509033203,3.100006103515625,0.0,0.0
AZ,shadedX,2,AE,AE,ID,-32_27,465,224,0.9535810291858678,0.9722088165807741,2.0052221069266016,12000.0,654.835693359375,1.20001220703125,0.0,0.0
AZ,shadedX,2,AE,AE,ID,-33_27,118,164,0.9927139313766019,0.9897895722048442,0.4455546092955288,6000.0,316.7397766113281,7.79998779296875,0.0,0.0
AZ,shadedX,2,AE,AE,ID,-33_30,259,47,0.7223363180809989,0.930529974778233,0.3283262882108657,6000.0,858.7162475585938,3.850006103515625,0.0,0.0
AZ,shadedX,2,AE,AE,ID,-34_29,154,198,0.7471467926013381,0.7992234760381103,0.3283262882108657,24000.0,145.012451171875,1.0999908447265625,0.0,0.0
AZ,shadedX,3,A,A,ID,-29_24,471,155,0.9613314156564619,0.9819782488186006,0.6023478768511848,24000.0,479.70654296875,2.100006103515625,0.0,0.0
AZ,shadedX,3,A,A,ID,-29_25,98,1160,0.9652797325826883,0.6903741361453308,2.0052221069266016,12000.0,451.47840881347656,5.100006103515625,0.0,0.0
AZ,shadedX,3,A,A,ID,-30_26,152,1831,0.8671203541349276,0.49448885181879526,2.0052221069266016,12000.0,547.0965576171875,8.199981689453125,0.0,0.0
AZ,shadedX,3,A,A,ID,-31_26,188,2423,0.6837510208024166,0.13615834640340022,2.0052221069266016,12000.0,560.8937377929688,6.60003662109375,0.0,0.0
AZ,shadedX,3,A,A,ID,-33_26,312,170,0.7080882352941177,0.8292394012478026,0.4455546092955288,24000.0,401.58013916015625,1.399993896484375,0.0,0.0
AZ,shadedX,3,A,A,ID,-35_26,111,32,0.6354166666666665,0.8763249197751812,0.4455546092955288,24000.0,69.70518493652344,1.0999984741210938,0.0,0.0
AZ,shadedX,3,A,AE,OOD,-29_24,225,149,0.9630425055928412,0.9557271353244683,0.6023478768511848,24000.0,428.01361083984375,1.3000030517578125,0.0,0.0
AZ,shadedX,3,A,AE,OOD,-29_25,133,1161,0.77020717167596,0.4146740528821038,2.0052221069266016,12000.0,451.06382751464844,4.9000091552734375,0.0,0.0
AZ,shadedX,3,A,AE,OOD,-30_26,1154,1805,0.8107356322942721,0.7065221694811044,2.0052221069266016,12000.0,539.2577514648438,4.29998779296875,0.0,0.0
AZ,shadedX,3,A,AE,OOD,-31_26,1512,2376,0.8112498997915664,0.7264167962330694,2.0052221069266016,12000.0,517.2203369140625,3.89996337890625,0.0,0.0
AZ,shadedX,3,A,AE,OOD,-33_26,79,170,0.7160089352196575,0.6063110486021414,0.4455546092955288,6000.0,570.7349853515625,3.70001220703125,0.0,0.0
AZ,shadedX,3,AE,A,OOD,-29_24,471,155,0.8693651119786316,0.9457302867051328,0.6023478768511848,24000.0,479.70654296875,2.100006103515625,0.0,0.0
AZ,shadedX,3,AE,A,OOD,-29_25,98,1160,0.9703993666432091,0.7989020960006289,2.0052221069266016,12000.0,451.47840881347656,5.100006103515625,0.0,0.0
AZ,shadedX,3,AE,A,OOD,-30_26,152,1831,0.9329888757940729,0.6675259185723591,2.0052221069266016,12000.0,547.0965576171875,8.199981689453125,0.0,0.0
AZ,shadedX,3,AE,A,OOD,-31_26,188,2423,0.7535365864367191,0.2303095522432073,2.0052221069266016,12000.0,560.8937377929688,6.60003662109375,0.0,0.0
AZ,shadedX,3,AE,A,OOD,-33_26,312,170,0.9561274509803922,0.9747398180256384,0.4455546092955288,24000.0,401.58013916015625,1.399993896484375,0.0,0.0
AZ,shadedX,3,AE,A,OOD,-35_26,111,32,0.5729166666666667,0.7985282206977318,0.4455546092955288,24000.0,69.70518493652344,1.0999984741210938,0.0,0.0
AZ,shadedX,3,AE,AE,ID,-29_24,225,149,0.9313646532438479,0.9460033451151516,0.6023478768511848,24000.0,428.01361083984375,1.3000030517578125,0.0,0.0
AZ,shadedX,3,AE,AE,ID,-29_25,133,1161,0.9255114530512327,0.6996554765008023,2.0052221069266016,12000.0,451.06382751464844,4.9000091552734375,0.0,0.0
AZ,shadedX,3,AE,AE,ID,-30_26,1154,1805,0.885981555183224,0.841443766516922,2.0052221069266016,12000.0,539.2577514648438,4.29998779296875,0.0,0.0
AZ,shadedX,3,AE,AE,ID,-31_26,1512,2376,0.8950032734754956,0.86857157551949,2.0052221069266016,12000.0,517.2203369140625,3.89996337890625,0.0,0.0
AZ,shadedX,3,AE,AE,ID,-33_26,79,170,0.8574832464631422,0.7983310483542652,0.4455546092955288,6000.0,570.7349853515625,3.70001220703125,0.0,0.0
MO,band,0,A,A,ID,1_37,100,70,0.9884285714285714,0.992143533790879,0.13174344634132118,24000.0,280.4423828125,2.850006103515625,0.0,0.0
MO,band,0,A,A,ID,1_38,186,151,0.9955849889624724,0.9961773610174747,0.13174344634132118,24000.0,303.2459411621094,3.29998779296875,0.0,0.0
MO,band,0,A,A,ID,2_34,238,116,0.9972471747319618,0.9986915092696826,0.7796863263464616,24000.0,256.9898223876953,1.9000244140625,0.0,0.0011111111110828306
MO,band,0,A,A,ID,3_30,243,453,0.9934229053679631,0.9886093692879384,0.21143112490239685,24000.0,400.00267028808594,8.699996948242188,0.0,0.0
MO,band,0,A,A,ID,3_35,299,179,0.9972347302927822,0.9984815682218399,0.2805940702828191,24000.0,237.57411193847656,3.0,0.0,0.0
MO,band,0,A,A,ID,3_39,33,79,0.9884925201380897,0.9640967306326211,0.009475983179544482,24000.0,314.1539306640625,7.20001220703125,0.0,0.0011111111110828306
MO,band,0,A,A,ID,4_31,31,126,0.9969278033794163,0.9881198074096096,0.35758869494342066,24000.0,371.67083740234375,9.70001220703125,0.0,0.0
MO,band,0,A,A,ID,4_32,240,284,0.9921214788732394,0.989645124293707,0.10531608067296845,24000.0,308.0574951171875,6.0500030517578125,0.0,0.0
MO,band,0,A,A,ID,4_33,229,151,0.9983226813962232,0.9988812597959389,0.07609147828702022,12000.0,221.9264144897461,3.75,0.0,0.07333333333331615
MO,band,0,A,A,ID,4_38,431,549,0.998317971084317,0.9982221351997809,0.002752264379166068,24000.0,278.7649841308594,6.0,0.0,0.0
MO,band,0,A,A,ID,5_31,125,327,0.9988012232415902,0.9970869547736781,0.5166624790361429,24000.0,440.3407440185547,13.650009155273438,0.0,0.0
MO,band,0,A,A,ID,5_33,121,273,0.9993642720915448,0.9986262808550199,0.2593257817672817,24000.0,279.3905029296875,14.249984741210938,0.0,0.0
MO,band,0,A,A,ID,5_37,704,374,0.9949980250364608,0.9974163752682661,0.008919303795833783,24000.0,238.9873809814453,2.399993896484375,0.0,0.0
MO,band,0,A,A,ID,6_34,229,250,0.9978340611353712,0.9979682310488677,0.3376605234560451,24000.0,213.3616180419922,6.6999969482421875,0.0,0.0
MO,band,0,A,A,ID,6_35,123,287,0.9933712925979434,0.9865608032043733,0.44134676895229513,24000.0,257.7167510986328,5.75,0.0,0.0011111111111434635
MO,band,0,A,A,ID,6_36,347,374,0.9982277427607145,0.9982143034968789,0.021032555881980615,12000.0,237.35494995117188,3.399993896484375,0.0,0.0
MO,band,0,A,A,ID,8_30,193,266,0.9979742101367408,0.9973975989003454,0.22222590453913862,24000.0,197.24205017089844,9.0,0.0,0.0
MO,band,0,A,A,ID,8_36,174,261,0.9941647949971374,0.9918163267054215,0.26605167664293955,24000.0,197.5830841064453,4.899993896484375,0.0,0.0
MO,band,0,A,A,ID,9_32,257,415,0.9974028409357274,0.9960991292891274,0.316090823812992,24000.0,271.4212188720703,12.300003051757812,0.0,0.0
MO,band,0,A,AE,OOD,11_33,91,56,0.8873626373626373,0.9129947788684887,0.4036802459269963,12000.0,109.54548645019531,1.7000045776367188,0.0,0.40888888888754493
MO,band,0,A,AE,OOD,1_37,121,157,0.9603095225561931,0.9438062968538791,0.13174344634132118,24000.0,252.03981018066406,2.3000030517578125,0.0,0.019444444444252702
MO,band,0,A,AE,OOD,1_38,122,180,0.9957650273224044,0.9928327384361879,,12000.0,303.7622833251953,6.0,0.0,0.0011111111110828306
MO,band,0,A,AE,OOD,2_34,31,153,0.9985241408391313,0.9935035842293907,0.7796863263464616,6000.0,292.28448486328125,10.400001525878906,0.0,0.001111111111113147
MO,band,0,A,AE,OOD,3_35,705,392,0.9983282674772037,0.9990114246465504,1.0357666780226191,12000.0,216.0141143798828,2.0,0.0,0.014444444444531546
MO,band,0,A,AE,OOD,4_31,198,953,0.9983094322024018,0.9927274507581187,0.11917411203210233,12000.0,376.30126953125,10.399993896484375,0.0,0.0
MO,band,0,A,AE,OOD,4_32,86,177,0.9997372224412036,0.9994637222606237,0.11917411203210233,12000.0,306.77532958984375,11.4000244140625,0.0,0.0
MO,band,0,A,AE,OOD,4_33,155,225,0.9823942652329749,0.9569784239349446,0.07609147828702022,12000.0,230.63068389892578,9.450004577636719,0.0,0.004444444444391956
MO,band,0,A,AE,OOD,4_38,75,153,0.9958169934640523,0.9914787401654603,0.002752264379166068,6000.0,272.2172393798828,10.100006103515625,0.0,0.0011111111110828306
MO,band,0,A,AE,OOD,5_31,38,254,0.991193535018649,0.9710012216649601,0.11917411203210233,12000.0,426.8851623535156,9.900009155273438,0.0,0.0
MO,band,0,A,AE,OOD,5_33,815,611,0.9996907413171608,0.9997662240055183,0.2593257817672817,12000.0,200.64165496826172,2.0999984741210938,0.0,0.16388888888961362
MO,band,0,A,AE,OOD,6_34,752,684,0.9987129837003857,0.9989404345776326,0.44134676895229513,12000.0,170.95445251464844,6.0,0.0,0.01222222222242652
MO,band,0,A,AE,OOD,6_35,378,404,0.9977277489653728,0.9973307797030961,0.44134676895229513,6000.0,202.98654174804688,5.099998474121094,0.0,0.00888888888895065
MO,band,0,A,AE,OOD,8_30,28,84,1.0,0.9999999999999999,0.22222590453913862,12000.0,169.16060638427734,27.100006103515625,0.0,0.0
MO,band,0,A,AE,OOD,8_36,795,296,0.9689486656467788,0.9834450591990288,0.26605167664293955,24000.0,136.32119750976562,1.0,0.0,0.5122222222230067
MO,band,0,A,AE,OOD,9_34,691,1669,0.9842787391429134,0.9816828573983839,0.8176836000675126,12000.0,167.68180084228516,10.349998474121094,0.0,0.0011111111110828306
MO,band,0,A,AE,OOD,9_35,2280,1154,0.9778835628933686,0.9843435088788084,0.8176836000675126,12000.0,133.0695037841797,1.8000030517578125,0.0,0.20222222222175923
MO,band,0,AE,A,OOD,1_37,100,70,0.9927142857142857,0.994889029702193,0.13174344634132118,24000.0,280.4423828125,2.850006103515625,0.0,0.0
MO,band,0,AE,A,OOD,1_38,186,151,0.9908139286477249,0.9886478195430272,0.13174344634132118,24000.0,303.2459411621094,3.29998779296875,0.0,0.0
MO,band,0,AE,A,OOD,2_34,238,116,0.9955447696319908,0.9978382634700108,0.7796863263464616,24000.0,256.9898223876953,1.9000244140625,0.0,0.0011111111110828306
MO,band,0,AE,A,OOD,3_30,243,453,0.9918603911736117,0.9867784438128993,0.21143112490239685,24000.0,400.00267028808594,8.699996948242188,0.0,0.0
MO,band,0,AE,A,OOD,3_35,299,179,0.9959828852226229,0.9978515341782792,0.2805940702828191,24000.0,237.57411193847656,3.0,0.0,0.0
MO,band,0,AE,A,OOD,3_39,33,79,0.9838895281933256,0.9409146594603255,0.009475983179544482,24000.0,314.1539306640625,7.20001220703125,0.0,0.0011111111110828306
MO,band,0,AE,A,OOD,4_31,31,126,0.9887352790578599,0.9738401383562673,0.35758869494342066,24000.0,371.67083740234375,9.70001220703125,0.0,0.0
MO,band,0,AE,A,OOD,4_32,240,284,0.9912265258215963,0.9867508516156104,0.10531608067296845,24000.0,308.0574951171875,6.0500030517578125,0.0,0.0
MO,band,0,AE,A,OOD,4_33,229,151,0.9990745828392955,0.9994030495947275,0.07609147828702022,12000.0,221.9264144897461,3.75,0.0,0.07333333333331615
MO,band,0,AE,A,OOD,4_38,431,549,0.9979122555669663,0.9980162703255753,0.002752264379166068,24000.0,278.7649841308594,6.0,0.0,0.0
MO,band,0,AE,A,OOD,5_31,125,327,0.9971131498470948,0.9933411361342993,0.5166624790361429,24000.0,440.3407440185547,13.650009155273438,0.0,0.0
MO,band,0,AE,A,OOD,5_33,121,273,0.9973662700935428,0.9951142027943526,0.2593257817672817,24000.0,279.3905029296875,14.249984741210938,0.0,0.0
MO,band,0,AE,A,OOD,5_37,704,374,0.9926584528439475,0.9962208104114769,0.008919303795833783,24000.0,238.9873809814453,2.399993896484375,0.0,0.0
MO,band,0,AE,A,OOD,6_34,229,250,0.9974148471615721,0.9973740310907944,0.3376605234560451,24000.0,213.3616180419922,6.6999969482421875,0.0,0.0
MO,band,0,AE,A,OOD,6_35,123,287,0.9798022718903148,0.9663436560280121,0.44134676895229513,24000.0,257.7167510986328,5.75,0.0,0.0011111111111434635
MO,band,0,AE,A,OOD,6_36,347,374,0.9848741697360107,0.9868778991989829,0.021032555881980615,12000.0,237.35494995117188,3.399993896484375,0.0,0.0
MO,band,0,AE,A,OOD,8_30,193,266,0.9974872414196112,0.9966537289946433,0.22222590453913862,24000.0,197.24205017089844,9.0,0.0,0.0
MO,band,0,AE,A,OOD,8_36,174,261,0.9879992953714714,0.9839242251709281,0.26605167664293955,24000.0,197.5830841064453,4.899993896484375,0.0,0.0
MO,band,0,AE,A,OOD,9_32,257,415,0.9957151563452252,0.9940448810242234,0.316090823812992,24000.0,271.4212188720703,12.300003051757812,0.0,0.0
MO,band,0,AE,AE,ID,11_33,91,56,0.896193092621664,0.9234812406708599,0.4036802459269963,12000.0,109.54548645019531,1.7000045776367188,0.0,0.40888888888754493
MO,band,0,AE,AE,ID,1_37,121,157,0.9791546033584251,0.9578670909787563,0.13174344634132118,24000.0,252.03981018066406,2.3000030517578125,0.0,0.019444444444252702
MO,band,0,AE,AE,ID,1_38,122,180,0.9984061930783241,0.997659647230803,,12000.0,303.7622833251953,6.0,0.0,0.0011111111110828306
MO,band,0,AE,AE,ID,2_34,31,153,0.9987349778621126,0.994768962510898,0.7796863263464616,6000.0,292.28448486328125,10.400001525878906,0.0,0.001111111111113147
MO,band,0,AE,AE,ID,3_35,705,392,0.9998335504414532,0.9999108219325512,1.0357666780226191,12000.0,216.0141143798828,2.0,0.0,0.014444444444531546
MO,band,0,AE,AE,ID,4_31,198,953,0.9970110337371617,0.9874925244173456,0.11917411203210233,12000.0,376.30126953125,10.399993896484375,0.0,0.0
MO,band,0,AE,AE,ID,4_32,86,177,0.9991459729339115,0.998473103124266,0.11917411203210233,12000.0,306.77532958984375,11.4000244140625,0.0,0.0
MO,band,0,AE,AE,ID,4_33,155,225,0.9812186379928316,0.9533929490121403,0.07609147828702022,12000.0,230.63068389892578,9.450004577636719,0.0,0.004444444444391956
MO,band,0,AE,AE,ID,4_38,75,153,0.9975599128540306,0.9951489896844692,0.002752264379166068,6000.0,272.2172393798828,10.100006103515625,0.0,0.0011111111110828306
MO,band,0,AE,AE,ID,5_31,38,254,0.986842105263158,0.9496704068116635,0.11917411203210233,12000.0,426.8851623535156,9.900009155273438,0.0,0.0
MO,band,0,AE,AE,ID,5_33,815,611,0.9990842729910737,0.9991089851437048,0.2593257817672817,12000.0,200.64165496826172,2.0999984741210938,0.0,0.16388888888961362
MO,band,0,AE,AE,ID,6_34,752,684,0.9990629277093442,0.9993184486780433,0.44134676895229513,12000.0,170.95445251464844,6.0,0.0,0.01222222222242652
MO,band,0,AE,AE,ID,6_35,378,404,0.9995219760071246,0.9995080288212885,0.44134676895229513,6000.0,202.98654174804688,5.099998474121094,0.0,0.00888888888895065
MO,band,0,AE,AE,ID,8_30,28,84,1.0,0.9999999999999999,0.22222590453913862,12000.0,169.16060638427734,27.100006103515625,0.0,0.0
MO,band,0,AE,AE,ID,8_36,795,296,0.9963454020057794,0.9986525191718096,0.26605167664293955,24000.0,136.32119750976562,1.0,0.0,0.5122222222230067
MO,band,0,AE,AE,ID,9_34,691,1669,0.9973874491775191,0.9954763376871708,0.8176836000675126,12000.0,167.68180084228516,10.349998474121094,0.0,0.0011111111110828306
MO,band,0,AE,AE,ID,9_35,2280,1154,0.9912124874578125,0.9949706377218822,0.8176836000675126,12000.0,133.0695037841797,1.8000030517578125,0.0,0.20222222222175923
MO,band,1,A,A,ID,10_32,216,409,0.9931291315765644,0.9891384980869824,0.4729255441583248,24000.0,202.36639404296875,9.899993896484375,0.0,0.0
MO,band,1,A,A,ID,11_31,420,94,0.9122847011144883,0.9774986875003508,0.5235868609883852,24000.0,98.51243591308594,0.5999984741210938,0.0,0.0
MO,band,1,A,A,ID,11_32,87,71,0.9962765096325077,0.9968078716406943,0.4729255441583248,12000.0,134.58751678466797,4.450000762939453,0.0,0.0011111111110828306
MO,band,1,A,A,ID,2_30,101,168,0.9979372937293729,0.9966257916656741,0.07415566766461429,12000.0,326.233642578125,8.5999755859375,0.0,0.0
MO,band,1,A,A,ID,2_38,485,446,0.9978734224030327,0.998142653316904,0.027409363478295368,24000.0,296.0066223144531,4.5,0.0,0.0
MO,band,1,A,A,ID,3_31,378,355,0.9939265220955361,0.9949647769522126,0.35758869494342066,24000.0,331.5049743652344,3.0,0.0,0.0
MO,band,1,A,A,ID,3_32,427,261,0.9914398772510701,0.9946517835102691,0.03500388758159386,24000.0,274.49066162109375,2.850006103515625,0.0,0.0
MO,band,1,A,A,ID,3_34,446,325,0.9971576405657123,0.998034036155154,0.06701772509857938,24000.0,248.05284118652344,2.8000030517578125,0.0,0.0011111111110828306
MO,band,1,A,A,ID,4_35,497,233,0.9955872574502811,0.9978634359337236,0.2805940702828191,24000.0,211.3980255126953,2.600006103515625,0.0,0.0
MO,band,1,A,A,ID,4_36,466,194,0.9971903898057608,0.9987359298539173,0.26302432421268096,24000.0,207.7105484008789,1.7500076293945312,0.0,0.005555555555656686
MO,band,1,A,A,ID,5_32,214,384,0.9983693535825545,0.9972417875601995,0.5342934315128861,24000.0,354.8055725097656,8.699981689453125,0.0,0.0
MO,band,1,A,A,ID,5_34,207,402,0.9986300382147235,0.9973620432348802,0.30434951979922176,24000.0,268.8268127441406,7.8000030517578125,0.0,0.0
MO,band,1,A,A,ID,5_38,344,307,0.997983107340353,0.9981480762764101,0.031398820497503394,24000.0,267.5950012207031,4.3000030517578125,0.0,0.0
MO,band,1,A,A,ID,6_30,163,321,0.9978403379011143,0.9948615192913002,0.37284122603906383,24000.0,284.0240783691406,13.100006103515625,0.0,0.0
MO,band,1,A,A,ID,6_37,475,396,0.997384370015949,0.9979506697638478,0.003483385475863923,24000.0,228.9103546142578,3.5,0.0,0.0
MO,band,1,A,A,ID,7_30,209,402,0.9932157394843961,0.9846885439831672,0.7738996452923492,24000.0,292.5455017089844,6.899993896484375,0.0,0.0
MO,band,1,A,A,ID,7_33,234,312,0.9967674775367084,0.9957108707615655,0.10189117831336686,24000.0,283.51995849609375,8.800010681152344,0.0,0.0
MO,band,1,A,A,ID,7_36,402,311,0.9939050727072035,0.9958419075336248,0.028661750620064857,24000.0,216.44369506835938,2.0,0.0,0.0022222222221959776
MO,band,1,A,A,ID,8_32,88,322,0.9988706945228685,0.9958782609413481,0.007851030679286325,24000.0,364.2356414794922,19.800003051757812,0.0,0.0
MO,band,1,A,A,ID,9_30,275,208,0.9640034965034965,0.960078243998122,0.5988157171174375,12000.0,114.81600189208984,2.0,0.0,0.0
MO,band,1,A,AE,OOD,10_32,27,68,1.0,0.9999999999999996,1.3003561069200682,6000.0,181.7618865966797,15.5,0.0,0.0
MO,band,1,A,AE,OOD,11_31,283,201,0.9472250057134821,0.9575525183831476,0.5235868609883852,6000.0,100.23746490478516,1.25,0.0,0.5644444444428076
MO,band,1,A,AE,OOD,11_32,235,577,0.9879420332608134,0.9703340797142601,0.4729255441583248,12000.0,106.55399322509766,1.8999977111816406,0.0,0.22777777777863484
MO,band,1,A,AE,OOD,2_35,445,880,0.9890321756894791,0.9754533929788624,2.8723606250263685,6000.0,272.5167236328125,8.300018310546875,0.0,0.0
MO,band,1,A,AE,OOD,2_38,31,80,0.9963709677419355,0.9923423783985696,0.027409363478295368,24000.0,329.37255859375,9.0,0.0,0.0033333333334000744
MO,band,1,A,AE,OOD,3_32,377,121,0.9985750926189798,0.9995457818350773,,12000.0,264.3999938964844,0.54998779296875,0.0,0.3644444444418677
MO,band,1,A,AE,OOD,3_34,264,92,0.9908596837944664,0.9966698563989358,0.01722234519259071,24000.0,223.41610717773438,2.4500045776367188,0.0,0.10499999999990439
MO,band,1,A,AE,OOD,4_36,1584,228,0.9812073586744638,0.9967257991721818,0.5973077602606178,12000.0,199.6389389038086,1.1999969482421875,0.0,0.11333333333369261
MO,band,1,A,AE,OOD,5_34,28,74,1.0,1.0,0.30434951979922176,12000.0,249.7896499633789,18.800003051757812,0.0,0.0
MO,band,1,A,AE,OOD,9_30,372,553,0.9900591106185226,0.9807469504896777,0.5988157171174375,12000.0,118.14788055419922,6.29998779296875,0.0,0.0022222222221959776
MO,band,1,AE,A,OOD,10_32,216,409,0.9930159376980893,0.9883783634811637,0.4729255441583248,24000.0,202.36639404296875,9.899993896484375,0.0,0.0
MO,band,1,AE,A,OOD,11_31,420,94,0.8676798378926038,0.9574212323706577,0.5235868609883852,24000.0,98.51243591308594,0.5999984741210938,0.0,0.0
MO,band,1,AE,A,OOD,11_32,87,71,0.9953051643192488,0.9961663104072733,0.4729255441583248,12000.0,134.58751678466797,4.450000762939453,0.0,0.0011111111110828306
MO,band,1,AE,A,OOD,2_30,101,168,0.9972890146157474,0.9960718503469844,0.07415566766461429,12000.0,326.233642578125,8.5999755859375,0.0,0.0
MO,band,1,AE,A,OOD,2_38,485,446,0.9985298876612269,0.9986738058162512,0.027409363478295368,24000.0,296.0066223144531,4.5,0.0,0.0
MO,band,1,AE,A,OOD,3_31,378,355,0.98353081451673,0.9867458433569445,0.35758869494342066,24000.0,331.5049743652344,3.0,0.0,0.0
MO,band,1,AE,A,OOD,3_32,427,261,0.9776485683777939,0.986024721620018,0.03500388758159386,24000.0,274.49066162109375,2.850006103515625,0.0,0.0
MO,band,1,AE,A,OOD,3_34,446,325,0.9960952052431873,0.9972915276262699,0.06701772509857938,24000.0,248.05284118652344,2.8000030517578125,0.0,0.0011111111110828306
MO,band,1,AE,A,OOD,4_35,497,233,0.9918480842134352,0.9963027671947077,0.2805940702828191,24000.0,211.3980255126953,2.600006103515625,0.0,0.0
MO,band,1,AE,A,OOD,4_36,466,194,0.9969691606566081,0.9987480216669216,0.26302432421268096,24000.0,207.7105484008789,1.7500076293945312,0.0,0.005555555555656686
MO,band,1,AE,A,OOD,5_32,214,384,0.9967265381619936,0.9950455565792895,0.5342934315128861,24000.0,354.8055725097656,8.699981689453125,0.0,0.0
MO,band,1,AE,A,OOD,5_34,207,402,0.9945081356502512,0.9904491239837905,0.30434951979922176,24000.0,268.8268127441406,7.8000030517578125,0.0,0.0
MO,band,1,AE,A,OOD,5_38,344,307,0.9950003787591848,0.9954436516846347,0.031398820497503394,24000.0,267.5950012207031,4.3000030517578125,0.0,0.0
MO,band,1,AE,A,OOD,6_30,163,321,0.9950499780211379,0.9756596665279111,0.37284122603906383,24000.0,284.0240783691406,13.100006103515625,0.0,0.0
MO,band,1,AE,A,OOD,6_37,475,396,0.9838755980861243,0.9886430178677463,0.003483385475863923,24000.0,228.9103546142578,3.5,0.0,0.0
MO,band,1,AE,A,OOD,7_30,209,402,0.9897045871122856,0.9748589683514877,0.7738996452923492,24000.0,292.5455017089844,6.899993896484375,0.0,0.0
MO,band,1,AE,A,OOD,7_33,234,312,0.9950827306596537,0.9936297619482755,0.10189117831336686,24000.0,283.51995849609375,8.800010681152344,0.0,0.0
MO,band,1,AE,A,OOD,7_36,402,311,0.9710131016941018,0.9818505274444844,0.028661750620064857,24000.0,216.44369506835938,2.0,0.0,0.0022222222221959776
MO,band,1,AE,A,OOD,8_32,88,322,0.9964003387916431,0.9873780167344948,0.007851030679286325,24000.0,364.2356414794922,19.800003051757812,0.0,0.0
MO,band,1,AE,A,OOD,9_30,275,208,0.966048951048951,0.9701419189056828,0.5988157171174375,12000.0,114.81600189208984,2.0,0.0,0.0
MO,band,1,AE,AE,ID,10_32,27,68,0.9989106753812637,0.9974457215836523,1.3003561069200682,6000.0,181.7618865966797,15.5,0.0,0.0
MO,band,1,AE,AE,ID,11_31,283,201,0.9552414605418139,0.9520682474583027,0.5235868609883852,6000.0,100.23746490478516,1.25,0.0,0.5644444444428076
MO,band,1,AE,AE,ID,11_32,235,577,0.9981857738117188,0.9955727587331065,0.4729255441583248,12000.0,106.55399322509766,1.8999977111816406,0.0,0.22777777777863484
MO,band,1,AE,AE,ID,2_35,445,880,0.9931588355464759,0.9762860891346503,2.8723606250263685,6000.0,272.5167236328125,8.300018310546875,0.0,0.0
MO,band,1,AE,AE,ID,2_38,31,80,0.9979838709677419,0.9952727813289726,0.027409363478295368,24000.0,329.37255859375,9.0,0.0,0.0033333333334000744
MO,band,1,AE,AE,ID,3_32,377,121,0.9986847008790583,0.9995886384899253,,12000.0,264.3999938964844,0.54998779296875,0.0,0.3644444444418677
MO,band,1,AE,AE,ID,3_34,264,92,0.9972826086956522,0.9990492585216495,0.01722234519259071,24000.0,223.41610717773438,2.4500045776367188,0.0,0.10499999999990439
MO,band,1,AE,AE,ID,4_36,1584,228,0.9951183989012937,0.999263216867887,0.5973077602606178,12000.0,199.6389389038086,1.1999969482421875,0.0,0.11333333333369261
MO,band,1,AE,AE,ID,5_34,28,74,1.0,1.0,0.30434951979922176,12000.0,249.7896499633789,18.800003051757812,0.0,0.0
MO,band,1,AE,AE,ID,9_30,372,553,0.9912889614808766,0.9835445535400407,0.5988157171174375,12000.0,118.14788055419922,6.29998779296875,0.0,0.0022222222221959776
MO,band,2,A,A,ID,10_31,332,226,0.9644951487365392,0.9714277881938846,0.4729255441583248,24000.0,108.73811340332031,2.1999969482421875,0.0,0.0
MO,band,2,A,A,ID,2_31,268,103,0.9801840312998116,0.9919877301524178,0.8536236821351613,24000.0,277.9482421875,2.199981689453125,0.0,0.0
MO,band,2,A,A,ID,2_32,257,122,0.9716144670536454,0.9872360291651349,0.00018147425668968743,24000.0,260.3229675292969,2.3000030517578125,0.0,0.0011111111111737802
MO,band,2,A,A,ID,2_33,465,95,0.9946123372948501,0.9988975201417595,0.00018147425668968743,24000.0,230.83036041259766,1.6999969482421875,0.0,0.007777777777716238
MO,band,2,A,A,ID,2_37,336,395,0.9891952983725136,0.9804862138872361,0.13174344634132118,24000.0,293.4046630859375,4.5,0.0,0.0
MO,band,2,A,A,ID,3_37,499,345,0.9982109145827888,0.9988806758869861,0.0005719505628920464,24000.0,242.6270523071289,2.7999954223632812,0.0,0.0
MO,band,2,A,A,ID,5_30,119,238,0.9962926347009391,0.992215115771149,0.5166624790361429,24000.0,297.2397155761719,15.79998779296875,0.0,0.0
MO,band,2,A,A,ID,6_33,246,246,0.9972403992332607,0.997367268201942,0.050139001362911974,24000.0,244.51163482666016,6.4499969482421875,0.0,0.0
MO,band,2,A,A,ID,6_38,464,345,0.9983445777111444,0.9988171475033735,0.0014874728536790585,24000.0,222.86569213867188,3.4000091552734375,0.0,0.0
MO,band,2,A,A,ID,6_39,75,130,0.9938461538461538,0.986558530688391,0.0014874728536790585,24000.0,227.806884765625,5.5,0.0,0.0
MO,band,2,A,A,ID,7_32,155,392,0.9976135615536538,0.9944140561325003,0.007851030679286325,24000.0,354.4635314941406,9.899993896484375,0.0,0.0
MO,band,2,A,A,ID,7_37,298,323,0.9968936355891703,0.9968358692262993,0.13886852513391706,24000.0,190.2552032470703,4.20001220703125,0.0,0.0
MO,band,2,A,A,ID,8_33,206,417,0.9976717655002212,0.9954746593947298,0.08576181575407024,24000.0,273.4542236328125,14.70001220703125,0.0,0.0
MO,band,2,A,A,ID,8_34,86,147,0.9996044929599747,0.9993407398730736,0.7424783442009205,24000.0,214.248291015625,10.800003051757812,0.0,0.0011111111110828306
MO,band,2,A,A,ID,8_35,185,282,0.9899367452558943,0.984438645202044,0.5723155650103042,12000.0,202.3678436279297,6.5,0.0,0.0
MO,band,2,A,A,ID,9_33,164,338,0.989933612353875,0.9833953438956288,0.3930006801572047,24000.0,264.36187744140625,13.04998779296875,0.0,0.0
MO,band,2,A,AE,OOD,10_31,173,126,0.987888797137352,0.9900846726257002,1.3003561069200682,12000.0,116.2639389038086,4.299995422363281,0.0,0.004444444444391955
MO,band,2,A,AE,OOD,1_36,322,275,0.9544325239977414,0.9443169231330808,0.6084135391700257,12000.0,237.7047882080078,2.0,0.0,0.42888888888858184
MO,band,2,A,AE,OOD,2_31,46,244,0.998039914468995,0.9929667519181585,0.8536236821351613,6000.0,301.52508544921875,7.3499908447265625,0.0,0.0011111111110828306
MO,band,2,A,AE,OOD,3_37,98,89,0.9996560421921578,0.9996876084685288,,12000.0,237.1079864501953,4.1999969482421875,0.0,0.0011111111109918812
MO,band,2,A,AE,OOD,5_30,176,258,0.9984143763213531,0.9977368605035482,0.5718783671056327,12000.0,260.3618927001953,15.449996948242188,0.0,0.0
MO,band,2,A,AE,OOD,7_37,457,416,0.9946189614543006,0.9919555070148832,0.3491631080575762,24000.0,143.63824462890625,1.6999969482421875,0.0,0.2744444444447048
MO,band,2,A,AE,OOD,8_34,1050,1044,0.9969540229885058,0.9966003877826751,0.7424783442009205,24000.0,173.75218963623047,5.3000030517578125,0.0,0.012222222222274936
MO,band,2,A,AE,OOD,8_35,218,756,0.9961227610310179,0.9863402176052479,0.7424783442009205,12000.0,181.04613494873047,10.349998474121094,0.0,0.002222222222226294
MO,band,2,A,AE,OOD,8_37,36,129,0.9866494401378123,0.9510977672755498,0.028661750620064857,24000.0,138.97679138183594,0.79998779296875,0.0,0.10777777777739925
MO,band,2,A,AE,OOD,9_33,84,405,0.9975308641975308,0.98697164365889,0.7852898238509157,6000.0,202.96554565429688,16.899993896484375,0.0,0.0
MO,band,2,A,AE,OOD,9_36,122,79,0.999896244034032,0.9999333599893376,0.5723155650103042,12000.0,133.22694396972656,1.5999908447265625,0.0,0.5155555555556184
MO,band,2,AE,A,OOD,10_31,332,226,0.96630770871095,0.974514643226071,0.4729255441583248,24000.0,108.73811340332031,2.1999969482421875,0.0,0.0
MO,band,2,AE,A,OOD,2_31,268,103,0.977937980002898,0.9916277510487947,0.8536236821351613,24000.0,277.9482421875,2.199981689453125,0.0,0.0
MO,band,2,AE,A,OOD,2_32,257,122,0.9626522931683358,0.9834556227545591,0.00018147425668968743,24000.0,260.3229675292969,2.3000030517578125,0.0,0.0011111111111737802
MO,band,2,AE,A,OOD,2_33,465,95,0.9924617996604415,0.9984625843738425,0.00018147425668968743,24000.0,230.83036041259766,1.6999969482421875,0.0,0.007777777777716238
MO,band,2,AE,A,OOD,2_37,336,395,0.9882610006027728,0.9817848441481749,0.13174344634132118,24000.0,293.4046630859375,4.5,0.0,0.0
MO,band,2,AE,A,OOD,3_37,499,345,0.9979495222328716,0.9986257746708274,0.0005719505628920464,24000.0,242.6270523071289,2.7999954223632812,0.0,0.0
MO,band,2,AE,A,OOD,5_30,119,238,0.9965397923875432,0.9930053676709037,0.5166624790361429,24000.0,297.2397155761719,15.79998779296875,0.0,0.0
MO,band,2,AE,A,OOD,6_33,246,246,0.9967446625685769,0.9969525631385572,0.050139001362911974,24000.0,244.51163482666016,6.4499969482421875,0.0,0.0
MO,band,2,AE,A,OOD,6_38,464,345,0.9947526236881559,0.996385358044253,0.0014874728536790585,24000.0,222.86569213867188,3.4000091552734375,0.0,0.0
MO,band,2,AE,A,OOD,6_39,75,130,0.9916923076923077,0.9857824596151962,0.0014874728536790585,24000.0,227.806884765625,5.5,0.0,0.0
MO,band,2,AE,A,OOD,7_32,155,392,0.9962969058591178,0.9917285110199013,0.007851030679286325,24000.0,354.4635314941406,9.899993896484375,0.0,0.0
MO,band,2,AE,A,OOD,7_37,298,323,0.9824215097554387,0.9791188872404059,0.13886852513391706,24000.0,190.2552032470703,4.20001220703125,0.0,0.0
MO,band,2,AE,A,OOD,8_33,206,417,0.9948778841004866,0.9896308170107109,0.08576181575407024,24000.0,273.4542236328125,14.70001220703125,0.0,0.0
MO,band,2,AE,A,OOD,8_34,86,147,1.0,1.0,0.7424783442009205,24000.0,214.248291015625,10.800003051757812,0.0,0.0011111111110828306
MO,band,2,AE,A,OOD,8_35,185,282,0.9861797968180946,0.9799273205813608,0.5723155650103042,12000.0,202.3678436279297,6.5,0.0,0.0
MO,band,2,AE,A,OOD,9_33,164,338,0.9871554336845143,0.9798064120479203,0.3930006801572047,24000.0,264.36187744140625,13.04998779296875,0.0,0.0
MO,band,2,AE,AE,ID,10_31,173,126,0.9960088081475365,0.9971224348007127,1.3003561069200682,12000.0,116.2639389038086,4.299995422363281,0.0,0.004444444444391955
MO,band,2,AE,AE,ID,1_36,322,275,0.9906832298136646,0.9913164068479436,0.6084135391700257,12000.0,237.7047882080078,2.0,0.0,0.42888888888858184
MO,band,2,AE,AE,ID,2_31,46,244,0.9968816821097648,0.990606548577563,0.8536236821351613,6000.0,301.52508544921875,7.3499908447265625,0.0,0.0011111111110828306
MO,band,2,AE,AE,ID,3_37,98,89,1.0,1.0,,12000.0,237.1079864501953,4.1999969482421875,0.0,0.0011111111109918812
MO,band,2,AE,AE,ID,5_30,176,258,0.9987226920366455,0.998193037354871,0.5718783671056327,12000.0,260.3618927001953,15.449996948242188,0.0,0.0
MO,band,2,AE,AE,ID,7_37,457,416,0.9968071452617405,0.9969106526592628,0.3491631080575762,24000.0,143.63824462890625,1.6999969482421875,0.0,0.2744444444447048
MO,band,2,AE,AE,ID,8_34,1050,1044,0.9997482211275315,0.9997545274737067,0.7424783442009205,24000.0,173.75218963623047,5.3000030517578125,0.0,0.012222222222274936
MO,band,2,AE,AE,ID,8_35,218,756,0.9975547303528955,0.9926016523773911,0.7424783442009205,12000.0,181.04613494873047,10.349998474121094,0.0,0.002222222222226294
MO,band,2,AE,AE,ID,8_37,36,129,0.9961240310077519,0.9836959638950912,0.028661750620064857,24000.0,138.97679138183594,0.79998779296875,0.0,0.10777777777739925
MO,band,2,AE,AE,ID,9_33,84,405,0.9974426807760141,0.9885943658063681,0.7852898238509157,6000.0,202.96554565429688,16.899993896484375,0.0,0.0
MO,band,2,AE,AE,ID,9_36,122,79,1.0,1.0,0.5723155650103042,12000.0,133.22694396972656,1.5999908447265625,0.0,0.5155555555556184
MO,band,3,A,A,ID,10_30,386,41,0.8972576772399847,0.9823598798193214,0.5988157171174375,12000.0,96.43811798095703,0.5,0.0,0.0
MO,band,3,A,A,ID,10_33,51,130,0.9917043740573152,0.9760156784492572,0.286010608485167,24000.0,176.8852996826172,12.800003051757812,0.0,0.0
MO,band,3,A,A,ID,2_36,184,224,0.992769798136646,0.9902232572602928,0.6084135391700257,24000.0,281.0085144042969,5.0999908447265625,0.0,0.002222222222180819
MO,band,3,A,A,ID,3_33,223,148,0.9892740273906193,0.9909987555571151,0.00018147425668968743,24000.0,232.5275115966797,3.0,0.0,0.005555555555414154
MO,band,3,A,A,ID,3_36,181,193,0.9984255574957777,0.9984077307290621,0.7994141004232664,24000.0,242.5098114013672,4.3000030517578125,0.0,0.0
MO,band,3,A,A,ID,3_38,433,405,0.9985572947851624,0.9987747969793348,0.009475983179544482,24000.0,277.5169219970703,4.300010681152344,0.0,0.0
MO,band,3,A,A,ID,4_30,165,201,0.9965324890698025,0.9964700400045207,0.21143112490239685,24000.0,367.1213684082031,8.75,0.0,0.0
MO,band,3,A,A,ID,4_34,225,362,0.9976058931860037,0.9963160888153846,0.06701772509857938,24000.0,266.82037353515625,4.79998779296875,0.0,0.0
MO,band,3,A,A,ID,4_37,877,317,0.9968849929318835,0.9988286643693945,0.002752264379166068,24000.0,219.25115203857422,1.899993896484375,0.0,0.002222222222180819
MO,band,3,A,A,ID,4_39,44,107,0.9951146983857264,0.9845019853838219,,24000.0,318.61578369140625,6.9000244140625,0.0,0.0
MO,band,3,A,A,ID,5_35,333,278,0.9953442651284379,0.9961898496015917,0.13697587320806656,24000.0,206.5989532470703,3.9000091552734375,0.0,0.0
MO,band,3,A,A,ID,5_36,569,247,0.9961435290267036,0.998388889031127,0.26302432421268096,24000.0,205.19334411621094,1.899993896484375,0.0,0.0022222222221959776
MO,band,3,A,A,ID,6_31,82,142,0.9978529714874613,0.9966877775664241,0.7738996452923492,24000.0,397.7445373535156,11.0,0.0,0.0
MO,band,3,A,A,ID,6_32,271,332,0.9851287067087539,0.9688380326739768,0.5342934315128861,24000.0,314.3052673339844,7.70001220703125,0.0,0.0
MO,band,3,A,A,ID,7_34,317,369,0.9976661280808392,0.9974633977176385,0.28468763611866643,24000.0,219.33895111083984,8.350006103515625,0.0,0.0
MO,band,3,A,A,ID,7_35,303,354,0.9980421770990658,0.9977541297092526,0.3834921317815373,24000.0,230.13064575195312,3.9000091552734375,0.0,0.0011111111110828306
MO,band,3,A,A,ID,7_38,242,191,0.9971658517589027,0.9979378765392589,0.13886852513391706,24000.0,181.99813842773438,3.899993896484375,0.0,0.0
MO,band,3,A,A,ID,7_39,26,51,0.9947209653092006,0.9909475232055875,0.16698555670419252,24000.0,201.66165161132812,5.5,0.0,0.0
MO,band,3,A,A,ID,9_31,270,289,0.9968729975650392,0.9965604740269749,0.05699758091873172,24000.0,166.27963256835938,7.8000030517578125,0.0,0.0
MO,band,3,A,AE,OOD,10_33,680,520,0.9697087104072397,0.9697255485030116,0.4036802459269963,12000.0,114.08560562133789,1.6999969482421875,0.0,0.07111111111145364
MO,band,3,A,AE,OOD,10_35,229,138,0.924182013796595,0.9542748269244932,1.074941964680102,12000.0,127.48023986816406,1.4000091552734375,0.0,0.6633333333330576
MO,band,3,A,AE,OOD,2_36,293,731,0.9941778759285284,0.9844105081570416,1.917699890663913,12000.0,275.2193145751953,8.29998779296875,0.0,0.0022222222221959776
MO,band,3,A,AE,OOD,3_33,180,56,0.9949404761904761,0.9984648903373726,0.01722234519259071,12000.0,223.28912353515625,1.9500045776367188,0.0,0.2849999999999308
MO,band,3,A,AE,OOD,3_36,918,381,0.9921517163295764,0.9961794545822522,1.0357666780226191,12000.0,215.66395568847656,1.1999969482421875,0.0,0.003333333333400074
MO,band,3,A,AE,OOD,3_38,30,92,1.0,0.9999999999999999,0.009475983179544482,6000.0,290.4421691894531,11.650009155273438,0.0,0.0
MO,band,3,A,AE,OOD,4_30,504,406,0.9997165532879819,0.9997688906045744,0.09322943427937713,12000.0,282.4202423095703,4.9499969482421875,0.0,0.06333333333351007
MO,band,3,A,AE,OOD,4_34,167,261,0.9948379103861243,0.9929383391336561,0.01722234519259071,24000.0,248.4139404296875,5.5999908447265625,0.0,0.002222222222180819
MO,band,3,A,AE,OOD,4_37,87,103,1.0,1.0,0.052803991501977766,12000.0,233.76881408691406,4.450004577636719,0.0,0.0
MO,band,3,A,AE,OOD,5_35,694,348,0.9970726092285269,0.9984930737133727,0.09771310042336581,24000.0,182.74840545654297,2.399993896484375,0.0,0.2100000000003394
MO,band,3,A,AE,OOD,5_36,840,190,0.9972619047619048,0.9993621510850836,0.26302432421268096,12000.0,190.51966094970703,1.3000030517578125,0.0,0.07111111111030162
MO,band,3,A,AE,OOD,7_34,478,223,0.9991462934123873,0.9996028851578184,0.29777194234542287,12000.0,160.55174255371094,2.5999908447265625,0.0,0.21666666666569956
MO,band,3,A,AE,OOD,7_35,167,155,1.0,1.0,0.3834921317815373,24000.0,160.58560943603516,4.900001525878906,0.0,0.012222222222290094
MO,band,3,A,AE,OOD,7_38,495,545,0.9814697433046057,0.9767595536131213,0.16698555670419252,12000.0,149.1386489868164,1.100006103515625,0.0,0.17277777777771544
MO,band,3,A,AE,OOD,9_31,182,216,0.9772842897842898,0.9712158883852866,0.05699758091873172,24000.0,127.8993911743164,8.849998474121094,0.0,0.0022222222221959776
MO,band,3,AE,A,OOD,10_30,386,41,0.8896752179957033,0.9841561333693107,0.5988157171174375,12000.0,96.43811798095703,0.5,0.0,0.0
MO,band,3,AE,A,OOD,10_33,51,130,0.9917043740573153,0.9776449781667488,0.286010608485167,24000.0,176.8852996826172,12.800003051757812,0.0,0.0
MO,band,3,AE,A,OOD,2_36,184,224,0.9915081521739131,0.9884924250160475,0.6084135391700257,24000.0,281.0085144042969,5.0999908447265625,0.0,0.002222222222180819
MO,band,3,AE,A,OOD,3_33,223,148,0.9822142770573264,0.9835997304324202,0.00018147425668968743,24000.0,232.5275115966797,3.0,0.0,0.005555555555414154
MO,band,3,AE,A,OOD,3_36,181,193,0.9984541837231271,0.9983912697937092,0.7994141004232664,24000.0,242.5098114013672,4.3000030517578125,0.0,0.0
MO,band,3,AE,A,OOD,3_38,433,405,0.9985915091380835,0.9987992116493016,0.009475983179544482,24000.0,277.5169219970703,4.300010681152344,0.0,0.0
MO,band,3,AE,A,OOD,4_30,165,201,0.9981305593245892,0.9978510683327699,0.21143112490239685,24000.0,367.1213684082031,8.75,0.0,0.0
MO,band,3,AE,A,OOD,4_34,225,362,0.9916267648864334,0.9883873877343375,0.06701772509857938,24000.0,266.82037353515625,4.79998779296875,0.0,0.0
MO,band,3,AE,A,OOD,4_37,877,317,0.9952555492807786,0.998169456412447,0.002752264379166068,24000.0,219.25115203857422,1.899993896484375,0.0,0.002222222222180819
MO,band,3,AE,A,OOD,4_39,44,107,0.9953271028037383,0.9866132993061524,,24000.0,318.61578369140625,6.9000244140625,0.0,0.0
MO,band,3,AE,A,OOD,5_35,333,278,0.9888953701903342,0.9909569876597364,0.13697587320806656,24000.0,206.5989532470703,3.9000091552734375,0.0,0.0
MO,band,3,AE,A,OOD,5_36,569,247,0.9947133617469386,0.9978164309893226,0.26302432421268096,24000.0,205.19334411621094,1.899993896484375,0.0,0.0022222222221959776
MO,band,3,AE,A,OOD,6_31,82,142,0.9983682583304706,0.9976561570493754,0.7738996452923492,24000.0,397.7445373535156,11.0,0.0,0.0
MO,band,3,AE,A,OOD,6_32,271,332,0.9825945849819945,0.9697426861943811,0.5342934315128861,24000.0,314.3052673339844,7.70001220703125,0.0,0.0
MO,band,3,AE,A,OOD,7_34,317,369,0.9964265257794533,0.9962400462428674,0.28468763611866643,24000.0,219.33895111083984,8.350006103515625,0.0,0.0
MO,band,3,AE,A,OOD,7_35,303,354,0.9929331916242472,0.9929096205555819,0.3834921317815373,24000.0,230.13064575195312,3.9000091552734375,0.0,0.0011111111110828306
MO,band,3,AE,A,OOD,7_38,242,191,0.9883388862446455,0.9919446972873245,0.13886852513391706,24000.0,181.99813842773438,3.899993896484375,0.0,0.0
MO,band,3,AE,A,OOD,7_39,26,51,0.9886877828054299,0.9815813899524305,0.16698555670419252,24000.0,201.66165161132812,5.5,0.0,0.0
MO,band,3,AE,A,OOD,9_31,270,289,0.9952454184288094,0.9945763481700796,0.05699758091873172,24000.0,166.27963256835938,7.8000030517578125,0.0,0.0
MO,band,3,AE,AE,ID,10_33,680,520,0.9750933257918553,0.9750567783627163,0.4036802459269963,12000.0,114.08560562133789,1.6999969482421875,0.0,0.07111111111145364
MO,band,3,AE,AE,ID,10_35,229,138,0.980570849946206,0.9877113212459988,1.074941964680102,12000.0,127.48023986816406,1.4000091552734375,0.0,0.6633333333330576
MO,band,3,AE,AE,ID,2_36,293,731,0.9982258162412516,0.995857863585649,1.917699890663913,12000.0,275.2193145751953,8.29998779296875,0.0,0.0022222222221959776
MO,band,3,AE,AE,ID,3_33,180,56,0.995436507936508,0.9986102844241314,0.01722234519259071,12000.0,223.28912353515625,1.9500045776367188,0.0,0.2849999999999308
MO,band,3,AE,AE,ID,3_36,918,381,0.998293105518673,0.9992505533739733,1.0357666780226191,12000.0,215.66395568847656,1.1999969482421875,0.0,0.003333333333400074
MO,band,3,AE,AE,ID,3_38,30,92,1.0,0.9999999999999999,0.009475983179544482,6000.0,290.4421691894531,11.650009155273438,0.0,0.0
MO,band,3,AE,AE,ID,4_30,504,406,1.0,0.9999999999999999,0.09322943427937713,12000.0,282.4202423095703,4.9499969482421875,0.0,0.06333333333351007
MO,band,3,AE,AE,ID,4_34,167,261,0.9930254433661412,0.9903762984049868,0.01722234519259071,24000.0,248.4139404296875,5.5999908447265625,0.0,0.002222222222180819
MO,band,3,AE,AE,ID,4_37,87,103,1.0,1.0,0.052803991501977766,12000.0,233.76881408691406,4.450004577636719,0.0,0.0
MO,band,3,AE,AE,ID,5_35,694,348,0.999987578256981,0.9999937980393535,0.09771310042336581,24000.0,182.74840545654297,2.399993896484375,0.0,0.2100000000003394
MO,band,3,AE,AE,ID,5_36,840,190,0.9996741854636592,0.9999261766237866,0.26302432421268096,12000.0,190.51966094970703,1.3000030517578125,0.0,0.07111111111030162
MO,band,3,AE,AE,ID,7_34,478,223,0.9998217535696193,0.9999176252001314,0.29777194234542287,12000.0,160.55174255371094,2.5999908447265625,0.0,0.21666666666569956
MO,band,3,AE,AE,ID,7_35,167,155,1.0,1.0,0.3834921317815373,24000.0,160.58560943603516,4.900001525878906,0.0,0.012222222222290094
MO,band,3,AE,AE,ID,7_38,495,545,0.988305069039014,0.9856001697989698,0.16698555670419252,12000.0,149.1386489868164,1.100006103515625,0.0,0.17277777777771544
MO,band,3,AE,AE,ID,9_31,182,216,0.9918345543345544,0.9901950141776507,0.05699758091873172,24000.0,127.8993911743164,8.849998474121094,0.0,0.0022222222221959776
MO,shadedX,0,A,A,ID,1_38,186,347,0.6486783799696322,0.480572255861897,0.13174344634132118,24000.0,286.6873779296875,1.699981689453125,0.0,0.0
MO,shadedX,0,A,A,ID,3_35,299,132,0.9785142393838046,0.9902951569244076,0.2805940702828191,24000.0,219.23138427734375,1.3000030517578125,0.0,0.0
MO,shadedX,0,A,A,ID,3_39,33,61,0.7739692001987084,0.6959742642145271,0.009475983179544482,24000.0,269.7640838623047,1.6999969482421875,0.0,0.0
MO,shadedX,0,A,A,ID,4_31,31,35,0.9861751152073732,0.987769550841548,0.35758869494342066,24000.0,343.09100341796875,2.04998779296875,0.0,0.0
MO,shadedX,0,A,A,ID,4_38,431,527,0.7846145718222923,0.772037862608602,0.002752264379166068,24000.0,255.43240356445312,1.6999969482421875,0.0,0.0
MO,shadedX,0,A,A,ID,5_37,704,40,0.9177201704545453,0.9948684508499791,0.008919303795833783,24000.0,224.38121032714844,1.1999969482421875,0.0,0.0
MO,shadedX,0,A,A,ID,6_34,229,269,0.8299053586792423,0.8055581843918541,0.3376605234560451,24000.0,171.90086364746094,3.5999908447265625,0.0,0.0011111111109918812
MO,shadedX,0,A,A,ID,6_35,123,77,0.915531622848696,0.9478193715240497,0.44134676895229513,24000.0,218.49212646484375,1.649993896484375,0.0,0.0011111111110828306
MO,shadedX,0,A,A,ID,8_30,193,43,0.8813110013254609,0.972226120994164,0.22222590453913862,24000.0,160.63674926757812,1.5499992370605469,0.0,0.0
MO,shadedX,0,A,AE,OOD,1_38,122,392,0.7761584141853464,0.6200700822425875,,12000.0,283.9711608886719,1.600006103515625,0.0,0.0
MO,shadedX,0,A,AE,OOD,3_35,705,160,0.8146542553191489,0.9347901231424895,1.0357666780226191,12000.0,214.28285217285156,1.0,0.0,0.08000000000032852
MO,shadedX,0,A,AE,OOD,4_31,198,103,0.8537805236834363,0.9134688875096111,0.11917411203210233,12000.0,336.6300964355469,1.29998779296875,0.0,0.0
MO,shadedX,0,A,AE,OOD,4_38,75,584,0.7066666666666667,0.3562117496909622,0.002752264379166068,6000.0,254.7445831298828,2.100006103515625,0.0,0.0
MO,shadedX,0,A,AE,OOD,6_34,752,369,0.6585185665686444,0.803025065406366,0.44134676895229513,12000.0,167.53778076171875,2.3000030517578125,0.0,0.16333333333066172
MO,shadedX,0,A,AE,OOD,6_35,378,48,0.6188822751322751,0.935517190291184,0.44134676895229513,6000.0,174.23172760009766,1.8000030517578125,0.0,0.27055555555477806
MO,shadedX,0,A,AE,OOD,8_30,28,47,0.8366261398176291,0.8096548482199936,0.22222590453913862,12000.0,122.17232513427734,3.5999984741210938,0.0,0.0
MO,shadedX,0,A,AE,OOD,8_36,795,40,0.5001572327044026,0.9553525490100725,0.26605167664293955,24000.0,135.7432098388672,0.8000030517578125,0.0,0.6588888888890595
MO,shadedX,0,A,AE,OOD,9_34,691,602,0.8350433432215817,0.8662082256124412,0.8176836000675126,12000.0,135.51492309570312,2.8000030517578125,0.0,0.02444444444309468
MO,shadedX,0,A,AE,OOD,9_35,2280,664,0.7540477700274784,0.910634316087525,0.8176836000675126,12000.0,132.40036010742188,1.0,0.0,0.2955555555556724
MO,shadedX,0,AE,A,OOD,1_38,186,347,0.685057791825478,0.5351422192254394,0.13174344634132118,24000.0,286.6873779296875,1.699981689453125,0.0,0.0
MO,shadedX,0,AE,A,OOD,3_35,299,132,0.824364041755346,0.9137638727431264,0.2805940702828191,24000.0,219.23138427734375,1.3000030517578125,0.0,0.0
MO,shadedX,0,AE,A,OOD,3_39,33,61,0.756582215598609,0.696934414086239,0.009475983179544482,24000.0,269.7640838623047,1.6999969482421875,0.0,0.0
MO,shadedX,0,AE,A,OOD,4_31,31,35,0.8248847926267282,0.8135505310014008,0.35758869494342066,24000.0,343.09100341796875,2.04998779296875,0.0,0.0
MO,shadedX,0,AE,A,OOD,4_38,431,527,0.6401731113821174,0.5923530843331366,0.002752264379166068,24000.0,255.43240356445312,1.6999969482421875,0.0,0.0
MO,shadedX,0,AE,A,OOD,5_37,704,40,0.7851562500000001,0.9845542587434477,0.008919303795833783,24000.0,224.38121032714844,1.1999969482421875,0.0,0.0
MO,shadedX,0,AE,A,OOD,6_34,229,269,0.73688738819175,0.6873106715072211,0.3376605234560451,24000.0,171.90086364746094,3.5999908447265625,0.0,0.0011111111109918812
MO,shadedX,0,AE,A,OOD,6_35,123,77,0.7071059022278534,0.7324058781202611,0.44134676895229513,24000.0,218.49212646484375,1.649993896484375,0.0,0.0011111111110828306
MO,shadedX,0,AE,A,OOD,8_30,193,43,0.6795999518014219,0.9123485475165978,0.22222590453913862,24000.0,160.63674926757812,1.5499992370605469,0.0,0.0
MO,shadedX,0,AE,AE,ID,1_38,122,392,0.7792740046838408,0.5212701857729826,,12000.0,283.9711608886719,1.600006103515625,0.0,0.0
MO,shadedX,0,AE,AE,ID,3_35,705,160,0.8775531914893617,0.9704966349501053,1.0357666780226191,12000.0,214.28285217285156,1.0,0.0,0.08000000000032852
MO,shadedX,0,AE,AE,ID,4_31,198,103,0.876238109247818,0.923484961255534,0.11917411203210233,12000.0,336.6300964355469,1.29998779296875,0.0,0.0
MO,shadedX,0,AE,AE,ID,4_38,75,584,0.7713013698630138,0.46688821507358347,0.002752264379166068,6000.0,254.7445831298828,2.100006103515625,0.0,0.0
MO,shadedX,0,AE,AE,ID,6_34,752,369,0.9566828115089661,0.9805427193585463,0.44134676895229513,12000.0,167.53778076171875,2.3000030517578125,0.0,0.16333333333066172
MO,shadedX,0,AE,AE,ID,6_35,378,48,0.9642857142857142,0.9953728190112772,0.44134676895229513,6000.0,174.23172760009766,1.8000030517578125,0.0,0.27055555555477806
MO,shadedX,0,AE,AE,ID,8_30,28,47,0.9863221884498481,0.9806942856942856,0.22222590453913862,12000.0,122.17232513427734,3.5999984741210938,0.0,0.0
MO,shadedX,0,AE,AE,ID,8_36,795,40,0.9604088050314465,0.9980077727932294,0.26605167664293955,24000.0,135.7432098388672,0.8000030517578125,0.0,0.6588888888890595
MO,shadedX,0,AE,AE,ID,9_34,691,602,0.9072339668543349,0.9303376542128254,0.8176836000675126,12000.0,135.51492309570312,2.8000030517578125,0.0,0.02444444444309468
MO,shadedX,0,AE,AE,ID,9_35,2280,664,0.9421151712111604,0.9831132772992168,0.8176836000675126,12000.0,132.40036010742188,1.0,0.0,0.2955555555556724
MO,shadedX,1,A,A,ID,10_32,216,166,0.8673025435073628,0.8971363517226592,0.4729255441583248,24000.0,157.55470275878906,2.6000022888183594,0.0,0.0
MO,shadedX,1,A,A,ID,2_38,485,194,0.7519821447550217,0.8824404028931344,0.027409363478295368,24000.0,285.294189453125,1.699981689453125,0.0,0.0
MO,shadedX,1,A,A,ID,3_32,427,28,0.8762964202074272,0.9893248776150807,0.03500388758159386,24000.0,254.5963134765625,1.4000244140625,0.0,0.0
MO,shadedX,1,A,A,ID,4_35,497,56,0.8442440356424258,0.9784433568315687,0.2805940702828191,24000.0,206.7212677001953,1.399993896484375,0.0,0.0
MO,shadedX,1,A,A,ID,4_36,466,66,0.9034334763948497,0.9808988393267173,0.26302432421268096,24000.0,202.42247772216797,1.0,0.0,0.017222222222314412
MO,shadedX,1,A,A,ID,5_38,344,264,0.7935385835095137,0.8330981820902169,0.031398820497503394,24000.0,247.21742248535156,2.100006103515625,0.0,0.0
MO,shadedX,1,A,A,ID,6_37,475,284,0.7693402520385471,0.8645565382438931,0.003483385475863923,24000.0,215.31822204589844,2.29998779296875,0.0,0.0
MO,shadedX,1,A,A,ID,7_30,209,34,0.9209119054320292,0.9857552181685278,0.7738996452923492,24000.0,255.95248413085938,1.20001220703125,0.0,0.0
MO,shadedX,1,A,A,ID,8_32,88,61,0.7309985096870342,0.8297746781060467,0.007851030679286325,24000.0,320.9244079589844,1.5,0.0,0.0
MO,shadedX,1,A,A,ID,9_30,275,659,0.8112843150779417,0.5154994451843268,0.5988157171174375,12000.0,95.9266357421875,0.8000030517578125,0.0,0.0
MO,shadedX,1,A,AE,OOD,10_32,27,145,0.7862068965517242,0.413877826220863,1.3003561069200682,6000.0,151.27886962890625,2.3999977111816406,0.0,0.0
MO,shadedX,1,A,AE,OOD,11_32,235,44,0.9069632495164409,0.9809707809459121,0.4729255441583248,12000.0,106.08615112304688,0.8000030517578125,0.0,0.549999999999519
MO,shadedX,1,A,AE,OOD,2_35,445,473,0.4526783381238568,0.5178733267375655,2.8723606250263685,6000.0,228.99899291992188,2.0,0.0,0.004444444444482905
MO,shadedX,1,A,AE,OOD,2_38,31,188,0.55044612216884,0.1817146732804991,0.027409363478295368,24000.0,299.2693786621094,1.70001220703125,0.0,0.0
MO,shadedX,1,A,AE,OOD,4_36,1584,75,0.5795707070707071,0.9541491337497614,0.5973077602606178,12000.0,198.4173126220703,1.0,0.0,0.1599999999983227
MO,shadedX,1,A,AE,OOD,9_30,372,679,0.7309215006255246,0.5151905341113764,0.5988157171174375,12000.0,96.7947006225586,1.0,0.0,0.004444444444361638
MO,shadedX,1,AE,A,OOD,10_32,216,166,0.8302933958054439,0.8689418100144557,0.4729255441583248,24000.0,157.55470275878906,2.6000022888183594,0.0,0.0
MO,shadedX,1,AE,A,OOD,2_38,485,194,0.6931023488149645,0.8640168237916033,0.027409363478295368,24000.0,285.294189453125,1.699981689453125,0.0,0.0
MO,shadedX,1,AE,A,OOD,3_32,427,28,0.8049514887922381,0.9816888795454147,0.03500388758159386,24000.0,254.5963134765625,1.4000244140625,0.0,0.0
MO,shadedX,1,AE,A,OOD,4_35,497,56,0.763401839609083,0.9662346627608231,0.2805940702828191,24000.0,206.7212677001953,1.399993896484375,0.0,0.0
MO,shadedX,1,AE,A,OOD,4_36,466,66,0.7209650149564313,0.9513695646360306,0.26302432421268096,24000.0,202.42247772216797,1.0,0.0,0.017222222222314412
MO,shadedX,1,AE,A,OOD,5_38,344,264,0.6156073819591261,0.6966982804320088,0.031398820497503394,24000.0,247.21742248535156,2.100006103515625,0.0,0.0
MO,shadedX,1,AE,A,OOD,6_37,475,284,0.759006671608599,0.8413065864097895,0.003483385475863923,24000.0,215.31822204589844,2.29998779296875,0.0,0.0
MO,shadedX,1,AE,A,OOD,7_30,209,34,0.7607655502392345,0.9545958473188862,0.7738996452923492,24000.0,255.95248413085938,1.20001220703125,0.0,0.0
MO,shadedX,1,AE,A,OOD,8_32,88,61,0.6978390461997019,0.798238324202796,0.007851030679286325,24000.0,320.9244079589844,1.5,0.0,0.0
MO,shadedX,1,AE,A,OOD,9_30,275,659,0.8017381707821769,0.591628329283687,0.5988157171174375,12000.0,95.9266357421875,0.8000030517578125,0.0,0.0
MO,shadedX,1,AE,AE,ID,10_32,27,145,0.8066411238825032,0.5271541864294748,1.3003561069200682,6000.0,151.27886962890625,2.3999977111816406,0.0,0.0
MO,shadedX,1,AE,AE,ID,11_32,235,44,0.9507736943907158,0.9912708730238339,0.4729255441583248,12000.0,106.08615112304688,0.8000030517578125,0.0,0.549999999999519
MO,shadedX,1,AE,AE,ID,2_35,445,473,0.7833052236501414,0.8036646691018936,2.8723606250263685,6000.0,228.99899291992188,2.0,0.0,0.004444444444482905
MO,shadedX,1,AE,AE,ID,2_38,31,188,0.6896019217570349,0.5974141048995973,0.027409363478295368,24000.0,299.2693786621094,1.70001220703125,0.0,0.0
MO,shadedX,1,AE,AE,ID,4_36,1584,75,0.9261531986531986,0.9960931437034359,0.5973077602606178,12000.0,198.4173126220703,1.0,0.0,0.1599999999983227
MO,shadedX,1,AE,AE,ID,9_30,372,679,0.8910439134083963,0.8217942436990875,0.5988157171174375,12000.0,96.7947006225586,1.0,0.0,0.004444444444361638
MO,shadedX,2,A,A,ID,10_31,332,273,0.810373361578181,0.8222404780683973,0.4729255441583248,24000.0,107.23939514160156,0.9000015258789062,0.0,0.0
MO,shadedX,2,A,A,ID,2_31,268,42,0.6210909737029139,0.9141090865189802,0.8536236821351613,24000.0,274.3683624267578,1.699981689453125,0.0,0.0
MO,shadedX,2,A,A,ID,2_32,257,222,0.8837943001367126,0.8907004603908885,0.00018147425668968743,24000.0,237.37062072753906,2.199981689453125,0.0,0.0022222222221959776
MO,shadedX,2,A,A,ID,2_33,465,593,0.9531668751926599,0.9589275347405367,0.00018147425668968743,24000.0,231.6554183959961,2.0,0.0,0.004999999999887896
MO,shadedX,2,A,A,ID,3_37,499,49,0.9148501083800253,0.9902077413999786,0.0005719505628920464,24000.0,227.23653411865234,1.3000030517578125,0.0,0.0
MO,shadedX,2,A,A,ID,5_30,119,28,0.9477791116446579,0.9865742835289388,0.5166624790361429,24000.0,225.63226318359375,2.1999969482421875,0.0,0.008888888889026442
MO,shadedX,2,A,A,ID,6_38,464,326,0.7605180346943092,0.8312268722854437,0.0014874728536790585,24000.0,211.15176391601562,1.4000091552734375,0.0,0.0
MO,shadedX,2,A,A,ID,6_39,75,69,0.7640579710144928,0.755287192340544,0.0014874728536790585,24000.0,212.86425018310547,2.1999969482421875,0.0,0.0
MO,shadedX,2,A,A,ID,7_32,155,61,0.774828133262824,0.9090208628765899,0.007851030679286325,24000.0,321.810302734375,2.100006103515625,0.0,0.0
MO,shadedX,2,A,A,ID,7_37,298,40,0.875755033557047,0.9709674102438681,0.13886852513391706,24000.0,161.90221405029297,1.8499984741210938,0.0,0.002222222222105028
MO,shadedX,2,A,A,ID,8_34,86,216,0.7292204995693368,0.5337871697505909,0.7424783442009205,24000.0,163.8962173461914,3.100006103515625,0.0,0.005555555555596052
MO,shadedX,2,A,A,ID,8_35,185,60,0.9020720720720722,0.9669151194599767,0.5723155650103042,12000.0,167.078857421875,2.0999908447265625,0.0,0.0011111111110828306
MO,shadedX,2,A,A,ID,9_33,164,97,0.7894141312547146,0.8475240809594806,0.3930006801572047,24000.0,208.9061737060547,2.5999908447265625,0.0,0.0
MO,shadedX,2,A,AE,OOD,10_31,173,352,0.7547129532317394,0.6251091061350155,1.3003561069200682,12000.0,108.34369659423828,1.2999954223632812,0.0,0.002222222222286927
MO,shadedX,2,A,AE,OOD,2_31,46,70,0.9152173913043479,0.8932946955787271,0.8536236821351613,6000.0,270.3927917480469,3.0,0.0,0.0022222222221959776
MO,shadedX,2,A,AE,OOD,3_37,98,55,0.8487940630797774,0.9207860819371029,,12000.0,235.27650451660156,1.399993896484375,0.0,0.0022222222220747117
MO,shadedX,2,A,AE,OOD,5_30,176,49,0.9567486085343228,0.986888472716924,0.5718783671056327,12000.0,203.54368591308594,0.8000030517578125,0.0,0.39111111111246327
MO,shadedX,2,A,AE,OOD,7_37,457,60,0.5356673960612691,0.8538169352135537,0.3491631080575762,24000.0,142.72674560546875,1.0,0.0,0.49666666666621045
MO,shadedX,2,A,AE,OOD,8_34,1050,325,0.6669069597069597,0.8555928097720709,0.7424783442009205,24000.0,149.3968963623047,1.8000030517578125,0.0,0.06666666666687981
MO,shadedX,2,A,AE,OOD,8_35,218,49,0.7162516382699868,0.9015339307146697,0.7424783442009205,12000.0,148.22915649414062,1.399993896484375,0.0,0.014444444444289013
MO,shadedX,2,A,AE,OOD,9_33,84,136,0.6804096638655462,0.5273756921529826,0.7852898238509157,6000.0,139.4233627319336,3.3000030517578125,0.0,0.0011111111111283053
MO,shadedX,2,AE,A,OOD,10_31,332,273,0.8513394236285803,0.8515398310826703,0.4729255441583248,24000.0,107.23939514160156,0.9000015258789062,0.0,0.0
MO,shadedX,2,AE,A,OOD,2_31,268,42,0.4613539445628998,0.8693950725740485,0.8536236821351613,24000.0,274.3683624267578,1.699981689453125,0.0,0.0
MO,shadedX,2,AE,A,OOD,2_32,257,222,0.6004662249798436,0.6898036334061604,0.00018147425668968743,24000.0,237.37062072753906,2.199981689453125,0.0,0.0022222222221959776
MO,shadedX,2,AE,A,OOD,2_33,465,593,0.8192460425393027,0.8317072768354051,0.00018147425668968743,24000.0,231.6554183959961,2.0,0.0,0.004999999999887896
MO,shadedX,2,AE,A,OOD,3_37,499,49,0.5433315610813464,0.9237687899574428,0.0005719505628920464,24000.0,227.23653411865234,1.3000030517578125,0.0,0.0
MO,shadedX,2,AE,A,OOD,5_30,119,28,0.8958583433373349,0.9737858973579449,0.5166624790361429,24000.0,225.63226318359375,2.1999969482421875,0.0,0.008888888889026442
MO,shadedX,2,AE,A,OOD,6_38,464,326,0.6496125978421832,0.7371903954716988,0.0014874728536790585,24000.0,211.15176391601562,1.4000091552734375,0.0,0.0
MO,shadedX,2,AE,A,OOD,6_39,75,69,0.7060869565217391,0.7720799389670965,0.0014874728536790585,24000.0,212.86425018310547,2.1999969482421875,0.0,0.0
MO,shadedX,2,AE,A,OOD,7_32,155,61,0.8387096774193548,0.9349153697182342,0.007851030679286325,24000.0,321.810302734375,2.100006103515625,0.0,0.0
MO,shadedX,2,AE,A,OOD,7_37,298,40,0.22516778523489933,0.7773247931847551,0.13886852513391706,24000.0,161.90221405029297,1.8499984741210938,0.0,0.002222222222105028
MO,shadedX,2,AE,A,OOD,8_34,86,216,0.7857988802756245,0.6229810971148748,0.7424783442009205,24000.0,163.8962173461914,3.100006103515625,0.0,0.005555555555596052
MO,shadedX,2,AE,A,OOD,8_35,185,60,0.6801801801801802,0.8717269599937707,0.5723155650103042,12000.0,167.078857421875,2.0999908447265625,0.0,0.0011111111110828306
MO,shadedX,2,AE,A,OOD,9_33,164,97,0.7429595172240381,0.814123190455776,0.3930006801572047,24000.0,208.9061737060547,2.5999908447265625,0.0,0.0
MO,shadedX,2,AE,AE,ID,10_31,173,352,0.9447911192853389,0.9026767671569366,1.3003561069200682,12000.0,108.34369659423828,1.2999954223632812,0.0,0.002222222222286927
MO,shadedX,2,AE,AE,ID,2_31,46,70,0.8891304347826087,0.8434506849607296,0.8536236821351613,6000.0,270.3927917480469,3.0,0.0,0.0022222222221959776
MO,shadedX,2,AE,AE,ID,3_37,98,55,0.5133580705009276,0.6751185340981966,,12000.0,235.27650451660156,1.399993896484375,0.0,0.0022222222220747117
MO,shadedX,2,AE,AE,ID,5_30,176,49,0.9664888682745826,0.9909153820856991,0.5718783671056327,12000.0,203.54368591308594,0.8000030517578125,0.0,0.39111111111246327
MO,shadedX,2,AE,AE,ID,7_37,457,60,0.9606126914660831,0.9946551943807721,0.3491631080575762,24000.0,142.72674560546875,1.0,0.0,0.49666666666621045
MO,shadedX,2,AE,AE,ID,8_34,1050,325,0.9426373626373625,0.9798689198421637,0.7424783442009205,24000.0,149.3968963623047,1.8000030517578125,0.0,0.06666666666687981
MO,shadedX,2,AE,AE,ID,8_35,218,49,0.9387755102040818,0.985567630468575,0.7424783442009205,12000.0,148.22915649414062,1.399993896484375,0.0,0.014444444444289013
MO,shadedX,2,AE,AE,ID,9_33,84,136,0.8945203081232493,0.8594283613750684,0.7852898238509157,6000.0,139.4233627319336,3.3000030517578125,0.0,0.0011111111111283053
MO,shadedX,3,A,A,ID,10_30,386,76,0.9328129260976274,0.9839240028315921,0.5988157171174375,12000.0,96.60230255126953,0.5,0.0,0.0
MO,shadedX,3,A,A,ID,10_33,51,26,0.9147812971342384,0.9613927925742439,0.286010608485167,24000.0,125.1789321899414,2.8000030517578125,0.0,0.0
MO,shadedX,3,A,A,ID,2_36,184,168,0.9646092132505175,0.9705545642032638,0.6084135391700257,24000.0,243.81613159179688,1.5,0.0,0.004444444444391955
MO,shadedX,3,A,A,ID,3_33,223,87,0.9415494046698624,0.9792470986895678,0.00018147425668968743,24000.0,227.21522521972656,2.0,0.0,0.02666666666635173
MO,shadedX,3,A,A,ID,3_36,181,267,0.9622364309806113,0.9519384555658059,0.7994141004232664,24000.0,219.22189331054688,1.1999969482421875,0.0,0.0
MO,shadedX,3,A,A,ID,3_38,433,763,0.7196553049679308,0.6192983603564605,0.009475983179544482,24000.0,258.1552734375,2.0499954223632812,0.0,0.0
MO,shadedX,3,A,A,ID,4_30,165,209,0.9181673191242569,0.9053586755037757,0.21143112490239685,24000.0,285.73500061035156,3.9499969482421875,0.0,0.1077777777776721
MO,shadedX,3,A,A,ID,4_34,225,113,0.8269419862340216,0.9163480345860372,0.06701772509857938,24000.0,244.5642852783203,1.3000030517578125,0.0,0.0
MO,shadedX,3,A,A,ID,4_37,877,162,0.8297858862283036,0.9451957077436158,0.002752264379166068,24000.0,214.6916046142578,1.3000030517578125,0.0,0.002222222222226294
MO,shadedX,3,A,A,ID,5_35,333,75,0.7745345345345345,0.9162820801393681,0.13697587320806656,24000.0,188.41270446777344,2.0,0.0,0.0011111111109918812
MO,shadedX,3,A,A,ID,5_36,569,52,0.7986007841016629,0.973812866521743,0.26302432421268096,24000.0,200.68736267089844,1.1999969482421875,0.0,0.004444444444361638
MO,shadedX,3,A,A,ID,6_31,82,35,0.845993031358885,0.9322163842630187,0.7738996452923492,24000.0,349.5202331542969,1.70001220703125,0.0,0.0
MO,shadedX,3,A,A,ID,7_34,317,54,0.9183315807921486,0.9849983551919457,0.28468763611866643,24000.0,170.3574981689453,2.0,0.0,0.008888888888905176
MO,shadedX,3,A,A,ID,7_38,242,92,0.9908372260150916,0.9966596378461509,0.13886852513391706,24000.0,170.24884796142578,1.5,0.0,0.0
MO,shadedX,3,A,AE,OOD,10_30,43,98,0.9387755102040816,0.8281639196917984,0.5988157171174375,12000.0,95.55940246582031,0.6999969482421875,0.0,0.022222222221929464
MO,shadedX,3,A,AE,OOD,10_33,680,63,0.37287581699346406,0.8945904143730349,0.4036802459269963,12000.0,112.2065658569336,1.0999984741210938,0.0,0.12111111111106017
MO,shadedX,3,A,AE,OOD,2_36,293,192,0.7622653583617748,0.8683749542290202,1.917699890663913,12000.0,233.9828338623047,1.5,0.0,0.010000000000109272
MO,shadedX,3,A,AE,OOD,3_36,918,349,0.5899114182444707,0.7771817277533171,1.0357666780226191,12000.0,210.95774841308594,0.899993896484375,0.0,0.004444444444422272
MO,shadedX,3,A,AE,OOD,3_38,30,906,0.9473877851361295,0.7026106194776071,0.009475983179544482,6000.0,260.6747741699219,2.1999969482421875,0.0,0.0
MO,shadedX,3,A,AE,OOD,4_30,504,199,0.9473259152907394,0.9794520764516452,0.09322943427937713,12000.0,278.2619934082031,0.0,0.0,0.3899999999986525
MO,shadedX,3,A,AE,OOD,4_34,167,101,0.6845912136123791,0.805794300156705,0.01722234519259071,24000.0,225.536376953125,2.25,0.0,0.002222222222226294
MO,shadedX,3,A,AE,OOD,4_37,87,189,0.6413063309615035,0.4324813075150906,0.052803991501977766,12000.0,224.57516479492188,1.8000030517578125,0.0,0.0
MO,shadedX,3,A,AE,OOD,5_35,694,54,0.29819084213896896,0.8637107379712283,0.09771310042336581,24000.0,181.09609985351562,1.399993896484375,0.0,0.4400000000018354
MO,shadedX,3,A,AE,OOD,5_36,840,52,0.6085851648351649,0.9667553767908053,0.26302432421268096,12000.0,190.0077896118164,1.0,0.0,0.1522222222206519
MO,shadedX,3,A,AE,OOD,7_34,478,92,0.6166545388393669,0.9022663628941843,0.29777194234542287,12000.0,159.4434051513672,1.5999908447265625,0.0,0.3277777777773472
MO,shadedX,3,A,AE,OOD,7_38,495,123,0.6343434343434344,0.8756411710489329,0.16698555670419252,12000.0,149.3261947631836,0.899993896484375,0.0,0.31888888888844197
MO,shadedX,3,AE,A,OOD,10_30,386,76,0.7568175620398145,0.9171183946320278,0.5988157171174375,12000.0,96.60230255126953,0.5,0.0,0.0
MO,shadedX,3,AE,A,OOD,10_33,51,26,0.7330316742081447,0.8452550278565938,0.286010608485167,24000.0,125.1789321899414,2.8000030517578125,0.0,0.0
MO,shadedX,3,AE,A,OOD,2_36,184,168,0.6230913561076604,0.7066927480620762,0.6084135391700257,24000.0,243.81613159179688,1.5,0.0,0.004444444444391955
MO,shadedX,3,AE,A,OOD,3_33,223,87,0.8847997525900727,0.9562110563925602,0.00018147425668968743,24000.0,227.21522521972656,2.0,0.0,0.02666666666635173
MO,shadedX,3,AE,A,OOD,3_36,181,267,0.42783537153144213,0.3550485573524278,0.7994141004232664,24000.0,219.22189331054688,1.1999969482421875,0.0,0.0
MO,shadedX,3,AE,A,OOD,3_38,433,763,0.6953710738273317,0.5855547261932067,0.009475983179544482,24000.0,258.1552734375,2.0499954223632812,0.0,0.0
MO,shadedX,3,AE,A,OOD,4_30,165,209,0.760069595476294,0.7776065245873099,0.21143112490239685,24000.0,285.73500061035156,3.9499969482421875,0.0,0.1077777777776721
MO,shadedX,3,AE,A,OOD,4_34,225,113,0.8053490658800393,0.906114663049855,0.06701772509857938,24000.0,244.5642852783203,1.3000030517578125,0.0,0.0
MO,shadedX,3,AE,A,OOD,4_37,877,162,0.7712600475808382,0.9366243549519858,0.002752264379166068,24000.0,214.6916046142578,1.3000030517578125,0.0,0.002222222222226294
MO,shadedX,3,AE,A,OOD,5_35,333,75,0.6122522522522522,0.874233068276723,0.13697587320806656,24000.0,188.41270446777344,2.0,0.0,0.0011111111109918812
MO,shadedX,3,AE,A,OOD,5_36,569,52,0.8345951061241044,0.9809149898442248,0.26302432421268096,24000.0,200.68736267089844,1.1999969482421875,0.0,0.004444444444361638
MO,shadedX,3,AE,A,OOD,6_31,82,35,0.8202090592334494,0.9095481419175622,0.7738996452923492,24000.0,349.5202331542969,1.70001220703125,0.0,0.0
MO,shadedX,3,AE,A,OOD,7_34,317,54,0.714043696693539,0.9410313224107361,0.28468763611866643,24000.0,170.3574981689453,2.0,0.0,0.008888888888905176
MO,shadedX,3,AE,A,OOD,7_38,242,92,0.16901724757455983,0.5579362365271152,0.13886852513391706,24000.0,170.24884796142578,1.5,0.0,0.0
MO,shadedX,3,AE,AE,ID,10_30,43,98,0.9209776934029426,0.7464308480447113,0.5988157171174375,12000.0,95.55940246582031,0.6999969482421875,0.0,0.022222222221929464
MO,shadedX,3,AE,AE,ID,10_33,680,63,0.9732726423902894,0.9975019659873257,0.4036802459269963,12000.0,112.2065658569336,1.0999984741210938,0.0,0.12111111111106017
MO,shadedX,3,AE,AE,ID,2_36,293,192,0.8545044084186575,0.9004150549251776,1.917699890663913,12000.0,233.9828338623047,1.5,0.0,0.010000000000109272
MO,shadedX,3,AE,AE,ID,3_36,918,349,0.8457606856814678,0.9328894971246848,1.0357666780226191,12000.0,210.95774841308594,0.899993896484375,0.0,0.004444444444422272
MO,shadedX,3,AE,AE,ID,3_38,30,906,0.7030537159676232,0.05812259742450422,0.009475983179544482,6000.0,260.6747741699219,2.1999969482421875,0.0,0.0
MO,shadedX,3,AE,AE,ID,4_30,504,199,0.9647144452420834,0.9866543303669231,0.09322943427937713,12000.0,278.2619934082031,0.0,0.0,0.3899999999986525
MO,shadedX,3,AE,AE,ID,4_34,167,101,0.8781644631529021,0.9294365063013317,0.01722234519259071,24000.0,225.536376953125,2.25,0.0,0.002222222222226294
MO,shadedX,3,AE,AE,ID,4_37,87,189,0.8826856413063309,0.6690005346721069,0.052803991501977766,12000.0,224.57516479492188,1.8000030517578125,0.0,0.0
MO,shadedX,3,AE,AE,ID,5_35,694,54,0.9918881417440495,0.9993857031578501,0.09771310042336581,24000.0,181.09609985351562,1.399993896484375,0.0,0.4400000000018354
MO,shadedX,3,AE,AE,ID,5_36,840,52,0.9504349816849816,0.9967733390040183,0.26302432421268096,12000.0,190.0077896118164,1.0,0.0,0.1522222222206519
MO,shadedX,3,AE,AE,ID,7_34,478,92,0.956953792977988,0.9919498139380665,0.29777194234542287,12000.0,159.4434051513672,1.5999908447265625,0.0,0.3277777777773472
MO,shadedX,3,AE,AE,ID,7_38,495,123,0.9060359694506036,0.9754857402761664,0.16698555670419252,12000.0,149.3261947631836,0.899993896484375,0.0,0.31888888888844197
MN,band,0,A,A,ID,-1_45,36,45,0.9753086419753085,0.9602472520608573,0.07991315219414606,24000.0,454.5917053222656,2.79998779296875,0.0,0.0
MN,band,0,A,A,ID,-1_51,514,223,0.6857758545479926,0.8307250870140606,0.0368463588598811,24000.0,297.3211975097656,0.5,0.0,0.0
MN,band,0,A,A,ID,-1_52,246,245,0.8601957856313256,0.8562379708321445,0.0368463588598811,24000.0,305.8612365722656,0.800018310546875,0.0,0.0
MN,band,0,A,A,ID,0_47,52,212,0.9687953555878084,0.9233735376649289,2.050688907604624,12000.0,359.4455871582031,2.29998779296875,0.0,0.0
MN,band,0,A,A,ID,0_48,274,160,0.8818202554744526,0.9331062303209519,1.1148666220638483,12000.0,321.7305908203125,1.20001220703125,0.0,0.0011111111110828306
MN,band,0,A,A,ID,0_50,500,539,0.9824897959183674,0.9792796831474028,,24000.0,353.380615234375,1.699981689453125,0.0,0.03111111111113779
MN,band,0,A,A,ID,0_53,28,62,0.9239631336405529,0.8524229527670606,0.22827972908078495,12000.0,376.62046813964844,0.9499969482421875,0.0,0.0
MN,band,0,A,A,ID,1_49,424,416,0.9812738116835994,0.980085013765313,0.6876319876855833,24000.0,357.3164520263672,1.100006103515625,0.0,0.022222222222444837
MN,band,0,A,A,ID,1_50,300,351,0.9866856600189934,0.9826243176097249,0.028307107467808484,24000.0,390.66595458984375,2.0,0.0,0.004444444444028158
MN,band,0,A,A,ID,1_51,388,368,0.9710681869116987,0.9714068443866226,0.028307107467808484,12000.0,404.9086456298828,1.5,0.0,0.0
MN,band,0,A,A,ID,2_46,257,337,0.9797942477109769,0.9719912610344975,0.00826515733896413,24000.0,315.4730224609375,1.70001220703125,0.0,0.0
MN,band,0,A,A,ID,2_47,95,136,0.9859907120743033,0.9863635452521708,0.6389516122360201,12000.0,307.0498352050781,1.70001220703125,0.0,0.0
MN,band,0,A,A,ID,2_48,343,513,0.9414579532732057,0.9275197385315982,0.20719075193285652,24000.0,320.2840118408203,1.79998779296875,0.0,0.0033333333332484917
MN,band,0,A,A,ID,2_49,327,401,0.9653694509902613,0.9542205983392593,0.010217134580880286,24000.0,333.04090881347656,1.9000091552734375,0.0,0.003333333333400074
MN,band,0,A,A,ID,3_51,300,349,0.9578127984718243,0.9414631030783714,0.04879059345949056,24000.0,384.7186279296875,1.5,0.0,0.004444444444513221
MN,band,0,A,A,ID,3_56,251,89,0.9706343166659206,0.990182151634688,0.00024867286198542566,24000.0,341.895263671875,2.20001220703125,0.0,0.0005555555554807824
MN,band,0,A,A,ID,4_45,147,119,0.9834219402046532,0.987319670860829,0.2386902744023313,12000.0,377.4800109863281,1.4499969482421875,0.0,0.0
MN,band,0,A,A,ID,4_46,243,400,0.9542489711934157,0.9179574934195631,0.8976554945754902,24000.0,369.7815856933594,2.100006103515625,0.0,0.0
MN,band,0,A,A,ID,4_49,842,264,0.917890304469877,0.9651862328872212,0.46193748578503846,12000.0,275.3299865722656,1.20001220703125,0.0,0.003333333333400074
MN,band,0,A,A,ID,5_50,41,40,1.0,1.0,0.11971671588443056,24000.0,257.2259521484375,5.0999908447265625,0.0,0.03888888888899047
MN,band,0,A,A,ID,7_45,35,65,0.9991208791208792,0.998390022675737,0.8435196293063132,12000.0,330.4869689941406,14.949996948242188,0.0,0.0
MN,band,0,A,AE,OOD,-1_51,239,311,0.8579558449595716,0.8579308804167174,0.0368463588598811,12000.0,295.5453643798828,0.600006103515625,0.0,0.0
MN,band,0,A,AE,OOD,-1_52,305,200,0.8680491803278687,0.9168201535531024,1.7049154940954943,12000.0,283.10345458984375,0.699981689453125,0.0,0.0
MN,band,0,A,AE,OOD,-2_53,1437,556,0.8053185843809295,0.91716012325885,1.7049154940954943,12000.0,268.4761657714844,0.5,0.0,0.0
MN,band,0,A,AE,OOD,0_47,406,740,0.9856310744241779,0.979537431828408,2.050688907604624,12000.0,336.34596252441406,1.5,0.0,0.0
MN,band,0,A,AE,OOD,0_48,441,545,0.963664731947825,0.9544737309204493,1.1148666220638483,12000.0,316.6978454589844,1.5,0.0,0.002222222222226294
MN,band,0,A,AE,OOD,1_50,26,41,1.0,1.0,0.5366081860591692,12000.0,386.1762390136719,1.399993896484375,0.0,0.060000000000109986
MN,band,0,A,AE,OOD,2_47,468,552,0.9934813576117925,0.9917343526933349,0.6389516122360201,12000.0,291.2738952636719,2.5,0.0,0.008333333333303128
MN,band,0,A,AE,OOD,2_49,347,423,0.9919131222705936,0.9902887168864013,0.5366081860591692,12000.0,332.5918884277344,1.95001220703125,0.0,0.06888888888910609
MN,band,0,A,AE,OOD,3_51,572,136,0.901403743315508,0.9493823627401912,0.05728302701083551,24000.0,381.781982421875,0.0,0.0,1.0
MN,band,0,A,AE,OOD,3_56,34,53,0.9988901220865705,0.9983660130718954,0.00024867286198542566,24000.0,341.73736572265625,1.600006103515625,0.0,0.0
MN,band,0,A,AE,OOD,4_45,191,255,0.9863258392362181,0.9811182869823738,0.2386902744023313,6000.0,371.45843505859375,1.79998779296875,0.0,0.0022222222220747117
MN,band,0,A,AE,OOD,4_46,73,240,0.9875570776255708,0.9690277185452048,2.246925584008514,6000.0,378.3323669433594,2.79998779296875,0.0,0.0
MN,band,0,A,AE,OOD,4_49,778,685,0.979231794044246,0.9784684427420347,0.46193748578503846,12000.0,273.0,1.600006103515625,0.0,0.022222222222353885
MN,band,0,A,AE,OOD,4_57,104,60,1.0,0.9999999999999998,0.00024867286198542566,24000.0,336.8999938964844,0.0,0.0,0.9877777777783923
MN,band,0,A,AE,OOD,5_49,127,206,0.9745050072624417,0.9697461358501016,0.7469491934770731,6000.0,272.7448425292969,4.20001220703125,0.0,0.006666666666618249
MN,band,0,A,AE,OOD,6_52,42,62,0.7619047619047619,0.6542437911578551,0.009683640362636716,12000.0,183.49000549316406,0.0,0.0,0.9866666666668699
MN,band,0,A,AE,OOD,7_45,258,56,1.0,1.0,0.8435196293063132,12000.0,190.79300689697266,1.5499954223632812,0.0,0.542222222221424
MN,band,0,AE,A,OOD,-1_45,36,45,0.9666666666666667,0.9391812299978619,0.07991315219414606,24000.0,454.5917053222656,2.79998779296875,0.0,0.0
MN,band,0,AE,A,OOD,-1_51,514,223,0.7120535324806756,0.8543856947382364,0.0368463588598811,24000.0,297.3211975097656,0.5,0.0,0.0
MN,band,0,AE,A,OOD,-1_52,246,245,0.8773353243736518,0.8800953017284721,0.0368463588598811,24000.0,305.8612365722656,0.800018310546875,0.0,0.0
MN,band,0,AE,A,OOD,0_47,52,212,0.9320573294629898,0.8651301822116826,2.050688907604624,12000.0,359.4455871582031,2.29998779296875,0.0,0.0
MN,band,0,AE,A,OOD,0_48,274,160,0.8250684306569344,0.9053435566885207,1.1148666220638483,12000.0,321.7305908203125,1.20001220703125,0.0,0.0011111111110828306
MN,band,0,AE,A,OOD,0_50,500,539,0.9823747680890538,0.9804533593475688,,24000.0,353.380615234375,1.699981689453125,0.0,0.03111111111113779
MN,band,0,AE,A,OOD,0_53,28,62,0.9487327188940092,0.8863919780367342,0.22827972908078495,12000.0,376.62046813964844,0.9499969482421875,0.0,0.0
MN,band,0,AE,A,OOD,1_49,424,416,0.9819144593613933,0.982176740880625,0.6876319876855833,24000.0,357.3164520263672,1.100006103515625,0.0,0.022222222222444837
MN,band,0,AE,A,OOD,1_50,300,351,0.9899905033238368,0.9886001144981809,0.028307107467808484,24000.0,390.66595458984375,2.0,0.0,0.004444444444028158
MN,band,0,AE,A,OOD,1_51,388,368,0.9675944083370686,0.9628451429521808,0.028307107467808484,12000.0,404.9086456298828,1.5,0.0,0.0
MN,band,0,AE,A,OOD,2_46,257,337,0.9663545359027353,0.9559080193152893,0.00826515733896413,24000.0,315.4730224609375,1.70001220703125,0.0,0.0
MN,band,0,AE,A,OOD,2_47,95,136,0.9889318885448916,0.9896101723659041,0.6389516122360201,12000.0,307.0498352050781,1.70001220703125,0.0,0.0
MN,band,0,AE,A,OOD,2_48,343,513,0.9364624713711718,0.9210307081392914,0.20719075193285652,24000.0,320.2840118408203,1.79998779296875,0.0,0.0033333333332484917
MN,band,0,AE,A,OOD,2_49,327,401,0.9635849214883282,0.9558562030242946,0.010217134580880286,24000.0,333.04090881347656,1.9000091552734375,0.0,0.003333333333400074
MN,band,0,AE,A,OOD,3_51,300,349,0.9411461318051577,0.9067623339209437,0.04879059345949056,24000.0,384.7186279296875,1.5,0.0,0.004444444444513221
MN,band,0,AE,A,OOD,3_56,251,89,0.9584135368637808,0.9864798390155003,0.00024867286198542566,24000.0,341.895263671875,2.20001220703125,0.0,0.0005555555554807824
MN,band,0,AE,A,OOD,4_45,147,119,0.9810781455439319,0.984567645704796,0.2386902744023313,12000.0,377.4800109863281,1.4499969482421875,0.0,0.0
MN,band,0,AE,A,OOD,4_46,243,400,0.942232510288066,0.885636825507074,0.8976554945754902,24000.0,369.7815856933594,2.100006103515625,0.0,0.0
MN,band,0,AE,A,OOD,4_49,842,264,0.9122669689771827,0.967184330923943,0.46193748578503846,12000.0,275.3299865722656,1.20001220703125,0.0,0.003333333333400074
MN,band,0,AE,A,OOD,5_50,41,40,1.0,1.0,0.11971671588443056,24000.0,257.2259521484375,5.0999908447265625,0.0,0.03888888888899047
MN,band,0,AE,A,OOD,7_45,35,65,0.9973626373626373,0.9952218973713889,0.8435196293063132,12000.0,330.4869689941406,14.949996948242188,0.0,0.0
MN,band,0,AE,AE,ID,-1_51,239,311,0.908447577661478,0.9043336050679679,0.0368463588598811,12000.0,295.5453643798828,0.600006103515625,0.0,0.0
MN,band,0,AE,AE,ID,-1_52,305,200,0.9011803278688524,0.9352392269920184,1.7049154940954943,12000.0,283.10345458984375,0.699981689453125,0.0,0.0
MN,band,0,AE,AE,ID,-2_53,1437,556,0.8532714538181563,0.9375423728900578,1.7049154940954943,12000.0,268.4761657714844,0.5,0.0,0.0
MN,band,0,AE,AE,ID,0_47,406,740,0.991013180668353,0.9874493160950858,2.050688907604624,12000.0,336.34596252441406,1.5,0.0,0.0
MN,band,0,AE,AE,ID,0_48,441,545,0.944617112900206,0.9482510747743694,1.1148666220638483,12000.0,316.6978454589844,1.5,0.0,0.002222222222226294
MN,band,0,AE,AE,ID,1_50,26,41,1.0,0.9999999999999999,0.5366081860591692,12000.0,386.1762390136719,1.399993896484375,0.0,0.060000000000109986
MN,band,0,AE,AE,ID,2_47,468,552,0.9995161340270036,0.9994637663046277,0.6389516122360201,12000.0,291.2738952636719,2.5,0.0,0.008333333333303128
MN,band,0,AE,AE,ID,2_49,347,423,0.994038737983799,0.9904623760054815,0.5366081860591692,12000.0,332.5918884277344,1.95001220703125,0.0,0.06888888888910609
MN,band,0,AE,AE,ID,3_51,572,136,0.9292986425339367,0.974541903291497,0.05728302701083551,24000.0,381.781982421875,0.0,0.0,1.0
MN,band,0,AE,AE,ID,3_56,34,53,1.0,1.0,0.00024867286198542566,24000.0,341.73736572265625,1.600006103515625,0.0,0.0
MN,band,0,AE,AE,ID,4_45,191,255,0.988789651986449,0.9844728801364573,0.2386902744023313,6000.0,371.45843505859375,1.79998779296875,0.0,0.0022222222220747117
MN,band,0,AE,AE,ID,4_46,73,240,0.9840182648401827,0.9607082350377771,2.246925584008514,6000.0,378.3323669433594,2.79998779296875,0.0,0.0
MN,band,0,AE,AE,ID,4_49,778,685,0.9758373519974479,0.974505095823102,0.46193748578503846,12000.0,273.0,1.600006103515625,0.0,0.022222222222353885
MN,band,0,AE,AE,ID,4_57,104,60,1.0,0.9999999999999999,0.00024867286198542566,24000.0,336.8999938964844,0.0,0.0,0.9877777777783923
MN,band,0,AE,AE,ID,5_49,127,206,0.9980888311291186,0.996901119368689,0.7469491934770731,6000.0,272.7448425292969,4.20001220703125,0.0,0.006666666666618249
MN,band,0,AE,AE,ID,6_52,42,62,0.9765745007680492,0.9534925229072394,0.009683640362636716,12000.0,183.49000549316406,0.0,0.0,0.9866666666668699
MN,band,0,AE,AE,ID,7_45,258,56,0.9997231450719822,0.9999397896378415,0.8435196293063132,12000.0,190.79300689697266,1.5499954223632812,0.0,0.542222222221424
MN,band,1,A,A,ID,-1_53,73,164,0.9434513865686602,0.9271005521418804,0.6816075160735557,24000.0,350.92938232421875,1.4000244140625,0.0,0.0
MN,band,1,A,A,ID,-2_57,247,222,0.8990589780063465,0.9171084347313699,0.662416951190483,12000.0,248.92884826660156,0.70001220703125,0.0,0.002222222222226294
MN,band,1,A,A,ID,0_46,151,245,0.9696715772401676,0.9439115996503203,0.07991315219414606,24000.0,449.835205078125,1.70001220703125,0.0,0.0
MN,band,1,A,A,ID,0_51,93,54,0.9305057745917962,0.9176119727311545,,24000.0,384.1332092285156,0.0,0.0,0.4133333333340893
MN,band,1,A,A,ID,0_55,137,198,0.8980682739806827,0.8733688944712653,0.5944916975356539,24000.0,352.5145568847656,0.600006103515625,0.0,0.0
MN,band,1,A,A,ID,0_57,259,185,0.7569445893770217,0.8341936222086923,0.17764213535066115,24000.0,330.4100036621094,0.79998779296875,0.0,0.0
MN,band,1,A,A,ID,1_48,218,155,0.9700799052974253,0.9792224861876236,0.9817638951084386,24000.0,335.927001953125,1.100006103515625,0.0,0.0011111111111737802
MN,band,1,A,A,ID,1_56,104,202,0.9763423457730388,0.9612923992538216,,24000.0,365.11927795410156,1.100006103515625,0.0,0.0
MN,band,1,A,A,ID,2_50,221,368,0.964784576037773,0.9452892526214455,0.4158517525221228,24000.0,341.20001220703125,2.100006103515625,0.0,0.0
MN,band,1,A,A,ID,3_46,318,361,0.9911235387376087,0.9897506411020224,0.6207075877822058,24000.0,313.3183288574219,1.9000244140625,0.0,0.0
MN,band,1,A,A,ID,3_53,164,135,0.9775519421860885,0.976324470065905,0.004580655015265267,24000.0,389.9850158691406,1.79998779296875,0.0,0.028888888889123714
MN,band,1,A,A,ID,3_55,86,35,0.9764119601328904,0.9894111021773151,0.00024867286198542566,24000.0,378.2423400878906,1.399993896484375,0.0,0.0
MN,band,1,A,A,ID,4_47,264,498,0.9738271266885724,0.9529726665003853,0.8976554945754902,24000.0,333.5351867675781,3.20001220703125,0.0,0.0
MN,band,1,A,A,ID,4_54,154,201,0.9443367577695936,0.9049092470592713,0.009683640362636716,24000.0,418.3399963378906,2.100006103515625,0.0,0.006666666666709198
MN,band,1,A,A,ID,4_56,361,206,0.9721512519161983,0.9835897533146646,0.009683640362636716,24000.0,346.9862060546875,1.29998779296875,0.0,0.011111111111192104
MN,band,1,A,A,ID,5_47,77,261,0.9994028959546202,0.9980685015762033,1.6744062092218928,24000.0,336.80010986328125,8.70001220703125,0.0,0.0
MN,band,1,A,A,ID,5_55,277,193,0.9752903986083312,0.9779176815235113,0.009683640362636716,24000.0,413.8999938964844,1.1999969482421875,0.0,0.009999999999821268
MN,band,1,A,A,ID,6_46,184,251,0.9968387320284081,0.9956298861599515,0.41482021786023643,12000.0,324.34930419921875,6.70001220703125,0.0,0.0
MN,band,1,A,A,ID,6_55,310,102,0.9707463630613535,0.9817074247484506,0.009683640362636716,24000.0,430.2000274658203,0.0,0.0,0.4688888888885943
MN,band,1,A,AE,OOD,-1_53,524,621,0.8706192917112267,0.8845298823441077,0.6816075160735557,24000.0,277.5527038574219,0.600006103515625,0.0,0.0
MN,band,1,A,AE,OOD,-1_54,318,190,0.7626448195961602,0.8547323343716178,0.6816075160735557,24000.0,272.8900909423828,0.5,0.0,0.0
MN,band,1,A,AE,OOD,-2_49,28,50,1.0,1.0,0.908195597596609,12000.0,333.472412109375,1.100006103515625,0.0,0.061666666666203684
MN,band,1,A,AE,OOD,-2_54,447,211,0.8976112471770731,0.9541610306081842,0.6816075160735557,24000.0,264.3416748046875,0.54998779296875,0.0,0.0
MN,band,1,A,AE,OOD,-2_55,100,129,0.7954263565891473,0.7094580366440255,0.3880379033230242,12000.0,247.97177124023438,0.5,0.0,0.01222222222212335
MN,band,1,A,AE,OOD,-2_57,702,223,0.8495458203978383,0.9421179096074881,0.662416951190483,12000.0,242.10397338867188,0.79998779296875,0.0,0.1211111111090896
MN,band,1,A,AE,OOD,0_55,116,226,0.9679966432712848,0.9490912176799392,0.5944916975356539,12000.0,350.5399932861328,0.699981689453125,0.0,0.0
MN,band,1,A,AE,OOD,0_57,832,417,0.9235697980077475,0.9627715617086678,0.17764213535066115,24000.0,317.05999755859375,0.600006103515625,0.0,0.004444444444513221
MN,band,1,A,AE,OOD,1_48,92,272,0.9915680946291561,0.9786467552707904,0.9817638951084386,12000.0,313.6524963378906,2.5,0.0,0.0
MN,band,1,A,AE,OOD,2_50,140,374,0.9972880061115355,0.9942793664263269,0.4158517525221228,12000.0,321.2271728515625,2.399993896484375,0.0,0.0
MN,band,1,A,AE,OOD,3_46,35,54,1.0,1.0,0.6207075877822058,6000.0,299.19366455078125,2.5,0.0,0.0
MN,band,1,A,AE,OOD,3_53,278,172,0.9872845909319057,0.9906607762445813,0.004580655015265267,12000.0,388.29273986816406,0.79998779296875,0.0,0.3222222222234792
MN,band,1,A,AE,OOD,4_47,219,526,0.9909196659548241,0.975552651111023,1.8460849614041832,24000.0,308.30340576171875,3.5999755859375,0.0,0.0
MN,band,1,A,AE,OOD,4_48,806,1579,0.9872520378352979,0.9764626392524677,0.9978058430098368,6000.0,267.0167236328125,4.199981689453125,0.0,0.0033333333333091246
MN,band,1,A,AE,OOD,4_56,551,94,0.9577943391126386,0.9924935971146801,0.00024867286198542566,24000.0,336.9068908691406,0.0,0.0,0.43555555555413894
MN,band,1,A,AE,OOD,5_47,154,417,0.9928524712697374,0.9751336360800055,1.7665504830856904,12000.0,302.0928955078125,9.899993896484375,0.0,0.0
MN,band,1,AE,A,OOD,-1_53,73,164,0.9589876378215837,0.9376910519173369,0.6816075160735557,24000.0,350.92938232421875,1.4000244140625,0.0,0.0
MN,band,1,AE,A,OOD,-2_57,247,222,0.8634423897581792,0.896445949268206,0.662416951190483,12000.0,248.92884826660156,0.70001220703125,0.0,0.002222222222226294
MN,band,1,AE,A,OOD,0_46,151,245,0.9390998783619409,0.8971116060890512,0.07991315219414606,24000.0,449.835205078125,1.70001220703125,0.0,0.0
MN,band,1,AE,A,OOD,0_51,93,54,0.9579848665870172,0.9566539192412593,,24000.0,384.1332092285156,0.0,0.0,0.4133333333340893
MN,band,1,AE,A,OOD,0_55,137,198,0.8588070485880704,0.8237041587423763,0.5944916975356539,24000.0,352.5145568847656,0.600006103515625,0.0,0.0
MN,band,1,AE,A,OOD,0_57,259,185,0.8351873108629865,0.8778166023719505,0.17764213535066115,24000.0,330.4100036621094,0.79998779296875,0.0,0.0
MN,band,1,AE,A,OOD,1_48,218,155,0.9657591003255401,0.976000536811573,0.9817638951084386,24000.0,335.927001953125,1.100006103515625,0.0,0.0011111111111737802
MN,band,1,AE,A,OOD,1_56,104,202,0.9456873571972583,0.9220273157575382,,24000.0,365.11927795410156,1.100006103515625,0.0,0.0
MN,band,1,AE,A,OOD,2_50,221,368,0.9491565020657093,0.9244489066775387,0.4158517525221228,24000.0,341.20001220703125,2.100006103515625,0.0,0.0
MN,band,1,AE,A,OOD,3_46,318,361,0.9815327793167128,0.9761616681770214,0.6207075877822058,24000.0,313.3183288574219,1.9000244140625,0.0,0.0
MN,band,1,AE,A,OOD,3_53,164,135,0.975338753387534,0.9773938236822362,0.004580655015265267,24000.0,389.9850158691406,1.79998779296875,0.0,0.028888888889123714
MN,band,1,AE,A,OOD,3_55,86,35,0.9491694352159469,0.9802266130191697,0.00024867286198542566,24000.0,378.2423400878906,1.399993896484375,0.0,0.0
MN,band,1,AE,A,OOD,4_47,264,498,0.9679703663137398,0.9409431185182457,0.8976554945754902,24000.0,333.5351867675781,3.20001220703125,0.0,0.0
MN,band,1,AE,A,OOD,4_54,154,201,0.9688247076306777,0.9604706612966951,0.009683640362636716,24000.0,418.3399963378906,2.100006103515625,0.0,0.006666666666709198
MN,band,1,AE,A,OOD,4_56,361,206,0.9787537315439852,0.9881299409517249,0.009683640362636716,24000.0,346.9862060546875,1.29998779296875,0.0,0.011111111111192104
MN,band,1,AE,A,OOD,5_47,77,261,0.9970642384435489,0.9911722596905307,1.6744062092218928,24000.0,336.80010986328125,8.70001220703125,0.0,0.0
MN,band,1,AE,A,OOD,5_55,277,193,0.9728587194403397,0.9771190433709793,0.009683640362636716,24000.0,413.8999938964844,1.1999969482421875,0.0,0.009999999999821268
MN,band,1,AE,A,OOD,6_46,184,251,0.9941971245452971,0.9924074757537725,0.41482021786023643,12000.0,324.34930419921875,6.70001220703125,0.0,0.0
MN,band,1,AE,A,OOD,6_55,310,102,0.969797596457938,0.9856444534514006,0.009683640362636716,24000.0,430.2000274658203,0.0,0.0,0.4688888888885943
MN,band,1,AE,AE,ID,-1_53,524,621,0.9128898231121928,0.915577262877123,0.6816075160735557,24000.0,277.5527038574219,0.600006103515625,0.0,0.0
MN,band,1,AE,AE,ID,-1_54,318,190,0.799751737835154,0.8767506677354566,0.6816075160735557,24000.0,272.8900909423828,0.5,0.0,0.0
MN,band,1,AE,AE,ID,-2_49,28,50,1.0,1.0,0.908195597596609,12000.0,333.472412109375,1.100006103515625,0.0,0.061666666666203684
MN,band,1,AE,AE,ID,-2_54,447,211,0.8204883531070751,0.9237299514252963,0.6816075160735557,24000.0,264.3416748046875,0.54998779296875,0.0,0.0
MN,band,1,AE,AE,ID,-2_55,100,129,0.8863565891472869,0.765637161479358,0.3880379033230242,12000.0,247.97177124023438,0.5,0.0,0.01222222222212335
MN,band,1,AE,AE,ID,-2_57,702,223,0.915999131245768,0.9692657738646522,0.662416951190483,12000.0,242.10397338867188,0.79998779296875,0.0,0.1211111111090896
MN,band,1,AE,AE,ID,0_55,116,226,0.9467882209337809,0.9186819511447087,0.5944916975356539,12000.0,350.5399932861328,0.699981689453125,0.0,0.0
MN,band,1,AE,AE,ID,0_57,832,417,0.9366036017339976,0.9698046536526931,0.17764213535066115,24000.0,317.05999755859375,0.600006103515625,0.0,0.004444444444513221
MN,band,1,AE,AE,ID,1_48,92,272,0.9992007672634271,0.9979157212326919,0.9817638951084386,12000.0,313.6524963378906,2.5,0.0,0.0
MN,band,1,AE,AE,ID,2_50,140,374,0.9977272727272727,0.9943328811952977,0.4158517525221228,12000.0,321.2271728515625,2.399993896484375,0.0,0.0
MN,band,1,AE,AE,ID,3_46,35,54,1.0,1.0,0.6207075877822058,6000.0,299.19366455078125,2.5,0.0,0.0
MN,band,1,AE,AE,ID,3_53,278,172,0.9865735318721767,0.9894759867774312,0.004580655015265267,12000.0,388.29273986816406,0.79998779296875,0.0,0.3222222222234792
MN,band,1,AE,AE,ID,4_47,219,526,0.991501293470146,0.9827134139496214,1.8460849614041832,24000.0,308.30340576171875,3.5999755859375,0.0,0.0
MN,band,1,AE,AE,ID,4_48,806,1579,0.9953680204042826,0.9918645009555901,0.9978058430098368,6000.0,267.0167236328125,4.199981689453125,0.0,0.0033333333333091246
MN,band,1,AE,AE,ID,4_56,551,94,0.9782793373749855,0.996388696519469,0.00024867286198542566,24000.0,336.9068908691406,0.0,0.0,0.43555555555413894
MN,band,1,AE,AE,ID,5_47,154,417,0.9946121025257716,0.9779516164312015,1.7665504830856904,12000.0,302.0928955078125,9.899993896484375,0.0,0.0
MN,band,2,A,A,ID,-1_46,200,282,0.9749645390070922,0.9508157788292426,0.0499285189947756,24000.0,504.1217041015625,2.29998779296875,0.0,0.0
MN,band,2,A,A,ID,-1_47,193,397,0.9700995810548021,0.9480447098832715,2.050688907604624,24000.0,525.6278686523438,3.0,0.0,0.0
MN,band,2,A,A,ID,-1_48,146,245,0.9635448700027957,0.9371839499618866,1.7207656496067605,24000.0,346.1590576171875,1.4000244140625,0.0,0.0
MN,band,2,A,A,ID,-1_50,49,98,0.9006663890045814,0.7345405234611744,,24000.0,335.3329162597656,1.399993896484375,0.0,0.02000000000000633
MN,band,2,A,A,ID,-1_55,53,182,0.9956458635703919,0.9898814144755347,0.3880379033230242,24000.0,325.60150146484375,1.0,0.0,0.0
MN,band,2,A,A,ID,-1_57,988,436,0.8228953868439624,0.9161622581599582,0.17764213535066115,24000.0,311.8999938964844,0.600006103515625,0.0,0.002222222222317244
MN,band,2,A,A,ID,-2_52,130,48,0.7623397435897435,0.9097463892353945,0.0368463588598811,12000.0,284.60157775878906,0.600006103515625,0.0,0.0
MN,band,2,A,A,ID,-2_56,236,289,0.8187936191425723,0.8193761842715838,0.3880379033230242,24000.0,250.94175720214844,0.5999908447265625,0.0,0.005555555555656686
MN,band,2,A,A,ID,0_49,298,297,0.9758773416491537,0.9767679135231336,0.6876319876855833,24000.0,318.41387939453125,1.100006103515625,0.0,0.0
MN,band,2,A,A,ID,0_54,96,159,0.9461477987421385,0.9325210311904687,0.22827972908078495,24000.0,389.4051818847656,1.5,0.0,0.0011111111111434635
MN,band,2,A,A,ID,1_47,180,282,0.948049645390071,0.9310054840291485,0.6389516122360201,24000.0,322.1437072753906,1.600006103515625,0.0,0.0
MN,band,2,A,A,ID,2_51,348,514,0.9724160293394158,0.9525071773843042,0.01363070594942965,24000.0,363.7900085449219,2.199981689453125,0.0,0.0
MN,band,2,A,A,ID,2_52,793,306,0.9428949385554979,0.9565833877262999,0.04879059345949056,24000.0,367.9200134277344,0.0,0.0,0.5711111111098195
MN,band,2,A,A,ID,3_48,149,314,0.9270722010857949,0.865794188116185,0.6673535666313604,12000.0,295.6038513183594,3.300018310546875,0.0,0.0
MN,band,2,A,A,ID,3_50,454,511,0.9593696388699708,0.9557630438840282,0.12029109045002201,24000.0,309.8741455078125,1.600006103515625,0.0,0.0
MN,band,2,A,A,ID,3_52,294,379,0.9339830919175057,0.9054198560014627,0.04879059345949056,24000.0,381.4018249511719,2.100006103515625,0.0,0.04666666666578207
MN,band,2,A,A,ID,4_55,206,215,0.9699932264619553,0.9616046588113792,0.009683640362636716,24000.0,393.1087951660156,1.399993896484375,0.0,0.0
MN,band,2,A,A,ID,5_51,209,155,0.974409631115913,0.9802862617040813,0.11971671588443056,24000.0,310.6081237792969,2.399993896484375,0.0,0.0
MN,band,2,A,A,ID,5_53,479,214,0.9647727937876807,0.9829687880131371,0.009683640362636716,24000.0,416.95404052734375,1.20001220703125,0.0,0.017777777777992252
MN,band,2,A,A,ID,5_54,253,109,0.9755593429307031,0.9892789369491815,0.009683640362636716,24000.0,436.4792022705078,1.6999969482421875,0.0,0.008888888888374639
MN,band,2,A,A,ID,5_56,338,123,0.994924712560735,0.9980383828451783,0.009683640362636716,24000.0,360.94000244140625,0.0,0.0,0.4900000000001378
MN,band,2,A,A,ID,6_53,81,91,0.9632342965676299,0.9605791301078898,0.009683640362636716,24000.0,425.0563049316406,2.4499969482421875,0.0,0.002222222222286927
MN,band,2,A,A,ID,6_54,61,41,0.9784086365453818,0.9846357016338096,0.009683640362636716,24000.0,475.25355529785156,2.25,0.0,0.0
MN,band,2,A,AE,OOD,-1_48,697,681,0.9721356684932487,0.9742017306499234,1.7207656496067605,12000.0,336.3585205078125,1.29998779296875,0.0,0.0022222222220443953
MN,band,2,A,AE,OOD,-1_50,30,110,0.9218181818181818,0.8322144681241306,0.908195597596609,12000.0,337.1890106201172,1.0,0.0,0.06055555555571204
MN,band,2,A,AE,OOD,-2_50,47,88,0.9816247582205029,0.9630885322671899,0.908195597596609,12000.0,331.98260498046875,1.300018310546875,0.0,0.008888888888996126
MN,band,2,A,AE,OOD,-2_52,144,430,0.9542797157622739,0.9118832362043903,1.7049154940954943,12000.0,279.1791687011719,0.5,0.0,0.0
MN,band,2,A,AE,OOD,-2_56,964,516,0.8316426227926277,0.9078359396195168,0.3880379033230242,12000.0,244.11511993408203,0.600006103515625,0.0,0.07055555555482086
MN,band,2,A,AE,OOD,0_49,139,245,0.9589193950961681,0.9135289914239757,0.6876319876855833,6000.0,309.84754943847656,0.95001220703125,0.0,0.0
MN,band,2,A,AE,OOD,1_47,459,644,0.994029012571212,0.9912361236977706,1.5555338806167271,12000.0,309.48193359375,2.0,0.0,0.0
MN,band,2,A,AE,OOD,2_51,84,242,0.943870523415978,0.811447499982361,0.01363070594942965,24000.0,364.073974609375,2.79998779296875,0.0,0.0
MN,band,2,A,AE,OOD,2_52,49,60,0.935374149659864,0.9335497922127617,0.04879059345949056,24000.0,365.72540283203125,1.9000244140625,0.0,0.05888888888917874
MN,band,2,A,AE,OOD,3_48,1079,977,0.9830845308641858,0.9843716227068204,0.6673535666313604,6000.0,283.0199890136719,2.29998779296875,0.0,0.04333333333336727
MN,band,2,A,AE,OOD,3_50,61,75,0.9641530054644809,0.9527479830247866,0.6941991362992918,12000.0,294.2938537597656,1.25,0.0,0.009999999999957692
MN,band,2,A,AE,OOD,3_52,35,50,0.9982857142857142,0.9976392719249862,0.04879059345949056,6000.0,379.8900146484375,1.79998779296875,0.0,0.11666666666706231
MN,band,2,AE,A,OOD,-1_46,200,282,0.968563829787234,0.9211055306087158,0.0499285189947756,24000.0,504.1217041015625,2.29998779296875,0.0,0.0
MN,band,2,AE,A,OOD,-1_47,193,397,0.9562391511465526,0.919967908157053,2.050688907604624,24000.0,525.6278686523438,3.0,0.0,0.0
MN,band,2,AE,A,OOD,-1_48,146,245,0.9622868325412356,0.9311658432661059,1.7207656496067605,24000.0,346.1590576171875,1.4000244140625,0.0,0.0
MN,band,2,AE,A,OOD,-1_50,49,98,0.8950437317784257,0.7594166159096093,,24000.0,335.3329162597656,1.399993896484375,0.0,0.02000000000000633
MN,band,2,AE,A,OOD,-1_55,53,182,0.9966825627202985,0.992896781354051,0.3880379033230242,24000.0,325.60150146484375,1.0,0.0,0.0
MN,band,2,AE,A,OOD,-1_57,988,436,0.816861976748505,0.9091201438662331,0.17764213535066115,24000.0,311.8999938964844,0.600006103515625,0.0,0.002222222222317244
MN,band,2,AE,A,OOD,-2_52,130,48,0.7307692307692308,0.8924968268652933,0.0368463588598811,12000.0,284.60157775878906,0.600006103515625,0.0,0.0
MN,band,2,AE,A,OOD,-2_56,236,289,0.7972259691513695,0.7957732015468938,0.3880379033230242,24000.0,250.94175720214844,0.5999908447265625,0.0,0.005555555555656686
MN,band,2,AE,A,OOD,0_49,298,297,0.9765665604591779,0.9773842491792348,0.6876319876855833,24000.0,318.41387939453125,1.100006103515625,0.0,0.0
MN,band,2,AE,A,OOD,0_54,96,159,0.9394654088050315,0.9273805733406405,0.22827972908078495,24000.0,389.4051818847656,1.5,0.0,0.0011111111111434635
MN,band,2,AE,A,OOD,1_47,180,282,0.9436564223798266,0.9203447594390484,0.6389516122360201,24000.0,322.1437072753906,1.600006103515625,0.0,0.0
MN,band,2,AE,A,OOD,2_51,348,514,0.9728017800438302,0.9378082672152789,0.01363070594942965,24000.0,363.7900085449219,2.199981689453125,0.0,0.0
MN,band,2,AE,A,OOD,2_52,793,306,0.9401214878553354,0.9622840410483556,0.04879059345949056,24000.0,367.9200134277344,0.0,0.0,0.5711111111098195
MN,band,2,AE,A,OOD,3_48,149,314,0.9187577480442867,0.8642847263498274,0.6673535666313604,12000.0,295.6038513183594,3.300018310546875,0.0,0.0
MN,band,2,AE,A,OOD,3_50,454,511,0.9293904152693604,0.9233237238555143,0.12029109045002201,24000.0,309.8741455078125,1.600006103515625,0.0,0.0
MN,band,2,AE,A,OOD,3_52,294,379,0.9327087035341841,0.8782416611270794,0.04879059345949056,24000.0,381.4018249511719,2.100006103515625,0.0,0.04666666666578207
MN,band,2,AE,A,OOD,4_55,206,215,0.9566493565138856,0.9341606497362521,0.009683640362636716,24000.0,393.1087951660156,1.399993896484375,0.0,0.0
MN,band,2,AE,A,OOD,5_51,209,155,0.9663528322271956,0.9747047621857341,0.11971671588443056,24000.0,310.6081237792969,2.399993896484375,0.0,0.0
MN,band,2,AE,A,OOD,5_53,479,214,0.9650264374768307,0.9829106224536538,0.009683640362636716,24000.0,416.95404052734375,1.20001220703125,0.0,0.017777777777992252
MN,band,2,AE,A,OOD,5_54,253,109,0.9672915835660152,0.9839259785205279,0.009683640362636716,24000.0,436.4792022705078,1.6999969482421875,0.0,0.008888888888374639
MN,band,2,AE,A,OOD,5_56,338,123,0.9911964208399481,0.996726454037128,0.009683640362636716,24000.0,360.94000244140625,0.0,0.0,0.4900000000001378
MN,band,2,AE,A,OOD,6_53,81,91,0.9567222900556234,0.9573303171789193,0.009683640362636716,24000.0,425.0563049316406,2.4499969482421875,0.0,0.002222222222286927
MN,band,2,AE,A,OOD,6_54,61,41,0.9488204718112755,0.9588160302206363,0.009683640362636716,24000.0,475.25355529785156,2.25,0.0,0.0
MN,band,2,AE,AE,ID,-1_48,697,681,0.9715626231152179,0.9746448067113447,1.7207656496067605,12000.0,336.3585205078125,1.29998779296875,0.0,0.0022222222220443953
MN,band,2,AE,AE,ID,-1_50,30,110,0.9327272727272727,0.7576143322346288,0.908195597596609,12000.0,337.1890106201172,1.0,0.0,0.06055555555571204
MN,band,2,AE,AE,ID,-2_50,47,88,0.9968568665377177,0.9936940932359765,0.908195597596609,12000.0,331.98260498046875,1.300018310546875,0.0,0.008888888888996126
MN,band,2,AE,AE,ID,-2_52,144,430,0.9793281653746769,0.9508559193380874,1.7049154940954943,12000.0,279.1791687011719,0.5,0.0,0.0
MN,band,2,AE,AE,ID,-2_56,964,516,0.9179794300234809,0.9539604674920367,0.3880379033230242,12000.0,244.11511993408203,0.600006103515625,0.0,0.07055555555482086
MN,band,2,AE,AE,ID,0_49,139,245,0.9638525913962707,0.929893857245998,0.6876319876855833,6000.0,309.84754943847656,0.95001220703125,0.0,0.0
MN,band,2,AE,AE,ID,1_47,459,644,0.9977300098783475,0.99698854428958,1.5555338806167271,12000.0,309.48193359375,2.0,0.0,0.0
MN,band,2,AE,AE,ID,2_51,84,242,0.9426406926406926,0.7878852477750417,0.01363070594942965,24000.0,364.073974609375,2.79998779296875,0.0,0.0
MN,band,2,AE,AE,ID,2_52,49,60,0.9156462585034014,0.9140607673526098,0.04879059345949056,24000.0,365.72540283203125,1.9000244140625,0.0,0.05888888888917874
MN,band,2,AE,AE,ID,3_48,1079,977,0.9909199825836691,0.9920890374732786,0.6673535666313604,6000.0,283.0199890136719,2.29998779296875,0.0,0.04333333333336727
MN,band,2,AE,AE,ID,3_50,61,75,0.9608743169398907,0.9593513192976107,0.6941991362992918,12000.0,294.2938537597656,1.25,0.0,0.009999999999957692
MN,band,2,AE,AE,ID,3_52,35,50,0.9908571428571429,0.9861172286760826,0.04879059345949056,6000.0,379.8900146484375,1.79998779296875,0.0,0.11666666666706231
MN,band,3,A,A,ID,-1_49,63,148,0.9368296868296868,0.8218521624317081,0.908195597596609,12000.0,329.8349914550781,1.5,0.0,0.008888888889026442
MN,band,3,A,A,ID,-1_56,428,256,0.9176401869158879,0.9384465264714945,0.3880379033230242,24000.0,347.0199890136719,0.70001220703125,0.0,0.005555555555641526
MN,band,3,A,A,ID,0_45,121,153,0.9807162534435261,0.9764624006479891,0.07991315219414606,24000.0,481.8085479736328,2.20001220703125,0.0,0.0
MN,band,3,A,A,ID,0_56,471,170,0.8805170475833646,0.9457540134363134,0.3880379033230242,24000.0,350.1400146484375,0.600006103515625,0.0,0.004444444444452588
MN,band,3,A,A,ID,1_46,116,292,0.9886336797354748,0.9742730717874524,0.00826515733896413,24000.0,373.0034942626953,1.9000244140625,0.0,0.0
MN,band,3,A,A,ID,1_57,29,126,0.9980842911877394,0.99263015551048,,24000.0,341.6688690185547,1.300018310546875,0.0,0.0
MN,band,3,A,A,ID,2_55,64,45,0.9343750000000001,0.9325278970110187,0.00024867286198542566,24000.0,362.887451171875,1.0,0.0,0.0
MN,band,3,A,A,ID,2_56,120,195,0.9547008547008546,0.9382004622776515,0.00024867286198542566,24000.0,345.498779296875,1.5,0.0,0.0
MN,band,3,A,A,ID,2_57,43,101,0.9944738659912503,0.9898173695966368,0.00024867286198542566,24000.0,333.3240661621094,0.9000091552734375,0.0,0.0
MN,band,3,A,A,ID,3_47,292,487,0.9604300863548142,0.9398938361286617,0.16889120879673164,24000.0,313.9168701171875,2.5,0.0,0.0
MN,band,3,A,A,ID,3_49,343,401,0.9388918374617392,0.9194321523794022,0.6922684696308988,12000.0,293.9088134765625,2.25,0.0,0.011111111111237578
MN,band,3,A,A,ID,3_54,286,149,0.9558595766649458,0.969048834829277,0.004580655015265267,24000.0,392.3829345703125,1.199981689453125,0.0,0.03888888888896015
MN,band,3,A,A,ID,4_50,524,345,0.9289799756610244,0.950646380776342,0.12029109045002201,24000.0,285.1289978027344,2.100006103515625,0.0,0.0
MN,band,3,A,A,ID,4_51,178,207,0.9632253161808609,0.9623833043294661,0.11971671588443056,24000.0,317.5882263183594,2.20001220703125,0.0,0.0
MN,band,3,A,A,ID,4_52,82,98,0.9637879542060727,0.9520443110700846,0.009683640362636716,24000.0,386.30419921875,2.04998779296875,0.0,0.0
MN,band,3,A,A,ID,4_53,439,227,0.9434337149910188,0.9695292728055079,0.009683640362636716,24000.0,383.8395538330078,1.5999908447265625,0.0,0.0
MN,band,3,A,A,ID,5_45,36,108,0.9940843621399178,0.9870045484080572,0.41482021786023643,24000.0,396.22145080566406,3.3000030517578125,0.0,0.0
MN,band,3,A,A,ID,5_46,108,331,0.9940695982992055,0.9828187767454789,1.6744062092218928,24000.0,382.2572021484375,5.0,0.0,0.0
MN,band,3,A,A,ID,5_52,205,374,0.9490152602060781,0.8825665462949938,0.005478672517219936,24000.0,367.0945129394531,3.100006103515625,0.0,0.0
MN,band,3,A,A,ID,6_45,34,116,0.9908722109533469,0.9677867389512032,0.41482021786023643,18000.0,372.65435791015625,9.649993896484375,0.0,0.0
MN,band,3,A,A,ID,6_56,73,57,0.9935111751982697,0.9952954539815433,0.009683640362636716,24000.0,380.54998779296875,0.5500030517578125,0.0,0.33944444444453514
MN,band,3,A,A,ID,7_46,106,182,0.9880261248185777,0.9753064299227813,0.8435196293063132,12000.0,283.97401428222656,14.000007629394531,0.0,0.0
MN,band,3,A,AE,OOD,-1_49,826,793,0.9807257205145506,0.9769878620377492,1.7207656496067605,12000.0,305.590576171875,1.20001220703125,0.0,0.034444444444265025
MN,band,3,A,AE,OOD,1_57,810,194,0.9602265495736285,0.9891730574562274,0.17764213535066115,24000.0,323.5090026855469,0.0,0.0,1.0
MN,band,3,A,AE,OOD,1_58,424,91,0.9687694381090608,0.9938515500936059,,12000.0,323.4200134277344,0.0,0.0,1.0
MN,band,3,A,AE,OOD,3_47,404,494,0.9922736200745581,0.9910259918494417,0.16889120879673164,12000.0,289.1825256347656,3.0,0.0,0.022222222222414524
MN,band,3,A,AE,OOD,3_49,560,1224,0.9820071778711484,0.9638536417585614,0.6922684696308988,12000.0,288.29457092285156,2.899993896484375,0.0,0.008888888888980968
MN,band,3,A,AE,OOD,4_50,400,368,0.9726019021739131,0.9776100207047519,0.11971671588443056,12000.0,283.07240295410156,2.0,0.0,0.008888888888814228
MN,band,3,A,AE,OOD,4_53,34,127,0.9800833719314498,0.9417465866955855,0.009683640362636716,6000.0,383.89599609375,2.0,0.0,0.0
MN,band,3,A,AE,OOD,5_46,48,246,0.9951727642276422,0.9456525189293042,1.6744062092218928,6000.0,352.6873321533203,8.899993896484375,0.0,0.0
MN,band,3,A,AE,OOD,5_48,715,391,0.9886180315847835,0.9906807861659702,1.7665504830856904,12000.0,207.8580093383789,1.600006103515625,0.0,0.2888888888893878
MN,band,3,A,AE,OOD,5_52,92,124,0.9488955119214587,0.930330680581448,0.009683640362636716,6000.0,194.49715423583984,1.7499923706054688,0.0,0.08777777777611967
MN,band,3,A,AE,OOD,7_46,400,275,0.990890909090909,0.9903309231718176,0.8435196293063132,12000.0,197.5800018310547,2.1999969482421875,0.0,0.07222222222211204
MN,band,3,AE,A,OOD,-1_49,63,148,0.9343629343629344,0.8349418163309513,0.908195597596609,12000.0,329.8349914550781,1.5,0.0,0.008888888889026442
MN,band,3,AE,A,OOD,-1_56,428,256,0.9409134053738318,0.9608757947836281,0.3880379033230242,24000.0,347.0199890136719,0.70001220703125,0.0,0.005555555555641526
MN,band,3,AE,A,OOD,0_45,121,153,0.9843893480257115,0.9826055343346038,0.07991315219414606,24000.0,481.8085479736328,2.20001220703125,0.0,0.0
MN,band,3,AE,A,OOD,0_56,471,170,0.9252154364930686,0.967819604816629,0.3880379033230242,24000.0,350.1400146484375,0.600006103515625,0.0,0.004444444444452588
MN,band,3,AE,A,OOD,1_46,116,292,0.9806329711856401,0.9654265783540842,0.00826515733896413,24000.0,373.0034942626953,1.9000244140625,0.0,0.0
MN,band,3,AE,A,OOD,1_57,29,126,0.9838533114395183,0.9482638587778841,,24000.0,341.6688690185547,1.300018310546875,0.0,0.0
MN,band,3,AE,A,OOD,2_55,64,45,0.920138888888889,0.884559985347726,0.00024867286198542566,24000.0,362.887451171875,1.0,0.0,0.0
MN,band,3,AE,A,OOD,2_56,120,195,0.9250854700854699,0.9002352714070067,0.00024867286198542566,24000.0,345.498779296875,1.5,0.0,0.0
MN,band,3,AE,A,OOD,2_57,43,101,0.9970066774119273,0.9946013289036548,0.00024867286198542566,24000.0,333.3240661621094,0.9000091552734375,0.0,0.0
MN,band,3,AE,A,OOD,3_47,292,487,0.9594737138195832,0.9368558725531932,0.16889120879673164,24000.0,313.9168701171875,2.5,0.0,0.0
MN,band,3,AE,A,OOD,3_49,343,401,0.9210283329576933,0.8948521042135298,0.6922684696308988,12000.0,293.9088134765625,2.25,0.0,0.011111111111237578
MN,band,3,AE,A,OOD,3_54,286,149,0.9479044445487398,0.9706317747972375,0.004580655015265267,24000.0,392.3829345703125,1.199981689453125,0.0,0.03888888888896015
MN,band,3,AE,A,OOD,4_50,524,345,0.906267286204226,0.9371486965362406,0.12029109045002201,24000.0,285.1289978027344,2.100006103515625,0.0,0.0
MN,band,3,AE,A,OOD,4_51,178,207,0.9494653422352495,0.9428058347513913,0.11971671588443056,24000.0,317.5882263183594,2.20001220703125,0.0,0.0
MN,band,3,AE,A,OOD,4_52,82,98,0.9462419113987058,0.9257119645215397,0.009683640362636716,24000.0,386.30419921875,2.04998779296875,0.0,0.0
MN,band,3,AE,A,OOD,4_53,439,227,0.9025919942199432,0.9501552688734756,0.009683640362636716,24000.0,383.8395538330078,1.5999908447265625,0.0,0.0
MN,band,3,AE,A,OOD,5_45,36,108,0.9843106995884774,0.9709485252336856,0.41482021786023643,24000.0,396.22145080566406,3.3000030517578125,0.0,0.0
MN,band,3,AE,A,OOD,5_46,108,331,0.9915519749356607,0.97498760796103,1.6744062092218928,24000.0,382.2572021484375,5.0,0.0,0.0
MN,band,3,AE,A,OOD,5_52,205,374,0.9165514542845964,0.8227237424812148,0.005478672517219936,24000.0,367.0945129394531,3.100006103515625,0.0,0.0
MN,band,3,AE,A,OOD,6_45,34,116,0.9845334685598377,0.9319514897763393,0.41482021786023643,18000.0,372.65435791015625,9.649993896484375,0.0,0.0
MN,band,3,AE,A,OOD,6_56,73,57,0.984619081951454,0.9888728416468688,0.009683640362636716,24000.0,380.54998779296875,0.5500030517578125,0.0,0.33944444444453514
MN,band,3,AE,A,OOD,7_46,106,182,0.9727866473149491,0.914738669128851,0.8435196293063132,12000.0,283.97401428222656,14.000007629394531,0.0,0.0
MN,band,3,AE,AE,ID,-1_49,826,793,0.985316434052194,0.9852105010683834,1.7207656496067605,12000.0,305.590576171875,1.20001220703125,0.0,0.034444444444265025
MN,band,3,AE,AE,ID,1_57,810,194,0.9820733104238257,0.9959644147147694,0.17764213535066115,24000.0,323.5090026855469,0.0,0.0,1.0
MN,band,3,AE,AE,ID,1_58,424,91,0.9964493054115695,0.9992611455740845,,12000.0,323.4200134277344,0.0,0.0,1.0
MN,band,3,AE,AE,ID,3_47,404,494,0.9956908646330219,0.9948503857124071,0.16889120879673164,12000.0,289.1825256347656,3.0,0.0,0.022222222222414524
MN,band,3,AE,AE,ID,3_49,560,1224,0.9803017040149393,0.9635300825136427,0.6922684696308988,12000.0,288.29457092285156,2.899993896484375,0.0,0.008888888888980968
MN,band,3,AE,AE,ID,4_50,400,368,0.9728125000000001,0.9799871531716317,0.11971671588443056,12000.0,283.07240295410156,2.0,0.0,0.008888888888814228
MN,band,3,AE,AE,ID,4_53,34,127,0.8960166743862898,0.8310482410270505,0.009683640362636716,6000.0,383.89599609375,2.0,0.0,0.0
MN,band,3,AE,AE,ID,5_46,48,246,0.9968665311653117,0.9813961793581707,1.6744062092218928,6000.0,352.6873321533203,8.899993896484375,0.0,0.0
MN,band,3,AE,AE,ID,5_48,715,391,0.9959472752311627,0.9973764843326248,1.7665504830856904,12000.0,207.8580093383789,1.600006103515625,0.0,0.2888888888893878
MN,band,3,AE,AE,ID,5_52,92,124,0.9729137447405329,0.9458985358042701,0.009683640362636716,6000.0,194.49715423583984,1.7499923706054688,0.0,0.08777777777611967
MN,band,3,AE,AE,ID,7_46,400,275,0.9867999999999999,0.9854930751509283,0.8435196293063132,12000.0,197.5800018310547,2.1999969482421875,0.0,0.07222222222211204
MN,shadedX,0,A,A,ID,-1_51,514,279,0.7458544272903505,0.8248888627160733,0.0368463588598811,24000.0,296.62213134765625,0.5,0.0,0.0
MN,shadedX,0,A,A,ID,-1_52,246,223,0.9221262167778629,0.9213032202436013,0.0368463588598811,24000.0,287.1208801269531,0.699981689453125,0.0,0.0
MN,shadedX,0,A,A,ID,0_47,52,212,0.7442851959361393,0.521349947558652,2.050688907604624,12000.0,350.9182434082031,1.0,0.0,0.0
MN,shadedX,0,A,A,ID,0_48,274,48,0.9720194647201946,0.9943871228328072,1.1148666220638483,12000.0,321.23951721191406,1.0,0.0,0.007222222222099032
MN,shadedX,0,A,A,ID,2_47,95,115,0.9852631578947368,0.9824555999409654,0.6389516122360201,12000.0,249.98523712158203,4.300010681152344,0.0,0.11888888888874291
MN,shadedX,0,A,A,ID,2_49,327,101,0.8144245617222273,0.9197680031980385,0.010217134580880286,24000.0,325.8916015625,0.850006103515625,0.0,0.04777777777731965
MN,shadedX,0,A,A,ID,4_45,147,83,0.9472994016883862,0.9674163729935701,0.2386902744023313,12000.0,368.0157165527344,1.0,0.0,0.00444444444427069
MN,shadedX,0,A,A,ID,4_46,243,57,0.9383438018915602,0.9838192302687319,0.8976554945754902,24000.0,362.3525695800781,1.0,0.0,0.0011111111110828306
MN,shadedX,0,A,A,ID,4_49,842,470,0.748140193056047,0.8209663128954439,0.46193748578503846,12000.0,274.7956237792969,1.0,0.0,0.00555555555553542
MN,shadedX,0,A,AE,OOD,-1_51,239,303,0.5100045569410497,0.511509369492869,0.0368463588598811,12000.0,294.73516845703125,0.5,0.0,0.0
MN,shadedX,0,A,AE,OOD,-1_52,305,245,0.577999330879893,0.5920436066877077,1.7049154940954943,12000.0,282.28578186035156,0.70001220703125,0.0,0.0
MN,shadedX,0,A,AE,OOD,-2_53,1437,925,0.5624126840828303,0.6607620682550717,1.7049154940954943,12000.0,269.1433868408203,0.600006103515625,0.0,0.0
MN,shadedX,0,A,AE,OOD,0_47,406,224,0.7743226600985221,0.8692634276501056,2.050688907604624,12000.0,342.33522033691406,1.0,0.0,0.004999999999978846
MN,shadedX,0,A,AE,OOD,0_48,441,51,0.9219243252856699,0.9885081522106494,1.1148666220638483,12000.0,296.1389465332031,1.100006103515625,0.0,0.05944444444453825
MN,shadedX,0,A,AE,OOD,2_47,468,87,0.7914579035268691,0.936191202059959,0.6389516122360201,12000.0,243.6868133544922,2.3000030517578125,0.0,0.375555555555788
MN,shadedX,0,A,AE,OOD,2_49,347,94,0.9139432215341222,0.973027192843295,0.5366081860591692,12000.0,331.3999938964844,0.0,0.0,0.4044444444448508
MN,shadedX,0,A,AE,OOD,4_45,191,90,0.8834205933682374,0.9486303673910105,0.2386902744023313,6000.0,368.3900146484375,0.600006103515625,0.0,0.04444444444501098
MN,shadedX,0,A,AE,OOD,4_46,73,82,0.7844971600400935,0.6939464204410766,2.246925584008514,6000.0,367.6002502441406,2.0,0.0,0.0
MN,shadedX,0,A,AE,OOD,4_49,778,494,0.6762018255050322,0.7678718155824393,0.46193748578503846,12000.0,273.0,0.5,0.0,0.05444444444422591
MN,shadedX,0,AE,A,OOD,-1_51,514,279,0.4086858290448099,0.6299755444032635,0.0368463588598811,24000.0,296.62213134765625,0.5,0.0,0.0
MN,shadedX,0,AE,A,OOD,-1_52,246,223,0.6596850049217982,0.7006674726935843,0.0368463588598811,24000.0,287.1208801269531,0.699981689453125,0.0,0.0
MN,shadedX,0,AE,A,OOD,0_47,52,212,0.7508164005805515,0.5074384868497263,2.050688907604624,12000.0,350.9182434082031,1.0,0.0,0.0
MN,shadedX,0,AE,A,OOD,0_48,274,48,0.6497871046228711,0.9242762477319469,1.1148666220638483,12000.0,321.23951721191406,1.0,0.0,0.007222222222099032
MN,shadedX,0,AE,A,OOD,2_47,95,115,0.7685125858123569,0.7892413204012666,0.6389516122360201,12000.0,249.98523712158203,4.300010681152344,0.0,0.11888888888874291
MN,shadedX,0,AE,A,OOD,2_49,327,101,0.8574802434371878,0.9538911551477053,0.010217134580880286,24000.0,325.8916015625,0.850006103515625,0.0,0.04777777777731965
MN,shadedX,0,AE,A,OOD,4_45,147,83,0.6621588394393902,0.8088886481250086,0.2386902744023313,12000.0,368.0157165527344,1.0,0.0,0.00444444444427069
MN,shadedX,0,AE,A,OOD,4_46,243,57,0.6901306764854523,0.8994695006880051,0.8976554945754902,24000.0,362.3525695800781,1.0,0.0,0.0011111111110828306
MN,shadedX,0,AE,A,OOD,4_49,842,470,0.7117021276595745,0.8202127087601772,0.46193748578503846,12000.0,274.7956237792969,1.0,0.0,0.00555555555553542
MN,shadedX,0,AE,AE,ID,-1_51,239,303,0.7470345360895922,0.7439817411244015,0.0368463588598811,12000.0,294.73516845703125,0.5,0.0,0.0
MN,shadedX,0,AE,AE,ID,-1_52,305,245,0.7416259618601537,0.796148538735867,1.7049154940954943,12000.0,282.28578186035156,0.70001220703125,0.0,0.0
MN,shadedX,0,AE,AE,ID,-2_53,1437,925,0.7456096597641484,0.8283823802852939,1.7049154940954943,12000.0,269.1433868408203,0.600006103515625,0.0,0.0
MN,shadedX,0,AE,AE,ID,0_47,406,224,0.9067887931034482,0.9504098487969278,2.050688907604624,12000.0,342.33522033691406,1.0,0.0,0.004999999999978846
MN,shadedX,0,AE,AE,ID,0_48,441,51,0.8742163532079499,0.9845540451728042,1.1148666220638483,12000.0,296.1389465332031,1.100006103515625,0.0,0.05944444444453825
MN,shadedX,0,AE,AE,ID,2_47,468,87,0.954661558109834,0.991736032526797,0.6389516122360201,12000.0,243.6868133544922,2.3000030517578125,0.0,0.375555555555788
MN,shadedX,0,AE,AE,ID,2_49,347,94,0.9444171929609417,0.985543168078927,0.5366081860591692,12000.0,331.3999938964844,0.0,0.0,0.4044444444448508
MN,shadedX,0,AE,AE,ID,4_45,191,90,0.8827806864456079,0.9464932784584406,0.2386902744023313,6000.0,368.3900146484375,0.600006103515625,0.0,0.04444444444501098
MN,shadedX,0,AE,AE,ID,4_46,73,82,0.8513197460741732,0.8551389777138608,2.246925584008514,6000.0,367.6002502441406,2.0,0.0,0.0
MN,shadedX,0,AE,AE,ID,4_49,778,494,0.8705650323158103,0.9215929408531245,0.46193748578503846,12000.0,273.0,0.5,0.0,0.05444444444422591
MN,shadedX,1,A,A,ID,-1_53,73,329,0.9493275596452513,0.7900293290080433,0.6816075160735557,24000.0,280.1981506347656,0.70001220703125,0.0,0.0
MN,shadedX,1,A,A,ID,-2_57,247,570,0.7633638752752326,0.6169871591839912,0.662416951190483,12000.0,243.37911987304688,0.600006103515625,0.0,0.003333333333400074
MN,shadedX,1,A,A,ID,0_55,137,92,0.4551729609647731,0.6195882198834783,0.5944916975356539,24000.0,351.2076721191406,0.5999755859375,0.0,0.0
MN,shadedX,1,A,A,ID,0_57,259,116,0.325223006257489,0.6111252212204072,0.17764213535066115,24000.0,322.29998779296875,0.699981689453125,0.0,0.0
MN,shadedX,1,A,A,ID,2_50,221,140,0.8734001292824822,0.8797931369819797,0.4158517525221228,24000.0,324.45587158203125,1.300018310546875,0.0,0.009999999999866742
MN,shadedX,1,A,A,ID,3_53,164,130,0.8523921200750468,0.8866776259699338,0.004580655015265267,24000.0,389.5626678466797,1.0999908447265625,0.0,0.20222222222266867
MN,shadedX,1,A,A,ID,4_47,264,90,0.9570286195286195,0.9855257480319191,0.8976554945754902,24000.0,319.9974060058594,0.800018310546875,0.0,0.001111111111158622
MN,shadedX,1,A,AE,OOD,-1_53,524,368,0.683174991702622,0.6780109006171968,0.6816075160735557,24000.0,277.3615417480469,0.699981689453125,0.0,0.0
MN,shadedX,1,A,AE,OOD,-1_54,318,84,0.6775232105420784,0.8616161772104967,0.6816075160735557,24000.0,271.8245544433594,0.5,0.0,0.0
MN,shadedX,1,A,AE,OOD,-2_54,447,385,0.5286614951044482,0.5915526450209593,0.6816075160735557,24000.0,264.3819122314453,0.600006103515625,0.0,0.0
MN,shadedX,1,A,AE,OOD,-2_55,100,122,0.4178688524590164,0.45697802909799407,0.3880379033230242,12000.0,248.23230743408203,0.5,0.0,0.0011111111111737802
MN,shadedX,1,A,AE,OOD,-2_57,702,607,0.519501823455695,0.5099525553116072,0.662416951190483,12000.0,242.29347229003906,0.6999969482421875,0.0,0.015555555555614376
MN,shadedX,1,A,AE,OOD,0_55,116,91,0.5962485790071996,0.6629075897557504,0.5944916975356539,12000.0,349.1702880859375,0.600006103515625,0.0,0.0022222222221959776
MN,shadedX,1,A,AE,OOD,0_57,832,106,0.6214962808417996,0.9391375080813615,0.17764213535066115,24000.0,316.2200012207031,0.600006103515625,0.0,0.05444444444386211
MN,shadedX,1,A,AE,OOD,2_50,140,135,0.7187830687830689,0.7840385756156844,0.4158517525221228,12000.0,311.739990234375,1.600006103515625,0.0,0.08000000000020724
MN,shadedX,1,A,AE,OOD,3_53,278,157,0.8789579801127251,0.9398046421805875,0.004580655015265267,12000.0,388.25,0.100006103515625,0.0,0.43888888888960065
MN,shadedX,1,A,AE,OOD,4_47,219,97,0.8163159629054277,0.9240759104199032,1.8460849614041832,24000.0,297.739990234375,0.300018310546875,0.0,0.011111111111101156
MN,shadedX,1,A,AE,OOD,4_48,806,310,0.6832946450012007,0.8487985913635171,0.9978058430098368,6000.0,214.4701690673828,1.100006103515625,0.0,0.3377777777774259
MN,shadedX,1,A,AE,OOD,4_56,551,42,0.7676518883415435,0.9805012643199387,0.00024867286198542566,24000.0,336.8999938964844,0.0,0.0,0.5000000000001865
MN,shadedX,1,AE,A,OOD,-1_53,73,329,0.860265645168006,0.5895900051283314,0.6816075160735557,24000.0,280.1981506347656,0.70001220703125,0.0,0.0
MN,shadedX,1,AE,A,OOD,-2_57,247,570,0.740080971659919,0.6403042673239142,0.662416951190483,12000.0,243.37911987304688,0.600006103515625,0.0,0.003333333333400074
MN,shadedX,1,AE,A,OOD,0_55,137,92,0.8947159631862901,0.9158137080621365,0.5944916975356539,24000.0,351.2076721191406,0.5999755859375,0.0,0.0
MN,shadedX,1,AE,A,OOD,0_57,259,116,0.5969245107176142,0.7737495427327632,0.17764213535066115,24000.0,322.29998779296875,0.699981689453125,0.0,0.0
MN,shadedX,1,AE,A,OOD,2_50,221,140,0.8601163542340013,0.8947503659962965,0.4158517525221228,24000.0,324.45587158203125,1.300018310546875,0.0,0.009999999999866742
MN,shadedX,1,AE,A,OOD,3_53,164,130,0.774390243902439,0.8509969564348354,0.004580655015265267,24000.0,389.5626678466797,1.0999908447265625,0.0,0.20222222222266867
MN,shadedX,1,AE,A,OOD,4_47,264,90,0.8561868686868687,0.9463295543551492,0.8976554945754902,24000.0,319.9974060058594,0.800018310546875,0.0,0.001111111111158622
MN,shadedX,1,AE,AE,ID,-1_53,524,368,0.6984369814138731,0.7962512570197259,0.6816075160735557,24000.0,277.3615417480469,0.699981689453125,0.0,0.0
MN,shadedX,1,AE,AE,ID,-1_54,318,84,0.6574198861934711,0.8945294911169279,0.6816075160735557,24000.0,271.8245544433594,0.5,0.0,0.0
MN,shadedX,1,AE,AE,ID,-2_54,447,385,0.7084807809640025,0.7855614700477523,0.6816075160735557,24000.0,264.3819122314453,0.600006103515625,0.0,0.0
MN,shadedX,1,AE,AE,ID,-2_55,100,122,0.8560655737704919,0.8313083319639848,0.3880379033230242,12000.0,248.23230743408203,0.5,0.0,0.0011111111111737802
MN,shadedX,1,AE,AE,ID,-2_57,702,607,0.8070117386427107,0.8673436503390491,0.662416951190483,12000.0,242.29347229003906,0.6999969482421875,0.0,0.015555555555614376
MN,shadedX,1,AE,AE,ID,0_55,116,91,0.70481242895036,0.7907586899502972,0.5944916975356539,12000.0,349.1702880859375,0.600006103515625,0.0,0.0022222222221959776
MN,shadedX,1,AE,AE,ID,0_57,832,106,0.8678224782293178,0.9821780694223824,0.17764213535066115,24000.0,316.2200012207031,0.600006103515625,0.0,0.05444444444386211
MN,shadedX,1,AE,AE,ID,2_50,140,135,0.9144973544973546,0.927541113846825,0.4158517525221228,12000.0,311.739990234375,1.600006103515625,0.0,0.08000000000020724
MN,shadedX,1,AE,AE,ID,3_53,278,157,0.9300737753746047,0.9657789949498027,0.004580655015265267,12000.0,388.25,0.100006103515625,0.0,0.43888888888960065
MN,shadedX,1,AE,AE,ID,4_47,219,97,0.9041095890410958,0.9618090320000314,1.8460849614041832,24000.0,297.739990234375,0.300018310546875,0.0,0.011111111111101156
MN,shadedX,1,AE,AE,ID,4_48,806,310,0.9322140398623229,0.9762348584135534,0.9978058430098368,6000.0,214.4701690673828,1.100006103515625,0.0,0.3377777777774259
MN,shadedX,1,AE,AE,ID,4_56,551,42,0.8444818943911502,0.9870534867774625,0.00024867286198542566,24000.0,336.8999938964844,0.0,0.0,0.5000000000001865
MN,shadedX,2,A,A,ID,-1_48,146,78,0.5938707411310151,0.769989822937015,1.7207656496067605,24000.0,342.2204132080078,0.899993896484375,0.0,0.0016666666666697205
MN,shadedX,2,A,A,ID,-2_52,130,713,0.8355755744956306,0.6747984089611752,0.0368463588598811,12000.0,278.3153076171875,0.600006103515625,0.0,0.0
MN,shadedX,2,A,A,ID,-2_56,236,1193,0.7761767087672439,0.5244675412278804,0.3880379033230242,24000.0,245.61959838867188,0.5999908447265625,0.0,0.006666666666648567
MN,shadedX,2,A,A,ID,0_49,298,59,0.8964281651689228,0.9775593195510806,0.6876319876855833,24000.0,315.5986633300781,0.70001220703125,0.0,0.002222222222226294
MN,shadedX,2,A,A,ID,1_47,180,32,0.9559027777777778,0.991576409760621,0.6389516122360201,24000.0,315.5632019042969,1.0999908447265625,0.0,0.0
MN,shadedX,2,A,A,ID,3_48,149,238,0.7901133607805537,0.7596693162588672,0.6673535666313604,12000.0,287.3800048828125,1.899993896484375,0.0,0.012222222221971774
MN,shadedX,2,A,AE,OOD,-1_48,697,47,0.6586892151775084,0.9612673166834538,1.7207656496067605,12000.0,334.1869201660156,0.79998779296875,0.0,0.01111111111111631
MN,shadedX,2,A,AE,OOD,-2_52,144,676,0.7769559500328731,0.5368596208970051,1.7049154940954943,12000.0,277.86085510253906,0.600006103515625,0.0,0.0
MN,shadedX,2,A,AE,OOD,-2_56,964,1121,0.5574907184974884,0.5494566296206416,0.3880379033230242,12000.0,244.56570434570312,0.5999908447265625,0.0,0.02444444444454987
MN,shadedX,2,A,AE,OOD,0_49,139,70,0.953956834532374,0.979960517893382,0.6876319876855833,6000.0,307.2450256347656,0.5,0.0,0.0
MN,shadedX,2,A,AE,OOD,3_48,1079,307,0.7544112808034946,0.9273509126634506,0.6673535666313604,6000.0,283.0199890136719,1.0,0.0,0.3900000000004102
MN,shadedX,2,AE,A,OOD,-1_48,146,78,0.6660519845451353,0.8159885109341254,1.7207656496067605,24000.0,342.2204132080078,0.899993896484375,0.0,0.0016666666666697205
MN,shadedX,2,AE,A,OOD,-2_52,130,713,0.6872478152983061,0.29354197717134267,0.0368463588598811,12000.0,278.3153076171875,0.600006103515625,0.0,0.0
MN,shadedX,2,AE,A,OOD,-2_56,236,1193,0.507860116214642,0.16321284210900344,0.3880379033230242,24000.0,245.61959838867188,0.5999908447265625,0.0,0.006666666666648567
MN,shadedX,2,AE,A,OOD,0_49,298,59,0.8991582300079627,0.9752478670084933,0.6876319876855833,24000.0,315.5986633300781,0.70001220703125,0.0,0.002222222222226294
MN,shadedX,2,AE,A,OOD,1_47,180,32,0.5178819444444445,0.890288776997711,0.6389516122360201,24000.0,315.5632019042969,1.0999908447265625,0.0,0.0
MN,shadedX,2,AE,A,OOD,3_48,149,238,0.6506965202188257,0.6231348633569994,0.6673535666313604,12000.0,287.3800048828125,1.899993896484375,0.0,0.012222222221971774
MN,shadedX,2,AE,AE,ID,-1_48,697,47,0.8201715559083,0.9855001225257959,1.7207656496067605,12000.0,334.1869201660156,0.79998779296875,0.0,0.01111111111111631
MN,shadedX,2,AE,AE,ID,-2_52,144,676,0.880701429980276,0.7181351203728837,1.7049154940954943,12000.0,277.86085510253906,0.600006103515625,0.0,0.0
MN,shadedX,2,AE,AE,ID,-2_56,964,1121,0.8284680246223549,0.8516754107527975,0.3880379033230242,12000.0,244.56570434570312,0.5999908447265625,0.0,0.02444444444454987
MN,shadedX,2,AE,AE,ID,0_49,139,70,0.9661870503597123,0.9830687416281695,0.6876319876855833,6000.0,307.2450256347656,0.5,0.0,0.0
MN,shadedX,2,AE,AE,ID,3_48,1079,307,0.9426812738299729,0.9842310543776849,0.6673535666313604,6000.0,283.0199890136719,1.0,0.0,0.3900000000004102
MN,shadedX,3,A,A,ID,0_45,121,30,0.8820936639118457,0.957238497532613,0.07991315219414606,24000.0,475.45001220703125,1.0,0.0,0.0011111111111737802
MN,shadedX,3,A,A,ID,0_56,471,40,0.8894373673036093,0.99030439587166,0.3880379033230242,24000.0,349.44000244140625,0.5999755859375,0.0,0.036666666666461005
MN,shadedX,3,A,A,ID,1_46,116,146,0.7970595181861124,0.7407925855655602,0.00826515733896413,24000.0,412.8970031738281,1.100006103515625,0.0,0.005555555555626369
MN,shadedX,3,A,A,ID,1_57,29,140,0.8246305418719212,0.5057481665105344,,24000.0,324.9910888671875,1.0,0.0,0.0
MN,shadedX,3,A,A,ID,3_47,292,78,0.9747102212855638,0.9935553272943283,0.16889120879673164,24000.0,310.28729248046875,0.20001220703125,0.0,0.13444444444413
MN,shadedX,3,A,A,ID,3_49,343,302,0.8801382426196589,0.905862141836003,0.6922684696308988,12000.0,284.59246826171875,1.800018310546875,0.0,0.05000000000018259
MN,shadedX,3,A,A,ID,4_50,524,93,0.651891980628745,0.8686780805201079,0.12029109045002201,24000.0,284.4479675292969,1.79998779296875,0.0,0.003333333333278808
MN,shadedX,3,A,A,ID,4_53,439,69,0.556700009903932,0.9080617147247395,0.009683640362636716,24000.0,381.18141174316406,1.5,0.0,0.0
MN,shadedX,3,A,A,ID,5_46,108,68,0.9628267973856208,0.981465901311412,1.6744062092218928,24000.0,320.69879150390625,1.0999755859375,0.0,0.0
MN,shadedX,3,A,AE,OOD,1_57,810,193,0.912096206742148,0.980471041306842,0.17764213535066115,24000.0,323.510009765625,0.0,0.0,1.0
MN,shadedX,3,A,AE,OOD,1_58,424,159,0.9643259760294292,0.9884891518985267,,12000.0,323.5059814453125,0.0,0.0,1.0
MN,shadedX,3,A,AE,OOD,3_47,404,115,0.6760223848471804,0.8860013391710295,0.16889120879673164,12000.0,231.21035766601562,1.9000091552734375,0.0,0.3466666666672103
MN,shadedX,3,A,AE,OOD,3_49,560,297,0.7964165464165465,0.8805117751465975,0.6922684696308988,12000.0,279.7300109863281,1.4000244140625,0.0,0.07666666666562481
MN,shadedX,3,A,AE,OOD,4_50,400,70,0.8434642857142857,0.964359399193567,0.11971671588443056,12000.0,279.7889862060547,1.0,0.0,0.09222222222196683
MN,shadedX,3,A,AE,OOD,4_53,34,59,0.6989032901296112,0.6071802617214829,0.009683640362636716,6000.0,380.3702087402344,2.199981689453125,0.0,0.0
MN,shadedX,3,A,AE,OOD,5_46,48,66,0.8554292929292929,0.8139604799193785,1.6744062092218928,6000.0,309.33226013183594,1.649993896484375,0.0,0.0
MN,shadedX,3,A,AE,OOD,5_48,715,76,0.9595693779904306,0.9957475002907051,1.7665504830856904,12000.0,206.96435546875,0.5999908447265625,0.0,0.5077777777764021
MN,shadedX,3,AE,A,OOD,0_45,121,30,0.856473829201102,0.9542040819600515,0.07991315219414606,24000.0,475.45001220703125,1.0,0.0,0.0011111111111737802
MN,shadedX,3,AE,A,OOD,0_56,471,40,0.8647027600849257,0.9869953740452897,0.3880379033230242,24000.0,349.44000244140625,0.5999755859375,0.0,0.036666666666461005
MN,shadedX,3,AE,A,OOD,1_46,116,146,0.6939064714218234,0.6905003690550534,0.00826515733896413,24000.0,412.8970031738281,1.100006103515625,0.0,0.005555555555626369
MN,shadedX,3,AE,A,OOD,1_57,29,140,0.7327586206896551,0.5366473998136796,,24000.0,324.9910888671875,1.0,0.0,0.0
MN,shadedX,3,AE,A,OOD,3_47,292,78,0.871355813136635,0.9644185118532329,0.16889120879673164,24000.0,310.28729248046875,0.20001220703125,0.0,0.13444444444413
MN,shadedX,3,AE,A,OOD,3_49,343,302,0.7665225030409514,0.8347865946832466,0.6922684696308988,12000.0,284.59246826171875,1.800018310546875,0.0,0.05000000000018259
MN,shadedX,3,AE,A,OOD,4_50,524,93,0.5762537962734959,0.888308114150647,0.12029109045002201,24000.0,284.4479675292969,1.79998779296875,0.0,0.003333333333278808
MN,shadedX,3,AE,A,OOD,4_53,439,69,0.6325971410650029,0.9298700620213485,0.009683640362636716,24000.0,381.18141174316406,1.5,0.0,0.0
MN,shadedX,3,AE,A,OOD,5_46,108,68,0.815631808278867,0.858512405345558,1.6744062092218928,24000.0,320.69879150390625,1.0999755859375,0.0,0.0
MN,shadedX,3,AE,AE,ID,1_57,810,193,0.9543465745538283,0.9900022168291467,0.17764213535066115,24000.0,323.510009765625,0.0,0.0,1.0
MN,shadedX,3,AE,AE,ID,1_58,424,159,0.982007238637712,0.9940495129894161,,12000.0,323.5059814453125,0.0,0.0,1.0
MN,shadedX,3,AE,AE,ID,3_47,404,115,0.9648730090400345,0.9907165429013036,0.16889120879673164,12000.0,231.21035766601562,1.9000091552734375,0.0,0.3466666666672103
MN,shadedX,3,AE,AE,ID,3_49,560,297,0.8817400192400193,0.9387482401269316,0.6922684696308988,12000.0,279.7300109863281,1.4000244140625,0.0,0.07666666666562481
MN,shadedX,3,AE,AE,ID,4_50,400,70,0.8450357142857143,0.9672149018526588,0.11971671588443056,12000.0,279.7889862060547,1.0,0.0,0.09222222222196683
MN,shadedX,3,AE,AE,ID,4_53,34,59,0.7776669990029911,0.7445653454411058,0.009683640362636716,6000.0,380.3702087402344,2.199981689453125,0.0,0.0
MN,shadedX,3,AE,AE,ID,5_46,48,66,0.9201388888888888,0.8750109192733017,1.6744062092218928,6000.0,309.33226013183594,1.649993896484375,0.0,0.0
MN,shadedX,3,AE,AE,ID,5_48,715,76,0.9799595141700405,0.997935839985004,1.7665504830856904,12000.0,206.96435546875,0.5999908447265625,0.0,0.5077777777764021
IA,band,0,A,A,ID,-1_44,339,371,0.9975987723524875,0.9974174474060058,0.0021727180651767066,24000.0,400.65757751464844,3.5,0.0,0.0
IA,band,0,A,A,ID,-1_45,234,227,0.9939380247750292,0.9893281581970728,0.02004102728824482,24000.0,418.7870788574219,3.5,0.0,0.0
IA,band,0,A,A,ID,0_39,330,132,0.9592056932966024,0.9802551077601882,0.03616007671104058,24000.0,288.64398193359375,1.899993896484375,0.0,0.00666666666680015
IA,band,0,A,A,ID,0_41,295,385,0.993299581774158,0.9927563272096097,0.005373113792123841,24000.0,364.0515441894531,5.0999908447265625,0.0,0.0
IA,band,0,A,A,ID,0_44,275,355,0.9982893725992317,0.9978221520610626,0.0021727180651767066,24000.0,432.6166534423828,2.5,0.0,0.0
IA,band,0,A,A,ID,0_45,209,261,0.986727529377257,0.9744134442216659,0.02004102728824482,24000.0,452.0368957519531,2.45001220703125,0.0,0.0
IA,band,0,A,A,ID,2_45,97,210,0.9899852724594993,0.9845414204770222,0.0011463239351234065,24000.0,378.270751953125,1.20001220703125,0.0,0.0011111111109615647
IA,band,0,A,A,ID,4_40,505,350,0.998975954738331,0.9992968361794399,0.39080310800423634,24000.0,259.28265380859375,4.4000091552734375,0.0,0.0
IA,band,0,A,A,ID,4_44,348,374,0.986815415821501,0.9867209670986156,0.034712894170315145,24000.0,336.6251220703125,2.04998779296875,0.0,0.0
IA,band,0,A,A,ID,5_43,495,280,0.9975541125541125,0.9985348739272302,0.07198556374486488,24000.0,289.03887939453125,2.29998779296875,0.0,0.0
IA,band,0,A,A,ID,5_44,513,497,0.9936892309019811,0.9944437357506878,0.02938330180893374,24000.0,320.05999755859375,2.699981689453125,0.0,0.0
IA,band,0,A,A,ID,5_45,258,294,0.9925381005115224,0.9913419783653875,0.02938330180893374,24000.0,371.96759033203125,2.5999755859375,0.0,0.0
IA,band,0,A,A,ID,6_42,335,341,0.9983892852453276,0.9984697871768101,0.09042769658192767,24000.0,257.5089874267578,4.100006103515625,0.0,0.0
IA,band,0,A,A,ID,7_39,235,288,0.9959663120567376,0.994945421581253,0.06344349524591944,24000.0,204.62937927246094,3.8000030517578125,0.0,0.0
IA,band,0,A,A,ID,7_43,236,354,0.9987910562099014,0.9983753528787456,0.11879900960994477,24000.0,308.1617126464844,4.0500030517578125,0.0,0.0
IA,band,0,A,AE,OOD,-1_44,107,280,0.9772029372496662,0.9333105159910536,0.15512707437084838,6000.0,372.55474853515625,7.29998779296875,0.0,0.0
IA,band,0,A,AE,OOD,-2_43,98,100,0.9647959183673469,0.963154607806627,0.15512707437084838,12000.0,340.8281555175781,1.3000030517578125,0.0,0.14333333333353535
IA,band,0,A,AE,OOD,0_39,551,647,0.8106183221738192,0.7296350139995642,0.03616007671104058,24000.0,286.0115966796875,1.70001220703125,0.0,0.5277777777789238
IA,band,0,A,AE,OOD,0_41,812,248,0.9717394327030033,0.9851071979714093,0.005373113792123841,12000.0,307.0517883300781,0.79998779296875,0.0,0.0
IA,band,0,A,AE,OOD,4_44,156,249,0.995906703738029,0.9929872059734737,0.056204293135757644,24000.0,361.6888732910156,2.100006103515625,0.0,0.0
IA,band,0,A,AE,OOD,5_43,746,765,0.9918309414918782,0.9922117755637709,0.9288447979367633,6000.0,271.9234619140625,3.9000244140625,0.0,0.0
IA,band,0,A,AE,OOD,5_44,238,243,0.9972334612857489,0.99723315383446,1.2168297195004665,24000.0,303.4971618652344,3.699981689453125,0.0,0.0
IA,band,0,A,AE,OOD,6_42,427,663,0.9985058336070873,0.9977568483127064,0.633558194412068,12000.0,248.28057098388672,6.399993896484375,0.0,0.0
IA,band,0,A,AE,OOD,7_38,69,64,0.9966032608695652,0.996742395199456,0.06344349524591944,6000.0,157.73927307128906,0.8000030517578125,0.0,0.42333333333486545
IA,band,0,A,AE,OOD,7_39,400,311,0.9962379421221865,0.9969740558920509,0.06344349524591944,6000.0,158.95022583007812,1.20001220703125,0.0,0.23999999999871197
IA,band,0,A,AE,OOD,7_43,90,178,0.9999375780274656,0.9998778998778997,0.23995566720095404,6000.0,292.74913024902344,6.5,0.0,0.0
IA,band,0,A,AE,OOD,9_43,92,164,0.9835630965005302,0.9482565010926481,0.039407311739067474,24000.0,182.69853973388672,3.100006103515625,0.0,0.12722222222177323
IA,band,0,AE,A,OOD,-1_44,339,371,0.995388370743188,0.9951831129664982,0.0021727180651767066,24000.0,400.65757751464844,3.5,0.0,0.0
IA,band,0,AE,A,OOD,-1_45,234,227,0.9934108964945969,0.9893348234953889,0.02004102728824482,24000.0,418.7870788574219,3.5,0.0,0.0
IA,band,0,AE,A,OOD,0_39,330,132,0.9498163452708908,0.9762115908685804,0.03616007671104058,24000.0,288.64398193359375,1.899993896484375,0.0,0.00666666666680015
IA,band,0,AE,A,OOD,0_41,295,385,0.995016508914814,0.9949670114849591,0.005373113792123841,24000.0,364.0515441894531,5.0999908447265625,0.0,0.0
IA,band,0,AE,A,OOD,0_44,275,355,0.9915902688860435,0.9907744247376958,0.0021727180651767066,24000.0,432.6166534423828,2.5,0.0,0.0
IA,band,0,AE,A,OOD,0_45,209,261,0.9807879154521623,0.9575256264548792,0.02004102728824482,24000.0,452.0368957519531,2.45001220703125,0.0,0.0
IA,band,0,AE,A,OOD,2_45,97,210,0.9703485517918506,0.9683443499037915,0.0011463239351234065,24000.0,378.270751953125,1.20001220703125,0.0,0.0011111111109615647
IA,band,0,AE,A,OOD,4_40,505,350,0.9980424328147101,0.998669027829209,0.39080310800423634,24000.0,259.28265380859375,4.4000091552734375,0.0,0.0
IA,band,0,AE,A,OOD,4_44,348,374,0.962474645030426,0.9709614679662453,0.034712894170315145,24000.0,336.6251220703125,2.04998779296875,0.0,0.0
IA,band,0,AE,A,OOD,5_43,495,280,0.9976551226551227,0.998653329755245,0.07198556374486488,24000.0,289.03887939453125,2.29998779296875,0.0,0.0
IA,band,0,AE,A,OOD,5_44,513,497,0.9891081381073967,0.9906671065642467,0.02938330180893374,24000.0,320.05999755859375,2.699981689453125,0.0,0.0
IA,band,0,AE,A,OOD,5_45,258,294,0.9852475874070559,0.9843227913391648,0.02938330180893374,24000.0,371.96759033203125,2.5999755859375,0.0,0.0
IA,band,0,AE,A,OOD,6_42,335,341,0.997338819100976,0.9974620302162662,0.09042769658192767,24000.0,257.5089874267578,4.100006103515625,0.0,0.0
IA,band,0,AE,A,OOD,7_39,235,288,0.9918144208037825,0.9908498342875371,0.06344349524591944,24000.0,204.62937927246094,3.8000030517578125,0.0,0.0
IA,band,0,AE,A,OOD,7_43,236,354,0.9983481758115484,0.9978154685352396,0.11879900960994477,24000.0,308.1617126464844,4.0500030517578125,0.0,0.0
IA,band,0,AE,AE,ID,-1_44,107,280,0.9867156208277703,0.9662269305824065,0.15512707437084838,6000.0,372.55474853515625,7.29998779296875,0.0,0.0
IA,band,0,AE,AE,ID,-2_43,98,100,0.9844897959183673,0.98162017078503,0.15512707437084838,12000.0,340.8281555175781,1.3000030517578125,0.0,0.14333333333353535
IA,band,0,AE,AE,ID,0_39,551,647,0.9121563435316425,0.8899906695806159,0.03616007671104058,24000.0,286.0115966796875,1.70001220703125,0.0,0.5277777777789238
IA,band,0,AE,AE,ID,0_41,812,248,0.9631485380581598,0.9781128439368529,0.005373113792123841,12000.0,307.0517883300781,0.79998779296875,0.0,0.0
IA,band,0,AE,AE,ID,4_44,156,249,0.9982494078879621,0.9974755436521451,0.056204293135757644,24000.0,361.6888732910156,2.100006103515625,0.0,0.0
IA,band,0,AE,AE,ID,5_43,746,765,0.9952618759746973,0.995361901402386,0.9288447979367633,6000.0,271.9234619140625,3.9000244140625,0.0,0.0
IA,band,0,AE,AE,ID,5_44,238,243,0.9959366462634436,0.9960389744707204,1.2168297195004665,24000.0,303.4971618652344,3.699981689453125,0.0,0.0
IA,band,0,AE,AE,ID,6_42,427,663,0.9994207014457738,0.9991377844552695,0.633558194412068,12000.0,248.28057098388672,6.399993896484375,0.0,0.0
IA,band,0,AE,AE,ID,7_38,69,64,0.9705615942028986,0.9562859559591161,0.06344349524591944,6000.0,157.73927307128906,0.8000030517578125,0.0,0.42333333333486545
IA,band,0,AE,AE,ID,7_39,400,311,0.9906511254019292,0.9910720105269466,0.06344349524591944,6000.0,158.95022583007812,1.20001220703125,0.0,0.23999999999871197
IA,band,0,AE,AE,ID,7_43,90,178,1.0,0.9999999999999998,0.23995566720095404,6000.0,292.74913024902344,6.5,0.0,0.0
IA,band,0,AE,AE,ID,9_43,92,164,0.9882025450689289,0.9677412613300278,0.039407311739067474,24000.0,182.69853973388672,3.100006103515625,0.0,0.12722222222177323
IA,band,1,A,A,ID,-1_41,64,26,0.6868990384615384,0.8673421123202472,0.05083105154200276,24000.0,313.9565124511719,0.70001220703125,0.0,0.0
IA,band,1,A,A,ID,-1_43,286,347,0.9967957114931179,0.9961207730864701,0.09860447862462071,24000.0,384.3287353515625,3.70001220703125,0.0,0.0
IA,band,1,A,A,ID,0_42,349,437,0.9998819772740685,0.9998512715445205,0.05083105154200276,24000.0,379.9727020263672,5.5999908447265625,0.0,0.0
IA,band,1,A,A,ID,1_41,143,394,0.9998935075077207,0.9997125889983033,0.17030382588183438,24000.0,409.877197265625,11.699981689453125,0.0,0.0
IA,band,1,A,A,ID,1_44,351,301,0.9920776897521083,0.9934288704495083,0.051718550860907486,24000.0,409.6737976074219,1.79998779296875,0.0,0.0
IA,band,1,A,A,ID,2_40,213,381,0.9993592350251993,0.9988410475459324,0.011090254519043646,24000.0,384.00933837890625,8.599990844726562,0.0,0.0
IA,band,1,A,A,ID,2_42,313,382,0.9763979726678151,0.9787541504855992,0.046373166273365095,24000.0,345.75653076171875,1.899993896484375,0.0,0.0
IA,band,1,A,A,ID,2_44,324,367,0.998116190668416,0.9979131876173652,0.020899868702626036,24000.0,357.1235046386719,1.5,0.0,0.0
IA,band,1,A,A,ID,3_40,334,353,0.9995674373632338,0.9995551395497346,0.39080310800423634,24000.0,307.3044738769531,6.5,0.0,0.0
IA,band,1,A,A,ID,5_41,371,386,0.997926064550368,0.9978106839777434,,24000.0,260.5018310546875,4.0,0.0,0.0
IA,band,1,A,A,ID,5_42,439,355,0.9983765921267926,0.9987141606988547,0.11282135844776217,24000.0,279.4933776855469,2.899993896484375,0.0,0.0
IA,band,1,A,A,ID,6_40,595,263,0.9966450458510401,0.998520536789347,0.03800384303118302,24000.0,211.19859313964844,2.5,0.0,0.001111111111113147
IA,band,1,A,A,ID,6_41,500,365,0.996,0.9971256668538002,0.007579137211492923,24000.0,235.08804321289062,3.0999908447265625,0.0,0.0
IA,band,1,A,A,ID,6_43,312,251,0.9972290325875983,0.9978631365214927,0.01727302559164983,24000.0,292.75823974609375,2.600006103515625,0.0,0.0
IA,band,1,A,A,ID,6_44,272,342,0.997000773993808,0.9963607616856061,0.02938330180893374,24000.0,341.10174560546875,3.899993896484375,0.0,0.0
IA,band,1,A,A,ID,6_45,237,274,0.9976901044072808,0.9973740539250698,0.1995875128082358,24000.0,363.8623962402344,4.199981689453125,0.0,0.0
IA,band,1,A,A,ID,7_41,477,266,0.9925994230860169,0.9954546204332907,0.3329647211407057,24000.0,201.04873657226562,2.100006103515625,0.0,0.0
IA,band,1,A,A,ID,7_44,160,258,0.9998062015503876,0.9996903634462867,0.18806406256780536,24000.0,300.20594787597656,10.599990844726562,0.0,0.0
IA,band,1,A,AE,OOD,-1_41,1201,490,0.8769426838179069,0.9269993904766454,0.005373113792123841,12000.0,308.5245361328125,1.0,0.0,0.07777777777731398
IA,band,1,A,AE,OOD,-1_43,239,630,0.9711695556883841,0.940923613137859,0.15512707437084838,12000.0,339.5645446777344,2.70001220703125,0.0,0.0
IA,band,1,A,AE,OOD,1_41,57,131,0.9998660774072586,0.9996975196612221,0.17030382588183438,6000.0,389.3562774658203,10.599990844726562,0.0,0.0
IA,band,1,A,AE,OOD,1_44,78,215,0.9744782349433512,0.9550641932740326,0.051718550860907486,6000.0,407.08172607421875,2.0,0.0,0.0
IA,band,1,A,AE,OOD,2_44,261,179,0.9866221451657784,0.9908556320386201,0.020899868702626036,6000.0,367.6575622558594,1.5,0.0,0.008888888888814226
IA,band,1,A,AE,OOD,5_42,263,186,0.995829755918067,0.997069413167212,0.22498234691207536,12000.0,265.4173583984375,3.79998779296875,0.0,0.006666666666709198
IA,band,1,A,AE,OOD,6_40,30,52,1.0,0.9999999999999999,0.02614493115691151,24000.0,230.31488037109375,5.750007629394531,0.0,0.003888888888714116
IA,band,1,A,AE,OOD,6_41,330,323,0.9993432779810489,0.9993913101034317,0.14172472324779903,12000.0,229.20216369628906,4.3000030517578125,0.0,0.0
IA,band,1,A,AE,OOD,6_43,875,580,0.9969241379310345,0.9979418568818135,0.9288447979367633,12000.0,272.02197265625,2.899993896484375,0.0,0.005555555555505103
IA,band,1,A,AE,OOD,6_44,291,60,0.9967926689576174,0.9993333288665704,1.2168297195004665,24000.0,304.9620056152344,1.600006103515625,0.0,0.006666666666709198
IA,band,1,A,AE,OOD,6_45,45,119,0.999813258636788,0.9995169082125605,0.1995875128082358,6000.0,333.25831604003906,13.149993896484375,0.0,0.0
IA,band,1,A,AE,OOD,7_41,1073,745,0.9964810448031924,0.9976195322057828,0.14172472324779903,24000.0,209.74579620361328,2.5,0.0,0.0033333333333545995
IA,band,1,A,AE,OOD,7_44,346,303,0.9772696922871478,0.9848053023781599,0.18806406256780536,24000.0,189.4499969482422,4.0,0.0,0.33333333333406484
IA,band,1,A,AE,OOD,8_39,510,496,0.9360768500948767,0.9122245711824175,0.5555917330355646,12000.0,160.1106719970703,1.4000091552734375,0.0,0.19444444444474027
IA,band,1,AE,A,OOD,-1_41,64,26,0.6388221153846154,0.8219282545007439,0.05083105154200276,24000.0,313.9565124511719,0.70001220703125,0.0,0.0
IA,band,1,AE,A,OOD,-1_43,286,347,0.9935611938493782,0.9921966604231944,0.09860447862462071,24000.0,384.3287353515625,3.70001220703125,0.0,0.0
IA,band,1,AE,A,OOD,0_42,349,437,0.9992853068263033,0.9991390071969188,0.05083105154200276,24000.0,379.9727020263672,5.5999908447265625,0.0,0.0
IA,band,1,AE,A,OOD,1_41,143,394,0.9994497887898903,0.9985494906183899,0.17030382588183438,24000.0,409.877197265625,11.699981689453125,0.0,0.0
IA,band,1,AE,A,OOD,1_44,351,301,0.9741980672213231,0.9814153143253932,0.051718550860907486,24000.0,409.6737976074219,1.79998779296875,0.0,0.0
IA,band,1,AE,A,OOD,2_40,213,381,0.9991004645546068,0.9984113011806428,0.011090254519043646,24000.0,384.00933837890625,8.599990844726562,0.0,0.0
IA,band,1,AE,A,OOD,2_42,313,382,0.9594617198869244,0.9658372194463899,0.046373166273365095,24000.0,345.75653076171875,1.899993896484375,0.0,0.0
IA,band,1,AE,A,OOD,2_44,324,367,0.9838110135566993,0.9855415520229129,0.020899868702626036,24000.0,357.1235046386719,1.5,0.0,0.0
IA,band,1,AE,A,OOD,3_40,334,353,0.9989313158385777,0.9989292406176568,0.39080310800423634,24000.0,307.3044738769531,6.5,0.0,0.0
IA,band,1,AE,A,OOD,5_41,371,386,0.9967249975559682,0.9968114010623742,,24000.0,260.5018310546875,4.0,0.0,0.0
IA,band,1,AE,A,OOD,5_42,439,355,0.9954570246077834,0.9968537409294712,0.11282135844776217,24000.0,279.4933776855469,2.899993896484375,0.0,0.0
IA,band,1,AE,A,OOD,6_40,595,263,0.9865034987378982,0.9946095522296114,0.03800384303118302,24000.0,211.19859313964844,2.5,0.0,0.001111111111113147
IA,band,1,AE,A,OOD,6_41,500,365,0.9937863013698631,0.9955818200726945,0.007579137211492923,24000.0,235.08804321289062,3.0999908447265625,0.0,0.0
IA,band,1,AE,A,OOD,6_43,312,251,0.9962585555215038,0.9971520284782243,0.01727302559164983,24000.0,292.75823974609375,2.600006103515625,0.0,0.0
IA,band,1,AE,A,OOD,6_44,272,342,0.9904755761953905,0.9893198787400472,0.02938330180893374,24000.0,341.10174560546875,3.899993896484375,0.0,0.0
IA,band,1,AE,A,OOD,6_45,237,274,0.9986294619483199,0.9984954420797779,0.1995875128082358,24000.0,363.8623962402344,4.199981689453125,0.0,0.0
IA,band,1,AE,A,OOD,7_41,477,266,0.9888951939597421,0.9938134804042175,0.3329647211407057,24000.0,201.04873657226562,2.100006103515625,0.0,0.0
IA,band,1,AE,A,OOD,7_44,160,258,0.9984011627906977,0.9969351341938699,0.18806406256780536,24000.0,300.20594787597656,10.599990844726562,0.0,0.0
IA,band,1,AE,AE,ID,-1_41,1201,490,0.9041292120511819,0.9426840716533151,0.005373113792123841,12000.0,308.5245361328125,1.0,0.0,0.07777777777731398
IA,band,1,AE,AE,ID,-1_43,239,630,0.9934117021983131,0.9844877380464494,0.15512707437084838,12000.0,339.5645446777344,2.70001220703125,0.0,0.0
IA,band,1,AE,AE,ID,1_41,57,131,0.9998660774072586,0.9996975196612221,0.17030382588183438,6000.0,389.3562774658203,10.599990844726562,0.0,0.0
IA,band,1,AE,AE,ID,1_44,78,215,0.9840787119856887,0.9665798505611374,0.051718550860907486,6000.0,407.08172607421875,2.0,0.0,0.0
IA,band,1,AE,AE,ID,2_44,261,179,0.9736295725507823,0.9839209474693627,0.020899868702626036,6000.0,367.6575622558594,1.5,0.0,0.008888888888814226
IA,band,1,AE,AE,ID,5_42,263,186,0.9988552271147635,0.999176684869664,0.22498234691207536,12000.0,265.4173583984375,3.79998779296875,0.0,0.006666666666709198
IA,band,1,AE,AE,ID,6_40,30,52,1.0,0.9999999999999999,0.02614493115691151,24000.0,230.31488037109375,5.750007629394531,0.0,0.003888888888714116
IA,band,1,AE,AE,ID,6_41,330,323,0.9994933858710948,0.9995100172154463,0.14172472324779903,12000.0,229.20216369628906,4.3000030517578125,0.0,0.0
IA,band,1,AE,AE,ID,6_43,875,580,0.998512315270936,0.9990261266736022,0.9288447979367633,12000.0,272.02197265625,2.899993896484375,0.0,0.005555555555505103
IA,band,1,AE,AE,ID,6_44,291,60,0.9970217640320733,0.999395038876892,1.2168297195004665,24000.0,304.9620056152344,1.600006103515625,0.0,0.006666666666709198
IA,band,1,AE,AE,ID,6_45,45,119,1.0,1.0,0.1995875128082358,6000.0,333.25831604003906,13.149993896484375,0.0,0.0
IA,band,1,AE,AE,ID,7_41,1073,745,0.9971940929589622,0.9981284372295242,0.14172472324779903,24000.0,209.74579620361328,2.5,0.0,0.0033333333333545995
IA,band,1,AE,AE,ID,7_44,346,303,0.9702874911768633,0.982143730907577,0.18806406256780536,24000.0,189.4499969482422,4.0,0.0,0.33333333333406484
IA,band,1,AE,AE,ID,8_39,510,496,0.9841279253636939,0.9803333385355087,0.5555917330355646,12000.0,160.1106719970703,1.4000091552734375,0.0,0.19444444444474027
IA,band,2,A,A,ID,-1_42,739,99,0.8799770369459138,0.9799326854442827,0.05083105154200276,24000.0,322.83270263671875,0.399993896484375,0.0,0.0
IA,band,2,A,A,ID,1_40,327,372,0.9993505639406793,0.9993006687176461,0.27566347740744723,24000.0,364.7454833984375,5.0,0.0,0.0
IA,band,2,A,A,ID,1_42,217,380,0.9968105748241572,0.9946276136558612,0.046373166273365095,24000.0,400.982177734375,5.399993896484375,0.0,0.0
IA,band,2,A,A,ID,1_45,94,191,0.9943188147488025,0.9887924099463319,0.015586677359180472,24000.0,434.7096252441406,2.5,0.0,0.0
IA,band,2,A,A,ID,2_41,231,402,0.9975555124808857,0.996512897941271,0.0905846741054211,24000.0,347.0193786621094,5.5,0.0,0.0
IA,band,2,A,A,ID,2_43,209,373,0.9623638672601562,0.950667523383821,0.08696796350971939,24000.0,357.4259033203125,1.399993896484375,0.0,0.0
IA,band,2,A,A,ID,3_39,336,316,0.9985589963833634,0.998561835194688,0.011090254519043646,24000.0,315.98065185546875,4.850006103515625,0.0,0.0
IA,band,2,A,A,ID,3_42,149,260,0.9812080536912752,0.9798491074391019,0.0045536169031831965,24000.0,320.66998291015625,2.399993896484375,0.0,0.0
IA,band,2,A,A,ID,3_44,310,466,0.9827841617056625,0.9788128057339378,0.01332005366892077,24000.0,364.0863342285156,1.79998779296875,0.0,0.0
IA,band,2,A,A,ID,4_41,530,207,0.9962719897912677,0.9985309210101192,1.0103819468364637,24000.0,244.53277587890625,1.9000091552734375,0.0,0.0011111111110828306
IA,band,2,A,A,ID,4_42,372,262,0.9945005335303291,0.9961191534385057,0.22498234691207536,24000.0,298.15167236328125,2.399993896484375,0.0,0.0
IA,band,2,A,A,ID,4_43,519,369,0.9900319041726062,0.9936211903743939,0.034712894170315145,24000.0,340.95787048339844,1.9000244140625,0.0,0.0
IA,band,2,A,A,ID,4_45,263,244,0.9675091940410149,0.971724094725694,0.056204293135757644,24000.0,366.7504577636719,1.600006103515625,0.0,0.0
IA,band,2,A,A,ID,7_40,342,315,0.9986633249791145,0.9987663519452509,0.4513730783381318,24000.0,208.35704040527344,2.5,0.0,0.0
IA,band,2,A,A,ID,8_43,72,241,0.9977524204702628,0.9933384299957063,0.23995566720095404,24000.0,300.63519287109375,15.199981689453125,0.0,0.0
IA,band,2,A,A,ID,9_41,126,40,1.0,0.9999999999999998,0.10361666476438457,24000.0,184.21955108642578,1.75,0.0,0.062222222221639006
IA,band,2,A,AE,OOD,-1_42,1007,713,0.8091619532835369,0.825865899118777,0.05083105154200276,12000.0,321.2392272949219,1.0,0.0,0.09000000000001335
IA,band,2,A,AE,OOD,1_40,127,307,0.9973325809843802,0.9937224737305628,0.203900772770715,12000.0,364.6605682373047,10.050003051757812,0.0,0.0
IA,band,2,A,AE,OOD,1_42,61,156,1.0,1.0,0.12586491978649286,6000.0,389.0110778808594,7.100006103515625,0.0,0.0
IA,band,2,A,AE,OOD,1_45,471,273,0.9886532434303136,0.9873661595194297,0.015586677359180472,6000.0,427.1400146484375,0.0,0.0,0.5255555555555763
IA,band,2,A,AE,OOD,2_43,33,62,1.0,0.9999999999999998,0.08696796350971939,12000.0,340.04083251953125,2.79998779296875,0.0,0.0
IA,band,2,A,AE,OOD,3_42,178,256,0.991770540730337,0.9913183067049871,0.1817161963149645,6000.0,291.3305358886719,2.649993896484375,0.0,0.0
IA,band,2,A,AE,OOD,4_41,864,632,0.9971760724331926,0.9980557382593302,1.0103819468364637,12000.0,239.18241119384766,4.900001525878906,0.0,0.012222222221850506
IA,band,2,A,AE,OOD,4_42,70,274,0.9988529718456727,0.9959623123355519,0.1817161963149645,6000.0,301.2109832763672,3.5,0.0,0.0
IA,band,2,A,AE,OOD,7_40,352,123,0.9922856614929785,0.9973721871361947,0.4513730783381318,24000.0,176.6869659423828,2.1999969482421875,0.0,0.1333333333334564
IA,band,2,A,AE,OOD,8_43,305,498,0.9890381196918823,0.9791237850498681,0.23995566720095404,24000.0,227.2500457763672,6.8000030517578125,0.0,0.0011111111111737802
IA,band,2,A,AE,OOD,8_44,128,83,1.0,1.0,0.18806406256780536,24000.0,186.75437927246094,3.79998779296875,0.0,0.39777777777859624
IA,band,2,A,AE,OOD,9_41,315,493,0.9799800379922083,0.9658191475904101,0.10361666476438457,6000.0,179.81206512451172,3.0,0.0,0.004444444444482905
IA,band,2,AE,A,OOD,-1_42,739,99,0.877516709722393,0.9742739766867647,0.05083105154200276,24000.0,322.83270263671875,0.399993896484375,0.0,0.0
IA,band,2,AE,A,OOD,1_40,327,372,0.9987751142678637,0.9985604407599002,0.27566347740744723,24000.0,364.7454833984375,5.0,0.0,0.0
IA,band,2,AE,A,OOD,1_42,217,380,0.9911350958040261,0.9874364188556598,0.046373166273365095,24000.0,400.982177734375,5.399993896484375,0.0,0.0
IA,band,2,AE,A,OOD,1_45,94,191,0.9725409379525455,0.9660505034266673,0.015586677359180472,24000.0,434.7096252441406,2.5,0.0,0.0
IA,band,2,AE,A,OOD,2_41,231,402,0.9981262518575951,0.9968584141445196,0.0905846741054211,24000.0,347.0193786621094,5.5,0.0,0.0
IA,band,2,AE,A,OOD,2_43,209,373,0.8957758764447067,0.8974252058167689,0.08696796350971939,24000.0,357.4259033203125,1.399993896484375,0.0,0.0
IA,band,2,AE,A,OOD,3_39,336,316,0.9985213230861965,0.9985136982265006,0.011090254519043646,24000.0,315.98065185546875,4.850006103515625,0.0,0.0
IA,band,2,AE,A,OOD,3_42,149,260,0.9569437274135261,0.9661382668893976,0.0045536169031831965,24000.0,320.66998291015625,2.399993896484375,0.0,0.0
IA,band,2,AE,A,OOD,3_44,310,466,0.9465180672850616,0.9502839768548651,0.01332005366892077,24000.0,364.0863342285156,1.79998779296875,0.0,0.0
IA,band,2,AE,A,OOD,4_41,530,207,0.9949138638228056,0.9980053621333562,1.0103819468364637,24000.0,244.53277587890625,1.9000091552734375,0.0,0.0011111111110828306
IA,band,2,AE,A,OOD,4_42,372,262,0.9899963063284906,0.9932991172155816,0.22498234691207536,24000.0,298.15167236328125,2.399993896484375,0.0,0.0
IA,band,2,AE,A,OOD,4_43,519,369,0.9824292077217497,0.9889355322788981,0.034712894170315145,24000.0,340.95787048339844,1.9000244140625,0.0,0.0
IA,band,2,AE,A,OOD,4_45,263,244,0.9182042012092502,0.9372696472252593,0.056204293135757644,24000.0,366.7504577636719,1.600006103515625,0.0,0.0
IA,band,2,AE,A,OOD,7_40,342,315,0.9959435626102293,0.9964133113362578,0.4513730783381318,24000.0,208.35704040527344,2.5,0.0,0.0
IA,band,2,AE,A,OOD,8_43,72,241,0.9974642692485016,0.9924429995959656,0.23995566720095404,24000.0,300.63519287109375,15.199981689453125,0.0,0.0
IA,band,2,AE,A,OOD,9_41,126,40,0.9990079365079365,0.9996904456710352,0.10361666476438457,24000.0,184.21955108642578,1.75,0.0,0.062222222221639006
IA,band,2,AE,AE,ID,-1_42,1007,713,0.9121005695057459,0.9233787276022148,0.05083105154200276,12000.0,321.2392272949219,1.0,0.0,0.09000000000001335
IA,band,2,AE,AE,ID,1_40,127,307,0.9957680371386801,0.989492290121552,0.203900772770715,12000.0,364.6605682373047,10.050003051757812,0.0,0.0
IA,band,2,AE,AE,ID,1_42,61,156,1.0,1.0,0.12586491978649286,6000.0,389.0110778808594,7.100006103515625,0.0,0.0
IA,band,2,AE,AE,ID,1_45,471,273,0.9895320532263208,0.990225127674411,0.015586677359180472,6000.0,427.1400146484375,0.0,0.0,0.5255555555555763
IA,band,2,AE,AE,ID,2_43,33,62,1.0,0.9999999999999998,0.08696796350971939,12000.0,340.04083251953125,2.79998779296875,0.0,0.0
IA,band,2,AE,AE,ID,3_42,178,256,0.9911780196629214,0.9920714447469685,0.1817161963149645,6000.0,291.3305358886719,2.649993896484375,0.0,0.0
IA,band,2,AE,AE,ID,4_41,864,632,0.9984470229723394,0.9989099467056926,1.0103819468364637,12000.0,239.18241119384766,4.900001525878906,0.0,0.012222222221850506
IA,band,2,AE,AE,ID,4_42,70,274,0.9994786235662149,0.9982142857142857,0.1817161963149645,6000.0,301.2109832763672,3.5,0.0,0.0
IA,band,2,AE,AE,ID,7_40,352,123,0.996119733924612,0.9986221679109432,0.4513730783381318,24000.0,176.6869659423828,2.1999969482421875,0.0,0.1333333333334564
IA,band,2,AE,AE,ID,8_43,305,498,0.9912897491605767,0.980612803651825,0.23995566720095404,24000.0,227.2500457763672,6.8000030517578125,0.0,0.0011111111111737802
IA,band,2,AE,AE,ID,8_44,128,83,1.0,1.0,0.18806406256780536,24000.0,186.75437927246094,3.79998779296875,0.0,0.39777777777859624
IA,band,2,AE,AE,ID,9_41,315,493,0.993380340642004,0.9883395137667232,0.10361666476438457,6000.0,179.81206512451172,3.0,0.0,0.004444444444482905
IA,band,3,A,A,ID,0_40,190,232,0.9982985480943739,0.9980140689432474,0.6289219701150272,24000.0,352.1091766357422,5.649993896484375,0.0,0.0
IA,band,3,A,A,ID,0_43,276,310,0.9992636746143058,0.9991783375502943,0.0007523959754880558,24000.0,407.5456237792969,3.6999969482421875,0.0,0.0
IA,band,3,A,A,ID,1_39,271,325,0.9938575078058474,0.9871805492891719,0.0686128589386193,24000.0,331.416259765625,5.95001220703125,0.0,0.0
IA,band,3,A,A,ID,1_43,263,420,0.989579938439254,0.9864652475105893,,24000.0,391.3110046386719,1.899993896484375,0.0,0.0
IA,band,3,A,A,ID,2_39,185,407,0.9957367687097416,0.9811095920444718,0.011090254519043646,24000.0,365.2724609375,8.300003051757812,0.0,0.0
IA,band,3,A,A,ID,3_41,163,225,0.9971915473755966,0.9966499671437812,0.0905846741054211,24000.0,294.8960418701172,3.3000030517578125,0.0,0.0
IA,band,3,A,A,ID,3_43,284,297,0.9805567411201214,0.9825532308950808,0.08696796350971939,24000.0,342.64898681640625,1.399993896484375,0.0,0.0
IA,band,3,A,A,ID,3_45,49,108,0.9896069538926682,0.9759705875653057,0.01171654900789795,24000.0,354.38262939453125,2.0,0.0,0.0
IA,band,3,A,A,ID,4_39,224,352,0.9976410308441559,0.9934325761371396,,24000.0,312.844970703125,5.899993896484375,0.0,0.0
IA,band,3,A,A,ID,5_39,362,386,0.9993058139867746,0.9992972172389182,0.02614493115691151,24000.0,273.6693115234375,5.0,0.0,0.0011111111110828306
IA,band,3,A,A,ID,5_40,510,281,0.9990091410229572,0.9994504666444463,0.02614493115691151,24000.0,227.2896270751953,3.5999908447265625,0.0,0.0
IA,band,3,A,A,ID,6_39,402,360,0.9976506357103373,0.9977509666187024,0.004025427167314958,24000.0,215.92996978759766,4.049995422363281,0.0,0.0
IA,band,3,A,A,ID,7_42,173,193,0.9972146515319416,0.9968664201821759,0.023119855887925804,24000.0,259.0309753417969,3.7500076293945312,0.0,0.0
IA,band,3,A,A,ID,7_45,94,211,0.9989412120600989,0.9977319309877144,0.015210388566860465,24000.0,327.896240234375,13.199996948242188,0.0,0.0
IA,band,3,A,A,ID,8_41,390,191,0.99612028460196,0.9981052527135685,0.10361666476438457,24000.0,209.25604248046875,1.8000030517578125,0.0,0.0
IA,band,3,A,A,ID,8_42,496,380,0.9984613752122241,0.9988519909132769,0.039407311739067474,24000.0,226.39163970947266,2.1999969482421875,0.0,0.0
IA,band,3,A,A,ID,9_42,157,124,0.9976885144853092,0.9982210660715094,0.1592501607041802,24000.0,206.95138549804688,2.3000030517578125,0.0,0.0
IA,band,3,A,AE,OOD,0_40,1044,1004,0.9781200867029964,0.975665189930071,0.6289219701150272,24000.0,311.67706298828125,3.5,0.0,0.0011111111110828306
IA,band,3,A,AE,OOD,0_43,63,173,0.9994494907789706,0.9986197377501724,0.04208188287839305,6000.0,400.8551483154297,12.699996948242188,0.0,0.0
IA,band,3,A,AE,OOD,3_41,1113,1472,0.995165826790109,0.9943799853634906,1.0103819468364637,12000.0,273.615234375,4.899993896484375,0.0,0.002222222222226294
IA,band,3,A,AE,OOD,3_43,39,111,1.0,1.0,0.043609149790240484,12000.0,333.16465759277344,2.149993896484375,0.0,0.0
IA,band,3,A,AE,OOD,3_45,86,180,0.9972868217054264,0.9945351407185296,0.02426444596149107,6000.0,380.2940673828125,3.4999847412109375,0.0,0.0011111111111434635
IA,band,3,A,AE,OOD,5_40,240,233,0.999123748211731,0.9991797348923551,0.02614493115691151,12000.0,201.85897827148438,5.1999969482421875,0.0,0.007777777777792031
IA,band,3,A,AE,OOD,7_42,764,1765,0.9988846536048529,0.9976389382470483,0.633558194412068,12000.0,255.47276306152344,6.100006103515625,0.0,0.0
IA,band,3,A,AE,OOD,7_45,587,370,0.9918458492564114,0.9930249810113989,0.015210388566860465,24000.0,191.0,2.0,0.0,0.5633333333332703
IA,band,3,A,AE,OOD,8_40,984,441,0.9875652157882122,0.9940324901975659,0.4513730783381318,24000.0,164.7483367919922,1.399993896484375,0.0,0.23222222222313288
IA,band,3,A,AE,OOD,8_41,567,796,0.9864002552444764,0.9781456738729344,0.3329647211407057,24000.0,191.51138305664062,3.0999908447265625,0.0,0.0022222222221959776
IA,band,3,A,AE,OOD,9_42,1004,592,0.9742937035641218,0.9821489500160725,0.039407311739067474,12000.0,179.6033172607422,1.9000091552734375,0.0,0.3755555555563033
IA,band,3,AE,A,OOD,0_40,190,232,0.9965970961887477,0.996041180927855,0.6289219701150272,24000.0,352.1091766357422,5.649993896484375,0.0,0.0
IA,band,3,AE,A,OOD,0_43,276,310,0.9985156615240767,0.9982860523846158,0.0007523959754880558,24000.0,407.5456237792969,3.6999969482421875,0.0,0.0
IA,band,3,AE,A,OOD,1_39,271,325,0.9946068691456146,0.9914973180359758,0.0686128589386193,24000.0,331.416259765625,5.95001220703125,0.0,0.0
IA,band,3,AE,A,OOD,1_43,263,420,0.9684863298931741,0.9653098609625332,,24000.0,391.3110046386719,1.899993896484375,0.0,0.0
IA,band,3,AE,A,OOD,2_39,185,407,0.9966531642207317,0.9916239457510715,0.011090254519043646,24000.0,365.2724609375,8.300003051757812,0.0,0.0
IA,band,3,AE,A,OOD,3_41,163,225,0.9940831629175189,0.9927371706464337,0.0905846741054211,24000.0,294.8960418701172,3.3000030517578125,0.0,0.0
IA,band,3,AE,A,OOD,3_43,284,297,0.9419666145018258,0.9549327290845209,0.08696796350971939,24000.0,342.64898681640625,1.399993896484375,0.0,0.0
IA,band,3,AE,A,OOD,3_45,49,108,0.9822373393801964,0.960184274426147,0.01171654900789795,24000.0,354.38262939453125,2.0,0.0,0.0
IA,band,3,AE,A,OOD,4_39,224,352,0.9981610186688311,0.9969200980897914,,24000.0,312.844970703125,5.899993896484375,0.0,0.0
IA,band,3,AE,A,OOD,5_39,362,386,0.9986975066555979,0.9986240333104487,0.02614493115691151,24000.0,273.6693115234375,5.0,0.0,0.0011111111110828306
IA,band,3,AE,A,OOD,5_40,510,281,0.9976205428790734,0.9987710458702996,0.02614493115691151,24000.0,227.2896270751953,3.5999908447265625,0.0,0.0
IA,band,3,AE,A,OOD,6_39,402,360,0.9914179104477612,0.9917696454821721,0.004025427167314958,24000.0,215.92996978759766,4.049995422363281,0.0,0.0
IA,band,3,AE,A,OOD,7_42,173,193,0.9955674024379286,0.9954617390450856,0.023119855887925804,24000.0,259.0309753417969,3.7500076293945312,0.0,0.0
IA,band,3,AE,A,OOD,7_45,94,211,0.9935968538872643,0.989113430500123,0.015210388566860465,24000.0,327.896240234375,13.199996948242188,0.0,0.0
IA,band,3,AE,A,OOD,8_41,390,191,0.9852463417908444,0.9932693164737625,0.10361666476438457,24000.0,209.25604248046875,1.8000030517578125,0.0,0.0
IA,band,3,AE,A,OOD,8_42,496,380,0.9965301358234295,0.9973269875471427,0.039407311739067474,24000.0,226.39163970947266,2.1999969482421875,0.0,0.0
IA,band,3,AE,A,OOD,9_42,157,124,0.9954797616601603,0.9964881285016272,0.1592501607041802,24000.0,206.95138549804688,2.3000030517578125,0.0,0.0
IA,band,3,AE,AE,ID,0_40,1044,1004,0.9943969333394391,0.9942115971229275,0.6289219701150272,24000.0,311.67706298828125,3.5,0.0,0.0011111111110828306
IA,band,3,AE,AE,ID,0_43,63,173,0.9993577392421322,0.9981765446147075,0.04208188287839305,6000.0,400.8551483154297,12.699996948242188,0.0,0.0
IA,band,3,AE,AE,ID,3_41,1113,1472,0.9962864760342202,0.9958106544978845,1.0103819468364637,12000.0,273.615234375,4.899993896484375,0.0,0.002222222222226294
IA,band,3,AE,AE,ID,3_43,39,111,1.0,1.0,0.043609149790240484,12000.0,333.16465759277344,2.149993896484375,0.0,0.0
IA,band,3,AE,AE,ID,3_45,86,180,0.9939922480620156,0.9873732456241107,0.02426444596149107,6000.0,380.2940673828125,3.4999847412109375,0.0,0.0011111111111434635
IA,band,3,AE,AE,ID,5_40,240,233,0.9983726752503577,0.9985743743148912,0.02614493115691151,12000.0,201.85897827148438,5.1999969482421875,0.0,0.007777777777792031
IA,band,3,AE,AE,ID,7_42,764,1765,0.9990700502795782,0.9979979545872916,0.633558194412068,12000.0,255.47276306152344,6.100006103515625,0.0,0.0
IA,band,3,AE,AE,ID,7_45,587,370,0.9943551728900961,0.9935434534940744,0.015210388566860465,24000.0,191.0,2.0,0.0,0.5633333333332703
IA,band,3,AE,AE,ID,8_40,984,441,0.9817718415279391,0.9901739878367426,0.4513730783381318,24000.0,164.7483367919922,1.399993896484375,0.0,0.23222222222313288
IA,band,3,AE,AE,ID,8_41,567,796,0.9966122499623338,0.995150857091706,0.3329647211407057,24000.0,191.51138305664062,3.0999908447265625,0.0,0.0022222222221959776
IA,band,3,AE,AE,ID,9_42,1004,592,0.992812533649187,0.9956598585667721,0.039407311739067474,12000.0,179.6033172607422,1.9000091552734375,0.0,0.3755555555563033
IA,shadedX,0,A,A,ID,-1_44,339,96,0.793141592920354,0.9359387148049308,0.0021727180651767066,24000.0,378.1034851074219,1.5,0.0,0.0
IA,shadedX,0,A,A,ID,-1_45,234,87,0.803173199724924,0.9148367839804089,0.02004102728824482,24000.0,403.022216796875,1.899993896484375,0.0,0.0
IA,shadedX,0,A,A,ID,0_39,330,170,0.9254367201426025,0.961491957786826,0.03616007671104058,24000.0,289.0752716064453,1.199981689453125,0.0,0.0322222222223419
IA,shadedX,0,A,A,ID,0_41,295,335,0.7257171768277259,0.6815594970363948,0.005373113792123841,24000.0,312.403076171875,1.199981689453125,0.0,0.0
IA,shadedX,0,A,A,ID,0_44,275,78,0.8908158508158509,0.9668214997533141,0.0021727180651767066,24000.0,419.96038818359375,1.0,0.0,0.0
IA,shadedX,0,A,A,ID,0_45,209,74,0.7561101771628087,0.8942445295388117,0.02004102728824482,24000.0,439.22589111328125,1.100006103515625,0.0,0.0
IA,shadedX,0,A,A,ID,2_45,97,40,0.8185567010309279,0.929967964025936,0.0011463239351234065,24000.0,373.2042541503906,0.5,0.0,0.01111111111113147
IA,shadedX,0,A,A,ID,4_40,505,95,0.8950078165711308,0.9772239876602763,0.39080310800423634,24000.0,238.5018310546875,1.9500045776367188,0.0,0.002222222222226294
IA,shadedX,0,A,A,ID,4_44,348,91,0.8020714917266641,0.9437871121653637,0.034712894170315145,24000.0,323.42169189453125,0.79998779296875,0.0,0.0
IA,shadedX,0,A,A,ID,5_43,495,263,0.8099320198179514,0.8946032292850943,0.07198556374486488,24000.0,279.3023223876953,1.5,0.0,0.0
IA,shadedX,0,A,A,ID,5_44,513,159,0.8305809947650398,0.9371151845468688,0.02938330180893374,24000.0,308.27256774902344,1.20001220703125,0.0,0.0
IA,shadedX,0,A,A,ID,5_45,258,59,0.8575745631323086,0.9622026942224129,0.02938330180893374,24000.0,361.87738037109375,1.0,0.0,0.0
IA,shadedX,0,A,A,ID,6_42,335,184,0.8041044776119401,0.8649931831218705,0.09042769658192767,24000.0,241.54229736328125,1.5999908447265625,0.0,0.0
IA,shadedX,0,A,A,ID,7_39,235,41,0.8354955889984431,0.9636526593644005,0.06344349524591944,24000.0,173.75071716308594,1.5999908447265625,0.0,0.001111111111113147
IA,shadedX,0,A,A,ID,7_43,236,80,0.8528072033898304,0.9449656483212772,0.11879900960994477,24000.0,290.6103057861328,1.0,0.0,0.0
IA,shadedX,0,A,AE,OOD,-1_44,107,152,0.7150147565174618,0.6883943192000892,0.15512707437084838,6000.0,359.2804870605469,2.29998779296875,0.0,0.02000000000009728
IA,shadedX,0,A,AE,OOD,0_39,551,174,0.6456703590128711,0.8184977864850759,0.03616007671104058,24000.0,286.5871276855469,1.300018310546875,0.0,0.6066666666651062
IA,shadedX,0,A,AE,OOD,0_41,812,452,0.41786368193905576,0.5548984956290214,0.005373113792123841,12000.0,306.9593963623047,0.699981689453125,0.0,0.0
IA,shadedX,0,A,AE,OOD,4_44,156,207,0.9522482348569304,0.957493396034918,0.056204293135757644,24000.0,359.8880310058594,0.899993896484375,0.0,0.0044444444441494235
IA,shadedX,0,A,AE,OOD,5_43,746,324,0.7126154304438486,0.8759477541504187,0.9288447979367633,6000.0,266.7314147949219,1.899993896484375,0.0,0.017777777777870984
IA,shadedX,0,A,AE,OOD,5_44,238,183,0.7898011663681866,0.8678466272081881,1.2168297195004665,24000.0,290.1720275878906,1.79998779296875,0.0,0.0077777777780345635
IA,shadedX,0,A,AE,OOD,6_42,427,241,0.7933473913339228,0.8778684907802063,0.633558194412068,12000.0,228.0293197631836,2.100006103515625,0.0,0.03444444444305236
IA,shadedX,0,A,AE,OOD,7_39,400,84,0.9156845238095238,0.983495352109178,0.06344349524591944,6000.0,158.03194427490234,0.0,0.0,0.7055555555549015
IA,shadedX,0,A,AE,OOD,7_43,90,111,0.8295295295295295,0.8661637710805377,0.23995566720095404,6000.0,284.2090759277344,1.5,0.0,0.0
IA,shadedX,0,AE,A,OOD,-1_44,339,96,0.6194690265486725,0.8616958295948658,0.0021727180651767066,24000.0,378.1034851074219,1.5,0.0,0.0
IA,shadedX,0,AE,A,OOD,-1_45,234,87,0.6727576382748796,0.8716975292649394,0.02004102728824482,24000.0,403.022216796875,1.899993896484375,0.0,0.0
IA,shadedX,0,AE,A,OOD,0_39,330,170,0.7580926916221034,0.8086356184037558,0.03616007671104058,24000.0,289.0752716064453,1.199981689453125,0.0,0.0322222222223419
IA,shadedX,0,AE,A,OOD,0_41,295,335,0.44800404755881607,0.41700219329518495,0.005373113792123841,24000.0,312.403076171875,1.199981689453125,0.0,0.0
IA,shadedX,0,AE,A,OOD,0_44,275,78,0.7987878787878788,0.9246439503337518,0.0021727180651767066,24000.0,419.96038818359375,1.0,0.0,0.0
IA,shadedX,0,AE,A,OOD,0_45,209,74,0.7735031682400103,0.8986525545424823,0.02004102728824482,24000.0,439.22589111328125,1.100006103515625,0.0,0.0
IA,shadedX,0,AE,A,OOD,2_45,97,40,0.8309278350515463,0.9307741000621799,0.0011463239351234065,24000.0,373.2042541503906,0.5,0.0,0.01111111111113147
IA,shadedX,0,AE,A,OOD,4_40,505,95,0.660177175612298,0.9237289533135602,0.39080310800423634,24000.0,238.5018310546875,1.9500045776367188,0.0,0.002222222222226294
IA,shadedX,0,AE,A,OOD,4_44,348,91,0.7367689781482885,0.9190852384055264,0.034712894170315145,24000.0,323.42169189453125,0.79998779296875,0.0,0.0
IA,shadedX,0,AE,A,OOD,5_43,495,263,0.5550716288358873,0.7620768833226842,0.07198556374486488,24000.0,279.3023223876953,1.5,0.0,0.0
IA,shadedX,0,AE,A,OOD,5_44,513,159,0.730883813306852,0.9050064900972716,0.02938330180893374,24000.0,308.27256774902344,1.20001220703125,0.0,0.0
IA,shadedX,0,AE,A,OOD,5_45,258,59,0.7068716331625279,0.9251147340547904,0.02938330180893374,24000.0,361.87738037109375,1.0,0.0,0.0
IA,shadedX,0,AE,A,OOD,6_42,335,184,0.6965120051914342,0.8182958516833181,0.09042769658192767,24000.0,241.54229736328125,1.5999908447265625,0.0,0.0
IA,shadedX,0,AE,A,OOD,7_39,235,41,0.4789828749351323,0.8611115767423388,0.06344349524591944,24000.0,173.75071716308594,1.5999908447265625,0.0,0.001111111111113147
IA,shadedX,0,AE,A,OOD,7_43,236,80,0.715572033898305,0.8974730906580031,0.11879900960994477,24000.0,290.6103057861328,1.0,0.0,0.0
IA,shadedX,0,AE,AE,ID,-1_44,107,152,0.9115223807181505,0.8934525290018166,0.15512707437084838,6000.0,359.2804870605469,2.29998779296875,0.0,0.02000000000009728
IA,shadedX,0,AE,AE,ID,0_39,551,174,0.8900118906064209,0.9629192783183381,0.03616007671104058,24000.0,286.5871276855469,1.300018310546875,0.0,0.6066666666651062
IA,shadedX,0,AE,AE,ID,0_41,812,452,0.7772516238720084,0.8281818343754794,0.005373113792123841,12000.0,306.9593963623047,0.699981689453125,0.0,0.0
IA,shadedX,0,AE,AE,ID,4_44,156,207,0.9780750650315867,0.9773581256196149,0.056204293135757644,24000.0,359.8880310058594,0.899993896484375,0.0,0.0044444444441494235
IA,shadedX,0,AE,AE,ID,5_43,746,324,0.8663820209843445,0.9418690992774721,0.9288447979367633,6000.0,266.7314147949219,1.899993896484375,0.0,0.017777777777870984
IA,shadedX,0,AE,AE,ID,5_44,238,183,0.8993203838912616,0.9318320308232807,1.2168297195004665,24000.0,290.1720275878906,1.79998779296875,0.0,0.0077777777780345635
IA,shadedX,0,AE,AE,ID,6_42,427,241,0.9548815921171543,0.9727881325450718,0.633558194412068,12000.0,228.0293197631836,2.100006103515625,0.0,0.03444444444305236
IA,shadedX,0,AE,AE,ID,7_39,400,84,0.965654761904762,0.9929872914231707,0.06344349524591944,6000.0,158.03194427490234,0.0,0.0,0.7055555555549015
IA,shadedX,0,AE,AE,ID,7_43,90,111,0.9685685685685685,0.9586245124479479,0.23995566720095404,6000.0,284.2090759277344,1.5,0.0,0.0
IA,shadedX,1,A,A,ID,-1_41,64,684,0.7655107821637427,0.28203808315048556,0.05083105154200276,24000.0,311.20094299316406,0.79998779296875,0.0,0.0
IA,shadedX,1,A,A,ID,-1_43,286,277,0.9002802251899725,0.9129246832031986,0.09860447862462071,24000.0,347.9876403808594,1.600006103515625,0.0,0.0
IA,shadedX,1,A,A,ID,0_42,349,185,0.7843568496863625,0.8761275085347109,0.05083105154200276,24000.0,337.52801513671875,1.20001220703125,0.0,0.0
IA,shadedX,1,A,A,ID,1_41,143,484,0.7311448881696815,0.5751428310576093,0.17030382588183438,24000.0,379.865234375,1.4000244140625,0.0,0.0
IA,shadedX,1,A,A,ID,1_44,351,194,0.8413369753575939,0.9166070851747083,0.051718550860907486,24000.0,403.9053955078125,1.20001220703125,0.0,0.0
IA,shadedX,1,A,A,ID,2_40,213,149,0.7774836941109746,0.8449733072373505,0.011090254519043646,24000.0,359.5329284667969,2.199981689453125,0.0,0.0
IA,shadedX,1,A,A,ID,2_42,313,46,0.8026114738158078,0.9658997765802118,0.046373166273365095,24000.0,336.64599609375,1.20001220703125,0.0,0.0
IA,shadedX,1,A,A,ID,2_44,324,121,0.789052137536986,0.8943697974811733,0.020899868702626036,24000.0,352.8876647949219,0.899993896484375,0.0,0.01222222222215367
IA,shadedX,1,A,A,ID,3_40,334,98,0.7261090064768423,0.893243789054437,0.39080310800423634,24000.0,271.3219909667969,2.399993896484375,0.0,0.0
IA,shadedX,1,A,A,ID,5_41,371,55,0.8653761333006617,0.9764215925943137,,24000.0,241.2068099975586,1.5999755859375,0.0,0.0
IA,shadedX,1,A,A,ID,5_42,439,48,0.871962794229309,0.9832223525144193,0.11282135844776217,24000.0,263.3071594238281,1.1999969482421875,0.0,0.0
IA,shadedX,1,A,A,ID,6_40,595,71,0.9737247011480649,0.9967467919961366,0.03800384303118302,24000.0,202.11629486083984,1.5,0.0,0.00444444444452838
IA,shadedX,1,A,A,ID,6_41,500,105,0.8947999999999999,0.9758599225912589,0.007579137211492923,24000.0,224.3113555908203,1.5,0.0,0.0
IA,shadedX,1,A,A,ID,6_43,312,197,0.8412892099440323,0.8784552890506303,0.01727302559164983,24000.0,278.2427673339844,1.399993896484375,0.0,0.0
IA,shadedX,1,A,A,ID,6_44,272,35,0.7790966386554623,0.9629638193793155,0.02938330180893374,24000.0,326.2446594238281,1.100006103515625,0.0,0.0
IA,shadedX,1,A,A,ID,7_41,477,268,0.8393957883538283,0.8998078530574717,0.3329647211407057,24000.0,196.2352752685547,1.1999969482421875,0.0,0.0011111111111434635
IA,shadedX,1,A,AE,OOD,-1_41,1201,748,0.3962606918477027,0.5627804302672478,0.005373113792123841,12000.0,309.4642028808594,0.899993896484375,0.0,0.016666666666697208
IA,shadedX,1,A,AE,OOD,-1_43,239,270,0.78651789865179,0.806195021509956,0.15512707437084838,12000.0,338.8496398925781,1.899993896484375,0.0,0.01555555555567501
IA,shadedX,1,A,AE,OOD,1_41,57,438,0.8625330449411199,0.562799381691313,0.17030382588183438,6000.0,376.30584716796875,1.70001220703125,0.0,0.0
IA,shadedX,1,A,AE,OOD,1_44,78,189,0.874033374033374,0.8127096034344917,0.051718550860907486,6000.0,404.35528564453125,1.5,0.0,0.0
IA,shadedX,1,A,AE,OOD,2_44,261,153,0.8145393534169735,0.8632179300637252,0.020899868702626036,6000.0,364.88612365722656,1.0,0.0,0.018888888888832552
IA,shadedX,1,A,AE,OOD,5_42,263,45,0.8893113645965357,0.9807364865456261,0.22498234691207536,12000.0,261.6401672363281,2.0,0.0,0.07000000000003735
IA,shadedX,1,A,AE,OOD,6_40,30,71,0.783568075117371,0.639670066785407,0.02614493115691151,24000.0,193.7669677734375,1.399993896484375,0.0,0.06888888888859071
IA,shadedX,1,A,AE,OOD,6_41,330,130,0.773076923076923,0.8496370713598977,0.14172472324779903,12000.0,218.76319885253906,1.5999908447265625,0.0,0.03555555555480215
IA,shadedX,1,A,AE,OOD,6_43,875,253,0.7954918125352908,0.9347384930913949,0.9288447979367633,12000.0,251.59536743164062,1.54998779296875,0.0,0.025555555555435636
IA,shadedX,1,A,AE,OOD,6_44,291,39,0.931447704643581,0.9898298517453461,1.2168297195004665,24000.0,303.9451904296875,1.399993896484375,0.0,0.00833333333345471
IA,shadedX,1,A,AE,OOD,7_41,1073,284,0.8281440741372748,0.9512697744133874,0.14172472324779903,24000.0,201.33547973632812,1.100006103515625,0.0,0.09666666666666192
IA,shadedX,1,A,AE,OOD,7_44,346,35,0.7254335260115607,0.9675076938781934,0.18806406256780536,24000.0,188.25,0.0,0.0,0.7088888888881804
IA,shadedX,1,AE,A,OOD,-1_41,64,684,0.37611933479532156,0.06910466664354808,0.05083105154200276,24000.0,311.20094299316406,0.79998779296875,0.0,0.0
IA,shadedX,1,AE,A,OOD,-1_43,286,277,0.5416046047815001,0.5275514670157838,0.09860447862462071,24000.0,347.9876403808594,1.600006103515625,0.0,0.0
IA,shadedX,1,AE,A,OOD,0_42,349,185,0.7176643692403004,0.830654735542676,0.05083105154200276,24000.0,337.52801513671875,1.20001220703125,0.0,0.0
IA,shadedX,1,AE,A,OOD,1_41,143,484,0.6752152805871814,0.4625080264712984,0.17030382588183438,24000.0,379.865234375,1.4000244140625,0.0,0.0
IA,shadedX,1,AE,A,OOD,1_44,351,194,0.7408875965576996,0.863422038333335,0.051718550860907486,24000.0,403.9053955078125,1.20001220703125,0.0,0.0
IA,shadedX,1,AE,A,OOD,2_40,213,149,0.607146233103318,0.7213259944284992,0.011090254519043646,24000.0,359.5329284667969,2.199981689453125,0.0,0.0
IA,shadedX,1,AE,A,OOD,2_42,313,46,0.7186414779830532,0.9515681035701491,0.046373166273365095,24000.0,336.64599609375,1.20001220703125,0.0,0.0
IA,shadedX,1,AE,A,OOD,2_44,324,121,0.804458728701153,0.9227963942466677,0.020899868702626036,24000.0,352.8876647949219,0.899993896484375,0.0,0.01222222222215367
IA,shadedX,1,AE,A,OOD,3_40,334,98,0.6981852621288036,0.8863832288792547,0.39080310800423634,24000.0,271.3219909667969,2.399993896484375,0.0,0.0
IA,shadedX,1,AE,A,OOD,5_41,371,55,0.75633423180593,0.9545556974971233,,24000.0,241.2068099975586,1.5999755859375,0.0,0.0
IA,shadedX,1,AE,A,OOD,5_42,439,48,0.6483485193621868,0.9530878182459434,0.11282135844776217,24000.0,263.3071594238281,1.1999969482421875,0.0,0.0
IA,shadedX,1,AE,A,OOD,6_40,595,71,0.927612735234939,0.9899787596609566,0.03800384303118302,24000.0,202.11629486083984,1.5,0.0,0.00444444444452838
IA,shadedX,1,AE,A,OOD,6_41,500,105,0.8267047619047618,0.9598688460259653,0.007579137211492923,24000.0,224.3113555908203,1.5,0.0,0.0
IA,shadedX,1,AE,A,OOD,6_43,312,197,0.6463946375113887,0.7897682975535987,0.01727302559164983,24000.0,278.2427673339844,1.399993896484375,0.0,0.0
IA,shadedX,1,AE,A,OOD,6_44,272,35,0.7381302521008404,0.9541718580516328,0.02938330180893374,24000.0,326.2446594238281,1.100006103515625,0.0,0.0
IA,shadedX,1,AE,A,OOD,7_41,477,268,0.7517913576770239,0.8682482125310841,0.3329647211407057,24000.0,196.2352752685547,1.1999969482421875,0.0,0.0011111111111434635
IA,shadedX,1,AE,AE,ID,-1_41,1201,748,0.7987405771482765,0.8689696592488922,0.005373113792123841,12000.0,309.4642028808594,0.899993896484375,0.0,0.016666666666697208
IA,shadedX,1,AE,AE,ID,-1_43,239,270,0.9261273826127383,0.923481281098304,0.15512707437084838,12000.0,338.8496398925781,1.899993896484375,0.0,0.01555555555567501
IA,shadedX,1,AE,AE,ID,1_41,57,438,0.9166466394296242,0.6548717869550731,0.17030382588183438,6000.0,376.30584716796875,1.70001220703125,0.0,0.0
IA,shadedX,1,AE,AE,ID,1_44,78,189,0.9212454212454212,0.8622129489210462,0.051718550860907486,6000.0,404.35528564453125,1.5,0.0,0.0
IA,shadedX,1,AE,AE,ID,2_44,261,153,0.8670272706783864,0.8980116006981743,0.020899868702626036,6000.0,364.88612365722656,1.0,0.0,0.018888888888832552
IA,shadedX,1,AE,AE,ID,5_42,263,45,0.9242078580481622,0.9859937315860936,0.22498234691207536,12000.0,261.6401672363281,2.0,0.0,0.07000000000003735
IA,shadedX,1,AE,AE,ID,6_40,30,71,0.9384976525821596,0.9095172653862648,0.02614493115691151,24000.0,193.7669677734375,1.399993896484375,0.0,0.06888888888859071
IA,shadedX,1,AE,AE,ID,6_41,330,130,0.7686013986013988,0.8714255222884391,0.14172472324779903,12000.0,218.76319885253906,1.5999908447265625,0.0,0.03555555555480215
IA,shadedX,1,AE,AE,ID,6_43,875,253,0.8707667984189724,0.9610069954209715,0.9288447979367633,12000.0,251.59536743164062,1.54998779296875,0.0,0.025555555555435636
IA,shadedX,1,AE,AE,ID,6_44,291,39,0.9550621200105736,0.9933465370638102,1.2168297195004665,24000.0,303.9451904296875,1.399993896484375,0.0,0.00833333333345471
IA,shadedX,1,AE,AE,ID,7_41,1073,284,0.8707126261764435,0.9652652290168005,0.14172472324779903,24000.0,201.33547973632812,1.100006103515625,0.0,0.09666666666666192
IA,shadedX,1,AE,AE,ID,7_44,346,35,0.9731626754748142,0.9973706313799747,0.18806406256780536,24000.0,188.25,0.0,0.0,0.7088888888881804
IA,shadedX,2,A,A,ID,-1_42,739,1074,0.9114108098164764,0.8743332424385648,0.05083105154200276,24000.0,321.207275390625,0.5999755859375,0.0,0.0
IA,shadedX,2,A,A,ID,1_40,327,416,0.6481489649494236,0.6350405187929073,0.27566347740744723,24000.0,339.1911315917969,1.70001220703125,0.0,0.0
IA,shadedX,2,A,A,ID,1_42,217,195,0.8420418291386033,0.8526989352523575,0.046373166273365095,24000.0,379.7843933105469,1.20001220703125,0.0,0.0
IA,shadedX,2,A,A,ID,1_45,94,88,0.8302707930367506,0.7949064785689774,0.015586677359180472,24000.0,423.7693634033203,1.20001220703125,0.0,0.0
IA,shadedX,2,A,A,ID,2_41,231,112,0.7730751391465677,0.8899087402157269,0.0905846741054211,24000.0,329.2311096191406,1.600006103515625,0.0,0.0
IA,shadedX,2,A,A,ID,2_43,209,200,0.8346411483253589,0.8209455660977958,0.08696796350971939,24000.0,356.7478332519531,0.79998779296875,0.0,0.0
IA,shadedX,2,A,A,ID,3_39,336,105,0.7042517006802721,0.8966900234518822,0.011090254519043646,24000.0,295.0517272949219,2.0,0.0,0.0
IA,shadedX,2,A,A,ID,3_42,149,78,0.8597487523662021,0.9231446064593031,0.0045536169031831965,24000.0,296.7659606933594,1.399993896484375,0.0,0.002222222221953446
IA,shadedX,2,A,A,ID,3_44,310,206,0.8647040400876919,0.901648414676337,0.01332005366892077,24000.0,364.1412353515625,1.0,0.0,0.0
IA,shadedX,2,A,A,ID,4_41,530,108,0.7966282320055906,0.9494448383676891,1.0103819468364637,24000.0,238.97832489013672,1.4000015258789062,0.0,0.005555555555505104
IA,shadedX,2,A,A,ID,4_42,372,46,0.8178471248246845,0.9714239714181417,0.22498234691207536,24000.0,283.6218566894531,1.100006103515625,0.0,0.0
IA,shadedX,2,A,A,ID,4_43,519,45,0.7956326268464997,0.9787771635657332,0.034712894170315145,24000.0,327.93177795410156,1.100006103515625,0.0,0.0
IA,shadedX,2,A,A,ID,4_45,263,38,0.7250350210126075,0.9474955535743946,0.056204293135757644,24000.0,363.11627197265625,0.79998779296875,0.0,0.0
IA,shadedX,2,A,A,ID,7_40,342,49,0.8200859291084854,0.9714892850925375,0.4513730783381318,24000.0,187.90972900390625,1.3000030517578125,0.0,0.0022222222221959776
IA,shadedX,2,A,A,ID,9_41,126,63,0.9521289997480473,0.9765947910185058,0.10361666476438457,24000.0,181.9150848388672,1.5,0.0,0.02333333333292134
IA,shadedX,2,A,AE,OOD,-1_42,1007,1210,0.5922443720403456,0.5002114399403376,0.05083105154200276,12000.0,319.80999755859375,0.800018310546875,0.0,0.10444444444493901
IA,shadedX,2,A,AE,OOD,1_40,127,424,0.6325211707027187,0.43757680704717006,0.203900772770715,12000.0,341.6025390625,2.0,0.0,0.0
IA,shadedX,2,A,AE,OOD,1_42,61,255,0.9256187720990036,0.8426050815084254,0.12586491978649286,6000.0,385.5934600830078,1.70001220703125,0.0,0.0
IA,shadedX,2,A,AE,OOD,1_45,471,126,0.9668385400869477,0.9909950275648531,0.015586677359180472,6000.0,425.7019348144531,0.0,0.0,0.6411111111111286
IA,shadedX,2,A,AE,OOD,2_43,33,36,0.8358585858585859,0.8396726646088837,0.08696796350971939,12000.0,325.04473876953125,1.79998779296875,0.0,0.04000000000010361
IA,shadedX,2,A,AE,OOD,3_42,178,97,0.8560755241515117,0.9113166427779231,0.1817161963149645,6000.0,273.23486328125,1.5,0.0,0.0
IA,shadedX,2,A,AE,OOD,4_41,864,59,0.8475164783427495,0.9882929065885466,1.0103819468364637,12000.0,235.0913848876953,3.100006103515625,0.0,0.33333333333251874
IA,shadedX,2,A,AE,OOD,4_42,70,33,0.8437229437229438,0.9213149075495422,0.1817161963149645,6000.0,278.6219482421875,0.899993896484375,0.0,0.0
IA,shadedX,2,A,AE,OOD,7_40,352,30,0.6780303030303031,0.9675198178841171,0.4513730783381318,24000.0,175.7240982055664,1.7000045776367188,0.0,0.19444444444413392
IA,shadedX,2,A,AE,OOD,8_43,305,32,0.8423155737704918,0.9743223170620285,0.23995566720095404,24000.0,184.1938934326172,0.0,0.0,0.4944444444441663
IA,shadedX,2,A,AE,OOD,9_41,315,100,0.874,0.9541649036374362,0.10361666476438457,6000.0,175.29010009765625,0.399993896484375,0.0,0.4011111111115113
IA,shadedX,2,AE,A,OOD,-1_42,739,1074,0.43572647117373875,0.3414856159043105,0.05083105154200276,24000.0,321.207275390625,0.5999755859375,0.0,0.0
IA,shadedX,2,AE,A,OOD,1_40,327,416,0.6654831216184427,0.6491386681008562,0.27566347740744723,24000.0,339.1911315917969,1.70001220703125,0.0,0.0
IA,shadedX,2,AE,A,OOD,1_42,217,195,0.755453149001536,0.7862377463674366,0.046373166273365095,24000.0,379.7843933105469,1.20001220703125,0.0,0.0
IA,shadedX,2,AE,A,OOD,1_45,94,88,0.7944874274661509,0.8138978247368747,0.015586677359180472,24000.0,423.7693634033203,1.20001220703125,0.0,0.0
IA,shadedX,2,AE,A,OOD,2_41,231,112,0.7379792826221399,0.8801469256643164,0.0905846741054211,24000.0,329.2311096191406,1.600006103515625,0.0,0.0
IA,shadedX,2,AE,A,OOD,2_43,209,200,0.7565550239234451,0.7378560809115429,0.08696796350971939,24000.0,356.7478332519531,0.79998779296875,0.0,0.0
IA,shadedX,2,AE,A,OOD,3_39,336,105,0.5615079365079365,0.8033697160962631,0.011090254519043646,24000.0,295.0517272949219,2.0,0.0,0.0
IA,shadedX,2,AE,A,OOD,3_42,149,78,0.7003097573567373,0.8331950808931514,0.0045536169031831965,24000.0,296.7659606933594,1.399993896484375,0.0,0.002222222221953446
IA,shadedX,2,AE,A,OOD,3_44,310,206,0.6673347948637645,0.7521925561590974,0.01332005366892077,24000.0,364.1412353515625,1.0,0.0,0.0
IA,shadedX,2,AE,A,OOD,4_41,530,108,0.8235674353598883,0.9554098406975716,1.0103819468364637,24000.0,238.97832489013672,1.4000015258789062,0.0,0.005555555555505104
IA,shadedX,2,AE,A,OOD,4_42,372,46,0.6102150537634409,0.9278224225960107,0.22498234691207536,24000.0,283.6218566894531,1.100006103515625,0.0,0.0
IA,shadedX,2,AE,A,OOD,4_43,519,45,0.8414472275743953,0.9839837262867819,0.034712894170315145,24000.0,327.93177795410156,1.100006103515625,0.0,0.0
IA,shadedX,2,AE,A,OOD,4_45,263,38,0.5556333800280169,0.9097504616595697,0.056204293135757644,24000.0,363.11627197265625,0.79998779296875,0.0,0.0
IA,shadedX,2,AE,A,OOD,7_40,342,49,0.8115526912519393,0.9686216413324618,0.4513730783381318,24000.0,187.90972900390625,1.3000030517578125,0.0,0.0022222222221959776
IA,shadedX,2,AE,A,OOD,9_41,126,63,0.827034517510708,0.9208938686104907,0.10361666476438457,24000.0,181.9150848388672,1.5,0.0,0.02333333333292134
IA,shadedX,2,AE,AE,ID,-1_42,1007,1210,0.854060420034962,0.845163630356369,0.05083105154200276,12000.0,319.80999755859375,0.800018310546875,0.0,0.10444444444493901
IA,shadedX,2,AE,AE,ID,1_40,127,424,0.7459329965829744,0.4722672023303855,0.203900772770715,12000.0,341.6025390625,2.0,0.0,0.0
IA,shadedX,2,AE,AE,ID,1_42,61,255,0.9602700096432015,0.8925128379249343,0.12586491978649286,6000.0,385.5934600830078,1.70001220703125,0.0,0.0
IA,shadedX,2,AE,AE,ID,1_45,471,126,0.9905132612138982,0.9975331670652788,0.015586677359180472,6000.0,425.7019348144531,0.0,0.0,0.6411111111111286
IA,shadedX,2,AE,AE,ID,2_43,33,36,0.8872053872053872,0.899013162017709,0.08696796350971939,12000.0,325.04473876953125,1.79998779296875,0.0,0.04000000000010361
IA,shadedX,2,AE,AE,ID,3_42,178,97,0.9436464728367892,0.9534881679524178,0.1817161963149645,6000.0,273.23486328125,1.5,0.0,0.0
IA,shadedX,2,AE,AE,ID,4_41,864,59,0.9170197740112994,0.9934796305682267,1.0103819468364637,12000.0,235.0913848876953,3.100006103515625,0.0,0.33333333333251874
IA,shadedX,2,AE,AE,ID,4_42,70,33,0.9679653679653679,0.9844680820756968,0.1817161963149645,6000.0,278.6219482421875,0.899993896484375,0.0,0.0
IA,shadedX,2,AE,AE,ID,7_40,352,30,0.9287878787878788,0.9923587383256058,0.4513730783381318,24000.0,175.7240982055664,1.7000045776367188,0.0,0.19444444444413392
IA,shadedX,2,AE,AE,ID,8_43,305,32,0.9627049180327868,0.9960423559828647,0.23995566720095404,24000.0,184.1938934326172,0.0,0.0,0.4944444444441663
IA,shadedX,2,AE,AE,ID,9_41,315,100,0.9784444444444444,0.9934935175691231,0.10361666476438457,6000.0,175.29010009765625,0.399993896484375,0.0,0.4011111111115113
IA,shadedX,3,A,A,ID,0_40,190,624,0.8952682186234817,0.7292746145790747,0.6289219701150272,24000.0,294.1332244873047,1.100006103515625,0.0,0.05666666666495154
IA,shadedX,3,A,A,ID,0_43,276,130,0.8302675585284282,0.9110270657796825,0.0007523959754880558,24000.0,378.4000701904297,1.5,0.0,0.0
IA,shadedX,3,A,A,ID,1_39,271,414,0.8054441413979356,0.7443156654532865,0.0686128589386193,24000.0,311.1842041015625,1.899993896484375,0.0,0.0
IA,shadedX,3,A,A,ID,1_43,263,242,0.8260534833296671,0.8527785643293282,,24000.0,389.02911376953125,1.0,0.0,0.0
IA,shadedX,3,A,A,ID,2_39,185,277,0.7614986827983218,0.6998686949206305,0.011090254519043646,24000.0,332.21275329589844,1.899993896484375,0.0,0.0
IA,shadedX,3,A,A,ID,3_41,163,75,0.888997955010225,0.9471756590773615,0.0905846741054211,24000.0,271.65538024902344,1.899993896484375,0.0,0.0027777777777828676
IA,shadedX,3,A,A,ID,3_43,284,70,0.7793762575452717,0.9378646892966809,0.08696796350971939,24000.0,341.2150573730469,0.79998779296875,0.0,0.0
IA,shadedX,3,A,A,ID,3_45,49,32,0.8360969387755102,0.9100902182917895,0.01171654900789795,24000.0,352.2334289550781,1.5,0.0,0.0
IA,shadedX,3,A,A,ID,4_39,224,133,0.8867481203007519,0.9258645696023162,,24000.0,284.8878479003906,2.600006103515625,0.0,0.0033333333332181752
IA,shadedX,3,A,A,ID,5_39,362,264,0.7793089737150511,0.8443009564406988,0.02614493115691151,24000.0,256.09877014160156,1.5,0.0,0.0
IA,shadedX,3,A,A,ID,5_40,510,168,0.9193394024276378,0.9711491504114549,0.02614493115691151,24000.0,215.61488342285156,2.2500076293945312,0.0,0.0033333333331575423
IA,shadedX,3,A,A,ID,6_39,402,81,0.8612800196548124,0.9698471584534659,0.004025427167314958,24000.0,197.39022827148438,1.6999969482421875,0.0,0.001111111111113147
IA,shadedX,3,A,A,ID,7_42,173,199,0.8589479187846748,0.8424449603088233,0.023119855887925804,24000.0,239.81129455566406,1.6500015258789062,0.0,0.0022222222220443953
IA,shadedX,3,A,A,ID,8_41,390,84,0.8738400488400488,0.9673076392914755,0.10361666476438457,24000.0,198.56543731689453,1.0,0.0,0.0
IA,shadedX,3,A,A,ID,8_42,496,85,0.8480550284629981,0.9674017579048957,0.039407311739067474,24000.0,215.2928924560547,0.899993896484375,0.0,0.0
IA,shadedX,3,A,A,ID,9_42,157,55,0.820845396641575,0.9286831185458726,0.1592501607041802,24000.0,196.7513656616211,1.0,0.0,0.0
IA,shadedX,3,A,AE,OOD,0_40,1044,739,0.6152380507986872,0.7150743845729437,0.6289219701150272,24000.0,299.4261779785156,1.199981689453125,0.0,0.30555555555644853
IA,shadedX,3,A,AE,OOD,0_43,63,85,0.738188608776844,0.7416770517208643,0.04208188287839305,6000.0,358.04393005371094,2.300018310546875,0.0,0.007777777777564656
IA,shadedX,3,A,AE,OOD,3_41,1113,103,0.8605971789705074,0.986013180378472,1.0103819468364637,12000.0,254.75,1.199981689453125,0.0,0.14222222222272543
IA,shadedX,3,A,AE,OOD,3_43,39,174,0.9121721190686708,0.8041184259844354,0.043609149790240484,12000.0,340.7513427734375,0.79998779296875,0.0,0.0
IA,shadedX,3,A,AE,OOD,3_45,86,52,0.8398926654740608,0.9093102700078715,0.02426444596149107,6000.0,368.017822265625,1.399993896484375,0.0,0.005555555555626368
IA,shadedX,3,A,AE,OOD,5_40,240,87,0.8929597701149427,0.9608459242275619,0.02614493115691151,12000.0,198.67845153808594,2.399993896484375,0.0,0.24222222222266623
IA,shadedX,3,A,AE,OOD,7_42,764,293,0.8958910351482229,0.9611706842090101,0.633558194412068,12000.0,229.93106079101562,1.800018310546875,0.0,0.02222222222192946
IA,shadedX,3,A,AE,OOD,7_45,587,47,0.8820181956576897,0.988815218200592,0.015210388566860465,24000.0,190.84589385986328,0.29998779296875,0.0,0.6955555555550653
IA,shadedX,3,A,AE,OOD,8_41,567,122,0.763856362217018,0.9425374710174413,0.3329647211407057,24000.0,170.09072875976562,0.79998779296875,0.0,0.2155555555537073
IA,shadedX,3,A,AE,OOD,9_42,1004,93,0.8986098616287538,0.9899887772280305,0.039407311739067474,12000.0,178.99400329589844,0.79998779296875,0.0,0.558888888890182
IA,shadedX,3,AE,A,OOD,0_40,190,624,0.6688174763832658,0.4301163017719549,0.6289219701150272,24000.0,294.1332244873047,1.100006103515625,0.0,0.05666666666495154
IA,shadedX,3,AE,A,OOD,0_43,276,130,0.656716833890747,0.8007850989216125,0.0007523959754880558,24000.0,378.4000701904297,1.5,0.0,0.0
IA,shadedX,3,AE,A,OOD,1_39,271,414,0.6970158832023102,0.6705489607161409,0.0686128589386193,24000.0,311.1842041015625,1.899993896484375,0.0,0.0
IA,shadedX,3,AE,A,OOD,1_43,263,242,0.7934827011909624,0.8458520144371526,,24000.0,389.02911376953125,1.0,0.0,0.0
IA,shadedX,3,AE,A,OOD,2_39,185,277,0.6879110157088497,0.612999668264792,0.011090254519043646,24000.0,332.21275329589844,1.899993896484375,0.0,0.0
IA,shadedX,3,AE,A,OOD,3_41,163,75,0.6073619631901841,0.8237745721493672,0.0905846741054211,24000.0,271.65538024902344,1.899993896484375,0.0,0.0027777777777828676
IA,shadedX,3,AE,A,OOD,3_43,284,70,0.8634808853118713,0.9563451946925542,0.08696796350971939,24000.0,341.2150573730469,0.79998779296875,0.0,0.0
IA,shadedX,3,AE,A,OOD,3_45,49,32,0.8584183673469387,0.9212175816330159,0.01171654900789795,24000.0,352.2334289550781,1.5,0.0,0.0
IA,shadedX,3,AE,A,OOD,4_39,224,133,0.6890440386680989,0.8270680292665067,,24000.0,284.8878479003906,2.600006103515625,0.0,0.0033333333332181752
IA,shadedX,3,AE,A,OOD,5_39,362,264,0.6570714046542775,0.765483869093383,0.02614493115691151,24000.0,256.09877014160156,1.5,0.0,0.0
IA,shadedX,3,AE,A,OOD,5_40,510,168,0.7545751633986928,0.9089307899302168,0.02614493115691151,24000.0,215.61488342285156,2.2500076293945312,0.0,0.0033333333331575423
IA,shadedX,3,AE,A,OOD,6_39,402,81,0.5891222897856397,0.8962992508366145,0.004025427167314958,24000.0,197.39022827148438,1.6999969482421875,0.0,0.001111111111113147
IA,shadedX,3,AE,A,OOD,7_42,173,199,0.6352281639410928,0.6627253344318222,0.023119855887925804,24000.0,239.81129455566406,1.6500015258789062,0.0,0.0022222222220443953
IA,shadedX,3,AE,A,OOD,8_41,390,84,0.6924908424908425,0.9236317708916737,0.10361666476438457,24000.0,198.56543731689453,1.0,0.0,0.0
IA,shadedX,3,AE,A,OOD,8_42,496,85,0.6997865275142314,0.9379869915831676,0.039407311739067474,24000.0,215.2928924560547,0.899993896484375,0.0,0.0
IA,shadedX,3,AE,A,OOD,9_42,157,55,0.6462072958888245,0.8597287868167515,0.1592501607041802,24000.0,196.7513656616211,1.0,0.0,0.0
IA,shadedX,3,AE,AE,ID,0_40,1044,739,0.8733493537399094,0.9143272381525267,0.6289219701150272,24000.0,299.4261779785156,1.199981689453125,0.0,0.30555555555644853
IA,shadedX,3,AE,AE,ID,0_43,63,85,0.8855275443510737,0.8460639152406978,0.04208188287839305,6000.0,358.04393005371094,2.300018310546875,0.0,0.007777777777564656
IA,shadedX,3,AE,AE,ID,3_41,1113,103,0.9357199556869826,0.9935448382314576,1.0103819468364637,12000.0,254.75,1.199981689453125,0.0,0.14222222222272543
IA,shadedX,3,AE,AE,ID,3_43,39,174,0.9868847627468317,0.946468381730376,0.043609149790240484,12000.0,340.7513427734375,0.79998779296875,0.0,0.0
IA,shadedX,3,AE,AE,ID,3_45,86,52,0.951252236135957,0.9698334052522348,0.02426444596149107,6000.0,368.017822265625,1.399993896484375,0.0,0.005555555555626368
IA,shadedX,3,AE,AE,ID,5_40,240,87,0.8449233716475095,0.9402579408085207,0.02614493115691151,12000.0,198.67845153808594,2.399993896484375,0.0,0.24222222222266623
IA,shadedX,3,AE,AE,ID,7_42,764,293,0.87661043904008,0.9527602500339932,0.633558194412068,12000.0,229.93106079101562,1.800018310546875,0.0,0.02222222222192946
IA,shadedX,3,AE,AE,ID,7_45,587,47,0.9778172460038421,0.9982091823854817,0.015210388566860465,24000.0,190.84589385986328,0.29998779296875,0.0,0.6955555555550653
IA,shadedX,3,AE,AE,ID,8_41,567,122,0.8873709775349119,0.9744506135286236,0.3329647211407057,24000.0,170.09072875976562,0.79998779296875,0.0,0.2155555555537073
IA,shadedX,3,AE,AE,ID,9_42,1004,93,0.988272715589256,0.9989494811033044,0.039407311739067474,12000.0,178.99400329589844,0.79998779296875,0.0,0.558888888890182
LA,band,0,A,A,ID,10_16,417,58,0.9313239063921277,0.9886970976055465,0.674017668749505,24000.0,6.290971279144287,0.8999998569488525,0.0,0.0
LA,band,0,A,A,ID,4_16,152,336,0.9695136278195489,0.9532670170754183,0.2558808670699087,24000.0,24.257434844970703,3.3999996185302734,0.0,0.0
LA,band,0,A,A,ID,4_17,109,251,0.9677985306480501,0.9262641398735495,0.09101352766134223,24000.0,52.50172424316406,4.400001525878906,0.0,0.0
LA,band,0,A,A,ID,4_18,28,103,0.9944521497919556,0.9776925085615383,0.09101352766134223,24000.0,88.24530029296875,8.200004577636719,0.0,0.0
LA,band,0,A,A,ID,4_22,126,196,0.971938775510204,0.9383428313859326,0.4228108094448711,24000.0,66.21116638183594,3.5999984741210938,0.0,0.0
LA,band,0,A,A,ID,5_15,70,91,0.856828885400314,0.8590109208258448,0.3462774653438387,12000.0,4.5721211433410645,0.7000002861022949,0.0,0.012222222222183986
LA,band,0,A,A,ID,5_20,119,268,0.9194468832309043,0.7712222573952917,0.12962288091346452,24000.0,53.931800842285156,7.099998474121094,0.0,0.0
LA,band,0,A,A,ID,6_15,546,74,0.7929907929907931,0.9683126480493711,0.10270103710982625,24000.0,2.4154841899871826,0.5999999046325684,0.0,0.35111111111092014
LA,band,0,A,A,ID,6_20,421,567,0.992844784610422,0.9836496190449182,0.39967522708043823,24000.0,59.22323417663574,6.349998474121094,0.0,0.0
LA,band,0,A,A,ID,7_16,577,376,0.8881457649618348,0.9348352742208011,0.13422304854056127,24000.0,7.854012489318848,0.8000001907348633,0.0,0.015555555555614376
LA,band,0,A,A,ID,7_19,354,318,0.9702945670326546,0.9607626652836337,0.0007057584701401872,24000.0,41.722496032714844,4.0,0.0,0.0
LA,band,0,A,A,ID,8_20,548,398,0.9318215163408282,0.9400431213167844,0.01937143388392951,12000.0,21.15893268585205,0.8999996185302734,0.0,0.0
LA,band,0,A,A,ID,9_17,191,507,0.944308477131675,0.86864525878553,0.5899850248691425,24000.0,54.7197265625,4.2000017166137695,0.0,0.0
LA,band,0,A,AE,OOD,10_16,1083,673,0.7410884684143297,0.8168072188278392,0.44870070534596246,24000.0,0.32080648839473724,0.2999999523162842,0.0,0.028333333333476193
LA,band,0,A,AE,OOD,4_15,1337,573,0.763546843040278,0.8780684877405974,0.3462774653438387,24000.0,0.46459974348545074,0.30000007152557373,0.0,0.21555555555546554
LA,band,0,A,AE,OOD,4_16,328,675,0.9179087624209575,0.8725022471106367,0.3462774653438387,12000.0,11.121803283691406,2.500000476837158,0.0,0.0
LA,band,0,A,AE,OOD,4_17,165,414,0.9503293807641633,0.8711678834188321,0.2558808670699087,24000.0,30.331912994384766,4.600000381469727,0.0,0.0
LA,band,0,A,AE,OOD,5_15,1690,323,0.9027772180189423,0.9790476630132255,0.3462774653438387,24000.0,0.5057598948478699,0.40000009536743164,0.0,0.20666666666737896
LA,band,0,A,AE,OOD,6_15,1419,112,0.9291503070572837,0.9939074366324685,0.014404710858029255,24000.0,0.5738788843154907,0.3999999761581421,0.0,0.3822222222237399
LA,band,0,A,AE,OOD,7_16,360,230,0.8931642512077295,0.9373067379186454,0.16376364468695728,24000.0,6.345871448516846,0.8000001907348633,0.0,0.004444444444482904
LA,band,0,A,AE,OOD,7_19,110,156,0.8146853146853146,0.7189154568383775,0.01937143388392951,12000.0,18.224180221557617,2.250000476837158,0.0,0.1238888888887521
LA,band,0,A,AE,OOD,8_20,30,93,0.9,0.8401220695672945,0.1462774695704643,12000.0,25.206886291503906,1.2000007629394531,0.0,0.0
LA,band,0,A,AE,OOD,9_13,115,133,1.0,0.9999999999999997,0.004301663046834955,24000.0,0.0,0.30000007152557373,0.0,1.0
LA,band,0,A,AE,OOD,9_17,238,846,0.913845680116018,0.7736206689462174,0.85129002000192,12000.0,50.34439277648926,4.700000762939453,0.0,0.0
LA,band,0,A,AE,OOD,9_21,115,262,0.7942582144042483,0.6396162928832212,0.25635144250203756,12000.0,26.44888687133789,1.2000007629394531,0.0,0.3077777777765224
LA,band,0,AE,A,OOD,10_16,417,58,0.8435458529727942,0.9756989630848383,0.674017668749505,24000.0,6.290971279144287,0.8999998569488525,0.0,0.0
LA,band,0,AE,A,OOD,4_16,152,336,0.9735079887218046,0.9527258019633094,0.2558808670699087,24000.0,24.257434844970703,3.3999996185302734,0.0,0.0
LA,band,0,AE,A,OOD,4_17,109,251,0.9465989253993201,0.8678275517237168,0.09101352766134223,24000.0,52.50172424316406,4.400001525878906,0.0,0.0
LA,band,0,AE,A,OOD,4_18,28,103,0.9954923717059639,0.9823625592396535,0.09101352766134223,24000.0,88.24530029296875,8.200004577636719,0.0,0.0
LA,band,0,AE,A,OOD,4_22,126,196,0.9432296728215095,0.9006683245618169,0.4228108094448711,24000.0,66.21116638183594,3.5999984741210938,0.0,0.0
LA,band,0,AE,A,OOD,5_15,70,91,0.853061224489796,0.8600586894385718,0.3462774653438387,12000.0,4.5721211433410645,0.7000002861022949,0.0,0.012222222222183986
LA,band,0,AE,A,OOD,5_20,119,268,0.9215790793929513,0.8026761902449837,0.12962288091346452,24000.0,53.931800842285156,7.099998474121094,0.0,0.0
LA,band,0,AE,A,OOD,6_15,546,74,0.7734382734382734,0.961495207062969,0.10270103710982625,24000.0,2.4154841899871826,0.5999999046325684,0.0,0.35111111111092014
LA,band,0,AE,A,OOD,6_20,421,567,0.9899123192868244,0.9828361905853807,0.39967522708043823,24000.0,59.22323417663574,6.349998474121094,0.0,0.0
LA,band,0,AE,A,OOD,7_16,577,376,0.8855138463807662,0.9349027627925766,0.13422304854056127,24000.0,7.854012489318848,0.8000001907348633,0.0,0.015555555555614376
LA,band,0,AE,A,OOD,7_19,354,318,0.9660306292861458,0.9562268469666338,0.0007057584701401872,24000.0,41.722496032714844,4.0,0.0,0.0
LA,band,0,AE,A,OOD,8_20,548,398,0.9010655467116605,0.9041520224058219,0.01937143388392951,12000.0,21.15893268585205,0.8999996185302734,0.0,0.0
LA,band,0,AE,A,OOD,9_17,191,507,0.9509898076148581,0.8845149162176866,0.5899850248691425,24000.0,54.7197265625,4.2000017166137695,0.0,0.0
LA,band,0,AE,AE,ID,10_16,1083,673,0.970842097031113,0.9825647820127095,0.44870070534596246,24000.0,0.32080648839473724,0.2999999523162842,0.0,0.028333333333476193
LA,band,0,AE,AE,ID,4_15,1337,573,0.9567067527649749,0.9826436282558242,0.3462774653438387,24000.0,0.46459974348545074,0.30000007152557373,0.0,0.21555555555546554
LA,band,0,AE,AE,ID,4_16,328,675,0.894056007226739,0.8318117217496681,0.3462774653438387,12000.0,11.121803283691406,2.500000476837158,0.0,0.0
LA,band,0,AE,AE,ID,4_17,165,414,0.9495827843653932,0.8796861957943996,0.2558808670699087,24000.0,30.331912994384766,4.600000381469727,0.0,0.0
LA,band,0,AE,AE,ID,5_15,1690,323,0.9585194277025666,0.9922331387067087,0.3462774653438387,24000.0,0.5057598948478699,0.40000009536743164,0.0,0.20666666666737896
LA,band,0,AE,AE,ID,6_15,1419,112,0.9439557535487768,0.9954736062484559,0.014404710858029255,24000.0,0.5738788843154907,0.3999999761581421,0.0,0.3822222222237399
LA,band,0,AE,AE,ID,7_16,360,230,0.9354951690821256,0.962849799597793,0.16376364468695728,24000.0,6.345871448516846,0.8000001907348633,0.0,0.004444444444482904
LA,band,0,AE,AE,ID,7_19,110,156,0.8851398601398601,0.8471081887597234,0.01937143388392951,12000.0,18.224180221557617,2.250000476837158,0.0,0.1238888888887521
LA,band,0,AE,AE,ID,8_20,30,93,0.8931899641577061,0.8360901933207391,0.1462774695704643,12000.0,25.206886291503906,1.2000007629394531,0.0,0.0
LA,band,0,AE,AE,ID,9_13,115,133,1.0,1.0,0.004301663046834955,24000.0,0.0,0.30000007152557373,0.0,1.0
LA,band,0,AE,AE,ID,9_17,238,846,0.9358225559727438,0.8215804760018125,0.85129002000192,12000.0,50.34439277648926,4.700000762939453,0.0,0.0
LA,band,0,AE,AE,ID,9_21,115,262,0.8898108197809492,0.795878355884083,0.25635144250203756,12000.0,26.44888687133789,1.2000007629394531,0.0,0.3077777777765224
LA,band,1,A,A,ID,10_17,468,165,0.9171069671069672,0.9614861324520899,0.46664877285943646,24000.0,48.34566116333008,3.700000762939453,0.0,0.0
LA,band,1,A,A,ID,11_17,428,192,0.9317075545171338,0.95403982903901,0.46664877285943646,24000.0,37.31443214416504,3.300002098083496,0.0,0.0011111111110979888
LA,band,1,A,A,ID,3_19,80,83,0.9612951807228916,0.9604633198756399,0.11591315198935502,24000.0,60.67863464355469,3.5999984741210938,0.0,0.004444444444452588
LA,band,1,A,A,ID,3_20,73,192,0.9803795662100456,0.9611526875107395,0.11591315198935502,24000.0,90.04756164550781,5.099998474121094,0.0,0.0
LA,band,1,A,A,ID,6_17,285,436,0.9346048607757927,0.8924020877678787,0.012874005057204367,24000.0,32.69952392578125,3.3000011444091797,0.0,0.0
LA,band,1,A,A,ID,6_21,203,338,0.9862855976914333,0.9784418466999313,0.14155907997257983,24000.0,51.34511184692383,6.900001525878906,0.0,0.0
LA,band,1,A,A,ID,7_18,414,70,0.94648033126294,0.9827054701858059,0.0007057584701401872,24000.0,13.545348167419434,0.5,0.0,0.03888888888889952
LA,band,1,A,A,ID,8_16,1442,166,0.9092876359808164,0.9856316617768486,0.057796562272770254,24000.0,3.937785267829895,0.9000000953674316,0.0,0.0
LA,band,1,A,A,ID,8_19,62,68,0.9101043643263758,0.870222413395435,0.01937143388392951,24000.0,17.766334533691406,1.0,0.0,0.03611111111058611
LA,band,1,A,A,ID,8_22,124,74,0.9242589363557105,0.9223054509177459,0.006052485638403184,24000.0,29.46743679046631,1.0999994277954102,0.0,0.08555555555349922
LA,band,1,A,A,ID,9_16,289,139,0.9217096910706728,0.9546409765007036,0.41950912429252546,12000.0,4.619786024093628,1.0999999046325684,0.0,0.0
LA,band,1,A,A,ID,9_20,151,39,0.9555102733910681,0.9883606694763767,0.25635144250203756,12000.0,23.648066520690918,1.1000003814697266,0.0,0.02777777777791962
LA,band,1,A,AE,OOD,10_17,169,140,0.9110735418427727,0.9208075958112208,0.44870070534596246,24000.0,34.2479133605957,3.8999996185302734,0.0,0.0022222222221959776
LA,band,1,A,AE,OOD,11_15,802,173,0.47339022386230956,0.8109487151810222,0.022792898746793685,24000.0,0.29229119420051575,0.2999999523162842,0.0,0.32333333333383435
LA,band,1,A,AE,OOD,11_17,95,77,0.9773069036226931,0.974509933743904,0.46664877285943646,24000.0,37.28126525878906,4.149999618530273,0.0,0.011666666666612254
LA,band,1,A,AE,OOD,5_14,186,376,0.9999999999999999,0.9999999999999999,,24000.0,0.0,0.5,0.0,1.0
LA,band,1,A,AE,OOD,6_17,110,139,0.9382603008502289,0.9198056278224448,0.1856343303374686,12000.0,31.851146697998047,2.799999237060547,0.0,0.0
LA,band,1,A,AE,OOD,6_21,257,772,0.9962853571500574,0.9916056820283752,0.14155907997257983,24000.0,59.449607849121094,9.799999237060547,0.0,0.0
LA,band,1,A,AE,OOD,7_18,25,40,0.888,0.8144285015337754,0.31469618693986984,24000.0,12.50168514251709,0.8000001907348633,0.0,0.1866666666664934
LA,band,1,A,AE,OOD,8_16,186,141,0.9002516586593456,0.9142445838017287,0.16376364468695728,24000.0,6.087681293487549,0.9000005722045898,0.0,0.001111111111113147
LA,band,1,A,AE,OOD,9_16,1407,556,0.8589043477371621,0.9431860086173541,0.674017668749505,12000.0,5.820011138916016,1.0999999046325684,0.0,0.0033333333332484917
LA,band,1,A,AE,OOD,9_20,198,380,0.8442185007974482,0.6888695582495454,0.25635144250203756,12000.0,24.61817741394043,1.8999996185302734,0.0,0.3711111111117295
LA,band,1,AE,A,OOD,10_17,468,165,0.8756280756280757,0.9401904226556458,0.46664877285943646,24000.0,48.34566116333008,3.700000762939453,0.0,0.0
LA,band,1,AE,A,OOD,11_17,428,192,0.92210621105919,0.9477301163116303,0.46664877285943646,24000.0,37.31443214416504,3.300002098083496,0.0,0.0011111111110979888
LA,band,1,AE,A,OOD,3_19,80,83,0.909789156626506,0.8204467164074677,0.11591315198935502,24000.0,60.67863464355469,3.5999984741210938,0.0,0.004444444444452588
LA,band,1,AE,A,OOD,3_20,73,192,0.9772402968036531,0.938033457626433,0.11591315198935502,24000.0,90.04756164550781,5.099998474121094,0.0,0.0
LA,band,1,AE,A,OOD,6_17,285,436,0.8969016578142605,0.8425175358156337,0.012874005057204367,24000.0,32.69952392578125,3.3000011444091797,0.0,0.0
LA,band,1,AE,A,OOD,6_21,203,338,0.9808348150523217,0.9708520309822767,0.14155907997257983,24000.0,51.34511184692383,6.900001525878906,0.0,0.0
LA,band,1,AE,A,OOD,7_18,414,70,0.9403726708074533,0.9731187744846207,0.0007057584701401872,24000.0,13.545348167419434,0.5,0.0,0.03888888888889952
LA,band,1,AE,A,OOD,8_16,1442,166,0.9120782714770315,0.9840814356416006,0.057796562272770254,24000.0,3.937785267829895,0.9000000953674316,0.0,0.0
LA,band,1,AE,A,OOD,8_19,62,68,0.9357210626185959,0.9039647327958278,0.01937143388392951,24000.0,17.766334533691406,1.0,0.0,0.03611111111058611
LA,band,1,AE,A,OOD,8_22,124,74,0.9031168265039233,0.9296443440831069,0.006052485638403184,24000.0,29.46743679046631,1.0999994277954102,0.0,0.08555555555349922
LA,band,1,AE,A,OOD,9_16,289,139,0.9133703417888527,0.9525473046335019,0.41950912429252546,12000.0,4.619786024093628,1.0999999046325684,0.0,0.0
LA,band,1,AE,A,OOD,9_20,151,39,0.7620988283239939,0.9105339890440086,0.25635144250203756,12000.0,23.648066520690918,1.1000003814697266,0.0,0.02777777777791962
LA,band,1,AE,AE,ID,10_17,169,140,0.9581149619611158,0.9645342080347669,0.44870070534596246,24000.0,34.2479133605957,3.8999996185302734,0.0,0.0022222222221959776
LA,band,1,AE,AE,ID,11_15,802,173,0.9458651060210744,0.9854705785023145,0.022792898746793685,24000.0,0.29229119420051575,0.2999999523162842,0.0,0.32333333333383435
LA,band,1,AE,AE,ID,11_17,95,77,0.9680109364319891,0.955453969384414,0.46664877285943646,24000.0,37.28126525878906,4.149999618530273,0.0,0.011666666666612254
LA,band,1,AE,AE,ID,5_14,186,376,1.0,0.9999999999999999,,24000.0,0.0,0.5,0.0,1.0
LA,band,1,AE,AE,ID,6_17,110,139,0.938914323086985,0.8929016636188488,0.1856343303374686,12000.0,31.851146697998047,2.799999237060547,0.0,0.0
LA,band,1,AE,AE,ID,6_21,257,772,0.9959829438922602,0.9909103373491993,0.14155907997257983,24000.0,59.449607849121094,9.799999237060547,0.0,0.0
LA,band,1,AE,AE,ID,7_18,25,40,0.865,0.7561281074153323,0.31469618693986984,24000.0,12.50168514251709,0.8000001907348633,0.0,0.1866666666664934
LA,band,1,AE,AE,ID,8_16,186,141,0.9567604667124228,0.966660095781393,0.16376364468695728,24000.0,6.087681293487549,0.9000005722045898,0.0,0.001111111111113147
LA,band,1,AE,AE,ID,9_16,1407,556,0.9391710512187266,0.9755716571716255,0.674017668749505,12000.0,5.820011138916016,1.0999999046325684,0.0,0.0033333333332484917
LA,band,1,AE,AE,ID,9_20,198,380,0.894976076555024,0.8134179363116333,0.25635144250203756,12000.0,24.61817741394043,1.8999996185302734,0.0,0.3711111111117295
LA,band,2,A,A,ID,10_15,161,61,0.9853375420018329,0.9944383683333133,0.0035817511070169736,24000.0,0.32611268758773804,0.6000001430511475,0.0,0.0
LA,band,2,A,A,ID,3_22,42,57,0.9962406015037594,0.9949046015612746,0.5395444685683043,24000.0,67.52301025390625,4.299999237060547,0.0,0.0
LA,band,2,A,A,ID,4_19,292,475,0.9693366979091564,0.9175105065257306,0.11591315198935502,24000.0,75.96292114257812,5.700000762939453,0.0,0.0
LA,band,2,A,A,ID,4_21,762,523,0.9498878366781591,0.9668233823871013,0.4228108094448711,24000.0,61.24821472167969,3.700000762939453,0.0,0.0
LA,band,2,A,A,ID,5_17,552,882,0.9914473035591048,0.9877226354847247,0.1856343303374686,24000.0,55.24203109741211,5.049999237060547,0.0,0.0
LA,band,2,A,A,ID,5_21,73,299,0.9947312961011592,0.9781878544973115,0.07651941013880387,24000.0,83.58906936645508,9.75,0.0,0.0
LA,band,2,A,A,ID,6_16,741,632,0.8488379541843899,0.8794534122628261,0.10270103710982625,24000.0,11.408289909362793,1.0,0.0,0.2000000000007001
LA,band,2,A,A,ID,7_15,254,198,0.8565577030143959,0.9029135628336432,0.023715270041224697,24000.0,5.044687032699585,0.5999999046325684,0.0,0.08777777777809022
LA,band,2,A,A,ID,7_21,799,380,0.9365390949212832,0.9669718991916156,0.14155907997257983,24000.0,23.004749298095703,1.3999996185302734,0.0,0.005555555555535419
LA,band,2,A,A,ID,8_15,1374,171,0.98166449602901,0.9977377539530814,0.02005463282532235,24000.0,1.4739999771118164,0.5,0.0,0.12333333333189192
LA,band,2,A,A,ID,8_17,470,235,0.9270620190131281,0.9459748979434474,0.011087172746083968,12000.0,15.47491455078125,1.3000001907348633,0.0,0.1833333333336693
LA,band,2,A,A,ID,8_21,430,280,0.8834385382059801,0.9168972094924145,0.03580428790604329,12000.0,26.669093132019043,0.6000003814697266,0.0,0.003333333333339441
LA,band,2,A,AE,OOD,10_15,474,714,0.8791677008356085,0.845038322617619,0.018841894152012283,24000.0,0.4574083387851715,0.49999988079071045,0.0,0.0
LA,band,2,A,AE,OOD,11_14,479,86,0.6508957615186678,0.8831939652361871,0.022792898746793685,24000.0,-0.02469998225569725,0.2999999523162842,0.0,0.6788888888895813
LA,band,2,A,AE,OOD,4_21,132,206,0.8944542512503677,0.8330132092415501,0.4228108094448711,6000.0,51.91610145568848,2.8000011444091797,0.0,0.0005555555554807824
LA,band,2,A,AE,OOD,6_14,537,200,0.9990595903165735,0.999613201644695,0.014404710858029255,24000.0,0.16960333287715912,0.3999999761581421,0.0,0.6155555555560724
LA,band,2,A,AE,OOD,6_16,104,215,0.8919946332737031,0.8696689028842042,0.1856343303374686,24000.0,13.712506294250488,1.3000001907348633,0.0,0.05111111111117448
LA,band,2,A,AE,OOD,7_15,674,584,0.87427086297305,0.8936922070157901,0.014404710858029255,24000.0,2.9008289575576782,0.5999999046325684,0.0,0.024999999999545587
LA,band,2,A,AE,OOD,7_21,207,105,0.9546813894639982,0.97154709830771,0.39967522708043823,24000.0,21.45818519592285,2.0,0.0,0.0033333333333091246
LA,band,2,A,AE,OOD,8_15,395,224,0.6874321880650994,0.8403818748178449,0.02005463282532235,24000.0,0.9093582630157471,0.5,0.0,0.0
LA,band,2,A,AE,OOD,8_17,142,226,0.9825190078524243,0.9404006838632181,0.16376364468695728,24000.0,17.281771659851074,3.549999237060547,0.0,0.0
LA,band,2,A,AE,OOD,8_21,67,94,0.8783740870117497,0.8307347443801092,0.1462774695704643,12000.0,25.593544006347656,0.6000003814697266,0.0,0.0011111111109615647
LA,band,2,A,AE,OOD,9_14,1493,48,0.8347287340924314,0.9912973071060545,0.004301663046834955,24000.0,0.37082961201667786,0.30000007152557373,0.0,0.1499999999996079
LA,band,2,AE,A,OOD,10_15,161,61,0.9949088687506364,0.9983171247962785,0.0035817511070169736,24000.0,0.32611268758773804,0.6000001430511475,0.0,0.0
LA,band,2,AE,A,OOD,3_22,42,57,0.9962406015037594,0.9947538033474835,0.5395444685683043,24000.0,67.52301025390625,4.299999237060547,0.0,0.0
LA,band,2,AE,A,OOD,4_19,292,475,0.9681038211968277,0.9390065099956856,0.11591315198935502,24000.0,75.96292114257812,5.700000762939453,0.0,0.0
LA,band,2,AE,A,OOD,4_21,762,523,0.9428067428473926,0.9616550885226054,0.4228108094448711,24000.0,61.24821472167969,3.700000762939453,0.0,0.0
LA,band,2,AE,A,OOD,5_17,552,882,0.984634312662263,0.9786160608848296,0.1856343303374686,24000.0,55.24203109741211,5.049999237060547,0.0,0.0
LA,band,2,AE,A,OOD,5_21,73,299,0.9901039996334814,0.9505859120308264,0.07651941013880387,24000.0,83.58906936645508,9.75,0.0,0.0
LA,band,2,AE,A,OOD,6_16,741,632,0.8351547686157946,0.8747495340246395,0.10270103710982625,24000.0,11.408289909362793,1.0,0.0,0.2000000000007001
LA,band,2,AE,A,OOD,7_15,254,198,0.7428219199872743,0.8375544280569422,0.023715270041224697,24000.0,5.044687032699585,0.5999999046325684,0.0,0.08777777777809022
LA,band,2,AE,A,OOD,7_21,799,380,0.9152493248139122,0.9576936958310038,0.14155907997257983,24000.0,23.004749298095703,1.3999996185302734,0.0,0.005555555555535419
LA,band,2,AE,A,OOD,8_15,1374,171,0.9253002715425147,0.990603247032597,0.02005463282532235,24000.0,1.4739999771118164,0.5,0.0,0.12333333333189192
LA,band,2,AE,A,OOD,8_17,470,235,0.9167768220914442,0.9312038503072552,0.011087172746083968,12000.0,15.47491455078125,1.3000001907348633,0.0,0.1833333333336693
LA,band,2,AE,A,OOD,8_21,430,280,0.8930980066445182,0.926757680604394,0.03580428790604329,12000.0,26.669093132019043,0.6000003814697266,0.0,0.003333333333339441
LA,band,2,AE,AE,ID,10_15,474,714,0.9574247420487183,0.9369990483800099,0.018841894152012283,24000.0,0.4574083387851715,0.49999988079071045,0.0,0.0
LA,band,2,AE,AE,ID,11_14,479,86,0.9845608583774336,0.9973745192512669,0.022792898746793685,24000.0,-0.02469998225569725,0.2999999523162842,0.0,0.6788888888895813
LA,band,2,AE,AE,ID,4_21,132,206,0.9520814945572227,0.9292282356236623,0.4228108094448711,6000.0,51.91610145568848,2.8000011444091797,0.0,0.0005555555554807824
LA,band,2,AE,AE,ID,6_14,537,200,1.0,1.0,0.014404710858029255,24000.0,0.16960333287715912,0.3999999761581421,0.0,0.6155555555560724
LA,band,2,AE,AE,ID,6_16,104,215,0.8790697674418605,0.8662646384126869,0.1856343303374686,24000.0,13.712506294250488,1.3000001907348633,0.0,0.05111111111117448
LA,band,2,AE,AE,ID,7_15,674,584,0.8704193935205886,0.897608450093798,0.014404710858029255,24000.0,2.9008289575576782,0.5999999046325684,0.0,0.024999999999545587
LA,band,2,AE,AE,ID,7_21,207,105,0.9593282723717507,0.9802424232987197,0.39967522708043823,24000.0,21.45818519592285,2.0,0.0,0.0033333333333091246
LA,band,2,AE,AE,ID,8_15,395,224,0.9546903254972874,0.9746410457500357,0.02005463282532235,24000.0,0.9093582630157471,0.5,0.0,0.0
LA,band,2,AE,AE,ID,8_17,142,226,0.9933939922722174,0.9880336567252095,0.16376364468695728,24000.0,17.281771659851074,3.549999237060547,0.0,0.0
LA,band,2,AE,AE,ID,8_21,67,94,0.884884090187361,0.8777598132794273,0.1462774695704643,12000.0,25.593544006347656,0.6000003814697266,0.0,0.0011111111109615647
LA,band,2,AE,AE,ID,9_14,1493,48,0.9858924983255192,0.999525806061266,0.004301663046834955,24000.0,0.37082961201667786,0.30000007152557373,0.0,0.1499999999996079
LA,band,3,A,A,ID,3_21,187,280,0.9731283422459893,0.9535247832860558,0.5395444685683043,24000.0,65.4117202758789,4.099998474121094,0.0,0.0
LA,band,3,A,A,ID,4_20,422,443,0.9327452847346293,0.9105878830177195,0.4228108094448711,24000.0,47.38938522338867,2.9000015258789062,0.0,0.003333333333278808
LA,band,3,A,A,ID,5_16,681,591,0.9115687838378417,0.9254345239189294,0.1856343303374686,24000.0,13.203667163848877,2.6000003814697266,0.0,0.0
LA,band,3,A,A,ID,5_18,429,557,0.9810590367143329,0.9789535885155413,0.09101352766134223,24000.0,78.54438781738281,5.800002098083496,0.0,0.0
LA,band,3,A,A,ID,5_19,950,377,0.9847186932849364,0.9936871889945896,0.12962288091346452,24000.0,35.8199348449707,2.700000762939453,0.0,0.0011111111110828306
LA,band,3,A,A,ID,6_18,77,220,0.9756198347107438,0.9077180704686384,0.31469618693986984,12000.0,47.6140251159668,4.400001525878906,0.0,0.0
LA,band,3,A,A,ID,6_19,648,549,0.9946423351098519,0.995442051638813,0.31469618693986984,24000.0,34.931251525878906,4.600000381469727,0.0,0.0
LA,band,3,A,A,ID,6_22,88,223,0.9882286995515696,0.9674834981862863,0.14155907997257983,24000.0,52.515098571777344,7.399997711181641,0.0,0.0
LA,band,3,A,A,ID,7_17,440,181,0.8432571572074334,0.9135364335379735,0.16376364468695728,24000.0,12.04929256439209,1.5,0.0,0.006666666666648566
LA,band,3,A,A,ID,7_20,1019,228,0.9726038599934576,0.9937463066517009,0.040599694722148943,12000.0,18.848173141479492,1.1999998092651367,0.0,0.0344444444442347
LA,band,3,A,A,ID,7_22,225,124,0.969068100358423,0.9816932525113187,0.14155907997257983,24000.0,24.372997283935547,2.299999237060547,0.0,0.005555555555565736
LA,band,3,A,A,ID,9_15,1042,217,0.9574108635467065,0.9892349838601455,0.023715270041224697,24000.0,0.7106803059577942,0.5,0.0,0.010000000000200224
LA,band,3,A,AE,OOD,10_14,1017,496,0.7255447711485394,0.8073422837308084,0.004301663046834955,24000.0,0.33749788999557495,0.5000001192092896,0.0,0.09444444444482974
LA,band,3,A,AE,OOD,3_21,146,194,0.9885609377206609,0.9841517733082593,0.5395444685683043,12000.0,57.139469146728516,2.3000011444091797,0.0,0.008333333333303128
LA,band,3,A,AE,OOD,4_14,323,398,0.8336341148466793,0.6647083188775511,,24000.0,0.2548627257347107,0.30000007152557373,0.0,0.5255555555560307
LA,band,3,A,AE,OOD,4_20,265,547,0.9764616605153325,0.9542442711980571,0.4228108094448711,12000.0,58.52376747131348,4.3000030517578125,0.0,0.0011111111109615647
LA,band,3,A,AE,OOD,5_16,229,235,0.8556907925299637,0.8752029942074218,0.3462774653438387,12000.0,6.787431001663208,1.7999999523162842,0.0,0.0
LA,band,3,A,AE,OOD,5_18,170,54,0.9990196078431373,0.9996829111554574,0.12962288091346452,12000.0,29.959757804870605,2.750001907348633,0.0,0.003888888888926331
LA,band,3,A,AE,OOD,5_19,154,78,0.9792707292707293,0.9873029474988981,0.12962288091346452,12000.0,31.332646369934082,3.700000762939453,0.0,0.001111111111113147
LA,band,3,A,AE,OOD,6_18,230,302,0.9540167002591419,0.9165320717348335,0.31469618693986984,12000.0,28.609421730041504,2.3999996185302734,0.0,0.0
LA,band,3,A,AE,OOD,6_19,37,101,0.9970564624029971,0.9923783013641807,0.31469618693986984,12000.0,44.00542640686035,5.44999885559082,0.0,0.0
LA,band,3,A,AE,OOD,7_17,105,47,0.7588652482269505,0.8559485337951123,0.16376364468695728,24000.0,8.522874355316162,0.9000005722045898,0.0,0.0
LA,band,3,A,AE,OOD,7_20,304,91,0.9630928282244071,0.9880580886902586,0.39967522708043823,12000.0,18.41128158569336,1.3999996185302734,0.0,0.03222222222161429
LA,band,3,A,AE,OOD,9_15,745,446,0.8611505703193186,0.9001961604009581,0.023715270041224697,24000.0,0.5743143558502197,0.5,0.0,0.0
LA,band,3,AE,A,OOD,3_21,187,280,0.9667685255920551,0.9350319892743881,0.5395444685683043,24000.0,65.4117202758789,4.099998474121094,0.0,0.0
LA,band,3,AE,A,OOD,4_20,422,443,0.9270163576647802,0.9076683302414006,0.4228108094448711,24000.0,47.38938522338867,2.9000015258789062,0.0,0.003333333333278808
LA,band,3,AE,A,OOD,5_16,681,591,0.9147068981367602,0.9302617114830443,0.1856343303374686,24000.0,13.203667163848877,2.6000003814697266,0.0,0.0
LA,band,3,AE,A,OOD,5_18,429,557,0.9814858989006207,0.9797820494872062,0.09101352766134223,24000.0,78.54438781738281,5.800002098083496,0.0,0.0
LA,band,3,AE,A,OOD,5_19,950,377,0.9812536646656429,0.9922270052459103,0.12962288091346452,24000.0,35.8199348449707,2.700000762939453,0.0,0.0011111111110828306
LA,band,3,AE,A,OOD,6_18,77,220,0.9773907910271546,0.9264891148810755,0.31469618693986984,12000.0,47.6140251159668,4.400001525878906,0.0,0.0
LA,band,3,AE,A,OOD,6_19,648,549,0.9923120600868021,0.9938405781842274,0.31469618693986984,24000.0,34.931251525878906,4.600000381469727,0.0,0.0
LA,band,3,AE,A,OOD,6_22,88,223,0.9897574398695476,0.9722422682676471,0.14155907997257983,24000.0,52.515098571777344,7.399997711181641,0.0,0.0
LA,band,3,AE,A,OOD,7_17,440,181,0.7969362129583123,0.8850728030288947,0.16376364468695728,24000.0,12.04929256439209,1.5,0.0,0.006666666666648566
LA,band,3,AE,A,OOD,7_20,1019,228,0.891723912332352,0.9728360013398574,0.040599694722148943,12000.0,18.848173141479492,1.1999998092651367,0.0,0.0344444444442347
LA,band,3,AE,A,OOD,7_22,225,124,0.9455555555555556,0.9649257770808866,0.14155907997257983,24000.0,24.372997283935547,2.299999237060547,0.0,0.005555555555565736
LA,band,3,AE,A,OOD,9_15,1042,217,0.9289429225965663,0.9780265844706546,0.023715270041224697,24000.0,0.7106803059577942,0.5,0.0,0.010000000000200224
LA,band,3,AE,AE,ID,10_14,1017,496,0.7562089637453611,0.8259681185513033,0.004301663046834955,24000.0,0.33749788999557495,0.5000001192092896,0.0,0.09444444444482974
LA,band,3,AE,AE,ID,3_21,146,194,0.9750388363225533,0.9647158219137943,0.5395444685683043,12000.0,57.139469146728516,2.3000011444091797,0.0,0.008333333333303128
LA,band,3,AE,AE,ID,4_14,323,398,0.9997744138649906,0.9997369535079588,,24000.0,0.2548627257347107,0.30000007152557373,0.0,0.5255555555560307
LA,band,3,AE,AE,ID,4_20,265,547,0.9808630264564865,0.9585479238873849,0.4228108094448711,12000.0,58.52376747131348,4.3000030517578125,0.0,0.0011111111109615647
LA,band,3,AE,AE,ID,5_16,229,235,0.8444114094583295,0.8737370670250642,0.3462774653438387,12000.0,6.787431001663208,1.7999999523162842,0.0,0.0
LA,band,3,AE,AE,ID,5_18,170,54,1.0,1.0,0.12962288091346452,12000.0,29.959757804870605,2.750001907348633,0.0,0.003888888888926331
LA,band,3,AE,AE,ID,5_19,154,78,0.9905094905094906,0.9947059979530783,0.12962288091346452,12000.0,31.332646369934082,3.700000762939453,0.0,0.001111111111113147
LA,band,3,AE,AE,ID,6_18,230,302,0.9697667722430177,0.9582508450310743,0.31469618693986984,12000.0,28.609421730041504,2.3999996185302734,0.0,0.0
LA,band,3,AE,AE,ID,6_19,37,101,0.993042547497993,0.9849219491676697,0.31469618693986984,12000.0,44.00542640686035,5.44999885559082,0.0,0.0
LA,band,3,AE,AE,ID,7_17,105,47,0.8571428571428571,0.9400603183385832,0.16376364468695728,24000.0,8.522874355316162,0.9000005722045898,0.0,0.0
LA,band,3,AE,AE,ID,7_20,304,91,0.938222961249277,0.9798490695552142,0.39967522708043823,12000.0,18.41128158569336,1.3999996185302734,0.0,0.03222222222161429
LA,band,3,AE,AE,ID,9_15,745,446,0.8527011165618323,0.8901769975564817,0.023715270041224697,24000.0,0.5743143558502197,0.5,0.0,0.0
LA,shadedX,0,A,A,ID,10_16,417,472,0.8098250213388611,0.7889646011181153,0.674017668749505,24000.0,5.660602569580078,1.2999999523162842,0.0,0.0
LA,shadedX,0,A,A,ID,4_16,152,670,0.9361940298507463,0.8066045899235962,0.2558808670699087,24000.0,7.6498167514801025,2.0,0.0,0.0
LA,shadedX,0,A,A,ID,4_17,109,56,0.8610747051114025,0.9176081083145314,0.09101352766134223,24000.0,33.86104965209961,3.299999237060547,0.0,0.0
LA,shadedX,0,A,A,ID,5_15,70,1666,0.49226547761961925,0.05565712936609499,0.3462774653438387,12000.0,2.703588843345642,0.7999999523162842,0.0,0.006666666666254452
LA,shadedX,0,A,A,ID,5_20,119,25,0.8087394957983194,0.9482189081838142,0.12962288091346452,24000.0,38.54660224914551,4.84999942779541,0.0,0.0
LA,shadedX,0,A,A,ID,6_15,546,1261,0.6075008787142016,0.3864910662318283,0.10270103710982625,24000.0,2.144442319869995,0.5999999046325684,0.0,0.2855555555549872
LA,shadedX,0,A,A,ID,6_20,421,131,0.8083624956936412,0.9273605265475624,0.39967522708043823,24000.0,43.408864974975586,3.4000015258789062,0.0,0.0
LA,shadedX,0,A,A,ID,7_16,577,191,0.9255219722885116,0.9583039317973834,0.13422304854056127,24000.0,7.203452110290527,0.8000001907348633,0.0,0.01111111111105568
LA,shadedX,0,A,A,ID,7_19,354,253,0.9792434291328911,0.9852222649189223,0.0007057584701401872,24000.0,19.77245330810547,1.3999996185302734,0.0,0.002222222222165661
LA,shadedX,0,A,A,ID,8_20,548,92,0.9768129165344335,0.9961991278649154,0.01937143388392951,12000.0,19.68950653076172,1.0,0.0,0.0
LA,shadedX,0,A,A,ID,9_17,191,158,0.6856981907349724,0.6713222377303931,0.5899850248691425,24000.0,32.617671966552734,2.0,0.0,0.0
LA,shadedX,0,A,AE,OOD,10_16,1083,329,0.8406093621511785,0.9497227856039634,0.44870070534596246,24000.0,0.47613348066806793,0.6999999284744263,0.0,0.0011111111109615647
LA,shadedX,0,A,AE,OOD,4_15,1337,653,0.48667160713856183,0.7241435719279601,0.3462774653438387,24000.0,0.7263279557228088,0.40000033378601074,0.0,0.05333333333361299
LA,shadedX,0,A,AE,OOD,4_16,328,559,0.8396799598586325,0.7658262695162901,0.3462774653438387,12000.0,7.1362128257751465,2.200000286102295,0.0,0.0
LA,shadedX,0,A,AE,OOD,4_17,165,50,0.7624242424242424,0.9167749866121677,0.2558808670699087,24000.0,25.744361877441406,3.6000003814697266,0.0,0.0
LA,shadedX,0,A,AE,OOD,5_15,1690,1615,0.528628428013996,0.5830742491558281,0.3462774653438387,24000.0,1.9810590744018555,0.5,0.0,0.07333333333301299
LA,shadedX,0,A,AE,OOD,6_15,1419,1018,0.5551655818937767,0.6334476322337261,0.014404710858029255,24000.0,1.2847808599472046,0.40000009536743164,0.0,0.36555555555437536
LA,shadedX,0,A,AE,OOD,7_16,360,129,0.9342592592592593,0.9786445246377735,0.16376364468695728,24000.0,6.003907203674316,0.8000001907348633,0.0,0.008888888889056758
LA,shadedX,0,A,AE,OOD,7_19,110,205,0.762749445676275,0.6566700401201815,0.01937143388392951,12000.0,19.43999481201172,1.4000015258789062,0.0,0.012222222221638289
LA,shadedX,0,A,AE,OOD,8_20,30,69,0.9937198067632851,0.9822620960919931,0.1462774695704643,12000.0,19.841650009155273,1.5,0.0,0.0033333333333091246
LA,shadedX,0,A,AE,OOD,9_17,238,108,0.7295362589480238,0.819294420756281,0.85129002000192,12000.0,30.831558227539062,2.40000057220459,0.0,0.007777777777822346
LA,shadedX,0,AE,A,OOD,10_16,417,472,0.6944071861155143,0.6560795609427034,0.674017668749505,24000.0,5.660602569580078,1.2999999523162842,0.0,0.0
LA,shadedX,0,AE,A,OOD,4_16,152,670,0.6808719560094265,0.2617915069323022,0.2558808670699087,24000.0,7.6498167514801025,2.0,0.0,0.0
LA,shadedX,0,AE,A,OOD,4_17,109,56,0.7321428571428571,0.8686534935467425,0.09101352766134223,24000.0,33.86104965209961,3.299999237060547,0.0,0.0
LA,shadedX,0,AE,A,OOD,5_15,70,1666,0.5221745841193621,0.05231618369069961,0.3462774653438387,12000.0,2.703588843345642,0.7999999523162842,0.0,0.006666666666254452
LA,shadedX,0,AE,A,OOD,5_20,119,25,0.7357983193277311,0.9361016658298043,0.12962288091346452,24000.0,38.54660224914551,4.84999942779541,0.0,0.0
LA,shadedX,0,AE,A,OOD,6_15,546,1261,0.6457561735119229,0.4692334176923338,0.10270103710982625,24000.0,2.144442319869995,0.5999999046325684,0.0,0.2855555555549872
LA,shadedX,0,AE,A,OOD,6_20,421,131,0.8233032945912133,0.939476792303008,0.39967522708043823,24000.0,43.408864974975586,3.4000015258789062,0.0,0.0
LA,shadedX,0,AE,A,OOD,7_16,577,191,0.8607529467275217,0.947313133093785,0.13422304854056127,24000.0,7.203452110290527,0.8000001907348633,0.0,0.01111111111105568
LA,shadedX,0,AE,A,OOD,7_19,354,253,0.8191420468502267,0.8635552064739049,0.0007057584701401872,24000.0,19.77245330810547,1.3999996185302734,0.0,0.002222222222165661
LA,shadedX,0,AE,A,OOD,8_20,548,92,0.9756823230720405,0.9961142165621337,0.01937143388392951,12000.0,19.68950653076172,1.0,0.0,0.0
LA,shadedX,0,AE,A,OOD,9_17,191,158,0.7408708330571939,0.7154259966622922,0.5899850248691425,24000.0,32.617671966552734,2.0,0.0,0.0
LA,shadedX,0,AE,AE,ID,10_16,1083,329,0.8941053641943606,0.9676543347594119,0.44870070534596246,24000.0,0.47613348066806793,0.6999999284744263,0.0,0.0011111111109615647
LA,shadedX,0,AE,AE,ID,4_15,1337,653,0.9224177921130369,0.9687181537979845,0.3462774653438387,24000.0,0.7263279557228088,0.40000033378601074,0.0,0.05333333333361299
LA,shadedX,0,AE,AE,ID,4_16,328,559,0.7358905275099263,0.5966324674477234,0.3462774653438387,12000.0,7.1362128257751465,2.200000286102295,0.0,0.0
LA,shadedX,0,AE,AE,ID,4_17,165,50,0.7413333333333332,0.9108514674011481,0.2558808670699087,24000.0,25.744361877441406,3.6000003814697266,0.0,0.0
LA,shadedX,0,AE,AE,ID,5_15,1690,1615,0.899126165570557,0.9251469533610408,0.3462774653438387,24000.0,1.9810590744018555,0.5,0.0,0.07333333333301299
LA,shadedX,0,AE,AE,ID,6_15,1419,1018,0.9102573687715552,0.9461658647036415,0.014404710858029255,24000.0,1.2847808599472046,0.40000009536743164,0.0,0.36555555555437536
LA,shadedX,0,AE,AE,ID,7_16,360,129,0.8995908699397072,0.9639981636451451,0.16376364468695728,24000.0,6.003907203674316,0.8000001907348633,0.0,0.008888888889056758
LA,shadedX,0,AE,AE,ID,7_19,110,205,0.7952993348115299,0.7324475785361287,0.01937143388392951,12000.0,19.43999481201172,1.4000015258789062,0.0,0.012222222221638289
LA,shadedX,0,AE,AE,ID,8_20,30,69,0.942512077294686,0.8906758375249292,0.1462774695704643,12000.0,19.841650009155273,1.5,0.0,0.0033333333333091246
LA,shadedX,0,AE,AE,ID,9_17,238,108,0.781590413943355,0.8779196023302472,0.85129002000192,12000.0,30.831558227539062,2.40000057220459,0.0,0.007777777777822346
LA,shadedX,1,A,A,ID,10_17,468,47,0.7565466448445172,0.969583053467233,0.46664877285943646,24000.0,42.93196487426758,2.8000011444091797,0.0,0.0
LA,shadedX,1,A,A,ID,11_17,428,81,0.8303334487135111,0.9621929141081268,0.46664877285943646,24000.0,37.72909164428711,3.299999237060547,0.0,0.0
LA,shadedX,1,A,A,ID,6_21,203,60,0.7090311986863711,0.8833278656379495,0.14155907997257983,24000.0,29.4516544342041,2.999998092651367,0.0,0.002222222222286927
LA,shadedX,1,A,A,ID,8_19,62,121,0.9844041588909624,0.9795299252354056,0.01937143388392951,24000.0,19.43583869934082,1.3999996185302734,0.0,0.008888888888662645
LA,shadedX,1,A,A,ID,9_16,289,380,0.9388180659260608,0.9403276988180013,0.41950912429252546,12000.0,15.373626708984375,1.6000003814697266,0.0,0.0
LA,shadedX,1,A,AE,OOD,10_17,169,54,0.6640368178829718,0.862529398793863,0.44870070534596246,24000.0,31.833845138549805,2.8999977111816406,0.0,0.00888888888878391
LA,shadedX,1,A,AE,OOD,11_15,802,2310,0.7957400870119075,0.6864318076061944,0.022792898746793685,24000.0,-0.08025120198726654,0.7000001668930054,2.0,0.02888888888912372
LA,shadedX,1,A,AE,OOD,11_17,95,61,0.6892148403796375,0.7711518631104063,0.46664877285943646,24000.0,37.294944763183594,4.40000057220459,0.0,0.004444444444467747
LA,shadedX,1,A,AE,OOD,6_21,257,32,0.68056906614786,0.9486228408786207,0.14155907997257983,24000.0,27.77715301513672,1.1999988555908203,0.0,0.013333333333509348
LA,shadedX,1,A,AE,OOD,8_14,317,146,0.9113694308802558,0.9539580047200162,0.02005463282532235,24000.0,0.5282103419303894,0.3999999761581421,0.0,0.03000000000014592
LA,shadedX,1,A,AE,OOD,9_16,1407,300,0.8156076759061834,0.955174656793768,0.674017668749505,12000.0,8.036723136901855,1.0999999046325684,0.0,0.005555555555020039
LA,shadedX,1,AE,A,OOD,10_17,468,47,0.6266593926168393,0.94584937843077,0.46664877285943646,24000.0,42.93196487426758,2.8000011444091797,0.0,0.0
LA,shadedX,1,AE,A,OOD,11_17,428,81,0.8877639321564554,0.976582020700252,0.46664877285943646,24000.0,37.72909164428711,3.299999237060547,0.0,0.0
LA,shadedX,1,AE,A,OOD,6_21,203,60,0.8329228243021346,0.9539053278305546,0.14155907997257983,24000.0,29.4516544342041,2.999998092651367,0.0,0.002222222222286927
LA,shadedX,1,AE,A,OOD,8_19,62,121,0.9608104505465209,0.9331403723757947,0.01937143388392951,24000.0,19.43583869934082,1.3999996185302734,0.0,0.008888888888662645
LA,shadedX,1,AE,A,OOD,9_16,289,380,0.8150883263522128,0.8261669756596925,0.41950912429252546,12000.0,15.373626708984375,1.6000003814697266,0.0,0.0
LA,shadedX,1,AE,AE,ID,10_17,169,54,0.6810212579443349,0.8902809773173953,0.44870070534596246,24000.0,31.833845138549805,2.8999977111816406,0.0,0.00888888888878391
LA,shadedX,1,AE,AE,ID,11_15,802,2310,0.9234851183728991,0.8651248714575933,0.022792898746793685,24000.0,-0.08025120198726654,0.7000001668930054,2.0,0.02888888888912372
LA,shadedX,1,AE,AE,ID,11_17,95,61,0.9176876617773942,0.9574322257422127,0.46664877285943646,24000.0,37.294944763183594,4.40000057220459,0.0,0.004444444444467747
LA,shadedX,1,AE,AE,ID,6_21,257,32,0.9142752918287937,0.9894738146545866,0.14155907997257983,24000.0,27.77715301513672,1.1999988555908203,0.0,0.013333333333509348
LA,shadedX,1,AE,AE,ID,8_14,317,146,0.9858692364202066,0.9941795290286534,0.02005463282532235,24000.0,0.5282103419303894,0.3999999761581421,0.0,0.03000000000014592
LA,shadedX,1,AE,AE,ID,9_16,1407,300,0.8072897417673537,0.9559917160605435,0.674017668749505,12000.0,8.036723136901855,1.0999999046325684,0.0,0.005555555555020039
LA,shadedX,2,A,A,ID,10_15,161,682,0.9525782772627093,0.8849445682112358,0.0035817511070169736,24000.0,1.5598362684249878,0.7999999523162842,0.0,0.0
LA,shadedX,2,A,A,ID,4_21,762,62,0.9464058928117856,0.9952117206928397,0.4228108094448711,24000.0,54.20000076293945,2.6999969482421875,0.0,0.004444444444028158
LA,shadedX,2,A,A,ID,6_16,741,51,0.8777751316451006,0.9903356985159564,0.10270103710982625,24000.0,10.018951416015625,1.1999998092651367,0.0,0.06888888888898484
LA,shadedX,2,A,A,ID,7_15,254,1756,0.8760985955912686,0.7564911760401655,0.023715270041224697,24000.0,3.4361233711242676,0.7000000476837158,0.0,0.014444444444501228
LA,shadedX,2,A,A,ID,7_21,799,1441,0.8874729775856183,0.816066705199296,0.14155907997257983,24000.0,22.83750057220459,2.0,0.0,0.011111111110949572
LA,shadedX,2,A,A,ID,8_15,1374,1029,0.9365744218252907,0.9626747892801245,0.02005463282532235,24000.0,2.145458698272705,0.6000000238418579,0.0,0.02777777777794994
LA,shadedX,2,A,A,ID,8_21,430,26,0.8301431127012523,0.9850845988962645,0.03580428790604329,12000.0,26.537636756896973,0.5,0.0,0.006666666666603091
LA,shadedX,2,A,A,ID,9_14,57,565,0.9871138022046266,0.902292033736879,0.004301663046834955,24000.0,1.0724873542785645,0.7000000476837158,0.0,0.02111111111121042
LA,shadedX,2,A,AE,OOD,10_15,474,1442,0.9555557506276445,0.9173184874079976,0.018841894152012283,24000.0,1.7507165670394897,0.7000000476837158,0.0,0.0
LA,shadedX,2,A,AE,OOD,6_16,104,42,0.9505494505494505,0.9816669994705506,0.1856343303374686,24000.0,12.312304973602295,1.749999761581421,0.0,0.02055555555563869
LA,shadedX,2,A,AE,OOD,7_15,674,1357,0.6760505478790052,0.527713149504559,0.014404710858029255,24000.0,3.0209109783172607,0.6000003814697266,0.0,0.0255555555552689
LA,shadedX,2,A,AE,OOD,7_21,207,1062,0.8047299325854964,0.5102598058112502,0.39967522708043823,24000.0,22.8798885345459,2.299999237060547,0.0,0.006666666666618249
LA,shadedX,2,A,AE,OOD,8_15,395,836,0.4409605717400521,0.27994585891060475,0.02005463282532235,24000.0,2.236417770385742,0.5999999046325684,0.0,0.0
LA,shadedX,2,A,AE,OOD,8_21,67,28,0.6551172707889125,0.7830029786240131,0.1462774695704643,12000.0,24.250492095947266,0.5999984741210938,0.0,0.002222222222165661
LA,shadedX,2,A,AE,OOD,9_14,1493,466,0.816543009006264,0.9125289642141976,0.004301663046834955,24000.0,0.44355112314224243,0.40000009536743164,0.0,0.09888888888785745
LA,shadedX,2,AE,A,OOD,10_15,161,682,0.9739166863991549,0.9253544373352146,0.0035817511070169736,24000.0,1.5598362684249878,0.7999999523162842,0.0,0.0
LA,shadedX,2,AE,A,OOD,4_21,762,62,0.6060452120904241,0.9562446799627511,0.4228108094448711,24000.0,54.20000076293945,2.6999969482421875,0.0,0.004444444444028158
LA,shadedX,2,AE,A,OOD,6_16,741,51,0.8806858775899024,0.9898891806339367,0.10270103710982625,24000.0,10.018951416015625,1.1999998092651367,0.0,0.06888888888898484
LA,shadedX,2,AE,A,OOD,7_15,254,1756,0.597806396068373,0.5066980188990208,0.023715270041224697,24000.0,3.4361233711242676,0.7000000476837158,0.0,0.014444444444501228
LA,shadedX,2,AE,A,OOD,7_21,799,1441,0.8234555859640651,0.7734617621119946,0.14155907997257983,24000.0,22.83750057220459,2.0,0.0,0.011111111110949572
LA,shadedX,2,AE,A,OOD,8_15,1374,1029,0.9601448814085833,0.9776750740038034,0.02005463282532235,24000.0,2.145458698272705,0.6000000238418579,0.0,0.02777777777794994
LA,shadedX,2,AE,A,OOD,8_21,430,26,0.9008944543828264,0.992419982244547,0.03580428790604329,12000.0,26.537636756896973,0.5,0.0,0.006666666666603091
LA,shadedX,2,AE,A,OOD,9_14,57,565,0.9826424468250271,0.8726489830005513,0.004301663046834955,24000.0,1.0724873542785645,0.7000000476837158,0.0,0.02111111111121042
LA,shadedX,2,AE,AE,ID,10_15,474,1442,0.9683675977457469,0.9380322010545452,0.018841894152012283,24000.0,1.7507165670394897,0.7000000476837158,0.0,0.0
LA,shadedX,2,AE,AE,ID,6_16,104,42,0.9908424908424909,0.99644980586559,0.1856343303374686,24000.0,12.312304973602295,1.749999761581421,0.0,0.02055555555563869
LA,shadedX,2,AE,AE,ID,7_15,674,1357,0.7738782748644789,0.7166744802552707,0.014404710858029255,24000.0,3.0209109783172607,0.6000003814697266,0.0,0.0255555555552689
LA,shadedX,2,AE,AE,ID,7_21,207,1062,0.837245376056479,0.6328963222307687,0.39967522708043823,24000.0,22.8798885345459,2.299999237060547,0.0,0.006666666666618249
LA,shadedX,2,AE,AE,ID,8_15,395,836,0.8621101084125735,0.829328989339952,0.02005463282532235,24000.0,2.236417770385742,0.5999999046325684,0.0,0.0
LA,shadedX,2,AE,AE,ID,8_21,67,28,0.7452025586353944,0.8459452264347056,0.1462774695704643,12000.0,24.250492095947266,0.5999984741210938,0.0,0.002222222222165661
LA,shadedX,2,AE,AE,ID,9_14,1493,466,0.9704673310930263,0.990517015109742,0.004301663046834955,24000.0,0.44355112314224243,0.40000009536743164,0.0,0.09888888888785745
LA,shadedX,3,A,A,ID,3_21,187,28,0.8617265087853323,0.9768953280192106,0.5395444685683043,24000.0,54.616455078125,1.2000007629394531,0.0,0.0022222222221959776
LA,shadedX,3,A,A,ID,4_20,422,101,0.9810895781521279,0.9953267822575554,0.4228108094448711,24000.0,44.789615631103516,1.7000007629394531,0.0,0.014444444444531543
LA,shadedX,3,A,A,ID,5_16,681,480,0.9629252325012237,0.9764982495459777,0.1856343303374686,24000.0,5.708052158355713,2.0999999046325684,0.0,0.002222222222226294
LA,shadedX,3,A,A,ID,5_18,429,144,0.8571127946127945,0.9550714162569869,0.09101352766134223,24000.0,56.13152313232422,3.1000022888183594,0.0,0.0
LA,shadedX,3,A,A,ID,5_19,950,297,0.7853092326776537,0.9290522355900284,0.12962288091346452,24000.0,33.62688064575195,2.0,0.0,0.01000000000013959
LA,shadedX,3,A,A,ID,6_18,77,471,0.8923539305704911,0.7121124466831074,0.31469618693986984,12000.0,28.26830005645752,1.6000003814697266,0.0,0.0022222222221959776
LA,shadedX,3,A,A,ID,6_19,648,450,0.8610013717421124,0.9060375507080493,0.31469618693986984,24000.0,27.091142654418945,3.200000762939453,0.0,0.0
LA,shadedX,3,A,A,ID,7_20,1019,947,0.9267341835640258,0.9357621915648591,0.040599694722148943,12000.0,19.630253791809082,1.2999992370605469,0.0,0.01444444444459218
LA,shadedX,3,A,A,ID,9_15,1042,796,0.955234425486357,0.9666569198951044,0.023715270041224697,24000.0,1.0925906896591187,0.6000000238418579,0.0,0.01000000000013959
LA,shadedX,3,A,AE,OOD,10_14,1017,245,0.41159873979090167,0.8023202936522075,0.004301663046834955,24000.0,0.4435358792543411,0.6000001430511475,0.0,0.04500000000011279
LA,shadedX,3,A,AE,OOD,3_21,146,31,0.829871851524525,0.9621277061128577,0.5395444685683043,12000.0,51.680999755859375,0.0,0.0,0.4211111111120329
LA,shadedX,3,A,AE,OOD,4_20,265,82,0.7699033594109526,0.908184712415172,0.4228108094448711,12000.0,46.40389633178711,1.7999992370605469,0.0,0.027777777777768034
LA,shadedX,3,A,AE,OOD,5_16,229,404,0.8547926845086256,0.8344160937234231,0.3462774653438387,12000.0,4.6612653732299805,1.5999999046325684,0.0,0.006666666666739515
LA,shadedX,3,A,AE,OOD,5_18,170,83,0.5475549255846917,0.7578321908959,0.12962288091346452,12000.0,30.143924713134766,2.3000011444091797,0.0,0.026666666667079324
LA,shadedX,3,A,AE,OOD,5_19,154,199,0.7367682568687594,0.7334745909815247,0.12962288091346452,12000.0,32.4758415222168,2.6000003814697266,0.0,0.005555555555596052
LA,shadedX,3,A,AE,OOD,6_18,230,394,0.6738578680203046,0.5646609551338722,0.31469618693986984,12000.0,27.928099632263184,1.3999996185302734,0.0,0.001111111111158622
LA,shadedX,3,A,AE,OOD,6_19,37,279,0.6771287416448707,0.42905748044911907,0.31469618693986984,12000.0,28.281965255737305,4.44999885559082,0.0,0.0
LA,shadedX,3,A,AE,OOD,7_20,304,734,0.7574259644342465,0.6665399069072552,0.39967522708043823,12000.0,19.771607398986816,1.5,0.0,0.004444444443906892
LA,shadedX,3,A,AE,OOD,9_15,745,630,0.8401363587940769,0.8743778255755983,0.023715270041224697,24000.0,0.9316016435623169,0.6999998092651367,0.0,0.0
LA,shadedX,3,AE,A,OOD,3_21,187,28,0.6480137509549274,0.9243544039667151,0.5395444685683043,24000.0,54.616455078125,1.2000007629394531,0.0,0.0022222222221959776
LA,shadedX,3,AE,A,OOD,4_20,422,101,0.8344751536765053,0.9604399709245309,0.4228108094448711,24000.0,44.789615631103516,1.7000007629394531,0.0,0.014444444444531543
LA,shadedX,3,AE,A,OOD,5_16,681,480,0.9364904552129222,0.9569883902711993,0.1856343303374686,24000.0,5.708052158355713,2.0999999046325684,0.0,0.002222222222226294
LA,shadedX,3,AE,A,OOD,5_18,429,144,0.5329901579901579,0.778863349745829,0.09101352766134223,24000.0,56.13152313232422,3.1000022888183594,0.0,0.0
LA,shadedX,3,AE,A,OOD,5_19,950,297,0.7150877192982455,0.8873724543051288,0.12962288091346452,24000.0,33.62688064575195,2.0,0.0,0.01000000000013959
LA,shadedX,3,AE,A,OOD,6_18,77,471,0.8752860727383021,0.7242500807882779,0.31469618693986984,12000.0,28.26830005645752,1.6000003814697266,0.0,0.0022222222221959776
LA,shadedX,3,AE,A,OOD,6_19,648,450,0.8674519890260632,0.9077637792919188,0.31469618693986984,24000.0,27.091142654418945,3.200000762939453,0.0,0.0
LA,shadedX,3,AE,A,OOD,7_20,1019,947,0.8448579419747086,0.8675110673598434,0.040599694722148943,12000.0,19.630253791809082,1.2999992370605469,0.0,0.01444444444459218
LA,shadedX,3,AE,A,OOD,9_15,1042,796,0.9345009596928983,0.9438647710344785,0.023715270041224697,24000.0,1.0925906896591187,0.6000000238418579,0.0,0.01000000000013959
LA,shadedX,3,AE,AE,ID,10_14,1017,245,0.8801958541528707,0.9721866558071142,0.004301663046834955,24000.0,0.4435358792543411,0.6000001430511475,0.0,0.04500000000011279
LA,shadedX,3,AE,AE,ID,3_21,146,31,0.7657976137870085,0.9494686164794175,0.5395444685683043,12000.0,51.680999755859375,0.0,0.0,0.4211111111120329
LA,shadedX,3,AE,AE,ID,4_20,265,82,0.8625402669121031,0.9551642712353627,0.4228108094448711,12000.0,46.40389633178711,1.7999992370605469,0.0,0.027777777777768034
LA,shadedX,3,AE,AE,ID,5_16,229,404,0.8191015608111029,0.8040291209178754,0.3462774653438387,12000.0,4.6612653732299805,1.5999999046325684,0.0,0.006666666666739515
LA,shadedX,3,AE,AE,ID,5_18,170,83,0.512260807937633,0.692352871001549,0.12962288091346452,12000.0,30.143924713134766,2.3000011444091797,0.0,0.026666666667079324
LA,shadedX,3,AE,AE,ID,5_19,154,199,0.7720746590093324,0.7345079720239085,0.12962288091346452,12000.0,32.4758415222168,2.6000003814697266,0.0,0.005555555555596052
LA,shadedX,3,AE,AE,ID,6_18,230,394,0.8081107923195763,0.7007060849973257,0.31469618693986984,12000.0,27.928099632263184,1.3999996185302734,0.0,0.001111111111158622
LA,shadedX,3,AE,AE,ID,6_19,37,279,0.8556621137266298,0.6846664396078955,0.31469618693986984,12000.0,28.281965255737305,4.44999885559082,0.0,0.0
LA,shadedX,3,AE,AE,ID,7_20,304,734,0.8543085831062669,0.7841552480404587,0.39967522708043823,12000.0,19.771607398986816,1.5,0.0,0.004444444443906892
LA,shadedX,3,AE,AE,ID,9_15,745,630,0.8893427080004261,0.9188517390871934,0.023715270041224697,24000.0,0.9316016435623169,0.6999998092651367,0.0,0.0
NC,band,0,A,A,ID,23_29,32,172,0.9987281976744186,0.9938830876330876,13.093514330193022,6000.0,1001.6513977050781,76.75,0.0,0.0
NC,band,0,A,A,ID,24_29,26,55,0.9818181818181818,0.9506230346421722,12.922192759780073,6000.0,667.6602172851562,13.5999755859375,0.0,0.0
NC,band,0,A,A,ID,33_28,392,233,0.827439344836647,0.8523456217902805,0.49159818596598437,6000.0,16.525100708007812,1.3999996185302734,0.0,0.0
NC,band,0,A,A,ID,34_29,945,506,0.8011146663320577,0.8887541271738126,0.30243749976989937,12000.0,11.15999984741211,1.1000003814697266,0.0,0.0
NC,band,0,A,AE,OOD,24_29,28,108,0.9993386243386244,0.9976190476190476,6.310737304019941,6000.0,667.7689514160156,27.04998779296875,0.0,0.0
NC,band,0,A,AE,OOD,26_30,72,220,0.9985479797979798,0.9959686283483175,3.889687987437446,6000.0,298.1195068359375,14.04998779296875,0.0,0.0
NC,band,0,A,AE,OOD,26_31,39,127,0.9731475873208157,0.912788832038113,5.496727717566666,6000.0,366.3773651123047,19.95001220703125,0.0,0.0
NC,band,0,A,AE,OOD,27_30,165,207,0.9848924022837067,0.9791179490501832,4.030580935056885,6000.0,227.8822021484375,6.899993896484375,0.0,0.0
NC,band,0,A,AE,OOD,27_31,46,149,0.980595272833382,0.9489161193837768,4.999933140555266,6000.0,267.8052062988281,13.29998779296875,0.0,0.0
NC,band,0,A,AE,OOD,29_31,35,183,0.9893832943013271,0.9584792439473055,1.306768924699442,6000.0,196.33303833007812,9.75,0.0,0.002222222222317244
NC,band,0,A,AE,OOD,29_32,56,138,0.984472049689441,0.9709098510388534,4.03315965132689,6000.0,167.37094116210938,12.000003814697266,0.0,0.002222222222286927
NC,band,0,A,AE,OOD,30_32,34,87,0.9841108857336038,0.9592615986537408,1.0629626303469595,6000.0,144.12265014648438,5.1999969482421875,0.0,0.004444444444210056
NC,band,0,A,AE,OOD,31_28,349,189,0.7906793408226073,0.8706920062014227,1.1172946344537114,12000.0,20.91242790222168,1.75,0.0,0.0
NC,band,0,A,AE,OOD,31_30,192,255,0.9634803921568629,0.9530557459116215,0.5064871712112988,12000.0,48.310020446777344,3.799999237060547,0.0,0.002222222222165661
NC,band,0,A,AE,OOD,33_28,77,49,0.7609329446064139,0.7502385213449856,0.38927940853280446,12000.0,7.695512771606445,0.9000003337860107,0.0,0.0
NC,band,0,A,AE,OOD,33_32,343,321,0.9100478642725447,0.9190808225910378,0.9173947156636018,12000.0,11.440747737884521,2.5,0.0,0.0
NC,band,0,A,AE,OOD,34_29,182,117,0.5880999342537805,0.6625896932207797,0.019844731987217024,12000.0,1.5589863061904907,0.6999998092651367,0.0,0.0
NC,band,0,A,AE,OOD,35_32,743,203,0.5917661722878227,0.7794667208631683,0.14473767451744618,12000.0,0.3881627768278122,0.5999999046325684,0.0,0.0
NC,band,0,AE,A,OOD,23_29,32,172,0.9972747093023255,0.9848615962317819,13.093514330193022,6000.0,1001.6513977050781,76.75,0.0,0.0
NC,band,0,AE,A,OOD,24_29,26,55,0.9972027972027971,0.9939551829936445,12.922192759780073,6000.0,667.6602172851562,13.5999755859375,0.0,0.0
NC,band,0,AE,A,OOD,33_28,392,233,0.751510904791101,0.8057741702544698,0.49159818596598437,6000.0,16.525100708007812,1.3999996185302734,0.0,0.0
NC,band,0,AE,A,OOD,34_29,945,506,0.8099713491017839,0.8935427342999827,0.30243749976989937,12000.0,11.15999984741211,1.1000003814697266,0.0,0.0
NC,band,0,AE,AE,ID,24_29,28,108,1.0,0.9999999999999999,6.310737304019941,6000.0,667.7689514160156,27.04998779296875,0.0,0.0
NC,band,0,AE,AE,ID,26_30,72,220,0.9987373737373737,0.9967001991191649,3.889687987437446,6000.0,298.1195068359375,14.04998779296875,0.0,0.0
NC,band,0,AE,AE,ID,26_31,39,127,0.9903089036947303,0.9752373274359232,5.496727717566666,6000.0,366.3773651123047,19.95001220703125,0.0,0.0
NC,band,0,AE,AE,ID,27_30,165,207,0.9981554677206851,0.9977383675798391,4.030580935056885,6000.0,227.8822021484375,6.899993896484375,0.0,0.0
NC,band,0,AE,AE,ID,27_31,46,149,0.9947475926466297,0.9874005954609854,4.999933140555266,6000.0,267.8052062988281,13.29998779296875,0.0,0.0
NC,band,0,AE,AE,ID,29_31,35,183,0.9733021077283373,0.9721428571428572,1.306768924699442,6000.0,196.33303833007812,9.75,0.0,0.002222222222317244
NC,band,0,AE,AE,ID,29_32,56,138,0.9919772256728778,0.9833833566448191,4.03315965132689,6000.0,167.37094116210938,12.000003814697266,0.0,0.002222222222286927
NC,band,0,AE,AE,ID,30_32,34,87,0.9925625422582827,0.9802662428100133,1.0629626303469595,6000.0,144.12265014648438,5.1999969482421875,0.0,0.004444444444210056
NC,band,0,AE,AE,ID,31_28,349,189,0.9385394399721046,0.9576530619545764,1.1172946344537114,12000.0,20.91242790222168,1.75,0.0,0.0
NC,band,0,AE,AE,ID,31_30,192,255,0.998733660130719,0.9984692954922221,0.5064871712112988,12000.0,48.310020446777344,3.799999237060547,0.0,0.002222222222165661
NC,band,0,AE,AE,ID,33_28,77,49,0.9642194540153723,0.9805820495304702,0.38927940853280446,12000.0,7.695512771606445,0.9000003337860107,0.0,0.0
NC,band,0,AE,AE,ID,33_32,343,321,0.9822166516806989,0.9850779547724253,0.9173947156636018,12000.0,11.440747737884521,2.5,0.0,0.0
NC,band,0,AE,AE,ID,34_29,182,117,0.9524279139663755,0.965313750663485,0.019844731987217024,12000.0,1.5589863061904907,0.6999998092651367,0.0,0.0
NC,band,0,AE,AE,ID,35_32,743,203,0.9630243520808333,0.98911447643592,0.14473767451744618,12000.0,0.3881627768278122,0.5999999046325684,0.0,0.0
NC,band,1,A,A,ID,21_28,158,762,0.9938203927040765,0.9357539314088146,3.4838274444705886,6000.0,903.583984375,100.74996948242188,0.0,0.0
NC,band,1,A,A,ID,22_28,63,526,0.9924859677711388,0.9382874150132288,5.954546675043404,6000.0,1019.8633422851562,84.9000244140625,0.0,0.0
NC,band,1,A,A,ID,28_31,58,370,0.889049394221808,0.5428139347533771,4.813302647447513,6000.0,258.87928771972656,13.300003051757812,4.0,0.002222222222165661
NC,band,1,A,AE,OOD,21_28,40,77,0.9967532467532467,0.9931077978149427,3.973215049215025,6000.0,589.8165893554688,33.5,0.0,0.0
NC,band,1,A,AE,OOD,22_28,43,128,0.9992732558139535,0.9978097010606344,3.4500785626905275,6000.0,846.2373046875,59.5,0.0,0.0
NC,band,1,A,AE,OOD,26_29,105,174,0.9937055281882868,0.9884181785902882,4.111934435633611,6000.0,235.83447265625,7.5999908447265625,0.0,0.0011111111110828306
NC,band,1,A,AE,OOD,28_31,47,142,0.9928079112975727,0.9805836352890501,4.813302647447513,6000.0,244.60488891601562,10.0,0.0,0.003333333333400074
NC,band,1,A,AE,OOD,30_27,78,62,0.9230769230769231,0.9401404014812408,1.207553608644703,6000.0,22.150880813598633,0.5999984741210938,0.0,0.0
NC,band,1,A,AE,OOD,32_30,207,284,0.9204939783629312,0.9015377856557667,0.2562620824838175,12000.0,25.6055908203125,3.09999942779541,0.0,0.0
NC,band,1,A,AE,OOD,32_31,134,265,0.8969022810475923,0.8439751754816729,2.3362897635028457,6000.0,29.18014907836914,3.5999984741210938,0.0,0.0
NC,band,1,A,AE,OOD,34_30,461,272,0.40280081663902,0.5455329528609418,0.012694899179263225,12000.0,0.44576847553253174,0.3999999761581421,0.0,0.06444444444471416
NC,band,1,A,AE,OOD,35_30,196,109,0.6578590151656993,0.7947663963106293,0.019844731987217024,12000.0,0.0,0.30000007152557373,0.0,1.0
NC,band,1,A,AE,OOD,35_33,489,53,0.6632133348767218,0.9285450757304177,0.1783077397375132,12000.0,0.284329816699028,0.5,0.0,0.25666666666540916
NC,band,1,A,AE,OOD,36_31,72,65,0.8884615384615385,0.9315038968130527,,12000.0,0.0,0.8000000715255737,0.0,0.9877777777775737
NC,band,1,A,AE,OOD,36_32,122,78,0.7048654897015553,0.8549858206230849,,6000.0,0.0,0.40000009536743164,0.0,0.945555555555927
NC,band,1,AE,A,OOD,21_28,158,762,0.9845343699126217,0.8984936124435482,3.4838274444705886,6000.0,903.583984375,100.74996948242188,0.0,0.0
NC,band,1,AE,A,OOD,22_28,63,526,0.9959261271048343,0.9675272274778292,5.954546675043404,6000.0,1019.8633422851562,84.9000244140625,0.0,0.0
NC,band,1,AE,A,OOD,28_31,58,370,0.8641658900279591,0.5289523493925129,4.813302647447513,6000.0,258.87928771972656,13.300003051757812,4.0,0.002222222222165661
NC,band,1,AE,AE,ID,21_28,40,77,0.9996753246753247,0.9993902439024391,3.973215049215025,6000.0,589.8165893554688,33.5,0.0,0.0
NC,band,1,AE,AE,ID,22_28,43,128,0.9989098837209303,0.9968215587681443,3.4500785626905275,6000.0,846.2373046875,59.5,0.0,0.0
NC,band,1,AE,AE,ID,26_29,105,174,0.9978653530377668,0.9964273958651046,4.111934435633611,6000.0,235.83447265625,7.5999908447265625,0.0,0.0011111111110828306
NC,band,1,AE,AE,ID,28_31,47,142,1.0,1.0,4.813302647447513,6000.0,244.60488891601562,10.0,0.0,0.003333333333400074
NC,band,1,AE,AE,ID,30_27,78,62,0.9877998345740281,0.9882154614488667,1.207553608644703,6000.0,22.150880813598633,0.5999984741210938,0.0,0.0
NC,band,1,AE,AE,ID,32_30,207,284,0.9815948833095189,0.97675928373811,0.2562620824838175,12000.0,25.6055908203125,3.09999942779541,0.0,0.0
NC,band,1,AE,AE,ID,32_31,134,265,0.9667699239650803,0.941605184639491,2.3362897635028457,6000.0,29.18014907836914,3.5999984741210938,0.0,0.0
NC,band,1,AE,AE,ID,34_30,461,272,0.8968674237590915,0.9398910505062664,0.012694899179263225,12000.0,0.44576847553253174,0.3999999761581421,0.0,0.06444444444471416
NC,band,1,AE,AE,ID,35_30,196,109,0.7901142108219434,0.9061545545718461,0.019844731987217024,12000.0,0.0,0.30000007152557373,0.0,1.0
NC,band,1,AE,AE,ID,35_33,489,53,0.8292047690704943,0.979698028195451,0.1783077397375132,12000.0,0.284329816699028,0.5,0.0,0.25666666666540916
NC,band,1,AE,AE,ID,36_31,72,65,0.9957264957264957,0.9963868729713796,,12000.0,0.0,0.8000000715255737,0.0,0.9877777777775737
NC,band,1,AE,AE,ID,36_32,122,78,0.9376839007986548,0.9692523373744927,,6000.0,0.0,0.40000009536743164,0.0,0.945555555555927
NC,band,2,A,A,ID,23_28,59,364,0.9908735332464146,0.9331303033765213,5.965482005905395,6000.0,902.1416625976562,45.20001220703125,0.0,0.0
NC,band,2,A,A,ID,24_30,27,206,0.994066882416397,0.9475445916444103,14.796329129531344,6000.0,908.3383178710938,99.699951171875,0.0,0.0
NC,band,2,A,A,ID,34_33,2779,1009,0.904610930556264,0.9606591924353359,0.1783077397375132,12000.0,4.779968023300171,1.3000001907348633,0.0,0.0
NC,band,2,A,A,ID,35_31,278,81,0.9997335464961364,0.9999222674827681,,12000.0,1.4800000190734863,0.0,0.0,0.8544444444436353
NC,band,2,A,AE,OOD,28_29,143,240,0.9586247086247087,0.9509999267284643,3.486911576263529,12000.0,115.06687927246094,6.600006103515625,0.0,0.0
NC,band,2,A,AE,OOD,28_30,104,200,0.9980288461538462,0.9963960036984997,4.129235868456288,12000.0,205.4032211303711,8.75,0.0,0.0011111111110828306
NC,band,2,A,AE,OOD,28_32,31,63,0.9831029185867896,0.9609527447943644,4.497029349877356,12000.0,202.17430877685547,9.399993896484375,0.0,0.003333333333354599
NC,band,2,A,AE,OOD,29_28,59,115,0.9647752394988947,0.9210508403535902,4.203306390071603,12000.0,71.13860321044922,4.450004577636719,0.0,0.0
NC,band,2,A,AE,OOD,29_30,74,191,0.9866279892457902,0.9650758107335511,5.362523000263733,12000.0,144.013427734375,9.099998474121094,0.0,0.0
NC,band,2,A,AE,OOD,30_30,132,179,0.9694430336888438,0.9597970397561582,3.1098374872704957,12000.0,76.51026916503906,4.899997711181641,0.0,0.0033333333333091246
NC,band,2,A,AE,OOD,32_29,248,235,0.9253431708991078,0.92831510858975,1.627550791347032,12000.0,23.662797927856445,2.6000003814697266,0.0,0.0
NC,band,2,A,AE,OOD,32_32,236,242,0.9037330158285475,0.9213744008642961,1.8177685744405327,6000.0,27.168182373046875,3.5,0.0,0.0
NC,band,2,A,AE,OOD,33_31,325,208,0.9426923076923076,0.9614160379920127,1.0001120599879603,12000.0,8.566635131835938,1.3000011444091797,0.0,0.0
NC,band,2,A,AE,OOD,33_33,173,115,0.9591354611711485,0.9661878690007943,1.1372252673781142,6000.0,4.601718187332153,1.299999475479126,0.0,0.0
NC,band,2,A,AE,OOD,34_31,396,163,0.7469480076842041,0.8590753927332924,0.04529855977336601,12000.0,0.6258808374404907,0.3500000834465027,0.0,0.001111111111113147
NC,band,2,A,AE,OOD,34_33,98,92,0.8723380656610471,0.8447338751288973,0.1783077397375132,12000.0,2.981144905090332,1.000000238418579,0.0,0.0
NC,band,2,A,AE,OOD,35_29,92,41,0.4856839872746554,0.7406711201788987,0.019844731987217024,12000.0,1.2061818838119507,0.30000007152557373,0.0,0.0
NC,band,2,A,AE,OOD,35_31,986,88,0.6425640789231053,0.9227007421489323,,12000.0,0.38822779059410095,0.2999999523162842,0.0,0.0
NC,band,2,AE,A,OOD,23_28,59,364,0.9869156267461352,0.8990124475018844,5.965482005905395,6000.0,902.1416625976562,45.20001220703125,0.0,0.0
NC,band,2,AE,A,OOD,24_30,27,206,0.9965839626033801,0.977701129661914,14.796329129531344,6000.0,908.3383178710938,99.699951171875,0.0,0.0
NC,band,2,AE,A,OOD,34_33,2779,1009,0.7655319469146162,0.9002785366545291,0.1783077397375132,12000.0,4.779968023300171,1.3000001907348633,0.0,0.0
NC,band,2,AE,A,OOD,35_31,278,81,0.7059685584865442,0.8737867768210397,,12000.0,1.4800000190734863,0.0,0.0,0.8544444444436353
NC,band,2,AE,AE,ID,28_29,143,240,0.9946678321678322,0.9916825376825296,3.486911576263529,12000.0,115.06687927246094,6.600006103515625,0.0,0.0
NC,band,2,AE,AE,ID,28_30,104,200,1.0,1.0,4.129235868456288,12000.0,205.4032211303711,8.75,0.0,0.0011111111110828306
NC,band,2,AE,AE,ID,28_32,31,63,0.9918074756784434,0.9844369859038935,4.497029349877356,12000.0,202.17430877685547,9.399993896484375,0.0,0.003333333333354599
NC,band,2,AE,AE,ID,29_28,59,115,0.9768607221812822,0.9516375966246677,4.203306390071603,12000.0,71.13860321044922,4.450004577636719,0.0,0.0
NC,band,2,AE,AE,ID,29_30,74,191,0.9914390830621197,0.9808910757525703,5.362523000263733,12000.0,144.013427734375,9.099998474121094,0.0,0.0
NC,band,2,AE,AE,ID,30_30,132,179,0.9853140341967157,0.9818544653365187,3.1098374872704957,12000.0,76.51026916503906,4.899997711181641,0.0,0.0033333333333091246
NC,band,2,AE,AE,ID,32_29,248,235,0.9825154426904598,0.9849369003704342,1.627550791347032,12000.0,23.662797927856445,2.6000003814697266,0.0,0.0
NC,band,2,AE,AE,ID,32_32,236,242,0.985502171172433,0.9859886017673183,1.8177685744405327,6000.0,27.168182373046875,3.5,0.0,0.0
NC,band,2,AE,AE,ID,33_31,325,208,0.9724704142011834,0.9833246041593686,1.0001120599879603,12000.0,8.566635131835938,1.3000011444091797,0.0,0.0
NC,band,2,AE,AE,ID,33_33,173,115,0.9455642121135963,0.955336464830042,1.1372252673781142,6000.0,4.601718187332153,1.299999475479126,0.0,0.0
NC,band,2,AE,AE,ID,34_31,396,163,0.7999163413273842,0.8934825945317563,0.04529855977336601,12000.0,0.6258808374404907,0.3500000834465027,0.0,0.001111111111113147
NC,band,2,AE,AE,ID,34_33,98,92,0.8941881100266194,0.8817779956422181,0.1783077397375132,12000.0,2.981144905090332,1.000000238418579,0.0,0.0
NC,band,2,AE,AE,ID,35_29,92,41,0.9072110286320255,0.9626606953189977,0.019844731987217024,12000.0,1.2061818838119507,0.30000007152557373,0.0,0.0
NC,band,2,AE,AE,ID,35_31,986,88,0.8161995205605753,0.9741069775660882,,12000.0,0.38822779059410095,0.2999999523162842,0.0,0.0
NC,band,3,A,A,ID,29_29,55,332,0.9558598028477546,0.7114356305869628,4.368841609432139,12000.0,130.02871704101562,11.900009155273438,0.0,0.0
NC,band,3,A,A,ID,30_29,283,706,0.9844542988418301,0.9555313174716761,4.368841609432139,12000.0,80.6976089477539,6.700000762939453,0.0,0.0
NC,band,3,A,A,ID,31_27,555,293,0.5999385050579591,0.7169701826489563,0.26462800059615643,12000.0,15.764461994171143,2.1000003814697266,0.0,0.0
NC,band,3,A,A,ID,32_27,2888,1274,0.8191368386263519,0.8998035066562791,0.26462800059615643,12000.0,17.560420989990234,1.6000003814697266,0.0,0.0
NC,band,3,A,A,ID,32_28,239,887,0.8355700424070607,0.5549632705574133,0.38927940853280446,6000.0,20.766894340515137,1.7000007629394531,0.0,0.0
NC,band,3,A,A,ID,33_29,1119,804,0.883699242838533,0.8812110666358692,0.49159818596598437,12000.0,16.363388061523438,1.2999992370605469,0.0,0.0
NC,band,3,A,AE,OOD,25_30,64,101,0.9976794554455445,0.996323100455131,4.098878892258944,6000.0,373.0292053222656,16.0,0.0,0.0
NC,band,3,A,AE,OOD,27_29,69,111,0.9943856900378639,0.9904251932534194,3.044998252129163,6000.0,209.10016632080078,6.1999969482421875,0.0,0.0022222222222566105
NC,band,3,A,AE,OOD,28_28,39,121,0.9794447976266158,0.9226148097162457,3.395625442827538,12000.0,119.52733993530273,8.5,0.0,0.0
NC,band,3,A,AE,OOD,29_29,80,267,0.9736423220973782,0.9067881699928482,4.417001422803607,12000.0,120.58802795410156,9.0,0.0,0.0
NC,band,3,A,AE,OOD,30_28,258,286,0.8970022225836178,0.868258534948593,1.207553608644703,6000.0,43.50237274169922,1.0,0.0,0.0
NC,band,3,A,AE,OOD,30_29,77,200,0.9138311688311689,0.789813028315839,2.2600882611193813,6000.0,63.37112808227539,4.200004577636719,0.0,0.0
NC,band,3,A,AE,OOD,30_31,100,118,0.9833898305084746,0.9775453619961816,0.18280132388969056,6000.0,94.59558486938477,4.3000030517578125,0.0,0.007777777777761713
NC,band,3,A,AE,OOD,31_27,399,175,0.8701754385964913,0.927434290083473,0.9917421215782005,6000.0,12.5801420211792,0.7999997138977051,0.0,0.0
NC,band,3,A,AE,OOD,31_29,118,269,0.9075672610421524,0.8020607447282903,1.5774431716855581,12000.0,41.1739616394043,2.6000003814697266,0.0,0.0
NC,band,3,A,AE,OOD,31_31,61,248,0.9631808566895821,0.8633478473021696,3.4709437643218224,6000.0,80.48699951171875,7.600002288818359,0.0,0.0033333333334000744
NC,band,3,A,AE,OOD,31_32,115,137,0.97429387496033,0.9538130450570879,1.331872887249211,12000.0,90.44999694824219,3.8000011444091797,0.0,0.006666666666709199
NC,band,3,A,AE,OOD,32_27,132,97,0.9518119337706967,0.9668551593893332,0.26462800059615643,6000.0,4.607513904571533,1.0,0.0,0.002222222222165661
NC,band,3,A,AE,OOD,32_28,290,177,0.8992596921878044,0.9351065442012999,0.38927940853280446,12000.0,5.657032012939453,0.9000000953674316,0.0,0.0
NC,band,3,A,AE,OOD,33_29,157,210,0.8486806187443131,0.7464731517218758,0.49159818596598437,12000.0,11.3295259475708,1.5,0.0,0.0
NC,band,3,A,AE,OOD,33_30,247,321,0.8571644784138636,0.8444846006044553,0.30243749976989937,12000.0,8.853918552398682,1.8000000715255737,0.0,0.0
NC,band,3,A,AE,OOD,34_32,306,235,0.8043665693227645,0.8312393070855355,0.1101992641173575,12000.0,0.4157639443874359,0.7999999523162842,0.0,0.0
NC,band,3,AE,A,OOD,29_29,55,332,0.9714129244249725,0.8446577025092199,4.368841609432139,12000.0,130.02871704101562,11.900009155273438,0.0,0.0
NC,band,3,AE,A,OOD,30_29,283,706,0.9917016186348212,0.975713890714451,4.368841609432139,12000.0,80.6976089477539,6.700000762939453,0.0,0.0
NC,band,3,AE,A,OOD,31_27,555,293,0.5829413030778219,0.7670110212335239,0.26462800059615643,12000.0,15.764461994171143,2.1000003814697266,0.0,0.0
NC,band,3,AE,A,OOD,32_27,2888,1274,0.61129091525807,0.7704192510515118,0.26462800059615643,12000.0,17.560420989990234,1.6000003814697266,0.0,0.0
NC,band,3,AE,A,OOD,32_28,239,887,0.6139353657903798,0.2788787099298355,0.38927940853280446,6000.0,20.766894340515137,1.7000007629394531,0.0,0.0
NC,band,3,AE,A,OOD,33_29,1119,804,0.6209713274556619,0.6387644405637303,0.49159818596598437,12000.0,16.363388061523438,1.2999992370605469,0.0,0.0
NC,band,3,AE,AE,ID,25_30,64,101,0.9987623762376238,0.9981389685194033,4.098878892258944,6000.0,373.0292053222656,16.0,0.0,0.0
NC,band,3,AE,AE,ID,27_29,69,111,0.9958219088653871,0.9915615116891487,3.044998252129163,6000.0,209.10016632080078,6.1999969482421875,0.0,0.0022222222222566105
NC,band,3,AE,AE,ID,28_28,39,121,0.9923712650985378,0.9753436911218302,3.395625442827538,12000.0,119.52733993530273,8.5,0.0,0.0
NC,band,3,AE,AE,ID,29_29,80,267,0.9938202247191011,0.9779540358570891,4.417001422803607,12000.0,120.58802795410156,9.0,0.0,0.0
NC,band,3,AE,AE,ID,30_28,258,286,0.9746977828373177,0.9742651798503572,1.207553608644703,6000.0,43.50237274169922,1.0,0.0,0.0
NC,band,3,AE,AE,ID,30_29,77,200,0.9354545454545454,0.7966035045648059,2.2600882611193813,6000.0,63.37112808227539,4.200004577636719,0.0,0.0
NC,band,3,AE,AE,ID,30_31,100,118,0.9978813559322034,0.9975619548625521,0.18280132388969056,6000.0,94.59558486938477,4.3000030517578125,0.0,0.007777777777761713
NC,band,3,AE,AE,ID,31_27,399,175,0.9353956319369852,0.9702832078903572,0.9917421215782005,6000.0,12.5801420211792,0.7999997138977051,0.0,0.0
NC,band,3,AE,AE,ID,31_29,118,269,0.9733791191481318,0.9664991015427645,1.5774431716855581,12000.0,41.1739616394043,2.6000003814697266,0.0,0.0
NC,band,3,AE,AE,ID,31_31,61,248,0.9925965097831835,0.972631415742704,3.4709437643218224,6000.0,80.48699951171875,7.600002288818359,0.0,0.0033333333334000744
NC,band,3,AE,AE,ID,31_32,115,137,0.991621707394478,0.9837570733777761,1.331872887249211,12000.0,90.44999694824219,3.8000011444091797,0.0,0.006666666666709199
NC,band,3,AE,AE,ID,32_27,132,97,0.982583567635114,0.9874513379925954,0.26462800059615643,6000.0,4.607513904571533,1.0,0.0,0.002222222222165661
NC,band,3,AE,AE,ID,32_28,290,177,0.9424118449249952,0.9641191108891134,0.38927940853280446,12000.0,5.657032012939453,0.9000000953674316,0.0,0.0
NC,band,3,AE,AE,ID,33_29,157,210,0.9610858356081285,0.9541893644905263,0.49159818596598437,12000.0,11.3295259475708,1.5,0.0,0.0
NC,band,3,AE,AE,ID,33_30,247,321,0.9524259966955491,0.9488057057146736,0.30243749976989937,12000.0,8.853918552398682,1.8000000715255737,0.0,0.0
NC,band,3,AE,AE,ID,34_32,306,235,0.9651926018634404,0.9718525895244364,0.1101992641173575,12000.0,0.4157639443874359,0.7999999523162842,0.0,0.0
NC,shadedX,0,A,A,ID,33_28,392,230,0.9850598935226265,0.9917289189617994,0.49159818596598437,6000.0,15.61963701248169,1.0999996662139893,0.0,0.0
NC,shadedX,0,A,A,ID,34_29,945,208,0.9821428571428572,0.9961094759819014,0.30243749976989937,12000.0,11.06158447265625,1.200000286102295,0.0,0.0
NC,shadedX,0,A,AE,OOD,31_30,192,107,0.5816783489096573,0.7352761360690725,0.5064871712112988,12000.0,33.49550247192383,2.6999969482421875,0.0,0.005555555555656686
NC,shadedX,0,A,AE,OOD,33_28,77,96,0.8818993506493507,0.9085721568392898,0.38927940853280446,12000.0,4.202610492706299,0.8999998569488525,0.0,0.0
NC,shadedX,0,A,AE,OOD,33_32,343,145,0.6291545189504373,0.7926875929321564,0.9173947156636018,12000.0,7.9005279541015625,2.5,0.0,0.0
NC,shadedX,0,A,AE,OOD,34_29,182,675,0.34818070818070823,0.1659033413347063,0.019844731987217024,12000.0,2.3398709297180176,0.7000001072883606,0.0,0.0
NC,shadedX,0,A,AE,OOD,35_32,743,340,0.5630136172907925,0.7095148533694929,0.14473767451744618,12000.0,0.6144220232963562,0.600000262260437,0.0,0.0
NC,shadedX,0,AE,A,OOD,33_28,392,230,0.9222715173025733,0.918740896057618,0.49159818596598437,6000.0,15.61963701248169,1.0999996662139893,0.0,0.0
NC,shadedX,0,AE,A,OOD,34_29,945,208,0.7636294261294261,0.9382454030193029,0.30243749976989937,12000.0,11.06158447265625,1.200000286102295,0.0,0.0
NC,shadedX,0,AE,AE,ID,31_30,192,107,0.9705510124610592,0.9836895174918372,0.5064871712112988,12000.0,33.49550247192383,2.6999969482421875,0.0,0.005555555555656686
NC,shadedX,0,AE,AE,ID,33_28,77,96,0.9637445887445887,0.9654189876680679,0.38927940853280446,12000.0,4.202610492706299,0.8999998569488525,0.0,0.0
NC,shadedX,0,AE,AE,ID,33_32,343,145,0.8559565698200462,0.9307466021255462,0.9173947156636018,12000.0,7.9005279541015625,2.5,0.0,0.0
NC,shadedX,0,AE,AE,ID,34_29,182,675,0.8297842897842899,0.6872726554922772,0.019844731987217024,12000.0,2.3398709297180176,0.7000001072883606,0.0,0.0
NC,shadedX,0,AE,AE,ID,35_32,743,340,0.8961681577072282,0.9552780444151714,0.14473767451744618,12000.0,0.6144220232963562,0.600000262260437,0.0,0.0
NC,shadedX,1,A,A,ID,28_31,58,35,0.9527093596059113,0.9520832283349859,4.813302647447513,6000.0,246.77236938476562,4.899993896484375,1.0,0.0011111111110828306
NC,shadedX,1,A,AE,OOD,32_30,207,256,0.5415345712560387,0.5067427235472691,0.2562620824838175,12000.0,16.348417282104492,2.3999996185302734,0.0,0.0
NC,shadedX,1,A,AE,OOD,32_31,134,379,0.4818453904619383,0.2921873854957074,2.3362897635028457,6000.0,15.79858112335205,2.700000047683716,0.0,0.0
NC,shadedX,1,A,AE,OOD,34_30,461,728,0.5379669137803628,0.40961061568519186,0.012694899179263225,12000.0,1.6701425313949585,0.7000000476837158,0.0,0.0
NC,shadedX,1,A,AE,OOD,35_30,196,37,0.431880860452289,0.8393083758042141,0.019844731987217024,12000.0,0.25959426164627075,0.20000004768371582,0.0,0.5266666666653557
NC,shadedX,1,A,AE,OOD,35_33,489,209,0.6828015381454193,0.7987258013973628,0.1783077397375132,12000.0,0.4441899508237839,0.5,0.0,0.01777777777781035
NC,shadedX,1,A,AE,OOD,36_31,72,82,0.7547425474254743,0.7044076607939643,,12000.0,1.075664758682251,0.9000000357627869,0.0,0.08888888888938527
NC,shadedX,1,AE,A,OOD,28_31,58,35,0.2600985221674877,0.48774258048513125,4.813302647447513,6000.0,246.77236938476562,4.899993896484375,1.0,0.0011111111110828306
NC,shadedX,1,AE,AE,ID,32_30,207,256,0.7727958937198067,0.768949121471856,0.2562620824838175,12000.0,16.348417282104492,2.3999996185302734,0.0,0.0
NC,shadedX,1,AE,AE,ID,32_31,134,379,0.7569211987555625,0.6467633657288913,2.3362897635028457,6000.0,15.79858112335205,2.700000047683716,0.0,0.0
NC,shadedX,1,AE,AE,ID,34_30,461,728,0.8315862553931969,0.8331547183556584,0.012694899179263225,12000.0,1.6701425313949585,0.7000000476837158,0.0,0.0
NC,shadedX,1,AE,AE,ID,35_30,196,37,0.9653888582460011,0.9941553893921571,0.019844731987217024,12000.0,0.25959426164627075,0.20000004768371582,0.0,0.5266666666653557
NC,shadedX,1,AE,AE,ID,35_33,489,209,0.9514192620424458,0.9813347072075874,0.1783077397375132,12000.0,0.4441899508237839,0.5,0.0,0.01777777777781035
NC,shadedX,1,AE,AE,ID,36_31,72,82,0.8865176151761518,0.9062014585535326,,12000.0,1.075664758682251,0.9000000357627869,0.0,0.08888888888938527
NC,shadedX,2,A,A,ID,34_33,2779,206,0.9535769310047268,0.9961649856025045,0.1783077397375132,12000.0,4.8567585945129395,1.5,0.0,0.0
NC,shadedX,2,A,A,ID,35_31,278,382,0.9791329240272704,0.9255820537626388,,12000.0,1.4566457867622375,0.20000004768371582,0.0,0.023333333333391243
NC,shadedX,2,A,AE,OOD,30_30,132,71,0.7164959453691848,0.8141127191499917,3.1098374872704957,12000.0,49.92486572265625,2.0,0.0,0.03555555555410489
NC,shadedX,2,A,AE,OOD,32_29,248,134,0.35471834376504574,0.5934954843332543,1.627550791347032,12000.0,10.431122303009033,2.0,0.0,0.0
NC,shadedX,2,A,AE,OOD,32_32,236,728,0.7126850903333952,0.38489531723174264,1.8177685744405327,6000.0,17.12277317047119,2.799999237060547,0.0,0.0
NC,shadedX,2,A,AE,OOD,33_31,325,220,0.719034965034965,0.7345684633630842,1.0001120599879603,12000.0,4.761732578277588,1.100000023841858,0.0,0.0
NC,shadedX,2,A,AE,OOD,33_33,173,38,0.661849710982659,0.9142515622695221,1.1372252673781142,6000.0,1.6700366735458374,0.9000000953674316,0.0,0.0
NC,shadedX,2,A,AE,OOD,34_31,396,630,0.49955707872374544,0.35242899491379365,0.04529855977336601,12000.0,1.3615924715995789,0.6000000238418579,0.0,0.0
NC,shadedX,2,A,AE,OOD,34_33,98,104,0.7260596546310832,0.7245635579847804,0.1783077397375132,12000.0,1.8375847935676575,0.9000000953674316,0.0,0.0
NC,shadedX,2,A,AE,OOD,35_29,92,481,0.22284868480520653,0.09988998174310257,0.019844731987217024,12000.0,1.8607232570648193,0.2999999523162842,0.0,0.0
NC,shadedX,2,A,AE,OOD,35_31,986,649,0.4349115662417137,0.6040430357463751,,12000.0,0.6460509300231934,0.30000007152557373,0.0,0.0
NC,shadedX,2,AE,A,OOD,34_33,2779,206,0.8646960385973861,0.9889048556989755,0.1783077397375132,12000.0,4.8567585945129395,1.5,0.0,0.0
NC,shadedX,2,AE,A,OOD,35_31,278,382,0.9970337865832988,0.9968113769871206,,12000.0,1.4566457867622375,0.20000004768371582,0.0,0.023333333333391243
NC,shadedX,2,AE,AE,ID,30_30,132,71,0.9377934272300469,0.9627653324546641,3.1098374872704957,12000.0,49.92486572265625,2.0,0.0,0.03555555555410489
NC,shadedX,2,AE,AE,ID,32_29,248,134,0.8539660568127106,0.9288929081887507,1.627550791347032,12000.0,10.431122303009033,2.0,0.0,0.0
NC,shadedX,2,AE,AE,ID,32_32,236,728,0.8456474669398398,0.7375232280541384,1.8177685744405327,6000.0,17.12277317047119,2.799999237060547,0.0,0.0
NC,shadedX,2,AE,AE,ID,33_31,325,220,0.8871608391608392,0.9341622566094461,1.0001120599879603,12000.0,4.761732578277588,1.100000023841858,0.0,0.0
NC,shadedX,2,AE,AE,ID,33_33,173,38,0.8848494067538789,0.9733368796881717,1.1372252673781142,6000.0,1.6700366735458374,0.9000000953674316,0.0,0.0
NC,shadedX,2,AE,AE,ID,34_31,396,630,0.8738375821709156,0.8637365323109697,0.04529855977336601,12000.0,1.3615924715995789,0.6000000238418579,0.0,0.0
NC,shadedX,2,AE,AE,ID,34_33,98,104,0.9026687598116169,0.9182082871031554,0.1783077397375132,12000.0,1.8375847935676575,0.9000000953674316,0.0,0.0
NC,shadedX,2,AE,AE,ID,35_29,92,481,0.8448205730814426,0.6869121904966026,0.019844731987217024,12000.0,1.8607232570648193,0.2999999523162842,0.0,0.0
NC,shadedX,2,AE,AE,ID,35_31,986,649,0.8076569664048606,0.8750563249024986,,12000.0,0.6460509300231934,0.30000007152557373,0.0,0.0
NC,shadedX,3,A,A,ID,30_29,283,1270,0.9024846275840961,0.743043165263426,4.368841609432139,12000.0,28.490352630615234,2.1999988555908203,0.0,0.0
NC,shadedX,3,A,A,ID,31_27,555,148,0.5199780861943024,0.7714190188220336,0.26462800059615643,12000.0,14.541778564453125,1.7999999523162842,0.0,0.0
NC,shadedX,3,A,A,ID,32_27,2888,441,0.8190667772187361,0.9686694451775568,0.26462800059615643,12000.0,18.077056884765625,1.6000001430511475,0.0,0.0
NC,shadedX,3,A,A,ID,32_28,239,568,0.6485060993576521,0.3502774596691284,0.38927940853280446,6000.0,7.184926986694336,1.299999713897705,0.0,0.0
NC,shadedX,3,A,A,ID,33_29,1119,203,0.9997842901605497,0.999961055566119,0.49159818596598437,12000.0,16.31270408630371,1.0,0.0,0.0
NC,shadedX,3,A,AE,OOD,30_28,258,195,0.2695090439276486,0.4591965539763395,1.207553608644703,6000.0,42.74871063232422,0.6999969482421875,0.0,0.0
NC,shadedX,3,A,AE,OOD,30_29,77,655,0.6597006047387727,0.28972357956286615,2.2600882611193813,6000.0,27.454323768615723,2.3000011444091797,0.0,0.0
NC,shadedX,3,A,AE,OOD,31_27,399,36,0.5329295460874408,0.9231254346472175,0.9917421215782005,6000.0,11.885178565979004,0.5999994277954102,0.0,0.0
NC,shadedX,3,A,AE,OOD,31_29,118,176,0.6611614021571648,0.5977683695702063,1.5774431716855581,12000.0,30.694658279418945,2.6000003814697266,0.0,0.0
NC,shadedX,3,A,AE,OOD,32_27,132,231,0.6316410861865407,0.5150674711304175,0.26462800059615643,6000.0,3.5886340141296387,1.3000001907348633,0.0,0.023333333333497356
NC,shadedX,3,A,AE,OOD,32_28,290,278,0.5429670057057803,0.5058037813658512,0.38927940853280446,12000.0,4.992861270904541,0.8000001907348633,0.0,0.0
NC,shadedX,3,A,AE,OOD,33_29,157,91,0.7982781549660531,0.8810220863270133,0.49159818596598437,12000.0,4.229130029678345,1.1000001430511475,0.0,0.0005555555555414153
NC,shadedX,3,A,AE,OOD,33_30,247,283,0.5739259810303143,0.5445559479113671,0.30243749976989937,12000.0,6.403824329376221,1.6000001430511475,0.0,0.0
NC,shadedX,3,A,AE,OOD,34_32,306,201,0.6808766624394368,0.7627349637224203,0.1101992641173575,12000.0,0.8228380680084229,0.5999999046325684,0.0,0.0
NC,shadedX,3,AE,A,OOD,30_29,283,1270,0.9272029158899306,0.7439125112493582,4.368841609432139,12000.0,28.490352630615234,2.1999988555908203,0.0,0.0
NC,shadedX,3,AE,A,OOD,31_27,555,148,0.23425858290723156,0.6896941083604714,0.26462800059615643,12000.0,14.541778564453125,1.7999999523162842,0.0,0.0
NC,shadedX,3,AE,A,OOD,32_27,2888,441,0.6779425066425462,0.9196756114455156,0.26462800059615643,12000.0,18.077056884765625,1.6000001430511475,0.0,0.0
NC,shadedX,3,AE,A,OOD,32_28,239,568,0.640926100536272,0.3628238595853339,0.38927940853280446,6000.0,7.184926986694336,1.299999713897705,0.0,0.0
NC,shadedX,3,AE,A,OOD,33_29,1119,203,0.7405406833159445,0.9049924542738761,0.49159818596598437,12000.0,16.31270408630371,1.0,0.0,0.0
NC,shadedX,3,AE,AE,ID,30_28,258,195,0.9186245279268536,0.9406900637777696,1.207553608644703,6000.0,42.74871063232422,0.6999969482421875,0.0,0.0
NC,shadedX,3,AE,AE,ID,30_29,77,655,0.8479428967978586,0.5179161385872477,2.2600882611193813,6000.0,27.454323768615723,2.3000011444091797,0.0,0.0
NC,shadedX,3,AE,AE,ID,31_27,399,36,0.7291840712893345,0.9684684723331196,0.9917421215782005,6000.0,11.885178565979004,0.5999994277954102,0.0,0.0
NC,shadedX,3,AE,AE,ID,31_29,118,176,0.8770223420647149,0.8311473986188812,1.5774431716855581,12000.0,30.694658279418945,2.6000003814697266,0.0,0.0
NC,shadedX,3,AE,AE,ID,32_27,132,231,0.880985176439722,0.8386015508423313,0.26462800059615643,6000.0,3.5886340141296387,1.3000001907348633,0.0,0.023333333333497356
NC,shadedX,3,AE,AE,ID,32_28,290,278,0.8642768543785662,0.8859420642721498,0.38927940853280446,12000.0,4.992861270904541,0.8000001907348633,0.0,0.0
NC,shadedX,3,AE,AE,ID,33_29,157,91,0.8753412192902638,0.9265143361129303,0.49159818596598437,12000.0,4.229130029678345,1.1000001430511475,0.0,0.0005555555555414153
NC,shadedX,3,AE,AE,ID,33_30,247,283,0.8780274960300997,0.8853376905966046,0.30243749976989937,12000.0,6.403824329376221,1.6000001430511475,0.0,0.0
NC,shadedX,3,AE,AE,ID,34_32,306,201,0.9056352225799109,0.9437279937039524,0.1101992641173575,12000.0,0.8228380680084229,0.5999999046325684,0.0,0.0
TX,band,0,A,A,ID,-1_17,130,173,0.970475767007559,0.9542201367298097,0.05086570327176242,24000.0,102.61026763916016,4.299995422363281,0.0,0.0011111111111737802
TX,band,0,A,A,ID,-1_20,322,114,0.9858341505938759,0.994758581304495,0.0561175275849968,24000.0,100.61827850341797,1.8999977111816406,0.0,0.008888888888859702
TX,band,0,A,A,ID,-1_22,267,196,0.9901398761751892,0.9926933546866534,0.3843476335796477,24000.0,169.5581512451172,2.399993896484375,0.0,0.0011111111111737802
TX,band,0,A,A,ID,-2_19,196,206,0.9831087774915791,0.9818992792006388,0.0561175275849968,24000.0,151.03337860107422,2.8999977111816406,0.0,0.0
TX,band,0,A,A,ID,-2_22,28,35,0.9979591836734694,0.9974929627023222,0.6466001462658933,12000.0,191.94375610351562,3.3000030517578125,0.0,0.0022222222219837624
TX,band,0,A,A,ID,-3_22,86,134,0.9891530718500521,0.9841113523207853,0.0736244787499385,24000.0,250.1096420288086,5.4499969482421875,0.0,0.0
TX,band,0,A,A,ID,-4_10,207,162,0.8519711337746765,0.9052570553337803,0.33723016680691564,24000.0,28.173200607299805,0.6999988555908203,0.0,0.0
TX,band,0,A,A,ID,-4_11,183,202,0.8448303846778121,0.8938832997409577,0.1974473779072853,24000.0,42.84321975708008,1.5,0.0,0.0
TX,band,0,A,A,ID,-4_14,59,61,0.9847179772158933,0.985380896308983,0.0852606922069036,24000.0,118.74102401733398,3.0,0.0,0.0
TX,band,0,A,A,ID,-4_20,65,179,0.9930382466695316,0.9838061266332014,0.01929682070233386,24000.0,304.24542236328125,8.29998779296875,0.0,0.0011111111110828306
TX,band,0,A,A,ID,-4_21,53,129,0.9923943249963434,0.9853504632990326,0.693051068414272,24000.0,303.8927307128906,8.099990844726562,0.0,0.0011111111110828306
TX,band,0,A,A,ID,-4_22,153,190,0.9834193326453389,0.9802428401727202,0.0736244787499385,24000.0,278.16986083984375,4.6999969482421875,0.0,0.0022222222221959776
TX,band,0,A,A,ID,-5_11,61,89,0.6498434334131515,0.5387067800024851,0.29256857670927144,24000.0,74.39947128295898,2.8999996185302734,0.0,0.0
TX,band,0,A,A,ID,-5_12,149,92,0.8503793405310767,0.9278667219296675,0.052717885987575715,24000.0,82.0593032836914,2.0,0.0,0.0
TX,band,0,A,A,ID,-6_11,41,51,0.9296987087517934,0.8924022241853999,0.0896597991349496,24000.0,97.56962966918945,2.0,0.0,0.0
TX,band,0,A,A,ID,-6_14,50,47,0.9880851063829788,0.9875751533412938,0.280901987198336,24000.0,289.6252136230469,3.0999908447265625,0.0,0.0
TX,band,0,A,A,ID,-6_24,113,103,0.9757711143569034,0.9735226853551101,0.5357706860943819,24000.0,327.7034454345703,2.0500030517578125,0.0,0.0011111111110979888
TX,band,0,A,A,ID,-6_8,45,61,0.9788706739526412,0.9679224205911563,,24000.0,129.94122314453125,2.5999984741210938,0.0,0.0
TX,band,0,A,A,ID,-7_13,125,105,0.9787428571428571,0.9738332404832098,0.280901987198336,24000.0,241.43798065185547,2.899993896484375,0.0,0.0
TX,band,0,A,A,ID,-7_9,203,158,0.9791108062605225,0.9791644407729136,0.0896597991349496,24000.0,146.0978546142578,2.1999969482421875,0.0,0.0
TX,band,0,A,A,ID,-8_20,91,167,0.9374876620385603,0.886290638985524,1.0795279339873436,24000.0,627.9410400390625,4.29998779296875,0.0,0.0
TX,band,0,A,A,ID,-8_21,89,157,0.9716596292850498,0.9331347893361015,0.04550883590675438,24000.0,527.8045043945312,1.79998779296875,0.0,0.0
TX,band,0,A,A,ID,0_14,28,52,0.9903846153846154,0.9832486606624539,0.5852358062240963,24000.0,31.796196937561035,0.4500007629394531,0.0,0.0
TX,band,0,A,A,ID,0_18,341,209,0.9808472126731116,0.9888917731083584,0.07969397991502329,24000.0,72.0071907043457,2.8500003814697266,0.0,0.003888888888789907
TX,band,0,A,A,ID,0_23,229,193,0.9864244179469195,0.989003211089196,0.10808237823365237,24000.0,152.35726928710938,2.70001220703125,0.0,0.002222222222226294
TX,band,0,A,A,ID,1_16,190,171,0.9866728224068944,0.9876145704696165,0.17348902393621626,24000.0,60.64119338989258,3.7000045776367188,0.0,0.0011111111110828306
TX,band,0,A,A,ID,1_19,228,176,0.9929475677830941,0.9953343449500721,0.025785680885581704,24000.0,91.10540390014648,5.799999237060547,0.0,0.0
TX,band,0,A,A,ID,1_20,124,122,0.9948439978847171,0.9951052750014715,0.5570202060414942,24000.0,118.98229598999023,5.3000030517578125,0.0,0.0022222222221959776
TX,band,0,A,A,ID,1_21,301,165,0.9946843853820598,0.9970500305377594,0.008607358929335448,24000.0,108.69377136230469,4.400001525878906,0.0,0.002222222221953446
TX,band,0,A,A,ID,2_18,304,144,0.9903371710526315,0.995313037701504,0.13776484014257676,24000.0,63.6471004486084,4.099998474121094,0.0,0.0
TX,band,0,A,A,ID,2_21,169,126,0.9642152719075796,0.9608572412651404,0.03673246479221591,24000.0,83.91567993164062,5.099998474121094,0.0,0.0011111111111737802
TX,band,0,A,A,ID,2_23,163,80,0.9720092024539877,0.9827767702176479,0.09985463981085638,24000.0,101.74955749511719,2.0999984741210938,0.0,0.002222222222226294
TX,band,0,A,A,ID,3_15,112,81,0.8176807760141094,0.8663420024488295,0.36863214942429345,24000.0,7.199924945831299,1.500000238418579,0.0,0.0
TX,band,0,A,A,ID,3_16,371,243,0.9166971703659336,0.9423962372102455,0.36863214942429345,24000.0,17.623777389526367,3.0,0.0,0.0
TX,band,0,A,A,ID,3_18,107,49,0.9677665458706848,0.9830718209984604,0.13776484014257676,24000.0,49.90283393859863,0.0,0.0,0.4833333333336562
TX,band,0,A,A,ID,3_22,304,127,0.9604227103191049,0.9730833225005385,0.09985463981085638,24000.0,73.8296890258789,3.1999969482421875,0.0,0.0033333333333091246
TX,band,0,A,A,ID,4_16,111,58,0.9276172724448586,0.9633681763887871,0.3834248919071823,24000.0,15.121674537658691,2.3999996185302734,0.0,0.0
TX,band,0,A,AE,OOD,-1_11,77,144,0.7780483405483405,0.7571652428288371,0.006102594196427266,24000.0,0.0,0.7000000476837158,0.0,1.0
TX,band,0,A,AE,OOD,-1_17,90,68,0.9862745098039216,0.9885682531257888,0.8211815482051558,24000.0,77.3764762878418,3.299999237060547,0.0,0.006111111111046518
TX,band,0,A,AE,OOD,-1_20,498,116,0.991136961639662,0.9978902120375795,0.26029550095384685,24000.0,99.25554275512695,0.5999984741210938,0.0,0.08888888888862735
TX,band,0,A,AE,OOD,-1_22,64,59,0.9997351694915255,0.9997596153846153,0.3843476335796477,24000.0,155.27706909179688,2.5,0.0,0.0
TX,band,0,A,AE,OOD,-2_21,513,517,0.99565268210285,0.9959659290181586,2.104235609209174,12000.0,139.23683166503906,3.2999954223632812,0.0,0.004444444444422272
TX,band,0,A,AE,OOD,-2_22,440,218,0.9963407005838198,0.9983207562936312,0.9067629512043742,12000.0,162.27783966064453,1.5,0.0,0.21888888888813812
TX,band,0,A,AE,OOD,-2_24,106,39,0.7907595549104984,0.8736168988265227,0.27514034840674395,24000.0,188.5,0.0,0.0,0.9944444444443737
TX,band,0,A,AE,OOD,-3_22,242,177,0.9962646495774384,0.9973872584320278,0.9067629512043742,12000.0,188.40164184570312,2.8000030517578125,0.0,0.006666666666618249
TX,band,0,A,AE,OOD,-3_6,237,139,0.828825547157211,0.8904495335849254,0.024854139406446513,24000.0,2.0170063972473145,0.6999998092651367,0.0,0.14444444444458787
TX,band,0,A,AE,OOD,-4_10,270,348,0.9701042997020007,0.9611288660809985,0.6863634140781054,24000.0,16.20298671722412,0.899999737739563,0.0,0.002222222222180819
TX,band,0,A,AE,OOD,-4_11,58,140,0.8605911330049262,0.7978728501020109,0.6863634140781054,12000.0,34.574628829956055,1.5500011444091797,0.0,0.0
TX,band,0,A,AE,OOD,-4_14,219,374,0.9970942299709423,0.9951610593366391,0.0852606922069036,12000.0,135.25128173828125,4.8000030517578125,0.0,0.0011111111110828306
TX,band,0,A,AE,OOD,-4_16,190,259,0.9939239991871571,0.9924970508542579,1.6761314313008995,12000.0,217.4692840576172,9.399993896484375,0.0,0.0
TX,band,0,A,AE,OOD,-4_20,52,69,1.0,1.0,0.4338820496821554,12000.0,220.88150024414062,3.20001220703125,0.0,0.02555555555581459
TX,band,0,A,AE,OOD,-4_21,91,194,0.9960348929421095,0.9914926093543451,0.693051068414272,24000.0,251.15628051757812,6.1000213623046875,0.0,0.0033333333333697575
TX,band,0,A,AE,OOD,-6_14,44,104,1.0,0.9999999999999999,2.9983162623600204,12000.0,283.99913024902344,7.0,0.0,0.0
TX,band,0,A,AE,OOD,-7_13,26,35,0.9978021978021978,0.9970962086346701,0.280901987198336,24000.0,258.9460144042969,3.399993896484375,0.0,0.0
TX,band,0,A,AE,OOD,0_14,788,580,0.9058703833362505,0.9267629500755714,0.5852358062240963,12000.0,25.892285346984863,0.9000015258789062,0.0,0.0033333333332333332
TX,band,0,A,AE,OOD,0_15,359,979,0.9013005710448672,0.8589808559827826,1.2497878760366823,24000.0,53.401166915893555,1.8500003814697266,0.0,0.002222222222286927
TX,band,0,A,AE,OOD,0_23,39,26,0.9842209072978303,0.9900887406960281,0.033231223476314416,24000.0,158.93138122558594,3.1999969482421875,0.0,0.02888888888924499
TX,band,0,A,AE,OOD,1_16,154,427,0.9854314303963015,0.9790140528887976,0.6611532877954029,24000.0,52.475120544433594,3.5,0.0,0.0
TX,band,0,A,AE,OOD,1_20,35,160,0.9989285714285714,0.9954822954822955,0.5570202060414942,24000.0,148.91990661621094,10.099990844726562,0.0,0.0
TX,band,0,A,AE,OOD,3_15,324,269,0.875556473449906,0.8646509546763386,0.12838553163766414,24000.0,4.237487316131592,1.1999998092651367,0.0,0.0011111111111737802
TX,band,0,A,AE,OOD,3_16,101,79,0.8942223336257676,0.9177425549289111,0.36863214942429345,12000.0,11.640358924865723,3.1500003337860107,0.0,0.0
TX,band,0,A,AE,OOD,4_16,300,154,0.9505194805194805,0.9719094801108127,0.3834248919071823,24000.0,11.446569919586182,2.75,0.0,0.0
TX,band,0,AE,A,OOD,-1_17,130,173,0.9625611382836816,0.9441696600551399,0.05086570327176242,24000.0,102.61026763916016,4.299995422363281,0.0,0.0011111111111737802
TX,band,0,AE,A,OOD,-1_20,322,114,0.983382368965893,0.9941534071432556,0.0561175275849968,24000.0,100.61827850341797,1.8999977111816406,0.0,0.008888888888859702
TX,band,0,AE,A,OOD,-1_22,267,196,0.9898150271344492,0.9931553623687336,0.3843476335796477,24000.0,169.5581512451172,2.399993896484375,0.0,0.0011111111111737802
TX,band,0,AE,A,OOD,-2_19,196,206,0.9788983554586883,0.9775211306393998,0.0561175275849968,24000.0,151.03337860107422,2.8999977111816406,0.0,0.0
TX,band,0,AE,A,OOD,-2_22,28,35,0.9959183673469387,0.9951559934318553,0.6466001462658933,12000.0,191.94375610351562,3.3000030517578125,0.0,0.0022222222219837624
TX,band,0,AE,A,OOD,-3_22,86,134,0.9864630336688649,0.9794640573103572,0.0736244787499385,24000.0,250.1096420288086,5.4499969482421875,0.0,0.0
TX,band,0,AE,A,OOD,-4_10,207,162,0.894733703107294,0.9276976818018154,0.33723016680691564,24000.0,28.173200607299805,0.6999988555908203,0.0,0.0
TX,band,0,AE,A,OOD,-4_11,183,202,0.9258778336850079,0.9301739227694688,0.1974473779072853,24000.0,42.84321975708008,1.5,0.0,0.0
TX,band,0,AE,A,OOD,-4_14,59,61,0.9833287024173382,0.9846316824768884,0.0852606922069036,24000.0,118.74102401733398,3.0,0.0,0.0
TX,band,0,AE,A,OOD,-4_20,65,179,0.9913192952299098,0.9822686719656035,0.01929682070233386,24000.0,304.24542236328125,8.29998779296875,0.0,0.0011111111110828306
TX,band,0,AE,A,OOD,-4_21,53,129,0.9863975427819219,0.9783778673650078,0.693051068414272,24000.0,303.8927307128906,8.099990844726562,0.0,0.0011111111110828306
TX,band,0,AE,A,OOD,-4_22,153,190,0.9821809425524596,0.9803124075587065,0.0736244787499385,24000.0,278.16986083984375,4.6999969482421875,0.0,0.0022222222221959776
TX,band,0,AE,A,OOD,-5_11,61,89,0.7482040891508566,0.6362754247039342,0.29256857670927144,24000.0,74.39947128295898,2.8999996185302734,0.0,0.0
TX,band,0,AE,A,OOD,-5_12,149,92,0.8924715494601693,0.9414318524541798,0.052717885987575715,24000.0,82.0593032836914,2.0,0.0,0.0
TX,band,0,AE,A,OOD,-6_11,41,51,0.9029172644667623,0.8252251457966572,0.0896597991349496,24000.0,97.56962966918945,2.0,0.0,0.0
TX,band,0,AE,A,OOD,-6_14,50,47,0.984255319148936,0.9850671636038432,0.280901987198336,24000.0,289.6252136230469,3.0999908447265625,0.0,0.0
TX,band,0,AE,A,OOD,-6_24,113,103,0.9753415241859267,0.9744407705210375,0.5357706860943819,24000.0,327.7034454345703,2.0500030517578125,0.0,0.0011111111110979888
TX,band,0,AE,A,OOD,-6_8,45,61,0.9825136612021858,0.9731001751340262,,24000.0,129.94122314453125,2.5999984741210938,0.0,0.0
TX,band,0,AE,A,OOD,-7_13,125,105,0.9794285714285714,0.9774160440456594,0.280901987198336,24000.0,241.43798065185547,2.899993896484375,0.0,0.0
TX,band,0,AE,A,OOD,-7_9,203,158,0.9694144790172726,0.9761650886651725,0.0896597991349496,24000.0,146.0978546142578,2.1999969482421875,0.0,0.0
TX,band,0,AE,A,OOD,-8_20,91,167,0.9010989010989011,0.8329599823843417,1.0795279339873436,24000.0,627.9410400390625,4.29998779296875,0.0,0.0
TX,band,0,AE,A,OOD,-8_21,89,157,0.9566306448150004,0.8889260929603902,0.04550883590675438,24000.0,527.8045043945312,1.79998779296875,0.0,0.0
TX,band,0,AE,A,OOD,0_14,28,52,0.9656593406593407,0.9203497346213172,0.5852358062240963,24000.0,31.796196937561035,0.4500007629394531,0.0,0.0
TX,band,0,AE,A,OOD,0_18,341,209,0.9785180092326257,0.9877143836843065,0.07969397991502329,24000.0,72.0071907043457,2.8500003814697266,0.0,0.003888888888789907
TX,band,0,AE,A,OOD,0_23,229,193,0.9720116750005656,0.9779595897960245,0.10808237823365237,24000.0,152.35726928710938,2.70001220703125,0.0,0.002222222222226294
TX,band,0,AE,A,OOD,1_16,190,171,0.9864573714989227,0.9868465137165486,0.17348902393621626,24000.0,60.64119338989258,3.7000045776367188,0.0,0.0011111111110828306
TX,band,0,AE,A,OOD,1_19,228,176,0.9915021929824561,0.9946914691457914,0.025785680885581704,24000.0,91.10540390014648,5.799999237060547,0.0,0.0
TX,band,0,AE,A,OOD,1_20,124,122,0.990943945002644,0.9915434220169823,0.5570202060414942,24000.0,118.98229598999023,5.3000030517578125,0.0,0.0022222222221959776
TX,band,0,AE,A,OOD,1_21,301,165,0.9903352461491997,0.9943786601290738,0.008607358929335448,24000.0,108.69377136230469,4.400001525878906,0.0,0.002222222221953446
TX,band,0,AE,A,OOD,2_18,304,144,0.9883497807017544,0.9941919542209807,0.13776484014257676,24000.0,63.6471004486084,4.099998474121094,0.0,0.0
TX,band,0,AE,A,OOD,2_21,169,126,0.9566074950690335,0.95655476627185,0.03673246479221591,24000.0,83.91567993164062,5.099998474121094,0.0,0.0011111111111737802
TX,band,0,AE,A,OOD,2_23,163,80,0.9601993865030675,0.9672681840656123,0.09985463981085638,24000.0,101.74955749511719,2.0999984741210938,0.0,0.002222222222226294
TX,band,0,AE,A,OOD,3_15,112,81,0.8708112874779541,0.8893749247121181,0.36863214942429345,24000.0,7.199924945831299,1.500000238418579,0.0,0.0
TX,band,0,AE,A,OOD,3_16,371,243,0.9259813871973201,0.941303819712281,0.36863214942429345,24000.0,17.623777389526367,3.0,0.0,0.0
TX,band,0,AE,A,OOD,3_18,107,49,0.9521266450505435,0.9722819388195056,0.13776484014257676,24000.0,49.90283393859863,0.0,0.0,0.4833333333336562
TX,band,0,AE,A,OOD,3_22,304,127,0.9553460422710319,0.962491842112118,0.09985463981085638,24000.0,73.8296890258789,3.1999969482421875,0.0,0.0033333333333091246
TX,band,0,AE,A,OOD,4_16,111,58,0.8673501087294191,0.931669397629101,0.3834248919071823,24000.0,15.121674537658691,2.3999996185302734,0.0,0.0
TX,band,0,AE,AE,ID,-1_11,77,144,0.9944083694083694,0.9903971772210447,0.006102594196427266,24000.0,0.0,0.7000000476837158,0.0,1.0
TX,band,0,AE,AE,ID,-1_17,90,68,0.9874183006535948,0.9887898507963069,0.8211815482051558,24000.0,77.3764762878418,3.299999237060547,0.0,0.006111111111046518
TX,band,0,AE,AE,ID,-1_20,498,116,0.9964167012879103,0.9992160908518462,0.26029550095384685,24000.0,99.25554275512695,0.5999984741210938,0.0,0.08888888888862735
TX,band,0,AE,AE,ID,-1_22,64,59,1.0,1.0,0.3843476335796477,24000.0,155.27706909179688,2.5,0.0,0.0
TX,band,0,AE,AE,ID,-2_21,513,517,0.9943179461656505,0.9947171275506245,2.104235609209174,12000.0,139.23683166503906,3.2999954223632812,0.0,0.004444444444422272
TX,band,0,AE,AE,ID,-2_22,440,218,0.9964345287739783,0.9982387321824512,0.9067629512043742,12000.0,162.27783966064453,1.5,0.0,0.21888888888813812
TX,band,0,AE,AE,ID,-2_24,106,39,0.8110788582486695,0.8746144325852092,0.27514034840674395,24000.0,188.5,0.0,0.0,0.9944444444443737
TX,band,0,AE,AE,ID,-3_22,242,177,0.9962179576971565,0.9973017639135658,0.9067629512043742,12000.0,188.40164184570312,2.8000030517578125,0.0,0.006666666666618249
TX,band,0,AE,AE,ID,-3_6,237,139,0.7810156937740947,0.8516095135319588,0.024854139406446513,24000.0,2.0170063972473145,0.6999998092651367,0.0,0.14444444444458787
TX,band,0,AE,AE,ID,-4_10,270,348,0.9716262239250746,0.9648174135133571,0.6863634140781054,24000.0,16.20298671722412,0.899999737739563,0.0,0.002222222222180819
TX,band,0,AE,AE,ID,-4_11,58,140,0.8698275862068965,0.8081919012584903,0.6863634140781054,12000.0,34.574628829956055,1.5500011444091797,0.0,0.0
TX,band,0,AE,AE,ID,-4_14,219,374,0.9975459673284008,0.9961661277677731,0.0852606922069036,12000.0,135.25128173828125,4.8000030517578125,0.0,0.0011111111110828306
TX,band,0,AE,AE,ID,-4_16,190,259,0.9970128022759602,0.9962530661886914,1.6761314313008995,12000.0,217.4692840576172,9.399993896484375,0.0,0.0
TX,band,0,AE,AE,ID,-4_20,52,69,1.0,1.0,0.4338820496821554,12000.0,220.88150024414062,3.20001220703125,0.0,0.02555555555581459
TX,band,0,AE,AE,ID,-4_21,91,194,0.9914466976322647,0.9850863180827802,0.693051068414272,24000.0,251.15628051757812,6.1000213623046875,0.0,0.0033333333333697575
TX,band,0,AE,AE,ID,-6_14,44,104,0.9997814685314685,0.9994949494949494,2.9983162623600204,12000.0,283.99913024902344,7.0,0.0,0.0
TX,band,0,AE,AE,ID,-7_13,26,35,0.9956043956043956,0.9945419302183227,0.280901987198336,24000.0,258.9460144042969,3.399993896484375,0.0,0.0
TX,band,0,AE,AE,ID,0_14,788,580,0.9093492910904954,0.9378449610428699,0.5852358062240963,12000.0,25.892285346984863,0.9000015258789062,0.0,0.0033333333332333332
TX,band,0,AE,AE,ID,0_15,359,979,0.8842517377461511,0.8495859676738198,1.2497878760366823,24000.0,53.401166915893555,1.8500003814697266,0.0,0.002222222222286927
TX,band,0,AE,AE,ID,0_23,39,26,0.9842209072978303,0.990405117801601,0.033231223476314416,24000.0,158.93138122558594,3.1999969482421875,0.0,0.02888888888924499
TX,band,0,AE,AE,ID,1_16,154,427,0.9861309650536816,0.9759039397729142,0.6611532877954029,24000.0,52.475120544433594,3.5,0.0,0.0
TX,band,0,AE,AE,ID,1_20,35,160,0.9991071428571429,0.9959331349247317,0.5570202060414942,24000.0,148.91990661621094,10.099990844726562,0.0,0.0
TX,band,0,AE,AE,ID,3_15,324,269,0.9179861397953096,0.9242822349206932,0.12838553163766414,24000.0,4.237487316131592,1.1999998092651367,0.0,0.0011111111111737802
TX,band,0,AE,AE,ID,3_16,101,79,0.9053766136107282,0.9262967934056169,0.36863214942429345,12000.0,11.640358924865723,3.1500003337860107,0.0,0.0
TX,band,0,AE,AE,ID,4_16,300,154,0.9788311688311688,0.9868482387785129,0.3834248919071823,24000.0,11.446569919586182,2.75,0.0,0.0
TX,band,1,A,A,ID,-10_15,99,45,0.9901234567901235,0.995553820808658,0.04988885389311448,24000.0,515.5481262207031,3.75,0.0,0.0
TX,band,1,A,A,ID,-11_15,66,42,0.9924242424242424,0.9955874092237729,0.04988885389311448,24000.0,476.7355041503906,4.79998779296875,0.0,0.0
TX,band,1,A,A,ID,-1_21,160,103,0.9757888349514563,0.9860991195770539,0.26029550095384685,24000.0,134.61900329589844,2.1999969482421875,0.0,0.002222222222317244
TX,band,1,A,A,ID,-2_12,66,65,0.8953379953379954,0.8926936452869684,0.6166045886430126,24000.0,14.21524715423584,0.5,0.0,0.0
TX,band,1,A,A,ID,-2_14,189,203,0.9906169364297444,0.9906567195581831,0.0310435119224115,24000.0,77.3274917602539,2.8999977111816406,0.0,0.0011111111110828306
TX,band,1,A,A,ID,-2_16,314,190,0.989624539054643,0.9938663594399009,0.05387530172405497,24000.0,95.87759399414062,2.600006103515625,0.0,0.0033333333333091246
TX,band,1,A,A,ID,-2_17,229,58,0.9754555036892034,0.9922322903824254,0.05086570327176242,24000.0,89.75823974609375,1.5,0.0,0.003333333333369758
TX,band,1,A,A,ID,-2_18,103,102,0.942604226156482,0.9238256607807648,0.05086570327176242,24000.0,140.41793823242188,2.4000015258789062,0.0,0.0
TX,band,1,A,A,ID,-3_15,82,144,0.9725609756097561,0.9645963942165752,0.22339885732867895,24000.0,144.24188995361328,7.1500091552734375,0.0,0.0
TX,band,1,A,A,ID,-3_20,97,155,0.9832391087462587,0.9759937117855325,0.037571021465512576,24000.0,220.13871002197266,5.299995422363281,0.0,0.001111111111113147
TX,band,1,A,A,ID,-4_13,228,203,0.9775516377149771,0.9800921891006299,0.04507314658154439,24000.0,108.53143310546875,2.4000015258789062,0.0,0.0
TX,band,1,A,A,ID,-4_18,109,192,0.9948394495412843,0.9909266805511904,0.20245035219114538,24000.0,292.24603271484375,7.399993896484375,0.0,0.0
TX,band,1,A,A,ID,-4_19,69,108,0.9936929683306495,0.9905352124050887,0.01929682070233386,24000.0,306.1669921875,6.79998779296875,0.0,0.0
TX,band,1,A,A,ID,-4_6,25,35,0.9954285714285713,0.9944827586206899,0.024854139406446513,24000.0,14.357840061187744,0.5999994277954102,0.0,0.03277777777779235
TX,band,1,A,A,ID,-4_9,86,125,0.9353488372093023,0.9377765908817509,0.023051612207734686,24000.0,18.21797752380371,0.7999992370605469,0.0,0.0
TX,band,1,A,A,ID,-5_13,128,155,0.9710685483870967,0.9641525176264827,0.21605698632701414,24000.0,135.08180236816406,3.399993896484375,0.0,0.0
TX,band,1,A,A,ID,-5_20,70,208,0.9964972527472528,0.9896278109412363,0.08213722398770898,24000.0,420.4813690185547,8.550003051757812,0.0,0.0
TX,band,1,A,A,ID,-5_23,96,134,0.9602767412935322,0.9215429688559892,,24000.0,309.66070556640625,2.8000030517578125,0.0,0.0011111111111737802
TX,band,1,A,A,ID,-5_9,137,181,0.9393878291728839,0.9286868263090595,0.04567738930688834,24000.0,60.49808120727539,1.2000007629394531,0.0,0.0
TX,band,1,A,A,ID,-6_10,177,247,0.9853839291841076,0.9808093078884078,0.0896597991349496,24000.0,165.24148559570312,2.900005340576172,0.0,0.0
TX,band,1,A,A,ID,-6_13,117,148,0.9704319704319705,0.9670414753156071,0.280901987198336,24000.0,197.52462768554688,3.399993896484375,0.0,0.0
TX,band,1,A,A,ID,-6_23,55,140,0.9751948051948052,0.9494764175246221,0.11824950185716863,24000.0,337.4087829589844,2.600006103515625,0.0,0.002222222222226294
TX,band,1,A,A,ID,-7_11,65,92,0.976923076923077,0.9674352976295229,0.0896597991349496,24000.0,169.01885986328125,2.6999969482421875,0.0,0.0
TX,band,1,A,A,ID,-9_12,132,193,0.9858298005966399,0.9764447978775865,0.03649678472424436,24000.0,231.4755096435547,3.0,0.0,0.0
TX,band,1,A,A,ID,-9_18,31,118,0.9928922908693275,0.972466594392659,0.8802179590413254,24000.0,649.1101684570312,4.4000244140625,0.0,0.0
TX,band,1,A,A,ID,0_12,52,29,0.9694960212201592,0.9836273005573762,0.14106475041179814,24000.0,6.641132354736328,0.8000001907348633,0.0,0.0
TX,band,1,A,A,ID,0_13,198,99,0.8709825528007347,0.9278920950871641,0.44333833380286547,12000.0,13.43303394317627,0.8000001907348633,0.0,0.0
TX,band,1,A,A,ID,2_15,171,116,0.8035894333534986,0.8418982139964035,0.6611532877954029,24000.0,13.640888214111328,1.1000003814697266,0.0,0.0
TX,band,1,A,A,ID,2_22,264,166,0.9741922234392113,0.9698632094446838,0.03673246479221591,24000.0,82.32501983642578,3.2000045776367188,0.0,0.0044444444440887906
TX,band,1,A,A,ID,3_20,37,44,0.9453316953316954,0.9246879173320723,0.05429929455607937,24000.0,82.94190216064453,4.5,0.0,0.001111111111113147
TX,band,1,A,AE,OOD,-1_21,387,256,0.990451388888889,0.9932232729047463,0.3843476335796477,12000.0,132.4366912841797,1.899993896484375,0.0,0.006666666666587932
TX,band,1,A,AE,OOD,-2_11,526,467,0.7516141376474705,0.7706865220660801,0.006102594196427266,24000.0,1.372422456741333,0.5999999046325684,0.0,0.1611111111117095
TX,band,1,A,AE,OOD,-2_12,670,465,0.9042465093885411,0.9382422208605836,0.6166045886430126,24000.0,7.840000152587891,0.6000003814697266,0.0,0.010000000000018322
TX,band,1,A,AE,OOD,-2_14,169,56,0.9948224852071006,0.9982734094748793,0.47116008280994875,24000.0,64.58786010742188,2.9000015258789062,0.0,0.024444444444458917
TX,band,1,A,AE,OOD,-3_15,215,227,0.990656695010757,0.990761123596227,0.22339885732867895,24000.0,121.54614639282227,4.6999969482421875,0.0,0.0011111111110828306
TX,band,1,A,AE,OOD,-3_9,115,195,0.27424749163879597,0.3599027394295119,0.023051612207734686,24000.0,0.3801446408033371,0.5999999046325684,0.0,0.5311111111131424
TX,band,1,A,AE,OOD,-4_9,26,88,0.4735576923076923,0.391965884496143,0.023051612207734686,24000.0,3.310186982154846,0.5999999046325684,0.0,0.012222222222274936
TX,band,1,A,AE,OOD,-5_13,70,108,0.9943121693121694,0.9922637588138543,2.9983162623600204,12000.0,157.18350219726562,5.250007629394531,0.0,0.0
TX,band,1,A,AE,OOD,-5_15,120,189,0.9952821869488537,0.992234942406884,1.3806433655571346,12000.0,329.3747863769531,11.0,0.0,0.0
TX,band,1,A,AE,OOD,-5_17,181,186,0.999702964415137,0.9996921330419322,0.3151627136180798,24000.0,310.17999267578125,3.199981689453125,0.0,0.04777777777750154
TX,band,1,A,AE,OOD,-6_13,55,55,1.0,1.0,2.9983162623600204,12000.0,191.40303802490234,3.0999984741210938,0.0,0.0
TX,band,1,A,AE,OOD,-6_17,25,41,1.0,1.0,0.3151627136180798,24000.0,352.8155975341797,8.149993896484375,0.0,0.0
TX,band,1,A,AE,OOD,-9_18,243,335,0.9604815429027701,0.944490260185048,0.8802179590413254,24000.0,594.4465026855469,3.800018310546875,0.0,0.0
TX,band,1,A,AE,OOD,-9_19,46,110,1.0,0.9999999999999999,0.8802179590413254,24000.0,608.0228271484375,3.1500244140625,0.0,0.0
TX,band,1,A,AE,OOD,0_12,488,184,0.8911150213827512,0.9567155667209557,0.14106475041179814,24000.0,2.073465585708618,0.6000000238418579,0.0,0.003333333333339441
TX,band,1,A,AE,OOD,0_13,1001,362,0.8549765151975096,0.9381306810147192,0.44333833380286547,12000.0,11.031989097595215,0.9000005722045898,0.0,0.0
TX,band,1,A,AE,OOD,1_15,602,1077,0.9485281188980094,0.9387063858181627,1.2497878760366823,12000.0,23.838504791259766,1.5,0.0,0.001111111111113147
TX,band,1,A,AE,OOD,2_15,736,408,0.9653565910059675,0.9821191920826216,0.6611532877954029,24000.0,9.845189094543457,1.6999998092651367,0.0,0.010000000000018324
TX,band,1,A,AE,OOD,3_14,83,113,0.7830259089455166,0.722894222940516,0.20223583098689696,24000.0,1.9947701692581177,0.5,0.0,0.006666666666618249
TX,band,1,A,AE,OOD,4_15,234,159,0.8509917755200773,0.862840946417191,0.12838553163766414,12000.0,1.0828651189804077,0.6999998092651367,0.0,0.0611111111113444
TX,band,1,AE,A,OOD,-10_15,99,45,0.9885521885521886,0.9948275686898673,0.04988885389311448,24000.0,515.5481262207031,3.75,0.0,0.0
TX,band,1,AE,A,OOD,-11_15,66,42,0.9891774891774892,0.9940916110852038,0.04988885389311448,24000.0,476.7355041503906,4.79998779296875,0.0,0.0
TX,band,1,AE,A,OOD,-1_21,160,103,0.970995145631068,0.9836454065971236,0.26029550095384685,24000.0,134.61900329589844,2.1999969482421875,0.0,0.002222222222317244
TX,band,1,AE,A,OOD,-2_12,66,65,0.8948717948717948,0.9123030503443346,0.6166045886430126,24000.0,14.21524715423584,0.5,0.0,0.0
TX,band,1,AE,A,OOD,-2_14,189,203,0.9775327755623322,0.978926723231873,0.0310435119224115,24000.0,77.3274917602539,2.8999977111816406,0.0,0.0011111111110828306
TX,band,1,AE,A,OOD,-2_16,314,190,0.9877137110291654,0.9929746693647304,0.05387530172405497,24000.0,95.87759399414062,2.600006103515625,0.0,0.0033333333333091246
TX,band,1,AE,A,OOD,-2_17,229,58,0.9639361541936455,0.9885167070232526,0.05086570327176242,24000.0,89.75823974609375,1.5,0.0,0.003333333333369758
TX,band,1,AE,A,OOD,-2_18,103,102,0.9387968779744907,0.9105284261507276,0.05086570327176242,24000.0,140.41793823242188,2.4000015258789062,0.0,0.0
TX,band,1,AE,A,OOD,-3_15,82,144,0.9695121951219512,0.9582533076813262,0.22339885732867895,24000.0,144.24188995361328,7.1500091552734375,0.0,0.0
TX,band,1,AE,A,OOD,-3_20,97,155,0.9797805121383438,0.9722020882171188,0.037571021465512576,24000.0,220.13871002197266,5.299995422363281,0.0,0.001111111111113147
TX,band,1,AE,A,OOD,-4_13,228,203,0.9683043816437645,0.970737834812428,0.04507314658154439,24000.0,108.53143310546875,2.4000015258789062,0.0,0.0
TX,band,1,AE,A,OOD,-4_18,109,192,0.9933581804281346,0.9883126221576743,0.20245035219114538,24000.0,292.24603271484375,7.399993896484375,0.0,0.0
TX,band,1,AE,A,OOD,-4_19,69,108,0.9906065485775631,0.9875606343733301,0.01929682070233386,24000.0,306.1669921875,6.79998779296875,0.0,0.0
TX,band,1,AE,A,OOD,-4_6,25,35,0.9988571428571429,0.9984615384615386,0.024854139406446513,24000.0,14.357840061187744,0.5999994277954102,0.0,0.03277777777779235
TX,band,1,AE,A,OOD,-4_9,86,125,0.9194418604651164,0.927197594908956,0.023051612207734686,24000.0,18.21797752380371,0.7999992370605469,0.0,0.0
TX,band,1,AE,A,OOD,-5_13,128,155,0.9757056451612904,0.9742162025557991,0.21605698632701414,24000.0,135.08180236816406,3.399993896484375,0.0,0.0
TX,band,1,AE,A,OOD,-5_20,70,208,0.9910714285714286,0.9722810297905613,0.08213722398770898,24000.0,420.4813690185547,8.550003051757812,0.0,0.0
TX,band,1,AE,A,OOD,-5_23,96,134,0.961054104477612,0.9165722002983708,,24000.0,309.66070556640625,2.8000030517578125,0.0,0.0011111111111737802
TX,band,1,AE,A,OOD,-5_9,137,181,0.8724442472879784,0.8709660604080416,0.04567738930688834,24000.0,60.49808120727539,1.2000007629394531,0.0,0.0
TX,band,1,AE,A,OOD,-6_10,177,247,0.9686177634438117,0.9641757229335648,0.0896597991349496,24000.0,165.24148559570312,2.900005340576172,0.0,0.0
TX,band,1,AE,A,OOD,-6_13,117,148,0.9666782166782167,0.961346455905274,0.280901987198336,24000.0,197.52462768554688,3.399993896484375,0.0,0.0
TX,band,1,AE,A,OOD,-6_23,55,140,0.97,0.9302509161325623,0.11824950185716863,24000.0,337.4087829589844,2.600006103515625,0.0,0.002222222222226294
TX,band,1,AE,A,OOD,-7_11,65,92,0.9724080267558528,0.960562323814055,0.0896597991349496,24000.0,169.01885986328125,2.6999969482421875,0.0,0.0
TX,band,1,AE,A,OOD,-9_12,132,193,0.972052127492542,0.9391902868749947,0.03649678472424436,24000.0,231.4755096435547,3.0,0.0,0.0
TX,band,1,AE,A,OOD,-9_18,31,118,0.9874248223072718,0.9449632052271464,0.8802179590413254,24000.0,649.1101684570312,4.4000244140625,0.0,0.0
TX,band,1,AE,A,OOD,0_12,52,29,0.9164456233421752,0.9478331101832831,0.14106475041179814,24000.0,6.641132354736328,0.8000001907348633,0.0,0.0
TX,band,1,AE,A,OOD,0_13,198,99,0.7646158555249465,0.8509784843668653,0.44333833380286547,12000.0,13.43303394317627,0.8000001907348633,0.0,0.0
TX,band,1,AE,A,OOD,2_15,171,116,0.714408146803791,0.7838298044109929,0.6611532877954029,24000.0,13.640888214111328,1.1000003814697266,0.0,0.0
TX,band,1,AE,A,OOD,2_22,264,166,0.9680996714129244,0.9743513135995368,0.03673246479221591,24000.0,82.32501983642578,3.2000045776367188,0.0,0.0044444444440887906
TX,band,1,AE,A,OOD,3_20,37,44,0.9244471744471745,0.8754492672885226,0.05429929455607937,24000.0,82.94190216064453,4.5,0.0,0.001111111111113147
TX,band,1,AE,AE,ID,-1_21,387,256,0.9923389050387597,0.994938853301772,0.3843476335796477,12000.0,132.4366912841797,1.899993896484375,0.0,0.006666666666587932
TX,band,1,AE,AE,ID,-2_11,526,467,0.9689344656044162,0.9727317582478974,0.006102594196427266,24000.0,1.372422456741333,0.5999999046325684,0.0,0.1611111111117095
TX,band,1,AE,AE,ID,-2_12,670,465,0.9339977531696357,0.9588612609664988,0.6166045886430126,24000.0,7.840000152587891,0.6000003814697266,0.0,0.010000000000018322
TX,band,1,AE,AE,ID,-2_14,169,56,0.9953508030431107,0.9984154941868084,0.47116008280994875,24000.0,64.58786010742188,2.9000015258789062,0.0,0.024444444444458917
TX,band,1,AE,AE,ID,-3_15,215,227,0.9896731892224158,0.9899258318465507,0.22339885732867895,24000.0,121.54614639282227,4.6999969482421875,0.0,0.0011111111110828306
TX,band,1,AE,AE,ID,-3_9,115,195,0.9017614269788182,0.785264582879773,0.023051612207734686,24000.0,0.3801446408033371,0.5999999046325684,0.0,0.5311111111131424
TX,band,1,AE,AE,ID,-4_9,26,88,0.9401223776223776,0.8975527129370299,0.023051612207734686,24000.0,3.310186982154846,0.5999999046325684,0.0,0.012222222222274936
TX,band,1,AE,AE,ID,-5_13,70,108,0.9899470899470899,0.9886922871566833,2.9983162623600204,12000.0,157.18350219726562,5.250007629394531,0.0,0.0
TX,band,1,AE,AE,ID,-5_15,120,189,0.9973104056437391,0.9956217901236469,1.3806433655571346,12000.0,329.3747863769531,11.0,0.0,0.0
TX,band,1,AE,AE,ID,-5_17,181,186,0.998455414958712,0.9983630142452237,0.3151627136180798,24000.0,310.17999267578125,3.199981689453125,0.0,0.04777777777750154
TX,band,1,AE,AE,ID,-6_13,55,55,1.0,1.0,2.9983162623600204,12000.0,191.40303802490234,3.0999984741210938,0.0,0.0
TX,band,1,AE,AE,ID,-6_17,25,41,1.0,1.0,0.3151627136180798,24000.0,352.8155975341797,8.149993896484375,0.0,0.0
TX,band,1,AE,AE,ID,-9_18,243,335,0.9700386954118296,0.9631925162921124,0.8802179590413254,24000.0,594.4465026855469,3.800018310546875,0.0,0.0
TX,band,1,AE,AE,ID,-9_19,46,110,1.0,0.9999999999999999,0.8802179590413254,24000.0,608.0228271484375,3.1500244140625,0.0,0.0
TX,band,1,AE,AE,ID,0_12,488,184,0.9482470598717034,0.973972013849957,0.14106475041179814,24000.0,2.073465585708618,0.6000000238418579,0.0,0.003333333333339441
TX,band,1,AE,AE,ID,0_13,1001,362,0.8014250942427739,0.8979705997152273,0.44333833380286547,12000.0,11.031989097595215,0.9000005722045898,0.0,0.0
TX,band,1,AE,AE,ID,1_15,602,1077,0.9429447493190449,0.9329918186774526,1.2497878760366823,12000.0,23.838504791259766,1.5,0.0,0.001111111111113147
TX,band,1,AE,AE,ID,2_15,736,408,0.9689631287297528,0.9837841416866787,0.6611532877954029,24000.0,9.845189094543457,1.6999998092651367,0.0,0.010000000000018324
TX,band,1,AE,AE,ID,3_14,83,113,0.8491310374240324,0.7516184122291512,0.20223583098689696,24000.0,1.9947701692581177,0.5,0.0,0.006666666666618249
TX,band,1,AE,AE,ID,4_15,234,159,0.8989410310165027,0.9113184924096707,0.12838553163766414,12000.0,1.0828651189804077,0.6999998092651367,0.0,0.0611111111113444
TX,band,2,A,A,ID,-11_27,96,104,0.9862780448717948,0.9874227411439962,0.08309217072999632,24000.0,1044.8243408203125,3.5,0.0,0.0
TX,band,2,A,A,ID,-1_13,130,186,0.9279156327543424,0.9159401692350773,0.7140324417418822,24000.0,26.315298080444336,0.39999961853027344,0.0,0.0
TX,band,2,A,A,ID,-1_14,163,159,0.9484894084963538,0.9557419738855703,0.47116008280994875,24000.0,47.735483169555664,0.8999977111816406,0.0,0.006666666666648566
TX,band,2,A,A,ID,-1_16,444,112,0.9825048262548263,0.9954612216286005,0.05387530172405497,24000.0,65.24684524536133,1.6000022888183594,0.0,0.004444444444604171
TX,band,2,A,A,ID,-1_18,139,158,0.9748656770785903,0.956793770015668,0.008169576163218183,24000.0,121.00176239013672,3.2000045776367188,0.0,0.002222222221953446
TX,band,2,A,A,ID,-1_19,172,63,0.9506275378368401,0.9759159542713545,0.0561175275849968,24000.0,95.9000015258789,0.5999984741210938,0.0,0.15222222222241028
TX,band,2,A,A,ID,-1_23,150,168,0.9528174603174604,0.9395892637592428,0.033231223476314416,24000.0,183.0836639404297,3.1500015258789062,0.0,0.0
TX,band,2,A,A,ID,-2_13,135,137,0.9678832116788321,0.9700573622314181,0.0310435119224115,24000.0,43.73096466064453,1.5,0.0,0.0
TX,band,2,A,A,ID,-2_15,139,212,0.9806909189629429,0.966795586744755,0.5350548754278291,24000.0,114.40630340576172,4.099998474121094,0.0,0.0011111111111737802
TX,band,2,A,A,ID,-2_20,195,135,0.9874264007597342,0.9914896628630783,0.43834047911542673,24000.0,145.68633270263672,2.25,0.0,0.0
TX,band,2,A,A,ID,-2_23,57,114,0.9538319482917821,0.9259358979075486,0.27514034840674395,24000.0,222.76646423339844,4.70001220703125,0.0,0.0011111111111737802
TX,band,2,A,A,ID,-3_11,90,184,0.9635869565217392,0.9466902698880102,0.1974473779072853,24000.0,16.826860427856445,0.8999996185302734,0.0,0.0
TX,band,2,A,A,ID,-3_13,286,182,0.9940828402366864,0.9963695636635016,0.004743415522716003,24000.0,69.25749588012695,3.0999984741210938,0.0,0.0
TX,band,2,A,A,ID,-3_16,119,187,0.9797780074596683,0.9574466486755768,0.43446448208958116,24000.0,154.14940643310547,4.1999969482421875,0.0,0.0
TX,band,2,A,A,ID,-3_18,56,79,0.9884719710669079,0.9831868221413924,0.24308123984103097,24000.0,213.65957641601562,4.1999969482421875,0.0,0.0
TX,band,2,A,A,ID,-3_19,203,162,0.9905126801678525,0.9928131871576926,0.037571021465512576,24000.0,169.1049346923828,3.3000030517578125,0.0,0.0011111111111737802
TX,band,2,A,A,ID,-3_23,78,169,0.9766348050371719,0.9433434641337746,0.265226287496481,24000.0,265.66070556640625,6.100006103515625,0.0,0.0
TX,band,2,A,A,ID,-4_24,28,30,0.9369047619047619,0.9414360930887489,0.10209516944045487,24000.0,242.3050537109375,2.6500015258789062,0.0,0.0011111111110828306
TX,band,2,A,A,ID,-5_10,177,206,0.9759201360320333,0.9735732447865959,0.29256857670927144,24000.0,102.38272094726562,1.8000030517578125,0.0,0.0
TX,band,2,A,A,ID,-5_24,46,84,0.9448757763975155,0.8547693264597898,0.5357706860943819,24000.0,311.5916290283203,2.4499969482421875,0.0,0.0016666666666242458
TX,band,2,A,A,ID,-6_12,51,98,0.9941976790716287,0.9882416475690082,0.052717885987575715,24000.0,127.1268081665039,3.100006103515625,0.0,0.0
TX,band,2,A,A,ID,-6_18,25,38,0.9473684210526316,0.9177383648103308,0.15574499207801415,24000.0,413.4471740722656,6.0,0.0,0.0022222222221959776
TX,band,2,A,A,ID,-6_19,180,182,0.983943833943834,0.9845607227729037,0.15574499207801415,24000.0,456.0870666503906,3.70001220703125,0.0,0.001111111111113147
TX,band,2,A,A,ID,-6_22,133,87,0.9153919280961023,0.9133773718361453,0.11824950185716863,24000.0,350.11940002441406,2.199981689453125,0.0,0.001111111111113147
TX,band,2,A,A,ID,-6_7,145,131,0.9538826006843907,0.9619467786604781,,24000.0,74.08222198486328,1.5999984741210938,0.0,0.0
TX,band,2,A,A,ID,-6_9,49,58,0.9887403237156931,0.9874871131331799,0.00963270037322776,24000.0,169.33157348632812,2.399993896484375,0.0,0.0
TX,band,2,A,A,ID,-7_10,250,152,0.9748947368421051,0.9856260815264124,0.0896597991349496,24000.0,159.44158935546875,1.9000091552734375,0.0,0.0
TX,band,2,A,A,ID,-7_8,214,70,0.9895861148197598,0.9960651623319,,24000.0,97.73696517944336,2.0,0.0,0.024999999999682006
TX,band,2,A,A,ID,-8_10,85,106,0.9943396226415094,0.993147587787045,0.0896597991349496,24000.0,169.10462951660156,3.0,0.0,0.0
TX,band,2,A,A,ID,-8_11,132,119,0.9781003310415075,0.979148904610656,0.0896597991349496,24000.0,201.88699340820312,2.600006103515625,0.0,0.0
TX,band,2,A,A,ID,-8_14,130,141,0.9735406437534098,0.9706706808414687,0.03862698887566409,24000.0,413.8412780761719,5.29998779296875,0.0,0.0
TX,band,2,A,A,ID,-9_13,86,122,0.9868471216164697,0.9872442234402801,0.03649678472424436,24000.0,258.9499969482422,1.7999954223632812,0.0,0.0
TX,band,2,A,A,ID,0_16,103,123,0.9906069934485753,0.9891959528710111,0.17348902393621626,24000.0,95.73898315429688,4.450000762939453,0.0,0.0
TX,band,2,A,A,ID,0_20,157,169,0.9927260392718502,0.9932540060216566,0.18025986218507156,24000.0,134.30772399902344,5.099998474121094,0.0,0.004444444444482904
TX,band,2,A,A,ID,0_21,380,135,0.984346978557505,0.9941153369258553,0.03782900683971566,24000.0,125.18766784667969,2.0999908447265625,0.0,0.007777777778004247
TX,band,2,A,A,ID,0_24,55,49,0.9907235621521336,0.9914162218650909,0.10808237823365237,24000.0,130.73007202148438,2.549999237060547,0.0,0.004444444444482904
TX,band,2,A,A,ID,1_17,178,114,0.9828011038833038,0.9866836508695138,0.17348902393621626,24000.0,44.06833267211914,1.6499977111816406,0.0,0.014444444444182906
TX,band,2,A,A,ID,1_18,180,209,0.9812865497076022,0.9780456086892251,0.01010813986489359,24000.0,91.09158325195312,5.1999969482421875,0.0,0.0
TX,band,2,A,A,ID,1_23,86,64,0.9752906976744187,0.9811972164290226,0.10808237823365237,24000.0,128.21146392822266,2.8499984741210938,0.0,0.0
TX,band,2,A,A,ID,2_20,238,167,0.9852563780003019,0.9853463019342277,0.09653944470682342,24000.0,96.41539001464844,4.6999969482421875,0.0,0.004444444444482905
TX,band,2,A,A,ID,3_17,277,268,0.9737728325879627,0.9701969238148626,0.04706592827097104,24000.0,53.81273651123047,4.400001525878906,0.0,0.0
TX,band,2,A,A,ID,3_23,112,49,0.9617346938775511,0.9800876697147404,0.09985463981085638,24000.0,88.18293762207031,2.6999969482421875,0.0,0.0
TX,band,2,A,AE,OOD,-1_13,598,376,0.8370543656158826,0.8971528283902277,0.7140324417418822,24000.0,22.680298805236816,0.5,0.0,0.0
TX,band,2,A,AE,OOD,-1_14,744,316,0.9582652783449027,0.9820016923453136,0.47116008280994875,24000.0,39.78415489196777,1.0,0.0,0.006666666666557616
TX,band,2,A,AE,OOD,-1_16,240,101,0.9877475247524753,0.994821189401522,0.8211815482051558,24000.0,60.6638069152832,2.7000045776367188,0.0,0.007777777777852663
TX,band,2,A,AE,OOD,-1_23,92,56,0.9815605590062111,0.9902631589739103,0.033231223476314416,24000.0,163.98487854003906,3.9500045776367188,0.0,0.004444444444498063
TX,band,2,A,AE,OOD,-2_13,197,428,0.9897646947198634,0.9819820953815752,0.9903119111809097,24000.0,24.838008880615234,0.7000007629394531,0.0,0.0
TX,band,2,A,AE,OOD,-2_15,187,78,0.9795008912655971,0.9904863732526168,0.5350548754278291,12000.0,80.41410064697266,2.5,0.0,0.004444444444391955
TX,band,2,A,AE,OOD,-2_20,85,113,0.999167100468506,0.9988939171036748,0.43834047911542673,24000.0,146.6628875732422,3.200000762939453,0.0,0.0
TX,band,2,A,AE,OOD,-2_23,279,174,0.9768879001359536,0.9648251350386318,0.27514034840674395,24000.0,194.2281951904297,2.399993896484375,0.0,0.1144444444432899
TX,band,2,A,AE,OOD,-3_11,126,275,0.9421645021645021,0.9060185693633037,0.16931448268318428,24000.0,8.439665794372559,0.8000011444091797,0.0,0.0
TX,band,2,A,AE,OOD,-3_16,108,112,0.9887566137566137,0.9891240470106655,0.43446448208958116,12000.0,169.13829803466797,2.899993896484375,0.0,0.002222222222180819
TX,band,2,A,AE,OOD,-3_18,171,125,0.9803508771929824,0.9847301652972374,0.24308123984103097,24000.0,171.82013702392578,4.25,0.0,0.01555555555534153
TX,band,2,A,AE,OOD,-5_14,144,391,0.9971050014208582,0.9941671080588567,1.3806433655571346,12000.0,203.72714233398438,5.600006103515625,0.0,0.0
TX,band,2,A,AE,OOD,-5_24,52,118,0.9833767926988266,0.9676574284159776,0.5357706860943819,24000.0,306.01756286621094,3.3000030517578125,0.0,0.0011111111111737802
TX,band,2,A,AE,OOD,0_16,247,352,0.9973086124401914,0.9969051673648164,1.923049698885933,24000.0,81.01117706298828,5.399993896484375,0.0,0.005555555555596053
TX,band,2,A,AE,OOD,1_13,1031,421,0.8529827140128694,0.9322834497111496,0.44333833380286547,12000.0,2.7212308645248413,0.6999998092651367,0.0,0.011111111110767673
TX,band,2,A,AE,OOD,1_14,301,719,0.8067129041350345,0.7391293098976516,0.44333833380286547,12000.0,10.816656589508057,0.9000005722045898,10.5,0.003333333333400074
TX,band,2,A,AE,OOD,2_14,602,253,0.8655666881147165,0.9295529282078934,0.20223583098689696,12000.0,0.8840079307556152,0.40000009536743164,0.0,0.08888888888917304
TX,band,2,AE,A,OOD,-11_27,96,104,0.9733573717948718,0.977493930079961,0.08309217072999632,24000.0,1044.8243408203125,3.5,0.0,0.0
TX,band,2,AE,A,OOD,-1_13,130,186,0.8910669975186104,0.8845043088675472,0.7140324417418822,24000.0,26.315298080444336,0.39999961853027344,0.0,0.0
TX,band,2,AE,A,OOD,-1_14,163,159,0.9244125477485821,0.9390255514316239,0.47116008280994875,24000.0,47.735483169555664,0.8999977111816406,0.0,0.006666666666648566
TX,band,2,AE,A,OOD,-1_16,444,112,0.9839124839124839,0.9957525959158623,0.05387530172405497,24000.0,65.24684524536133,1.6000022888183594,0.0,0.004444444444604171
TX,band,2,AE,A,OOD,-1_18,139,158,0.9779164010563701,0.9707227555797786,0.008169576163218183,24000.0,121.00176239013672,3.2000045776367188,0.0,0.002222222221953446
TX,band,2,AE,A,OOD,-1_19,172,63,0.9497046880767811,0.9732980858159572,0.0561175275849968,24000.0,95.9000015258789,0.5999984741210938,0.0,0.15222222222241028
TX,band,2,AE,A,OOD,-1_23,150,168,0.9330952380952381,0.9210768243007976,0.033231223476314416,24000.0,183.0836639404297,3.1500015258789062,0.0,0.0
TX,band,2,AE,A,OOD,-2_13,135,137,0.9676669370100027,0.9723386110232224,0.0310435119224115,24000.0,43.73096466064453,1.5,0.0,0.0
TX,band,2,AE,A,OOD,-2_15,139,212,0.9804873082665944,0.9712776718805424,0.5350548754278291,24000.0,114.40630340576172,4.099998474121094,0.0,0.0011111111111737802
TX,band,2,AE,A,OOD,-2_20,195,135,0.9860968660968661,0.9908875506920287,0.43834047911542673,24000.0,145.68633270263672,2.25,0.0,0.0
TX,band,2,AE,A,OOD,-2_23,57,114,0.9376731301939059,0.901357146720271,0.27514034840674395,24000.0,222.76646423339844,4.70001220703125,0.0,0.0011111111111737802
TX,band,2,AE,A,OOD,-3_11,90,184,0.9530193236714976,0.9305286664305104,0.1974473779072853,24000.0,16.826860427856445,0.8999996185302734,0.0,0.0
TX,band,2,AE,A,OOD,-3_13,286,182,0.990029201567663,0.9934050976751574,0.004743415522716003,24000.0,69.25749588012695,3.0999984741210938,0.0,0.0
TX,band,2,AE,A,OOD,-3_16,119,187,0.9755089201455984,0.9565276870859308,0.43446448208958116,24000.0,154.14940643310547,4.1999969482421875,0.0,0.0
TX,band,2,AE,A,OOD,-3_18,56,79,0.9889240506329113,0.9847951905451172,0.24308123984103097,24000.0,213.65957641601562,4.1999969482421875,0.0,0.0
TX,band,2,AE,A,OOD,-3_19,203,162,0.9911816578483245,0.9936123802591705,0.037571021465512576,24000.0,169.1049346923828,3.3000030517578125,0.0,0.0011111111111737802
TX,band,2,AE,A,OOD,-3_23,78,169,0.9813381884387802,0.9588647769421044,0.265226287496481,24000.0,265.66070556640625,6.100006103515625,0.0,0.0
TX,band,2,AE,A,OOD,-4_24,28,30,0.9559523809523809,0.957149032620628,0.10209516944045487,24000.0,242.3050537109375,2.6500015258789062,0.0,0.0011111111110828306
TX,band,2,AE,A,OOD,-5_10,177,206,0.9470133289452032,0.9476262049786176,0.29256857670927144,24000.0,102.38272094726562,1.8000030517578125,0.0,0.0
TX,band,2,AE,A,OOD,-5_24,46,84,0.9451345755693582,0.8386906634944573,0.5357706860943819,24000.0,311.5916290283203,2.4499969482421875,0.0,0.0016666666666242458
TX,band,2,AE,A,OOD,-6_12,51,98,0.9905962384953982,0.9807260208479129,0.052717885987575715,24000.0,127.1268081665039,3.100006103515625,0.0,0.0
TX,band,2,AE,A,OOD,-6_18,25,38,0.9578947368421052,0.9403572034379393,0.15574499207801415,24000.0,413.4471740722656,6.0,0.0,0.0022222222221959776
TX,band,2,AE,A,OOD,-6_19,180,182,0.9788461538461538,0.9791116451378419,0.15574499207801415,24000.0,456.0870666503906,3.70001220703125,0.0,0.001111111111113147
TX,band,2,AE,A,OOD,-6_22,133,87,0.889983579638752,0.9036934821851039,0.11824950185716863,24000.0,350.11940002441406,2.199981689453125,0.0,0.001111111111113147
TX,band,2,AE,A,OOD,-6_7,145,131,0.9639378783890497,0.970685397086302,,24000.0,74.08222198486328,1.5999984741210938,0.0,0.0
TX,band,2,AE,A,OOD,-6_9,49,58,0.9627023223082336,0.9685741991285262,0.00963270037322776,24000.0,169.33157348632812,2.399993896484375,0.0,0.0
TX,band,2,AE,A,OOD,-7_10,250,152,0.9642894736842105,0.9806012637220786,0.0896597991349496,24000.0,159.44158935546875,1.9000091552734375,0.0,0.0
TX,band,2,AE,A,OOD,-7_8,214,70,0.9686915887850467,0.9895962468389887,,24000.0,97.73696517944336,2.0,0.0,0.024999999999682006
TX,band,2,AE,A,OOD,-8_10,85,106,0.9814650388457269,0.9767228760375178,0.0896597991349496,24000.0,169.10462951660156,3.0,0.0,0.0
TX,band,2,AE,A,OOD,-8_11,132,119,0.9681054239877769,0.9735975692825088,0.0896597991349496,24000.0,201.88699340820312,2.600006103515625,0.0,0.0
TX,band,2,AE,A,OOD,-8_14,130,141,0.9655210038188762,0.9595009926615635,0.03862698887566409,24000.0,413.8412780761719,5.29998779296875,0.0,0.0
TX,band,2,AE,A,OOD,-9_13,86,122,0.9761723217689668,0.9759339606985176,0.03649678472424436,24000.0,258.9499969482422,1.7999954223632812,0.0,0.0
TX,band,2,AE,A,OOD,0_16,103,123,0.9850027626489858,0.9830893156118308,0.17348902393621626,24000.0,95.73898315429688,4.450000762939453,0.0,0.0
TX,band,2,AE,A,OOD,0_20,157,169,0.9899747484264878,0.9909563102608182,0.18025986218507156,24000.0,134.30772399902344,5.099998474121094,0.0,0.004444444444482904
TX,band,2,AE,A,OOD,0_21,380,135,0.9815399610136452,0.9935967206416105,0.03782900683971566,24000.0,125.18766784667969,2.0999908447265625,0.0,0.007777777778004247
TX,band,2,AE,A,OOD,0_24,55,49,0.9788497217068646,0.9806513726717804,0.10808237823365237,24000.0,130.73007202148438,2.549999237060547,0.0,0.004444444444482904
TX,band,2,AE,A,OOD,1_17,178,114,0.9848216045732309,0.9862188457895547,0.17348902393621626,24000.0,44.06833267211914,1.6499977111816406,0.0,0.014444444444182906
TX,band,2,AE,A,OOD,1_18,180,209,0.975598086124402,0.9732001389579107,0.01010813986489359,24000.0,91.09158325195312,5.1999969482421875,0.0,0.0
TX,band,2,AE,A,OOD,1_23,86,64,0.965843023255814,0.9721118187623552,0.10808237823365237,24000.0,128.21146392822266,2.8499984741210938,0.0,0.0
TX,band,2,AE,A,OOD,2_20,238,167,0.9858350525839077,0.9871865974575987,0.09653944470682342,24000.0,96.41539001464844,4.6999969482421875,0.0,0.004444444444482905
TX,band,2,AE,A,OOD,3_17,277,268,0.9742443019559244,0.9728933594444336,0.04706592827097104,24000.0,53.81273651123047,4.400001525878906,0.0,0.0
TX,band,2,AE,A,OOD,3_23,112,49,0.9708454810495626,0.9763072158593106,0.09985463981085638,24000.0,88.18293762207031,2.6999969482421875,0.0,0.0
TX,band,2,AE,AE,ID,-1_13,598,376,0.8606169501174127,0.9229768577867186,0.7140324417418822,24000.0,22.680298805236816,0.5,0.0,0.0
TX,band,2,AE,AE,ID,-1_14,744,316,0.9648963862801143,0.9856344476370789,0.47116008280994875,24000.0,39.78415489196777,1.0,0.0,0.006666666666557616
TX,band,2,AE,AE,ID,-1_16,240,101,0.994430693069307,0.9976896699264948,0.8211815482051558,24000.0,60.6638069152832,2.7000045776367188,0.0,0.007777777777852663
TX,band,2,AE,AE,ID,-1_23,92,56,0.9825310559006211,0.9903657314357281,0.033231223476314416,24000.0,163.98487854003906,3.9500045776367188,0.0,0.004444444444498063
TX,band,2,AE,AE,ID,-2_13,197,428,0.9864201337824374,0.976495660876508,0.9903119111809097,24000.0,24.838008880615234,0.7000007629394531,0.0,0.0
TX,band,2,AE,AE,ID,-2_15,187,78,0.9843000137117783,0.9931999709457989,0.5350548754278291,12000.0,80.41410064697266,2.5,0.0,0.004444444444391955
TX,band,2,AE,AE,ID,-2_20,85,113,0.9995835502342529,0.9994559491799925,0.43834047911542673,24000.0,146.6628875732422,3.200000762939453,0.0,0.0
TX,band,2,AE,AE,ID,-2_23,279,174,0.9911218226012442,0.9935325186019099,0.27514034840674395,24000.0,194.2281951904297,2.399993896484375,0.0,0.1144444444432899
TX,band,2,AE,AE,ID,-3_11,126,275,0.9918903318903318,0.9842030347498243,0.16931448268318428,24000.0,8.439665794372559,0.8000011444091797,0.0,0.0
TX,band,2,AE,AE,ID,-3_16,108,112,0.9953703703703703,0.9960406380781676,0.43446448208958116,12000.0,169.13829803466797,2.899993896484375,0.0,0.002222222222180819
TX,band,2,AE,AE,ID,-3_18,171,125,0.9813801169590644,0.9864390056721467,0.24308123984103097,24000.0,171.82013702392578,4.25,0.0,0.01555555555534153
TX,band,2,AE,AE,ID,-5_14,144,391,0.9971227621483376,0.9946073327866813,1.3806433655571346,12000.0,203.72714233398438,5.600006103515625,0.0,0.0
TX,band,2,AE,AE,ID,-5_24,52,118,0.9801173402868317,0.9517950999142439,0.5357706860943819,24000.0,306.01756286621094,3.3000030517578125,0.0,0.0011111111111737802
TX,band,2,AE,AE,ID,0_16,247,352,0.9926274383511225,0.9929339337504692,1.923049698885933,24000.0,81.01117706298828,5.399993896484375,0.0,0.005555555555596053
TX,band,2,AE,AE,ID,1_13,1031,421,0.8607905522622917,0.925913347411152,0.44333833380286547,12000.0,2.7212308645248413,0.6999998092651367,0.0,0.011111111110767673
TX,band,2,AE,AE,ID,1_14,301,719,0.7964735074092386,0.7279663218975357,0.44333833380286547,12000.0,10.816656589508057,0.9000005722045898,10.5,0.003333333333400074
TX,band,2,AE,AE,ID,2_14,602,253,0.9357609023938651,0.9679284697441417,0.20223583098689696,12000.0,0.8840079307556152,0.40000009536743164,0.0,0.08888888888917304
TX,band,3,A,A,ID,-10_14,166,118,0.988207065550337,0.9912479218967689,0.04988885389311448,24000.0,342.7958984375,3.20001220703125,0.0,0.0
TX,band,3,A,A,ID,-11_20,33,118,0.9879301489470982,0.9426380058252929,0.18886389121410688,24000.0,765.2764892578125,3.0,0.0,0.0
TX,band,3,A,A,ID,-1_15,340,261,0.9907820599504169,0.9927814420901675,0.20624010429247697,24000.0,58.7734375,3.200000762939453,0.0,0.0011111111111737802
TX,band,3,A,A,ID,-3_12,228,214,0.9828250532874242,0.9847500263982899,0.02705343705224563,24000.0,38.97494888305664,1.7999992370605469,0.0,0.0
TX,band,3,A,A,ID,-3_14,198,208,0.9778069153069153,0.9762315963767163,0.027137219308491237,24000.0,106.57712173461914,3.450000762939453,0.0,0.0011111111110828306
TX,band,3,A,A,ID,-3_24,38,62,0.9915110356536503,0.9848894159343503,0.265226287496481,24000.0,227.7855224609375,4.0500030517578125,0.0,0.001111111111113147
TX,band,3,A,A,ID,-4_12,199,196,0.9861809045226131,0.9873328256860252,0.04507314658154439,24000.0,90.6153335571289,3.1000022888183594,0.0,0.0
TX,band,3,A,A,ID,-4_15,58,65,0.9901856763925729,0.9899043538376768,0.0852606922069036,24000.0,160.8915557861328,3.9000015258789062,0.0,0.0
TX,band,3,A,A,ID,-5_21,79,160,0.9951740506329113,0.9911586636216001,0.014368272478283923,24000.0,323.1823425292969,9.0,0.0,0.0
TX,band,3,A,A,ID,-5_22,121,169,0.9802924348378894,0.971633691976946,0.11824950185716863,24000.0,347.7235565185547,5.70001220703125,0.0,0.001111111111113147
TX,band,3,A,A,ID,-5_8,70,146,0.6679060665362034,0.5370493637036882,0.04567738930688834,24000.0,41.31412887573242,0.7999992370605469,0.0,0.0
TX,band,3,A,A,ID,-6_15,32,108,0.9826388888888888,0.9572755981665556,0.48339316273128835,24000.0,495.18836975097656,20.399993896484375,0.0,0.0
TX,band,3,A,A,ID,-7_14,134,228,0.9836671903639697,0.9683064273065688,0.280901987198336,24000.0,372.1192626953125,5.899993896484375,0.0,0.0
TX,band,3,A,A,ID,-7_15,25,83,0.9542168674698795,0.8026396781568059,0.584661374661343,24000.0,628.8075561523438,12.20001220703125,0.0,0.0
TX,band,3,A,A,ID,-7_21,35,60,0.9466666666666665,0.8796979312097295,0.04550883590675438,24000.0,481.1150817871094,1.70001220703125,0.0,0.0
TX,band,3,A,A,ID,-7_7,41,47,0.9932537623248573,0.9910953900228956,,24000.0,83.55000305175781,3.3500022888183594,0.0,0.0005555555555414153
TX,band,3,A,A,ID,-8_13,80,140,0.9898214285714286,0.9815662790568342,0.03862698887566409,24000.0,280.73390197753906,3.4499969482421875,0.0,0.0
TX,band,3,A,A,ID,-9_11,26,58,0.9973474801061009,0.9944037444037443,0.0896597991349496,24000.0,194.594482421875,6.0500030517578125,0.0,0.0
TX,band,3,A,A,ID,0_17,275,177,0.9803800719054956,0.9823922364443458,0.04739613046442509,24000.0,57.82016181945801,2.5,0.0,0.002222222222226294
TX,band,3,A,A,ID,0_19,261,163,0.9914439508262229,0.9936750033588854,0.02620899336360759,24000.0,92.82447814941406,3.5,0.0,0.004444444444513222
TX,band,3,A,A,ID,0_22,241,223,0.979253112033195,0.9769214277437399,0.09921212486424458,24000.0,147.89950561523438,2.8000030517578125,0.0,0.0011111111110828306
TX,band,3,A,A,ID,1_22,172,188,0.9666934685799109,0.9553945642805537,0.010373985038142635,24000.0,111.9262580871582,2.950000762939453,0.0,0.004444444444422272
TX,band,3,A,A,ID,2_16,128,132,0.9593986742424243,0.9443081012444233,0.6611532877954029,24000.0,47.872650146484375,3.5,0.0,0.0
TX,band,3,A,A,ID,2_17,280,225,0.988111111111111,0.9868118605638584,0.13776484014257676,24000.0,61.618255615234375,4.700000762939453,0.0,0.0
TX,band,3,A,A,ID,2_19,154,174,0.9872369010300045,0.9874563282805165,0.09653944470682342,24000.0,111.32928085327148,5.9499969482421875,0.0,0.0
TX,band,3,A,A,ID,3_21,98,119,0.9578974446921626,0.9216304478146502,0.05429929455607937,24000.0,70.70382690429688,4.0,0.0,0.0
TX,band,3,A,A,ID,4_17,92,168,0.9860248447204969,0.9766042815936866,0.3834248919071823,24000.0,72.58699417114258,7.350000381469727,0.0,0.0
TX,band,3,A,AE,OOD,-1_12,391,433,0.8431274106188313,0.8464106162589248,0.14106475041179814,24000.0,5.1501076221466064,0.6999998092651367,0.0,0.001111111111113147
TX,band,3,A,AE,OOD,-1_15,42,54,0.9065255731922399,0.9112526581765927,0.8988762379744726,24000.0,52.02313423156738,2.5999984741210938,0.0,0.002222222222226294
TX,band,3,A,AE,OOD,-2_10,46,68,0.8849104859335037,0.9250588788015143,,24000.0,0.0,0.8499999046325684,0.0,1.0
TX,band,3,A,AE,OOD,-3_10,214,519,0.5091207030054201,0.4805002729776209,0.33723016680691564,12000.0,3.762486696243286,0.6999998092651367,0.0,0.03777777777796828
TX,band,3,A,AE,OOD,-3_12,150,152,0.9710964912280702,0.9730136131767109,0.6166045886430126,12000.0,28.578469276428223,1.9500007629394531,0.0,0.0
TX,band,3,A,AE,OOD,-3_14,118,89,0.9885736050276137,0.9911195923142451,0.027137219308491237,12000.0,92.4998550415039,2.899993896484375,0.0,0.0022222222221959776
TX,band,3,A,AE,OOD,-3_17,267,247,0.988627575854069,0.9876868701235744,1.3443590752827872,24000.0,157.33109283447266,2.7500076293945312,0.0,0.0011111111110828306
TX,band,3,A,AE,OOD,-3_21,215,266,0.9993705193215597,0.9992590236299566,2.427675033519717,12000.0,199.17184448242188,4.6999969482421875,0.0,0.005555555555596052
TX,band,3,A,AE,OOD,-3_7,312,140,0.5120879120879122,0.7629651971800802,0.024854139406446513,24000.0,0.799195796251297,0.6000001430511475,0.0,0.39777777777774764
TX,band,3,A,AE,OOD,-4_15,157,362,0.9918358728929866,0.9839791766648078,1.6761314313008995,12000.0,198.8477783203125,7.0,0.0,0.0
TX,band,3,A,AE,OOD,-4_17,44,68,0.999331550802139,0.9990118577075099,1.3443590752827872,24000.0,238.0261993408203,8.850006103515625,0.0,0.0
TX,band,3,A,AE,OOD,-5_16,102,187,0.9932892943273567,0.9899716842106157,0.5229608295165853,12000.0,271.4459533691406,8.699981689453125,0.0,0.0
TX,band,3,A,AE,OOD,-5_21,87,57,1.0,1.0,0.014368272478283923,24000.0,303.7040100097656,0.100006103515625,0.0,0.42444444444382634
TX,band,3,A,AE,OOD,-5_22,63,56,0.996031746031746,0.9966020542593585,0.11824950185716863,24000.0,313.8618469238281,3.699981689453125,0.0,0.01333333333329713
TX,band,3,A,AE,OOD,-7_15,26,120,0.9993589743589744,0.9972527472527473,0.584661374661343,24000.0,599.4002685546875,19.54998779296875,0.0,0.0
TX,band,3,A,AE,OOD,-7_21,42,79,0.9840265220012056,0.9656142971645072,0.04550883590675438,18000.0,509.1497802734375,2.79998779296875,0.0,0.0
TX,band,3,A,AE,OOD,2_13,26,49,0.8265306122448979,0.8604895007363121,0.07028572506164021,6000.0,0.0,1.499999761581421,0.0,1.0
TX,band,3,A,AE,OOD,2_16,387,123,0.9272074116089999,0.9737055043152519,0.6611532877954029,24000.0,17.70151138305664,3.299999237060547,0.0,0.0
TX,band,3,A,AE,OOD,4_17,199,190,0.9375562020629463,0.9339829925212424,0.3834248919071823,24000.0,27.144914627075195,4.5,0.0,0.0
TX,band,3,AE,A,OOD,-10_14,166,118,0.9886154788646109,0.9909770931266779,0.04988885389311448,24000.0,342.7958984375,3.20001220703125,0.0,0.0
TX,band,3,AE,A,OOD,-11_20,33,118,0.985362095531587,0.9419155189274072,0.18886389121410688,24000.0,765.2764892578125,3.0,0.0,0.0
TX,band,3,AE,A,OOD,-1_15,340,261,0.9862745098039216,0.9899123433056638,0.20624010429247697,24000.0,58.7734375,3.200000762939453,0.0,0.0011111111111737802
TX,band,3,AE,A,OOD,-3_12,228,214,0.9711838006230529,0.9757464538203049,0.02705343705224563,24000.0,38.97494888305664,1.7999992370605469,0.0,0.0
TX,band,3,AE,A,OOD,-3_14,198,208,0.9708139083139083,0.971094582238113,0.027137219308491237,24000.0,106.57712173461914,3.450000762939453,0.0,0.0011111111110828306
TX,band,3,AE,A,OOD,-3_24,38,62,0.9944821731748726,0.9917410514374421,0.265226287496481,24000.0,227.7855224609375,4.0500030517578125,0.0,0.001111111111113147
TX,band,3,AE,A,OOD,-4_12,199,196,0.9754127781765972,0.9769342027429848,0.04507314658154439,24000.0,90.6153335571289,3.1000022888183594,0.0,0.0
TX,band,3,AE,A,OOD,-4_15,58,65,0.9941644562334218,0.9928311501200198,0.0852606922069036,24000.0,160.8915557861328,3.9000015258789062,0.0,0.0
TX,band,3,AE,A,OOD,-5_21,79,160,0.9928797468354431,0.9858199057733233,0.014368272478283923,24000.0,323.1823425292969,9.0,0.0,0.0
TX,band,3,AE,A,OOD,-5_22,121,169,0.9786786639933494,0.970699930974447,0.11824950185716863,24000.0,347.7235565185547,5.70001220703125,0.0,0.001111111111113147
TX,band,3,AE,A,OOD,-5_8,70,146,0.43669275929549906,0.3285062641612966,0.04567738930688834,24000.0,41.31412887573242,0.7999992370605469,0.0,0.0
TX,band,3,AE,A,OOD,-6_15,32,108,0.9806134259259259,0.9525576003012755,0.48339316273128835,24000.0,495.18836975097656,20.399993896484375,0.0,0.0
TX,band,3,AE,A,OOD,-7_14,134,228,0.9755171510866719,0.9513381900673623,0.280901987198336,24000.0,372.1192626953125,5.899993896484375,0.0,0.0
TX,band,3,AE,A,OOD,-7_15,25,83,0.9595180722891566,0.8514059792962951,0.584661374661343,24000.0,628.8075561523438,12.20001220703125,0.0,0.0
TX,band,3,AE,A,OOD,-7_21,35,60,0.9404761904761905,0.8829030147829985,0.04550883590675438,24000.0,481.1150817871094,1.70001220703125,0.0,0.0
TX,band,3,AE,A,OOD,-7_7,41,47,0.9797612869745719,0.9765810567968938,,24000.0,83.55000305175781,3.3500022888183594,0.0,0.0005555555555414153
TX,band,3,AE,A,OOD,-8_13,80,140,0.9853571428571428,0.9656285994604965,0.03862698887566409,24000.0,280.73390197753906,3.4499969482421875,0.0,0.0
TX,band,3,AE,A,OOD,-9_11,26,58,0.9635278514588859,0.9235419369657075,0.0896597991349496,24000.0,194.594482421875,6.0500030517578125,0.0,0.0
TX,band,3,AE,A,OOD,0_17,275,177,0.9816332819722651,0.9863930959332824,0.04739613046442509,24000.0,57.82016181945801,2.5,0.0,0.002222222222226294
TX,band,3,AE,A,OOD,0_19,261,163,0.9894694779399666,0.9913680889743814,0.02620899336360759,24000.0,92.82447814941406,3.5,0.0,0.004444444444513222
TX,band,3,AE,A,OOD,0_22,241,223,0.9799415737863536,0.9796409441981707,0.09921212486424458,24000.0,147.89950561523438,2.8000030517578125,0.0,0.0011111111110828306
TX,band,3,AE,A,OOD,1_22,172,188,0.9502721425037111,0.9242145097367378,0.010373985038142635,24000.0,111.9262580871582,2.950000762939453,0.0,0.004444444444422272
TX,band,3,AE,A,OOD,2_16,128,132,0.9661458333333333,0.9579211429952019,0.6611532877954029,24000.0,47.872650146484375,3.5,0.0,0.0
TX,band,3,AE,A,OOD,2_17,280,225,0.9805238095238096,0.9834692452327193,0.13776484014257676,24000.0,61.618255615234375,4.700000762939453,0.0,0.0
TX,band,3,AE,A,OOD,2_19,154,174,0.9849231228541574,0.9854454673517831,0.09653944470682342,24000.0,111.32928085327148,5.9499969482421875,0.0,0.0
TX,band,3,AE,A,OOD,3_21,98,119,0.9572114560109759,0.9275425071953731,0.05429929455607937,24000.0,70.70382690429688,4.0,0.0,0.0
TX,band,3,AE,A,OOD,4_17,92,168,0.9783902691511388,0.9589586624365195,0.3834248919071823,24000.0,72.58699417114258,7.350000381469727,0.0,0.0
TX,band,3,AE,AE,ID,-1_12,391,433,0.9186488130747831,0.9203453771527172,0.14106475041179814,24000.0,5.1501076221466064,0.6999998092651367,0.0,0.001111111111113147
TX,band,3,AE,AE,ID,-1_15,42,54,0.9074074074074074,0.9096134815022479,0.8988762379744726,24000.0,52.02313423156738,2.5999984741210938,0.0,0.002222222222226294
TX,band,3,AE,AE,ID,-2_10,46,68,1.0,0.9999999999999999,,24000.0,0.0,0.8499999046325684,0.0,1.0
TX,band,3,AE,AE,ID,-3_10,214,519,0.8740478634325536,0.7109643346768725,0.33723016680691564,12000.0,3.762486696243286,0.6999998092651367,0.0,0.03777777777796828
TX,band,3,AE,AE,ID,-3_12,150,152,0.9878947368421054,0.9891153583552257,0.6166045886430126,12000.0,28.578469276428223,1.9500007629394531,0.0,0.0
TX,band,3,AE,AE,ID,-3_14,118,89,0.9876214054465817,0.9910880615076375,0.027137219308491237,12000.0,92.4998550415039,2.899993896484375,0.0,0.0022222222221959776
TX,band,3,AE,AE,ID,-3_17,267,247,0.9891886154452683,0.9885164596858437,1.3443590752827872,24000.0,157.33109283447266,2.7500076293945312,0.0,0.0011111111110828306
TX,band,3,AE,AE,ID,-3_21,215,266,0.998828466515125,0.998637901947477,2.427675033519717,12000.0,199.17184448242188,4.6999969482421875,0.0,0.005555555555596052
TX,band,3,AE,AE,ID,-3_7,312,140,0.9194826007326008,0.9568529056057014,0.024854139406446513,24000.0,0.799195796251297,0.6000001430511475,0.0,0.39777777777774764
TX,band,3,AE,AE,ID,-4_15,157,362,0.9939120948727874,0.9877593962168091,1.6761314313008995,12000.0,198.8477783203125,7.0,0.0,0.0
TX,band,3,AE,AE,ID,-4_17,44,68,1.0,1.0,1.3443590752827872,24000.0,238.0261993408203,8.850006103515625,0.0,0.0
TX,band,3,AE,AE,ID,-5_16,102,187,0.9938659955960993,0.9916923527147543,0.5229608295165853,12000.0,271.4459533691406,8.699981689453125,0.0,0.0
TX,band,3,AE,AE,ID,-5_21,87,57,1.0,0.9999999999999999,0.014368272478283923,24000.0,303.7040100097656,0.100006103515625,0.0,0.42444444444382634
TX,band,3,AE,AE,ID,-5_22,63,56,0.9985827664399093,0.9987824675324672,0.11824950185716863,24000.0,313.8618469238281,3.699981689453125,0.0,0.01333333333329713
TX,band,3,AE,AE,ID,-7_15,26,120,0.9993589743589744,0.9972527472527473,0.584661374661343,24000.0,599.4002685546875,19.54998779296875,0.0,0.0
TX,band,3,AE,AE,ID,-7_21,42,79,0.9813140446051838,0.9476047478028665,0.04550883590675438,18000.0,509.1497802734375,2.79998779296875,0.0,0.0
TX,band,3,AE,AE,ID,2_13,26,49,1.0,0.9999999999999999,0.07028572506164021,6000.0,0.0,1.499999761581421,0.0,1.0
TX,band,3,AE,AE,ID,2_16,387,123,0.9430474149702737,0.9801845431927803,0.6611532877954029,24000.0,17.70151138305664,3.299999237060547,0.0,0.0
TX,band,3,AE,AE,ID,4_17,199,190,0.935413911663581,0.9303958516109232,0.3834248919071823,24000.0,27.144914627075195,4.5,0.0,0.0
TX,shadedX,0,A,A,ID,-2_22,28,52,0.9443681318681318,0.8940616873300751,0.6466001462658933,12000.0,160.23189544677734,4.049995422363281,0.0,0.03222222222238737
TX,shadedX,0,A,A,ID,-4_10,207,151,0.7754423009245929,0.8073576796591029,0.33723016680691564,24000.0,19.71549892425537,0.7000007629394531,0.0,0.0
TX,shadedX,0,A,A,ID,-4_11,183,56,0.8051327088212333,0.9350099587518558,0.1974473779072853,24000.0,28.954652786254883,0.7999992370605469,0.0,0.0
TX,shadedX,0,A,A,ID,-4_14,59,186,0.8951157280845635,0.6627290079120283,0.0852606922069036,24000.0,138.57127380371094,2.5999984741210938,0.0,0.0
TX,shadedX,0,A,A,ID,-4_20,65,29,0.8387267904509284,0.9292966334039066,0.01929682070233386,24000.0,224.9426040649414,2.100006103515625,0.0,0.004999999999963687
TX,shadedX,0,A,A,ID,-6_14,50,100,0.837,0.7727158278154636,0.280901987198336,24000.0,257.5786590576172,2.3000030517578125,0.0,0.0
TX,shadedX,0,A,A,ID,0_14,28,249,0.8492541594951233,0.4037554063282457,0.5852358062240963,24000.0,27.611719131469727,0.7000007629394531,0.0,0.004444444444543538
TX,shadedX,0,A,A,ID,1_16,190,105,0.976190476190476,0.9878325179181668,0.17348902393621626,24000.0,40.718475341796875,1.7999992370605469,0.0,0.0033333333333091246
TX,shadedX,0,A,A,ID,3_15,112,366,0.736753512880562,0.5325200096930371,0.36863214942429345,24000.0,6.516820907592773,1.8000001907348633,0.0,0.0
TX,shadedX,0,A,A,ID,4_16,111,106,0.7848886622471528,0.7439389510714711,0.3834248919071823,24000.0,12.94722843170166,2.5999999046325684,0.0,0.0
TX,shadedX,0,A,AE,OOD,-1_11,77,60,0.45346320346320346,0.6432542757872985,0.006102594196427266,24000.0,2.2233200073242188,0.9000000953674316,0.0,0.044444444444586534
TX,shadedX,0,A,AE,OOD,-2_21,513,63,0.8602060707323865,0.979480310264037,2.104235609209174,12000.0,124.24234008789062,1.4000015258789062,0.0,0.11666666666563749
TX,shadedX,0,A,AE,OOD,-3_6,237,788,0.7116504958341365,0.3403896493026669,0.024854139406446513,24000.0,2.7383646965026855,0.7999999523162842,0.0,0.06666666666687983
TX,shadedX,0,A,AE,OOD,-4_10,270,106,0.858909853249476,0.9375260301266304,0.6863634140781054,24000.0,8.09800672531128,0.8999996185302734,0.0,0.04333333333333696
TX,shadedX,0,A,AE,OOD,-4_14,219,81,0.7601894131574497,0.8652457444821291,0.0852606922069036,12000.0,123.86840057373047,2.3999977111816406,0.0,0.004444444444391955
TX,shadedX,0,A,AE,OOD,-4_16,190,54,0.8270955165692008,0.9369016274168834,1.6761314313008995,12000.0,207.9600067138672,1.5500030517578125,0.0,0.31111111111237805
TX,shadedX,0,A,AE,OOD,-6_14,44,87,0.8335945663531872,0.7244967819527357,2.9983162623600204,12000.0,247.1608428955078,1.9000091552734375,0.0,0.0
TX,shadedX,0,A,AE,OOD,0_14,788,355,0.9137234574962466,0.954207173327036,0.5852358062240963,12000.0,23.602611541748047,1.0,0.0,0.005555555555565736
TX,shadedX,0,A,AE,OOD,0_15,359,303,0.8377598205503003,0.8269543461814847,1.2497878760366823,24000.0,46.231618881225586,1.399998664855957,0.0,0.005555555555505103
TX,shadedX,0,A,AE,OOD,1_16,154,87,0.7369756680101508,0.8406861223137828,0.6611532877954029,24000.0,42.065364837646484,2.200000762939453,0.0,0.0
TX,shadedX,0,A,AE,OOD,3_15,324,301,0.5662811205446865,0.5980866478614091,0.12838553163766414,24000.0,5.033503532409668,1.399999976158142,0.0,0.0
TX,shadedX,0,A,AE,OOD,4_16,300,92,0.6154347826086958,0.844066784342824,0.3834248919071823,24000.0,10.574354648590088,2.6999998092651367,0.0,0.0
TX,shadedX,0,AE,A,OOD,-2_22,28,52,0.8962912087912088,0.8644827780153448,0.6466001462658933,12000.0,160.23189544677734,4.049995422363281,0.0,0.03222222222238737
TX,shadedX,0,AE,A,OOD,-4_10,207,151,0.816553092107368,0.8755510112715694,0.33723016680691564,24000.0,19.71549892425537,0.7000007629394531,0.0,0.0
TX,shadedX,0,AE,A,OOD,-4_11,183,56,0.8938329430132709,0.9652767060290639,0.1974473779072853,24000.0,28.954652786254883,0.7999992370605469,0.0,0.0
TX,shadedX,0,AE,A,OOD,-4_14,59,186,0.768726079825041,0.5588148345641942,0.0852606922069036,24000.0,138.57127380371094,2.5999984741210938,0.0,0.0
TX,shadedX,0,AE,A,OOD,-4_20,65,29,0.8562334217506632,0.9312132876840435,0.01929682070233386,24000.0,224.9426040649414,2.100006103515625,0.0,0.004999999999963687
TX,shadedX,0,AE,A,OOD,-6_14,50,100,0.7170000000000001,0.5796311353114446,0.280901987198336,24000.0,257.5786590576172,2.3000030517578125,0.0,0.0
TX,shadedX,0,AE,A,OOD,0_14,28,249,0.8079460699942628,0.4547119878730185,0.5852358062240963,24000.0,27.611719131469727,0.7000007629394531,0.0,0.004444444444543538
TX,shadedX,0,AE,A,OOD,1_16,190,105,0.9310776942355892,0.9644672792899953,0.17348902393621626,24000.0,40.718475341796875,1.7999992370605469,0.0,0.0033333333333091246
TX,shadedX,0,AE,A,OOD,3_15,112,366,0.7450966042154566,0.6323679506015228,0.36863214942429345,24000.0,6.516820907592773,1.8000001907348633,0.0,0.0
TX,shadedX,0,AE,A,OOD,4_16,111,106,0.5872853986061533,0.6220552119847844,0.3834248919071823,24000.0,12.94722843170166,2.5999999046325684,0.0,0.0
TX,shadedX,0,AE,AE,ID,-1_11,77,60,0.9376623376623378,0.96007685867596,0.006102594196427266,24000.0,2.2233200073242188,0.9000000953674316,0.0,0.044444444444586534
TX,shadedX,0,AE,AE,ID,-2_21,513,63,0.866301556360036,0.9815074670154513,2.104235609209174,12000.0,124.24234008789062,1.4000015258789062,0.0,0.11666666666563749
TX,shadedX,0,AE,AE,ID,-3_6,237,788,0.6782753967744009,0.4644244367528119,0.024854139406446513,24000.0,2.7383646965026855,0.7999999523162842,0.0,0.06666666666687983
TX,shadedX,0,AE,AE,ID,-4_10,270,106,0.892941998602376,0.9590741959110631,0.6863634140781054,24000.0,8.09800672531128,0.8999996185302734,0.0,0.04333333333333696
TX,shadedX,0,AE,AE,ID,-4_14,219,81,0.8764868369130167,0.9535728157831223,0.0852606922069036,12000.0,123.86840057373047,2.3999977111816406,0.0,0.004444444444391955
TX,shadedX,0,AE,AE,ID,-4_16,190,54,0.8807017543859649,0.9656978355385164,1.6761314313008995,12000.0,207.9600067138672,1.5500030517578125,0.0,0.31111111111237805
TX,shadedX,0,AE,AE,ID,-6_14,44,87,0.9169278996865204,0.8741866021808026,2.9983162623600204,12000.0,247.1608428955078,1.9000091552734375,0.0,0.0
TX,shadedX,0,AE,AE,ID,0_14,788,355,0.9341066704797312,0.967727487786407,0.5852358062240963,12000.0,23.602611541748047,1.0,0.0,0.005555555555565736
TX,shadedX,0,AE,AE,ID,0_15,359,303,0.8563023433262547,0.881377122966365,1.2497878760366823,24000.0,46.231618881225586,1.399998664855957,0.0,0.005555555555505103
TX,shadedX,0,AE,AE,ID,1_16,154,87,0.8859531273324377,0.9403055757834186,0.6611532877954029,24000.0,42.065364837646484,2.200000762939453,0.0,0.0
TX,shadedX,0,AE,AE,ID,3_15,324,301,0.7964603584758623,0.8145986803622743,0.12838553163766414,24000.0,5.033503532409668,1.399999976158142,0.0,0.0
TX,shadedX,0,AE,AE,ID,4_16,300,92,0.8294565217391303,0.9424364043363731,0.3834248919071823,24000.0,10.574354648590088,2.6999998092651367,0.0,0.0
TX,shadedX,1,A,A,ID,-2_12,66,46,0.7131093544137023,0.7884837604141863,0.6166045886430126,24000.0,10.707710266113281,0.8999996185302734,0.0,0.002777777777813184
TX,shadedX,1,A,A,ID,-2_14,189,136,0.9940476190476191,0.9959335902637969,0.0310435119224115,24000.0,65.59252166748047,2.1999969482421875,0.0,0.0
TX,shadedX,1,A,A,ID,-3_15,82,586,0.9829351535836177,0.9079849177242152,0.22339885732867895,24000.0,114.72579193115234,2.5999984741210938,0.0,0.0011111111110979888
TX,shadedX,1,A,A,ID,-3_9,27,398,0.9980457844779452,0.9672820801317663,0.023051612207734686,24000.0,2.214897394180298,0.8000001907348633,0.0,0.11444444444495733
TX,shadedX,1,A,A,ID,-4_6,25,346,0.9836994219653179,0.9660240963855422,0.024854139406446513,24000.0,12.326769828796387,0.5999994277954102,0.0,0.02777777777719203
TX,shadedX,1,A,A,ID,-4_9,86,220,0.9468287526427062,0.9095555961300692,0.023051612207734686,24000.0,2.742729663848877,1.1000001430511475,0.0,0.0388888888879597
TX,shadedX,1,A,A,ID,-5_20,70,28,0.9142857142857144,0.9649943298805933,0.08213722398770898,24000.0,368.0585632324219,1.699981689453125,0.0,0.0
TX,shadedX,1,A,A,ID,-9_18,31,270,0.9798088410991637,0.9117055642364174,0.8802179590413254,24000.0,596.7529296875,3.0,0.0,0.0
TX,shadedX,1,A,A,ID,0_12,52,1058,0.6822742474916388,0.07381218782979151,0.14106475041179814,24000.0,4.330714225769043,1.0999999046325684,0.0,0.0
TX,shadedX,1,A,A,ID,0_13,198,722,0.7089384146170851,0.3831560721468595,0.44333833380286547,12000.0,12.733595848083496,0.7999992370605469,0.0,0.0
TX,shadedX,1,A,A,ID,2_15,171,888,0.7458181866076602,0.2918768942007314,0.6611532877954029,24000.0,10.765233993530273,1.0999984741210938,0.0,0.0
TX,shadedX,1,A,A,ID,4_15,73,536,0.7621396442445307,0.47672352281400443,0.12838553163766414,24000.0,3.1709742546081543,1.200000286102295,0.0,0.0011111111111434635
TX,shadedX,1,A,AE,OOD,-2_11,526,716,0.73383764895809,0.7037715738106575,0.006102594196427266,24000.0,2.3163689374923706,0.6000003814697266,0.0,0.013333333333327447
TX,shadedX,1,A,AE,OOD,-2_12,670,243,0.8437196732387446,0.9432067024796026,0.6166045886430126,24000.0,3.89467191696167,0.5999984741210938,0.0,0.057777777777368304
TX,shadedX,1,A,AE,OOD,-2_14,169,64,0.5380917159763313,0.7711002510442156,0.47116008280994875,24000.0,64.07695007324219,2.1999969482421875,0.0,0.04333333333323085
TX,shadedX,1,A,AE,OOD,-3_15,215,379,0.7687427133828313,0.7236213863139406,0.22339885732867895,24000.0,112.38050842285156,2.5,0.0,0.004444444444422272
TX,shadedX,1,A,AE,OOD,-3_9,115,328,0.7807794273594911,0.5627143149147444,0.023051612207734686,24000.0,1.9782586097717285,0.7000000476837158,0.0,0.1466666666664807
TX,shadedX,1,A,AE,OOD,-4_9,26,178,0.459161624891962,0.2571939069774188,0.023051612207734686,24000.0,2.3604758977890015,1.0,0.0,0.07722222222201511
TX,shadedX,1,A,AE,OOD,-5_15,120,29,0.9410919540229885,0.9853674165611805,1.3806433655571346,12000.0,277.29998779296875,0.899993896484375,0.0,0.4477777777764444
TX,shadedX,1,A,AE,OOD,-9_18,243,196,0.8170613924582178,0.8458447220142662,0.8802179590413254,24000.0,589.5630493164062,2.5,0.0,0.002222222222226294
TX,shadedX,1,A,AE,OOD,0_12,488,762,0.7074055548384321,0.6250185200360553,0.14106475041179814,24000.0,3.770211696624756,0.8999996185302734,0.0,0.0
TX,shadedX,1,A,AE,OOD,0_13,1001,576,0.707752317127317,0.797871126680889,0.44333833380286547,12000.0,9.714506149291992,0.8999996185302734,0.0,0.0
TX,shadedX,1,A,AE,OOD,1_15,602,1065,0.7561664561009468,0.6586149247207872,1.2497878760366823,12000.0,22.26856803894043,1.6999988555908203,0.0,0.0022222222221959776
TX,shadedX,1,A,AE,OOD,2_15,736,721,0.5203992793825002,0.48235351545350347,0.6611532877954029,24000.0,9.425934791564941,1.2999992370605469,0.0,0.014444444444622496
TX,shadedX,1,A,AE,OOD,3_14,83,185,0.5684793226961902,0.42397962666856637,0.20223583098689696,24000.0,3.3766502141952515,0.5,0.0,0.0005555555554959406
TX,shadedX,1,A,AE,OOD,4_15,234,415,0.5255483472350942,0.39833318212189617,0.12838553163766414,12000.0,2.8483355045318604,1.000000238418579,0.0,0.005555555555565736
TX,shadedX,1,AE,A,OOD,-2_12,66,46,0.6689723320158103,0.7482970800707224,0.6166045886430126,24000.0,10.707710266113281,0.8999996185302734,0.0,0.002777777777813184
TX,shadedX,1,AE,A,OOD,-2_14,189,136,0.6899704326174915,0.7984442805672857,0.0310435119224115,24000.0,65.59252166748047,2.1999969482421875,0.0,0.0
TX,shadedX,1,AE,A,OOD,-3_15,82,586,0.8975484891367684,0.6909577247489846,0.22339885732867895,24000.0,114.72579193115234,2.5999984741210938,0.0,0.0011111111110979888
TX,shadedX,1,AE,A,OOD,-3_9,27,398,0.8710217755443888,0.32435788118659215,0.023051612207734686,24000.0,2.214897394180298,0.8000001907348633,0.0,0.11444444444495733
TX,shadedX,1,AE,A,OOD,-4_6,25,346,0.5536416184971098,0.1368423468823407,0.024854139406446513,24000.0,12.326769828796387,0.5999994277954102,0.0,0.02777777777719203
TX,shadedX,1,AE,A,OOD,-4_9,86,220,0.5115750528541226,0.36774427638230145,0.023051612207734686,24000.0,2.742729663848877,1.1000001430511475,0.0,0.0388888888879597
TX,shadedX,1,AE,A,OOD,-5_20,70,28,0.8341836734693878,0.9305651511027774,0.08213722398770898,24000.0,368.0585632324219,1.699981689453125,0.0,0.0
TX,shadedX,1,AE,A,OOD,-9_18,31,270,0.9519713261648746,0.759575684045111,0.8802179590413254,24000.0,596.7529296875,3.0,0.0,0.0
TX,shadedX,1,AE,A,OOD,0_12,52,1058,0.6299621928166351,0.07708071358313431,0.14106475041179814,24000.0,4.330714225769043,1.0999999046325684,0.0,0.0
TX,shadedX,1,AE,A,OOD,0_13,198,722,0.6910238115224264,0.43322764968382954,0.44333833380286547,12000.0,12.733595848083496,0.7999992370605469,0.0,0.0
TX,shadedX,1,AE,A,OOD,2_15,171,888,0.5778607554923344,0.21263243637004148,0.6611532877954029,24000.0,10.765233993530273,1.0999984741210938,0.0,0.0
TX,shadedX,1,AE,A,OOD,4_15,73,536,0.6486914741361685,0.17901492787624745,0.12838553163766414,24000.0,3.1709742546081543,1.200000286102295,0.0,0.0011111111111434635
TX,shadedX,1,AE,AE,ID,-2_11,526,716,0.859427108779234,0.8531953440390686,0.006102594196427266,24000.0,2.3163689374923706,0.6000003814697266,0.0,0.013333333333327447
TX,shadedX,1,AE,AE,ID,-2_12,670,243,0.9047847183833917,0.9676228377577581,0.6166045886430126,24000.0,3.89467191696167,0.5999984741210938,0.0,0.057777777777368304
TX,shadedX,1,AE,AE,ID,-2_14,169,64,0.7328957100591715,0.8854293115156031,0.47116008280994875,24000.0,64.07695007324219,2.1999969482421875,0.0,0.04333333333323085
TX,shadedX,1,AE,AE,ID,-3_15,215,379,0.8894765907835798,0.8496194243064015,0.22339885732867895,24000.0,112.38050842285156,2.5,0.0,0.004444444444422272
TX,shadedX,1,AE,AE,ID,-3_9,115,328,0.7746288441145281,0.7395559000940518,0.023051612207734686,24000.0,1.9782586097717285,0.7000000476837158,0.0,0.1466666666664807
TX,shadedX,1,AE,AE,ID,-4_9,26,178,0.898228176318064,0.8160641795515162,0.023051612207734686,24000.0,2.3604758977890015,1.0,0.0,0.07722222222201511
TX,shadedX,1,AE,AE,ID,-5_15,120,29,0.9410919540229885,0.9851393234419522,1.3806433655571346,12000.0,277.29998779296875,0.899993896484375,0.0,0.4477777777764444
TX,shadedX,1,AE,AE,ID,-9_18,243,196,0.7881498278323675,0.8446660728325448,0.8802179590413254,24000.0,589.5630493164062,2.5,0.0,0.002222222222226294
TX,shadedX,1,AE,AE,ID,0_12,488,762,0.8628097973409061,0.8498739858475741,0.14106475041179814,24000.0,3.770211696624756,0.8999996185302734,0.0,0.0
TX,shadedX,1,AE,AE,ID,0_13,1001,576,0.7686029248529249,0.8402037105253697,0.44333833380286547,12000.0,9.714506149291992,0.8999996185302734,0.0,0.0
TX,shadedX,1,AE,AE,ID,1_15,602,1065,0.7731271349024379,0.7648380979115161,1.2497878760366823,12000.0,22.26856803894043,1.6999988555908203,0.0,0.0022222222221959776
TX,shadedX,1,AE,AE,ID,2_15,736,721,0.9364107821262738,0.9415611889028137,0.6611532877954029,24000.0,9.425934791564941,1.2999992370605469,0.0,0.014444444444622496
TX,shadedX,1,AE,AE,ID,3_14,83,185,0.8942364050797785,0.8619115250690476,0.20223583098689696,24000.0,3.3766502141952515,0.5,0.0,0.0005555555554959406
TX,shadedX,1,AE,AE,ID,4_15,234,415,0.8705591597157861,0.8441924115288455,0.12838553163766414,12000.0,2.8483355045318604,1.000000238418579,0.0,0.005555555555565736
TX,shadedX,2,A,A,ID,-11_27,96,42,0.9749503968253969,0.9902735435424816,0.08309217072999632,24000.0,1018.8777160644531,1.8499755859375,0.0,0.004444444444452588
TX,shadedX,2,A,A,ID,-1_13,130,1263,0.8293927766611853,0.41337031948948477,0.7140324417418822,24000.0,22.932966232299805,0.6000003814697266,0.0,0.0
TX,shadedX,2,A,A,ID,-1_14,163,585,0.8891405799381259,0.7441163206732453,0.47116008280994875,24000.0,41.7005729675293,1.0499992370605469,0.0,0.0011111111111434635
TX,shadedX,2,A,A,ID,-2_15,139,194,0.9955870355262182,0.9944722278175202,0.5350548754278291,24000.0,83.31847381591797,1.8000030517578125,0.0,0.001111111111113147
TX,shadedX,2,A,A,ID,-2_23,57,25,0.9010526315789474,0.9627769649268543,0.27514034840674395,24000.0,198.31494140625,3.0500030517578125,0.0,0.01444444444441028
TX,shadedX,2,A,A,ID,-3_11,90,321,0.9628937348563517,0.8791075984013111,0.1974473779072853,24000.0,2.8255276679992676,0.9999997615814209,0.0,0.0011111111110828306
TX,shadedX,2,A,A,ID,-3_18,56,109,0.8971166448230667,0.8624398450812402,0.24308123984103097,24000.0,122.62857818603516,2.4000015258789062,0.0,0.01555555555534153
TX,shadedX,2,A,A,ID,-5_10,177,107,0.9843180738159354,0.9906554706741472,0.29256857670927144,24000.0,64.67059707641602,0.9000015258789062,0.0,0.0
TX,shadedX,2,A,A,ID,-5_24,46,125,0.9528695652173913,0.9085388495970342,0.5357706860943819,24000.0,290.8528137207031,1.800018310546875,0.0,0.002222222222165661
TX,shadedX,2,A,AE,OOD,-1_13,598,926,0.5888581087426049,0.48994034437790634,0.7140324417418822,24000.0,24.224210739135742,0.6000003814697266,0.0,0.0
TX,shadedX,2,A,AE,OOD,-1_14,744,443,0.5505655477074687,0.7095859020864059,0.47116008280994875,24000.0,39.69892501831055,1.2000007629394531,0.0,0.006666666666557616
TX,shadedX,2,A,AE,OOD,-2_15,187,142,0.5772764931837011,0.6818504040212316,0.5350548754278291,12000.0,79.18213653564453,1.9000015258789062,0.0,0.004444444444482904
TX,shadedX,2,A,AE,OOD,-3_11,126,166,0.8621151271753682,0.8272515455569491,0.16931448268318428,24000.0,2.489000916481018,1.0,0.0,0.0011111111110828306
TX,shadedX,2,A,AE,OOD,-3_18,171,89,0.8210789145147512,0.9143108422934783,0.24308123984103097,24000.0,141.67998504638672,2.2999916076660156,0.0,0.0999999999997588
TX,shadedX,2,A,AE,OOD,-5_14,144,71,0.9332942097026604,0.9652146606053054,1.3806433655571346,12000.0,185.8516387939453,2.0,0.0,0.0
TX,shadedX,2,A,AE,OOD,-5_24,52,59,0.9292698826597132,0.9134845648745182,0.5357706860943819,24000.0,292.4261779785156,1.399993896484375,0.0,0.0011111111111737802
TX,shadedX,2,A,AE,OOD,1_13,1031,1275,0.4386200338525323,0.41984996818507325,0.44333833380286547,12000.0,4.117782831192017,0.7000000476837158,0.0,0.004444444444422272
TX,shadedX,2,A,AE,OOD,1_14,301,1620,0.6799064845576474,0.512615542544525,0.44333833380286547,12000.0,6.0315070152282715,1.0,37.0,0.003333333333278808
TX,shadedX,2,A,AE,OOD,2_14,602,691,0.4307590232269666,0.4028959535343394,0.20223583098689696,12000.0,3.268582344055176,0.5,0.0,0.015555555555614374
TX,shadedX,2,AE,A,OOD,-11_27,96,42,0.7395833333333331,0.902601062047275,0.08309217072999632,24000.0,1018.8777160644531,1.8499755859375,0.0,0.004444444444452588
TX,shadedX,2,AE,A,OOD,-1_13,130,1263,0.7510018880565199,0.25866795914524293,0.7140324417418822,24000.0,22.932966232299805,0.6000003814697266,0.0,0.0
TX,shadedX,2,AE,A,OOD,-1_14,163,585,0.7614283467044204,0.5646188266845323,0.47116008280994875,24000.0,41.7005729675293,1.0499992370605469,0.0,0.0011111111111434635
TX,shadedX,2,AE,A,OOD,-2_15,139,194,0.773715048579693,0.7800904475935788,0.5350548754278291,24000.0,83.31847381591797,1.8000030517578125,0.0,0.001111111111113147
TX,shadedX,2,AE,A,OOD,-2_23,57,25,0.7228070175438597,0.8615618924005559,0.27514034840674395,24000.0,198.31494140625,3.0500030517578125,0.0,0.01444444444441028
TX,shadedX,2,AE,A,OOD,-3_11,90,321,0.9364832121841469,0.7866146322674036,0.1974473779072853,24000.0,2.8255276679992676,0.9999997615814209,0.0,0.0011111111110828306
TX,shadedX,2,AE,A,OOD,-3_18,56,109,0.7277195281782438,0.6510963534453822,0.24308123984103097,24000.0,122.62857818603516,2.4000015258789062,0.0,0.01555555555534153
TX,shadedX,2,AE,A,OOD,-5_10,177,107,0.8273404086805005,0.8963249478851056,0.29256857670927144,24000.0,64.67059707641602,0.9000015258789062,0.0,0.0
TX,shadedX,2,AE,A,OOD,-5_24,46,125,0.8135652173913043,0.5771588585290579,0.5357706860943819,24000.0,290.8528137207031,1.800018310546875,0.0,0.002222222222165661
TX,shadedX,2,AE,AE,ID,-1_13,598,926,0.701095082961925,0.6036385089536711,0.7140324417418822,24000.0,24.224210739135742,0.6000003814697266,0.0,0.0
TX,shadedX,2,AE,AE,ID,-1_14,744,443,0.7996613995485329,0.8765021125363472,0.47116008280994875,24000.0,39.69892501831055,1.2000007629394531,0.0,0.006666666666557616
TX,shadedX,2,AE,AE,ID,-2_15,187,142,0.7021164419673118,0.790458571386208,0.5350548754278291,12000.0,79.18213653564453,1.9000015258789062,0.0,0.004444444444482904
TX,shadedX,2,AE,AE,ID,-3_11,126,166,0.8900363358194683,0.8753519545430557,0.16931448268318428,24000.0,2.489000916481018,1.0,0.0,0.0011111111110828306
TX,shadedX,2,AE,AE,ID,-3_18,171,89,0.771732702542874,0.8947277850735812,0.24308123984103097,24000.0,141.67998504638672,2.2999916076660156,0.0,0.0999999999997588
TX,shadedX,2,AE,AE,ID,-5_14,144,71,0.9100156494522692,0.9529150100841529,1.3806433655571346,12000.0,185.8516387939453,2.0,0.0,0.0
TX,shadedX,2,AE,AE,ID,-5_24,52,59,0.8862451108213819,0.8994525894594378,0.5357706860943819,24000.0,292.4261779785156,1.399993896484375,0.0,0.0011111111111737802
TX,shadedX,2,AE,AE,ID,1_13,1031,1275,0.788657499857363,0.8073578674165909,0.44333833380286547,12000.0,4.117782831192017,0.7000000476837158,0.0,0.004444444444422272
TX,shadedX,2,AE,AE,ID,1_14,301,1620,0.6690373651613962,0.3764686419971475,0.44333833380286547,12000.0,6.0315070152282715,1.0,37.0,0.003333333333278808
TX,shadedX,2,AE,AE,ID,2_14,602,691,0.9002312600064426,0.9136908438173179,0.20223583098689696,12000.0,3.268582344055176,0.5,0.0,0.015555555555614374
TX,shadedX,3,A,A,ID,-1_15,340,37,0.9639904610492845,0.9959272533644647,0.20624010429247697,24000.0,46.636962890625,1.4000015258789062,0.0,0.0011111111111434635
TX,shadedX,3,A,A,ID,-3_14,198,33,0.8692990511172329,0.976578837939025,0.027137219308491237,24000.0,88.91390991210938,1.8000030517578125,0.0,0.0011111111109615647
TX,shadedX,3,A,A,ID,-4_15,58,238,0.990872210953347,0.9766608351685234,0.0852606922069036,24000.0,134.53072357177734,3.3999977111816406,0.0,0.0033333333331878588
TX,shadedX,3,A,A,ID,-5_21,79,68,0.8095681310498882,0.8513719992686627,0.014368272478283923,24000.0,270.3810119628906,2.199981689453125,0.0,0.0033333333334000744
TX,shadedX,3,A,A,ID,-6_15,32,66,0.890625,0.8530092011197629,0.48339316273128835,24000.0,451.18194580078125,3.149993896484375,0.0,0.0016666666665939294
TX,shadedX,3,A,A,ID,-7_14,134,41,0.8001456133964325,0.9318019934461585,0.280901987198336,24000.0,330.3781433105469,2.0999755859375,0.0,0.0
TX,shadedX,3,A,A,ID,-7_15,25,44,0.9190909090909091,0.9095350743332598,0.584661374661343,24000.0,545.8963012695312,4.20001220703125,0.0,0.0
TX,shadedX,3,A,A,ID,2_16,128,43,0.9783793604651163,0.9931723537347572,0.6611532877954029,24000.0,23.408458709716797,3.200000762939453,0.0,0.0
TX,shadedX,3,A,AE,OOD,-1_12,391,1486,0.5181162288778816,0.2642987903332882,0.14106475041179814,24000.0,3.5507707595825195,0.8999996185302734,0.0,0.0011111111111737802
TX,shadedX,3,A,AE,OOD,-1_15,42,30,0.9357142857142857,0.9396836362862124,0.8988762379744726,24000.0,44.57166862487793,1.7000007629394531,0.0,0.012222222222335568
TX,shadedX,3,A,AE,OOD,-2_10,46,31,0.8260869565217392,0.9057413138638698,,24000.0,1.628983497619629,1.0999999046325684,0.0,0.13444444444496365
TX,shadedX,3,A,AE,OOD,-3_10,214,433,0.46573568453087566,0.37073925391598883,0.33723016680691564,12000.0,3.1401820182800293,0.9000000953674316,0.0,0.025555555555450797
TX,shadedX,3,A,AE,OOD,-3_21,215,55,0.8695983086680761,0.9618774507996304,2.427675033519717,12000.0,197.61540985107422,0.6500015258789062,0.0,0.385555555555973
TX,shadedX,3,A,AE,OOD,-3_7,312,598,0.6564295514964411,0.4371970069705084,0.024854139406446513,24000.0,2.042587399482727,0.7999999523162842,0.0,0.14333333333386883
TX,shadedX,3,A,AE,OOD,-4_15,157,190,0.8652028159570901,0.8685823099080917,1.6761314313008995,12000.0,136.97625732421875,2.6999969482421875,0.0,0.0066666666667092
TX,shadedX,3,A,AE,OOD,-5_16,102,81,0.7199225369160009,0.7862091319571195,0.5229608295165853,12000.0,250.12600708007812,3.1999969482421875,0.0,0.21333333333345153
TX,shadedX,3,A,AE,OOD,-5_21,87,37,0.9981360671015843,0.9992219711145132,0.014368272478283923,24000.0,303.7040100097656,0.0,0.0,0.5677777777789205
TX,shadedX,3,A,AE,OOD,-7_15,26,52,0.8091715976331361,0.7906902318819145,0.584661374661343,24000.0,531.5363159179688,2.1999969482421875,0.0,0.002222222222226294
TX,shadedX,3,A,AE,OOD,2_16,387,25,0.6160206718346253,0.9538409474726188,0.6611532877954029,24000.0,16.871066093444824,3.1000003814697266,0.0,0.0022222222221959776
TX,shadedX,3,AE,A,OOD,-1_15,340,37,0.9383942766295708,0.9930086479326082,0.20624010429247697,24000.0,46.636962890625,1.4000015258789062,0.0,0.0011111111111434635
TX,shadedX,3,AE,A,OOD,-3_14,198,33,0.7909397000306092,0.9593510885935207,0.027137219308491237,24000.0,88.91390991210938,1.8000030517578125,0.0,0.0011111111109615647
TX,shadedX,3,AE,A,OOD,-4_15,58,238,0.8988698927847001,0.712554273934717,0.0852606922069036,24000.0,134.53072357177734,3.3999977111816406,0.0,0.0033333333331878588
TX,shadedX,3,AE,A,OOD,-5_21,79,68,0.8762099776619509,0.909938256940719,0.014368272478283923,24000.0,270.3810119628906,2.199981689453125,0.0,0.0033333333334000744
TX,shadedX,3,AE,A,OOD,-6_15,32,66,0.8546401515151516,0.782640313553407,0.48339316273128835,24000.0,451.18194580078125,3.149993896484375,0.0,0.0016666666665939294
TX,shadedX,3,AE,A,OOD,-7_14,134,41,0.6809246450673462,0.8915012495790704,0.280901987198336,24000.0,330.3781433105469,2.0999755859375,0.0,0.0
TX,shadedX,3,AE,A,OOD,-7_15,25,44,0.88,0.8420056830823699,0.584661374661343,24000.0,545.8963012695312,4.20001220703125,0.0,0.0
TX,shadedX,3,AE,A,OOD,2_16,128,43,0.8488372093023255,0.9415782858116599,0.6611532877954029,24000.0,23.408458709716797,3.200000762939453,0.0,0.0
TX,shadedX,3,AE,AE,ID,-1_12,391,1486,0.834155442269365,0.6699828519971959,0.14106475041179814,24000.0,3.5507707595825195,0.8999996185302734,0.0,0.0011111111111737802
TX,shadedX,3,AE,AE,ID,-1_15,42,30,0.9079365079365079,0.9249844757222203,0.8988762379744726,24000.0,44.57166862487793,1.7000007629394531,0.0,0.012222222222335568
TX,shadedX,3,AE,AE,ID,-2_10,46,31,0.8309957924263676,0.9110761090145053,,24000.0,1.628983497619629,1.0999999046325684,0.0,0.13444444444496365
TX,shadedX,3,AE,AE,ID,-3_10,214,433,0.5823638600505062,0.5325895655324332,0.33723016680691564,12000.0,3.1401820182800293,0.9000000953674316,0.0,0.025555555555450797
TX,shadedX,3,AE,AE,ID,-3_21,215,55,0.8701902748414376,0.9648908661299815,2.427675033519717,12000.0,197.61540985107422,0.6500015258789062,0.0,0.385555555555973
TX,shadedX,3,AE,AE,ID,-3_7,312,598,0.8632246376811594,0.8166814739515905,0.024854139406446513,24000.0,2.042587399482727,0.7999999523162842,0.0,0.14333333333386883
TX,shadedX,3,AE,AE,ID,-4_15,157,190,0.855212872946698,0.8604771386811744,1.6761314313008995,12000.0,136.97625732421875,2.6999969482421875,0.0,0.0066666666667092
TX,shadedX,3,AE,AE,ID,-5_16,102,81,0.8298232873396273,0.8887426536974617,0.5229608295165853,12000.0,250.12600708007812,3.1999969482421875,0.0,0.21333333333345153
TX,shadedX,3,AE,AE,ID,-5_21,87,37,0.99565082323703,0.9981095884922115,0.014368272478283923,24000.0,303.7040100097656,0.0,0.0,0.5677777777789205
TX,shadedX,3,AE,AE,ID,-7_15,26,52,0.8883136094674555,0.8308658289342197,0.584661374661343,24000.0,531.5363159179688,2.1999969482421875,0.0,0.002222222222226294
TX,shadedX,3,AE,AE,ID,2_16,387,25,0.7676485788113695,0.980311535277587,0.6611532877954029,24000.0,16.871066093444824,3.1000003814697266,0.0,0.0022222222221959776
FL,band,0,A,A,ID,16_18,42,229,0.9719276356830941,0.8985093641583791,0.2084060214673994,12000.0,74.31571197509766,5.0,0.0,0.0
FL,band,0,A,A,ID,20_18,144,252,0.9508928571428571,0.9167851058570501,0.37957578035541106,12000.0,36.95942497253418,3.09999942779541,0.0,0.0
FL,band,0,A,A,ID,21_17,578,140,0.8259886307464162,0.948942154973033,0.17417833267239485,24000.0,25.424890518188477,1.7999992370605469,0.0,0.0
FL,band,0,A,A,ID,23_18,94,132,0.9431818181818181,0.8978418794206768,0.1286654727237485,12000.0,31.569211959838867,5.100000381469727,0.0,0.0
FL,band,0,A,A,ID,25_16,197,462,0.9483815676709078,0.8918851475949728,0.17568605152900577,12000.0,19.439197540283203,1.6999988555908203,0.0,0.0
FL,band,0,A,A,ID,25_18,660,149,0.4683851942241204,0.7824992560754369,0.16729524407643967,12000.0,38.113441467285156,0.3000030517578125,0.0,0.0
FL,band,0,A,A,ID,26_15,125,432,0.9651111111111113,0.9263252316788348,0.032736793066972275,12000.0,23.57379150390625,3.1999988555908203,0.0,0.0
FL,band,0,A,A,ID,26_18,406,404,0.8144174023313662,0.7853480797779069,0.1690305949906459,12000.0,34.83187294006348,1.0,0.0,0.0
FL,band,0,A,A,ID,29_10,323,183,0.8443215077230202,0.9087716873995242,0.20628257277623194,24000.0,8.061215877532959,0.6000003814697266,0.0,0.0
FL,band,0,A,A,ID,30_12,467,158,0.6823787710405769,0.8775017581565516,0.1275874707130689,24000.0,7.186999797821045,0.8999996185302734,0.0,0.0
FL,band,0,A,A,ID,31_10,65,53,0.8243831640058056,0.7855098903267017,0.018654058711205707,6000.0,5.139777898788452,0.5,0.0,0.29666666666696756
FL,band,0,A,AE,OOD,16_18,60,68,0.9980392156862745,0.9980392156862745,0.2084060214673994,12000.0,24.087822914123535,5.800000429153442,0.0,0.003333333333339441
FL,band,0,A,AE,OOD,20_18,58,47,0.9394717534849597,0.9478472296497414,0.37957578035541106,6000.0,26.950103759765625,2.6000003814697266,0.0,0.0
FL,band,0,A,AE,OOD,21_17,229,99,0.9358652022407481,0.9623701445382529,0.17417833267239485,24000.0,17.49686908721924,3.100001096725464,0.0,0.0
FL,band,0,A,AE,OOD,21_18,96,98,0.9337797619047619,0.9189133724147737,0.37957578035541106,12000.0,24.62560272216797,2.3000001907348633,0.0,0.04777777777789566
FL,band,0,A,AE,OOD,23_16,127,87,0.9766494705403204,0.9811516105259932,0.031565413329493905,12000.0,1.026328206062317,0.949999988079071,0.0,0.0
FL,band,0,A,AE,OOD,23_18,87,28,0.9917898193760262,0.9974031643958053,0.2211789203462979,24000.0,26.23935317993164,4.200000762939453,0.0,0.0
FL,band,0,A,AE,OOD,25_16,134,474,0.9508942628629007,0.902826253955359,0.16729524407643967,6000.0,15.110289096832275,1.5000004768371582,0.0,0.0
FL,band,0,A,AE,OOD,25_18,27,32,0.8298611111111112,0.6932491409803989,0.16729524407643967,12000.0,30.546260833740234,1.3999996185302734,0.0,0.0
FL,band,0,A,AE,OOD,26_11,48,177,0.8957156308851224,0.7135300781433911,0.32978745236974377,6000.0,0.0,1.1000003814697266,0.0,1.0
FL,band,0,A,AE,OOD,26_12,295,598,0.8240916047843092,0.7137785501484719,0.9910530477501255,6000.0,2.030184030532837,1.7000000476837158,0.0,0.04777777777713774
FL,band,0,A,AE,OOD,26_18,37,89,0.8861220771333131,0.7739049125333131,0.1690305949906459,6000.0,33.82263946533203,1.2000007629394531,0.0,0.0
FL,band,0,A,AE,OOD,27_10,469,413,0.9220586792774282,0.916980570261775,0.1428175559815026,6000.0,0.34893248975276947,0.5000001192092896,0.0,0.11722222222123951
FL,band,0,A,AE,OOD,27_13,262,72,0.8942430025445293,0.9633070157384969,0.453343921918634,12000.0,23.745676040649414,2.25,0.0,0.0
FL,band,0,A,AE,OOD,29_10,373,98,0.727334901789134,0.8894286741233378,0.20628257277623194,24000.0,3.997006416320801,0.5999999046325684,0.0,0.0011111111111434635
FL,band,0,A,AE,OOD,30_12,406,178,0.8699009243371895,0.9262434520623217,0.1275874707130689,24000.0,6.351924657821655,0.600000262260437,0.0,0.013333333333327448
FL,band,0,A,AE,OOD,31_10,111,212,0.4603943566207717,0.29515831922335667,0.018654058711205707,6000.0,4.566843509674072,0.6000000238418579,0.0,0.1411111111121276
FL,band,0,AE,A,OOD,16_18,42,229,0.9530047826991058,0.8366458655126757,0.2084060214673994,12000.0,74.31571197509766,5.0,0.0,0.0
FL,band,0,AE,A,OOD,20_18,144,252,0.9494874338624338,0.9231233155400479,0.37957578035541106,12000.0,36.95942497253418,3.09999942779541,0.0,0.0
FL,band,0,AE,A,OOD,21_17,578,140,0.58963173504696,0.8400914666744108,0.17417833267239485,24000.0,25.424890518188477,1.7999992370605469,0.0,0.0
FL,band,0,AE,A,OOD,23_18,94,132,0.878384912959381,0.753181528393211,0.1286654727237485,12000.0,31.569211959838867,5.100000381469727,0.0,0.0
FL,band,0,AE,A,OOD,25_16,197,462,0.8972685520908871,0.8454213159660833,0.17568605152900577,12000.0,19.439197540283203,1.6999988555908203,0.0,0.0
FL,band,0,AE,A,OOD,25_18,660,149,0.41167378482814726,0.7645459972315981,0.16729524407643967,12000.0,38.113441467285156,0.3000030517578125,0.0,0.0
FL,band,0,AE,A,OOD,26_15,125,432,0.908425925925926,0.8250086710591511,0.032736793066972275,12000.0,23.57379150390625,3.1999988555908203,0.0,0.0
FL,band,0,AE,A,OOD,26_18,406,404,0.76844242306004,0.7373945612872588,0.1690305949906459,12000.0,34.83187294006348,1.0,0.0,0.0
FL,band,0,AE,A,OOD,29_10,323,183,0.8360317379756044,0.9099849353594757,0.20628257277623194,24000.0,8.061215877532959,0.6000003814697266,0.0,0.0
FL,band,0,AE,A,OOD,30_12,467,158,0.8494023256444312,0.9503340567376084,0.1275874707130689,24000.0,7.186999797821045,0.8999996185302734,0.0,0.0
FL,band,0,AE,A,OOD,31_10,65,53,0.7132075471698114,0.6960426930282866,0.018654058711205707,6000.0,5.139777898788452,0.5,0.0,0.29666666666696756
FL,band,0,AE,AE,ID,16_18,60,68,0.9955882352941177,0.9957305565618698,0.2084060214673994,12000.0,24.087822914123535,5.800000429153442,0.0,0.003333333333339441
FL,band,0,AE,AE,ID,20_18,58,47,0.9567131327953046,0.9637125342498861,0.37957578035541106,6000.0,26.950103759765625,2.6000003814697266,0.0,0.0
FL,band,0,AE,AE,ID,21_17,229,99,0.9782541572934587,0.990709161616494,0.17417833267239485,24000.0,17.49686908721924,3.100001096725464,0.0,0.0
FL,band,0,AE,AE,ID,21_18,96,98,0.9063562925170068,0.8729160786556917,0.37957578035541106,12000.0,24.62560272216797,2.3000001907348633,0.0,0.04777777777789566
FL,band,0,AE,AE,ID,23_16,127,87,0.9970133043714363,0.9979225970732236,0.031565413329493905,12000.0,1.026328206062317,0.949999988079071,0.0,0.0
FL,band,0,AE,AE,ID,23_18,87,28,0.9922003284072249,0.9974758572569702,0.2211789203462979,24000.0,26.23935317993164,4.200000762939453,0.0,0.0
FL,band,0,AE,AE,ID,25_16,134,474,0.9843346558347503,0.9623444715475146,0.16729524407643967,6000.0,15.110289096832275,1.5000004768371582,0.0,0.0
FL,band,0,AE,AE,ID,25_18,27,32,0.9328703703703703,0.9259953561605121,0.16729524407643967,12000.0,30.546260833740234,1.3999996185302734,0.0,0.0
FL,band,0,AE,AE,ID,26_11,48,177,0.9683380414312618,0.9036238276858778,0.32978745236974377,6000.0,0.0,1.1000003814697266,0.0,1.0
FL,band,0,AE,AE,ID,26_12,295,598,0.9547077830054984,0.9232031263425696,0.9910530477501255,6000.0,2.030184030532837,1.7000000476837158,0.0,0.04777777777713774
FL,band,0,AE,AE,ID,26_18,37,89,0.9486790160947464,0.9094268044907807,0.1690305949906459,6000.0,33.82263946533203,1.2000007629394531,0.0,0.0
FL,band,0,AE,AE,ID,27_10,469,413,0.9299214752938869,0.9256480211088032,0.1428175559815026,6000.0,0.34893248975276947,0.5000001192092896,0.0,0.11722222222123951
FL,band,0,AE,AE,ID,27_13,262,72,0.853636556403732,0.954826961441215,0.453343921918634,12000.0,23.745676040649414,2.25,0.0,0.0
FL,band,0,AE,AE,ID,29_10,373,98,0.9116922908573617,0.9757675126052925,0.20628257277623194,24000.0,3.997006416320801,0.5999999046325684,0.0,0.0011111111111434635
FL,band,0,AE,AE,ID,30_12,406,178,0.9700974151768418,0.9876759268485329,0.1275874707130689,24000.0,6.351924657821655,0.600000262260437,0.0,0.013333333333327448
FL,band,0,AE,AE,ID,31_10,111,212,0.71838347781744,0.5361500623601816,0.018654058711205707,6000.0,4.566843509674072,0.6000000238418579,0.0,0.1411111111121276
FL,band,1,A,A,ID,19_16,25,61,1.0,1.0,0.11239476929864274,6000.0,0.0,0.3000001907348633,0.0,1.0
FL,band,1,A,A,ID,20_16,573,97,0.9901585074036091,0.9981153400928896,0.1904464320677894,12000.0,5.4645140171051025,0.9000000953674316,0.0,0.0
FL,band,1,A,A,ID,24_16,1067,32,0.8820876288659795,0.996070088479702,0.044001914831197315,12000.0,11.837850570678711,1.5999994277954102,0.0,0.0
FL,band,1,A,A,ID,25_15,541,112,0.9758218906786374,0.9947642366159337,0.07843489770263268,12000.0,7.996495246887207,0.8000011444091797,0.0,0.0
FL,band,1,A,A,ID,26_17,579,457,0.9157265790637295,0.9368595856106581,0.1544154920774841,12000.0,42.6995849609375,0.7000007629394531,0.0,0.0
FL,band,1,A,A,ID,27_12,240,166,0.7544678714859437,0.7841866230534088,0.15984675710927612,24000.0,39.05103302001953,2.799999237060547,0.0,0.09833333333271013
FL,band,1,A,A,ID,27_14,338,44,0.9565626681011296,0.9915866644017886,0.05096279107270798,12000.0,28.606431007385254,2.450000762939453,0.0,0.0
FL,band,1,A,A,ID,27_17,163,159,0.8463170891692711,0.8579396113646127,0.5346385850465465,24000.0,18.732243537902832,2.450000286102295,0.0,0.0
FL,band,1,A,A,ID,28_10,194,569,0.8019766999438335,0.5873530737904905,0.1428175559815026,24000.0,11.91987133026123,0.7000002861022949,0.0,0.003333333333400074
FL,band,1,A,A,ID,29_11,815,158,0.7401568688359089,0.9385350531009813,0.053495674986241436,12000.0,8.658223152160645,0.7000007629394531,0.0,0.0
FL,band,1,A,A,ID,29_12,596,100,0.7373154362416108,0.9447696405356297,0.053495674986241436,24000.0,18.172475814819336,0.6000003814697266,0.0,0.002222222222271769
FL,band,1,A,A,ID,29_14,149,279,0.72509682230401,0.5956834952735683,0.2632278699245747,24000.0,12.274363994598389,1.1000003814697266,0.0,0.0011111111109918812
FL,band,1,A,A,ID,30_10,195,74,0.7212751212751212,0.8509017616063478,0.018654058711205707,24000.0,2.9759280681610107,0.40000009536743164,0.0,0.008888888888935492
FL,band,1,A,A,ID,30_11,383,240,0.7347639251523064,0.8003893911678124,0.018892666494895346,24000.0,2.2838709354400635,0.0,0.0,1.0
FL,band,1,A,A,ID,30_8,416,54,0.5930154914529914,0.9148049480343283,0.4495251317805067,24000.0,2.1140507459640503,0.20000004768371582,0.0,0.5372222222219304
FL,band,1,A,A,ID,30_9,119,145,0.5286583598956824,0.6046522709221103,0.4495251317805067,24000.0,3.355971336364746,0.39999985694885254,0.0,0.21222222222198966
FL,band,1,A,AE,OOD,20_16,439,91,0.9891361485894515,0.9953999868265304,0.1904464320677894,12000.0,2.008580446243286,0.9000000953674316,0.0,0.001111111111113147
FL,band,1,A,AE,OOD,22_16,91,91,1.0,0.9999999999999999,0.017150084265593363,24000.0,0.14755955576697488,1.7000000476837158,0.0,0.6622222222229897
FL,band,1,A,AE,OOD,24_15,256,65,0.8731370192307691,0.9554876836616358,0.044001914831197315,6000.0,1.3229234218597412,1.0,0.0,0.0
FL,band,1,A,AE,OOD,24_16,153,78,0.9446958270487683,0.9651006064471649,0.044001914831197315,6000.0,2.2652089595794678,1.6000001430511475,0.0,0.0
FL,band,1,A,AE,OOD,25_15,469,40,0.9640191897654584,0.9954791867718245,0.07843489770263268,12000.0,1.8121048212051392,0.7000000476837158,0.0,0.0
FL,band,1,A,AE,OOD,26_17,56,70,0.9576530612244898,0.9600396703226034,0.2069894435518293,12000.0,39.74618148803711,0.9000005722045898,0.0,0.0
FL,band,1,A,AE,OOD,27_12,82,119,0.9237548678007789,0.9169430689511121,0.9910530477501255,12000.0,26.993289947509766,2.3000011444091797,0.0,0.031111111110773994
FL,band,1,A,AE,OOD,27_14,444,73,0.9916697519437246,0.9985894902656145,0.05096279107270798,12000.0,18.751893997192383,0.0,0.0,0.450000000000459
FL,band,1,A,AE,OOD,27_17,211,171,0.8565727113993515,0.8734035085268004,0.5346385850465465,12000.0,0.5094844102859497,0.2999999523162842,0.0,0.02611111111099221
FL,band,1,A,AE,OOD,28_10,123,229,0.6303475698512444,0.4954101852455015,0.3039534517150772,6000.0,5.943880558013916,0.8500003814697266,0.0,0.003333333333339441
FL,band,1,A,AE,OOD,29_11,301,53,0.8735034162853381,0.9700186632042447,0.053495674986241436,12000.0,11.207518577575684,0.0,0.0,0.918888888889015
FL,band,1,A,AE,OOD,29_14,743,328,0.8576859632997407,0.9206285241248944,0.25825670222051667,12000.0,1.7473576068878174,0.3000001907348633,0.0,0.12444444444470275
FL,band,1,A,AE,OOD,30_10,840,293,0.589419795221843,0.7772045336199418,0.018654058711205707,24000.0,2.6140456199645996,0.3000001907348633,0.0,0.09777777777747192
FL,band,1,A,AE,OOD,30_11,92,62,0.896914446002805,0.9342078535233148,0.20628257277623194,24000.0,4.580759763717651,0.34999990463256836,0.0,0.03555555555540849
FL,band,1,A,AE,OOD,30_8,637,45,0.11236699808128381,0.8622613086772759,0.4495251317805067,24000.0,0.5137154757976532,0.20000004768371582,0.0,0.639999999999758
FL,band,1,A,AE,OOD,30_9,73,66,0.10917393109173928,0.34699325684073523,0.018654058711205707,24000.0,3.010402202606201,0.2999999523162842,0.0,0.49888888889107447
FL,band,1,A,AE,OOD,31_9,319,135,0.5183791942412632,0.6439671625336538,0.029188088072685917,6000.0,1.3529764413833618,0.6000001430511475,31.5,0.10055555555587628
FL,band,1,AE,A,OOD,19_16,25,61,1.0,1.0,0.11239476929864274,6000.0,0.0,0.3000001907348633,0.0,1.0
FL,band,1,AE,A,OOD,20_16,573,97,0.9805149241647325,0.9955607474670568,0.1904464320677894,12000.0,5.4645140171051025,0.9000000953674316,0.0,0.0
FL,band,1,AE,A,OOD,24_16,1067,32,0.48509254920337397,0.9757006655699643,0.044001914831197315,12000.0,11.837850570678711,1.5999994277954102,0.0,0.0
FL,band,1,AE,A,OOD,25_15,541,112,0.9751122260364404,0.9945618543886494,0.07843489770263268,12000.0,7.996495246887207,0.8000011444091797,0.0,0.0
FL,band,1,AE,A,OOD,26_17,579,457,0.9038181728854169,0.9306753525546936,0.1544154920774841,12000.0,42.6995849609375,0.7000007629394531,0.0,0.0
FL,band,1,AE,A,OOD,27_12,240,166,0.8029116465863454,0.8524315494031488,0.15984675710927612,24000.0,39.05103302001953,2.799999237060547,0.0,0.09833333333271013
FL,band,1,AE,A,OOD,27_14,338,44,0.9418370091447015,0.9905599433717127,0.05096279107270798,12000.0,28.606431007385254,2.450000762939453,0.0,0.0
FL,band,1,AE,A,OOD,27_17,163,159,0.7042095921595863,0.6371528332912753,0.5346385850465465,24000.0,18.732243537902832,2.450000286102295,0.0,0.0
FL,band,1,AE,A,OOD,28_10,194,569,0.7462359357164857,0.6015660683389173,0.1428175559815026,24000.0,11.91987133026123,0.7000002861022949,0.0,0.003333333333400074
FL,band,1,AE,A,OOD,29_11,815,158,0.6493903859594626,0.9093556733568076,0.053495674986241436,12000.0,8.658223152160645,0.7000007629394531,0.0,0.0
FL,band,1,AE,A,OOD,29_12,596,100,0.7568120805369127,0.9497884726001955,0.053495674986241436,24000.0,18.172475814819336,0.6000003814697266,0.0,0.002222222222271769
FL,band,1,AE,A,OOD,29_14,149,279,0.6929830891727408,0.5810960105330816,0.2632278699245747,24000.0,12.274363994598389,1.1000003814697266,0.0,0.0011111111109918812
FL,band,1,AE,A,OOD,30_10,195,74,0.27983367983367985,0.5993232301099773,0.018654058711205707,24000.0,2.9759280681610107,0.40000009536743164,0.0,0.008888888888935492
FL,band,1,AE,A,OOD,30_11,383,240,0.8031603568320278,0.8489785544655821,0.018892666494895346,24000.0,2.2838709354400635,0.0,0.0,1.0
FL,band,1,AE,A,OOD,30_8,416,54,0.5746527777777778,0.8568011875194266,0.4495251317805067,24000.0,2.1140507459640503,0.20000004768371582,0.0,0.5372222222219304
FL,band,1,AE,A,OOD,30_9,119,145,0.37786148942335557,0.41249260441264674,0.4495251317805067,24000.0,3.355971336364746,0.39999985694885254,0.0,0.21222222222198966
FL,band,1,AE,AE,ID,20_16,439,91,0.9967708828756665,0.9992149411243194,0.1904464320677894,12000.0,2.008580446243286,0.9000000953674316,0.0,0.001111111111113147
FL,band,1,AE,AE,ID,22_16,91,91,0.9996377249124502,0.9996492868833293,0.017150084265593363,24000.0,0.14755955576697488,1.7000000476837158,0.0,0.6622222222229897
FL,band,1,AE,AE,ID,24_15,256,65,0.9530649038461538,0.9872081690492978,0.044001914831197315,6000.0,1.3229234218597412,1.0,0.0,0.0
FL,band,1,AE,AE,ID,24_16,153,78,0.9762862409921234,0.9870759815652121,0.044001914831197315,6000.0,2.2652089595794678,1.6000001430511475,0.0,0.0
FL,band,1,AE,AE,ID,25_15,469,40,0.9579424307036247,0.9947610260372188,0.07843489770263268,12000.0,1.8121048212051392,0.7000000476837158,0.0,0.0
FL,band,1,AE,AE,ID,26_17,56,70,0.9586734693877551,0.9669851268783226,0.2069894435518293,12000.0,39.74618148803711,0.9000005722045898,0.0,0.0
FL,band,1,AE,AE,ID,27_12,82,119,0.969358475097356,0.9681003581806772,0.9910530477501255,12000.0,26.993289947509766,2.3000011444091797,0.0,0.031111111110773994
FL,band,1,AE,AE,ID,27_14,444,73,0.9891089719856844,0.9981627720331615,0.05096279107270798,12000.0,18.751893997192383,0.0,0.0,0.450000000000459
FL,band,1,AE,AE,ID,27_17,211,171,0.8302153487985366,0.7776157519839857,0.5346385850465465,12000.0,0.5094844102859497,0.2999999523162842,0.0,0.02611111111099221
FL,band,1,AE,AE,ID,28_10,123,229,0.7404054389888878,0.6616516066725107,0.3039534517150772,6000.0,5.943880558013916,0.8500003814697266,0.0,0.003333333333339441
FL,band,1,AE,AE,ID,29_11,301,53,0.9871497523976681,0.9978809610576966,0.053495674986241436,12000.0,11.207518577575684,0.0,0.0,0.918888888889015
FL,band,1,AE,AE,ID,29_14,743,328,0.9052210878770968,0.9594930571597691,0.25825670222051667,12000.0,1.7473576068878174,0.3000001907348633,0.0,0.12444444444470275
FL,band,1,AE,AE,ID,30_10,840,293,0.5646473265073948,0.7941180409252568,0.018654058711205707,24000.0,2.6140456199645996,0.3000001907348633,0.0,0.09777777777747192
FL,band,1,AE,AE,ID,30_11,92,62,0.9619565217391304,0.9687146858195963,0.20628257277623194,24000.0,4.580759763717651,0.34999990463256836,0.0,0.03555555555540849
FL,band,1,AE,AE,ID,30_8,637,45,0.37708006279434847,0.9338054999943608,0.4495251317805067,24000.0,0.5137154757976532,0.20000004768371582,0.0,0.639999999999758
FL,band,1,AE,AE,ID,30_9,73,66,0.6757990867579908,0.6712788893873569,0.018654058711205707,24000.0,3.010402202606201,0.2999999523162842,0.0,0.49888888889107447
FL,band,1,AE,AE,ID,31_9,319,135,0.9296412399860676,0.9665723874716261,0.029188088072685917,6000.0,1.3529764413833618,0.6000001430511475,31.5,0.10055555555587628
FL,band,2,A,A,ID,18_18,101,298,0.9741843311847964,0.9382665108105186,0.2859889626143453,12000.0,66.90025329589844,7.3000030517578125,0.0,0.0
FL,band,2,A,A,ID,20_17,202,84,0.9608085808580858,0.9841467137548663,0.6542236302232683,24000.0,25.80640983581543,2.75,0.0,0.0
FL,band,2,A,A,ID,21_16,900,69,0.9051368760064412,0.9890266184659237,0.07975562019792173,24000.0,7.189428806304932,1.2000000476837158,0.0,0.0
FL,band,2,A,A,ID,22_17,480,138,0.9195803140096618,0.9735831987193132,0.18539784796927666,24000.0,14.03171157836914,2.0,0.0,0.0
FL,band,2,A,A,ID,22_18,104,116,0.9603779840848806,0.9453951603968271,0.18539784796927666,12000.0,39.74837875366211,6.5,0.0,0.0033333333333091246
FL,band,2,A,A,ID,24_17,452,109,0.9639928554031014,0.9917069982717228,0.11678587080871551,12000.0,27.33632469177246,1.1000003814697266,0.0,0.0
FL,band,2,A,A,ID,24_18,30,48,0.8923611111111112,0.859742723481598,0.13683805302577387,12000.0,37.089128494262695,1.9500007629394531,0.0,0.0
FL,band,2,A,A,ID,26_13,43,38,0.8445532435740514,0.8493408064882346,0.453343921918634,12000.0,20.9736328125,2.1000003814697266,0.0,0.0011111111110828306
FL,band,2,A,A,ID,26_19,81,54,0.9458161865569272,0.961169922762642,0.03668747818753617,12000.0,4.604562759399414,2.4000000953674316,0.0,0.0
FL,band,2,A,A,ID,27_11,298,525,0.8228315755832535,0.76423511857426,0.2623886226362189,12000.0,11.492565155029297,0.8999996185302734,0.0,0.0
FL,band,2,A,A,ID,27_15,374,344,0.9799776147245367,0.9823610187848494,0.032736793066972275,12000.0,19.900556564331055,4.40000057220459,0.0,0.0
FL,band,2,A,A,ID,27_16,516,364,0.9556393219183916,0.9689531213266658,0.06725932869430318,12000.0,14.599234104156494,3.0,0.0,0.0
FL,band,2,A,A,ID,28_11,371,91,0.9494683214359764,0.9777217545591854,0.053495674986241436,12000.0,23.585165977478027,0.8499994277954102,0.0,0.0
FL,band,2,A,A,ID,28_16,291,385,0.6024992189940643,0.5021420559119572,0.2785330128915243,12000.0,7.207269906997681,0.8499999046325684,0.0,0.0
FL,band,2,A,AE,OOD,20_15,47,100,0.983404255319149,0.9475773995745146,0.1904464320677894,12000.0,0.0,0.8499999642372131,0.0,1.0
FL,band,2,A,AE,OOD,21_16,551,86,0.9373654665935086,0.9863199651646166,0.07975562019792173,24000.0,1.2427794933319092,1.2000000476837158,0.0,0.004444444444391955
FL,band,2,A,AE,OOD,22_17,171,81,0.8627535917984261,0.9209442820025233,0.017150084265593363,24000.0,3.8691506385803223,2.1000003814697266,0.0,0.0
FL,band,2,A,AE,OOD,24_17,127,352,0.7989441660701504,0.7333757456732694,0.44741975127004835,6000.0,20.14234161376953,2.3999996185302734,0.0,0.0
FL,band,2,A,AE,OOD,24_18,67,185,0.927551432029044,0.8220608969375292,0.13683805302577387,12000.0,25.47571563720703,3.15000057220459,0.0,0.0
FL,band,2,A,AE,OOD,26_13,270,93,0.8438470728793309,0.9359354479527315,0.453343921918634,6000.0,9.169926643371582,2.0,0.0,0.0
FL,band,2,A,AE,OOD,27_11,93,73,0.9135366033289144,0.923954147704307,0.32978745236974377,12000.0,10.863365650177002,1.2999999523162842,0.0,0.0
FL,band,2,A,AE,OOD,27_15,242,68,0.9798857559552747,0.9942260375186741,0.16497527655276623,24000.0,0.2872699946165085,0.0,0.0,0.9550000000004641
FL,band,2,A,AE,OOD,27_16,334,103,0.934044532294634,0.975297192270181,0.06725932869430318,12000.0,0.34520596265792847,0.6999998092651367,0.0,0.07888888888882127
FL,band,2,A,AE,OOD,27_9,127,104,0.6770896426408237,0.8126527706925897,0.3039534517150772,12000.0,0.11687959730625153,0.6999999284744263,0.0,0.33888888888914537
FL,band,2,A,AE,OOD,28_16,204,240,0.6751429738562091,0.611003623512086,0.2785330128915243,12000.0,2.8191378116607666,0.5999999046325684,0.0,0.0
FL,band,2,A,AE,OOD,28_9,224,194,0.8939386966126657,0.867428932431066,0.3039534517150772,6000.0,0.4581535756587982,0.7000000476837158,0.0,0.11833333333315603
FL,band,2,A,AE,OOD,29_5,76,124,0.9547432088285228,0.9604163767705775,,6000.0,0.0,0.5999999344348907,0.0,1.0
FL,band,2,A,AE,OOD,29_6,25,25,0.9743999999999999,0.9823743589743591,,6000.0,0.0,1.6999999284744263,0.0,0.9944444444444344
FL,band,2,A,AE,OOD,30_7,1141,248,0.691120550733652,0.8551964430093624,,24000.0,0.10000000149011612,0.2999999523162842,0.0,0.26666666666536676
FL,band,2,A,AE,OOD,31_11,41,132,0.7113821138211383,0.440454418369823,0.3742745554838165,12000.0,4.699293613433838,0.7000002861022949,0.0,0.029999999999842746
FL,band,2,AE,A,OOD,18_18,101,298,0.9639510930958868,0.9137579645148283,0.2859889626143453,12000.0,66.90025329589844,7.3000030517578125,0.0,0.0
FL,band,2,AE,A,OOD,20_17,202,84,0.9514969354078264,0.9779130708321687,0.6542236302232683,24000.0,25.80640983581543,2.75,0.0,0.0
FL,band,2,AE,A,OOD,21_16,900,69,0.9246698872785829,0.9920526711913416,0.07975562019792173,24000.0,7.189428806304932,1.2000000476837158,0.0,0.0
FL,band,2,AE,A,OOD,22_17,480,138,0.9070048309178744,0.9668322644739005,0.18539784796927666,24000.0,14.03171157836914,2.0,0.0,0.0
FL,band,2,AE,A,OOD,22_18,104,116,0.9689157824933687,0.9578072540521285,0.18539784796927666,12000.0,39.74837875366211,6.5,0.0,0.0033333333333091246
FL,band,2,AE,A,OOD,24_17,452,109,0.9391491434602582,0.9850868804545767,0.11678587080871551,12000.0,27.33632469177246,1.1000003814697266,0.0,0.0
FL,band,2,AE,A,OOD,24_18,30,48,0.8083333333333333,0.6353873347506483,0.13683805302577387,12000.0,37.089128494262695,1.9500007629394531,0.0,0.0
FL,band,2,AE,A,OOD,26_13,43,38,0.9094247246022031,0.9047324429258077,0.453343921918634,12000.0,20.9736328125,2.1000003814697266,0.0,0.0011111111110828306
FL,band,2,AE,A,OOD,26_19,81,54,0.8980338363054413,0.9220170572024387,0.03668747818753617,12000.0,4.604562759399414,2.4000000953674316,0.0,0.0
FL,band,2,AE,A,OOD,27_11,298,525,0.701904761904762,0.6570137980095692,0.2623886226362189,12000.0,11.492565155029297,0.8999996185302734,0.0,0.0
FL,band,2,AE,A,OOD,27_15,374,344,0.9672148986444472,0.9747464978330953,0.032736793066972275,12000.0,19.900556564331055,4.40000057220459,0.0,0.0
FL,band,2,AE,A,OOD,27_16,516,364,0.9178805690433598,0.9425862140304085,0.06725932869430318,12000.0,14.599234104156494,3.0,0.0,0.0
FL,band,2,AE,A,OOD,28_11,371,91,0.8649032907793015,0.9546271028624878,0.053495674986241436,12000.0,23.585165977478027,0.8499994277954102,0.0,0.0
FL,band,2,AE,A,OOD,28_16,291,385,0.6254027759182398,0.5965630572769329,0.2785330128915243,12000.0,7.207269906997681,0.8499999046325684,0.0,0.0
FL,band,2,AE,AE,ID,20_15,47,100,0.9831914893617022,0.9405857604020241,0.1904464320677894,12000.0,0.0,0.8499999642372131,0.0,1.0
FL,band,2,AE,AE,ID,21_16,551,86,0.9829063436458025,0.9970415981567584,0.07975562019792173,24000.0,1.2427794933319092,1.2000000476837158,0.0,0.004444444444391955
FL,band,2,AE,AE,ID,22_17,171,81,0.9297523644502201,0.9619422754289233,0.017150084265593363,24000.0,3.8691506385803223,2.1000003814697266,0.0,0.0
FL,band,2,AE,AE,ID,24_17,127,352,0.9674078382247674,0.9454451825902123,0.44741975127004835,6000.0,20.14234161376953,2.3999996185302734,0.0,0.0
FL,band,2,AE,AE,ID,24_18,67,185,0.9599838644614764,0.8293166486619434,0.13683805302577387,12000.0,25.47571563720703,3.15000057220459,0.0,0.0
FL,band,2,AE,AE,ID,26_13,270,93,0.9801672640382318,0.9931746336793159,0.453343921918634,6000.0,9.169926643371582,2.0,0.0,0.0
FL,band,2,AE,AE,ID,27_11,93,73,0.8862866401531889,0.9171045049717979,0.32978745236974377,12000.0,10.863365650177002,1.2999999523162842,0.0,0.0
FL,band,2,AE,AE,ID,27_15,242,68,0.9977515799708313,0.9993839618684204,0.16497527655276623,24000.0,0.2872699946165085,0.0,0.0,0.9550000000004641
FL,band,2,AE,AE,ID,27_16,334,103,0.9847101912679496,0.9944243655422755,0.06725932869430318,12000.0,0.34520596265792847,0.6999998092651367,0.0,0.07888888888882127
FL,band,2,AE,AE,ID,27_9,127,104,1.0,1.0,0.3039534517150772,12000.0,0.11687959730625153,0.6999999284744263,0.0,0.33888888888914537
FL,band,2,AE,AE,ID,28_16,204,240,0.940951797385621,0.9450859419174353,0.2785330128915243,12000.0,2.8191378116607666,0.5999999046325684,0.0,0.0
FL,band,2,AE,AE,ID,28_9,224,194,0.9621226067746687,0.964349970512486,0.3039534517150772,6000.0,0.4581535756587982,0.7000000476837158,0.0,0.11833333333315603
FL,band,2,AE,AE,ID,29_5,76,124,0.995437181663837,0.9939760435778444,,6000.0,0.0,0.5999999344348907,0.0,1.0
FL,band,2,AE,AE,ID,29_6,25,25,1.0,1.0000000000000002,,6000.0,0.0,1.6999999284744263,0.0,0.9944444444444344
FL,band,2,AE,AE,ID,30_7,1141,248,0.877229934126827,0.9675913715999406,,24000.0,0.10000000149011612,0.2999999523162842,0.0,0.26666666666536676
FL,band,2,AE,AE,ID,31_11,41,132,0.7819660014781966,0.5087120625956653,0.3742745554838165,12000.0,4.699293613433838,0.7000002861022949,0.0,0.029999999999842746
FL,band,3,A,A,ID,16_17,62,366,0.9595011457782479,0.7397653456433018,0.2084060214673994,12000.0,37.622581481933594,6.649997711181641,0.0,0.0
FL,band,3,A,A,ID,17_17,60,283,0.9949352179034158,0.9698548252128375,0.8215066262225971,12000.0,39.694435119628906,3.700000762939453,0.0,0.0
FL,band,3,A,A,ID,17_18,50,360,0.9771111111111112,0.8765562205673549,0.7830257529484034,12000.0,57.87458801269531,7.799999237060547,0.0,0.0
FL,band,3,A,A,ID,18_17,42,282,0.9818473488686253,0.9318314381125922,0.2859889626143453,12000.0,39.29364776611328,4.500000953674316,0.0,0.0
FL,band,3,A,A,ID,19_17,326,141,0.9865335247791845,0.9938215705037217,0.11239476929864274,12000.0,16.492965698242188,1.9000000953674316,0.0,0.0
FL,band,3,A,A,ID,19_18,119,34,0.9836875926841325,0.9946962926249159,0.8183753064621511,12000.0,34.280704498291016,2.700000762939453,0.0,0.0
FL,band,3,A,A,ID,25_17,330,182,0.9852314352314351,0.9920518267973242,0.16729524407643967,12000.0,40.011444091796875,1.0,0.0,0.0
FL,band,3,A,A,ID,26_14,53,26,1.0,1.0,0.14314372048326807,6000.0,15.078217506408691,2.200000762939453,0.0,0.0033333333333091246
FL,band,3,A,A,ID,26_16,498,215,0.9524236480806948,0.9790074803581015,0.2069894435518293,12000.0,28.88418960571289,1.6000003814697266,0.0,0.0
FL,band,3,A,A,ID,27_18,130,229,0.9314074571716493,0.898359109667138,0.03668747818753617,12000.0,5.685250759124756,1.3999998569488525,0.0,0.0
FL,band,3,A,A,ID,28_12,317,130,0.8946614899296288,0.9484482708592377,0.15984675710927612,12000.0,25.960800170898438,2.0,0.0,0.0
FL,band,3,A,A,ID,28_13,195,84,0.9271672771672772,0.9617800813766019,0.15984675710927612,24000.0,31.822479248046875,2.3999977111816406,0.0,0.0
FL,band,3,A,A,ID,28_14,69,84,0.9227053140096619,0.8839125931133949,0.05096279107270798,24000.0,24.319259643554688,4.000000476837158,0.0,0.0
FL,band,3,A,A,ID,28_15,574,243,0.7350840968727148,0.8695960520797016,0.16497527655276623,24000.0,10.945749282836914,1.9000005722045898,0.0,0.0
FL,band,3,A,A,ID,28_17,51,66,0.9194890077243019,0.8995599963763149,0.22279505208131747,12000.0,9.789922714233398,1.5,0.0,0.0
FL,band,3,A,A,ID,29_13,298,44,0.8412141549725443,0.9747617299820328,0.11288208201785273,24000.0,18.97071647644043,0.7999997138977051,0.0,0.0
FL,band,3,A,A,ID,29_15,229,96,0.8502092430858806,0.9305747765031653,0.16497527655276623,24000.0,7.05930233001709,1.5,0.0,0.0
FL,band,3,A,A,ID,30_13,71,73,0.7200463052286321,0.6403386306861066,0.25825670222051667,12000.0,7.172439813613892,0.7000007629394531,0.0,0.004444444444422272
FL,band,3,A,A,ID,31_7,103,74,0.8094988192075571,0.8439055688677338,,12000.0,0.6962466239929199,0.2999999523162842,0.0,0.8922222222224516
FL,band,3,A,AE,OOD,16_17,141,270,0.9890202258996585,0.9773531456996836,0.7830257529484034,12000.0,14.662153244018555,2.3000030517578125,0.0,0.006666666666709199
FL,band,3,A,AE,OOD,17_17,207,596,0.9653405959212787,0.925104421560887,0.7830257529484034,12000.0,33.589691162109375,4.299999237060547,0.0,0.0
FL,band,3,A,AE,OOD,17_18,61,140,0.9834894613583138,0.9597660448159209,0.8215066262225971,24000.0,51.96900939941406,7.700000762939453,0.0,0.0
FL,band,3,A,AE,OOD,18_17,43,146,0.9933099713284486,0.9767710600152111,0.2859889626143453,12000.0,17.682350158691406,2.3999977111816406,0.0,0.0
FL,band,3,A,AE,OOD,19_17,351,60,0.985565052231719,0.9977467379793588,0.2859889626143453,12000.0,4.513514518737793,1.0,0.0,0.0033333333333697575
FL,band,3,A,AE,OOD,25_17,109,131,0.8875271377547447,0.9077183785857201,0.16729524407643967,6000.0,15.951728820800781,1.2999992370605469,0.0,0.0
FL,band,3,A,AE,OOD,26_14,680,68,0.9677984429065744,0.996776162947656,0.1440938771548217,6000.0,11.39861011505127,1.9000000953674316,0.0,0.0
FL,band,3,A,AE,OOD,26_16,200,61,0.9922950819672132,0.9979556437052629,0.2069894435518293,12000.0,18.83131217956543,0.6000003814697266,0.0,0.048888888889069455
FL,band,3,A,AE,OOD,27_18,118,189,0.8645861357725765,0.7915401015950692,0.6691656797028657,6000.0,5.75021505355835,1.2000000476837158,0.0,0.008888888888935494
FL,band,3,A,AE,OOD,28_12,249,68,0.9861800141743443,0.9959471094881872,0.15984675710927612,12000.0,23.2742862701416,0.0,0.0,0.297777777776383
FL,band,3,A,AE,OOD,28_13,686,146,0.867227125683933,0.9634561663037449,0.11288208201785273,24000.0,17.943721771240234,0.6000003814697266,0.0,0.09888888888860017
FL,band,3,A,AE,OOD,28_14,425,186,0.9241366223908919,0.9500483481279827,0.2632278699245747,12000.0,19.808990478515625,0.5,0.0,0.22222222222108337
FL,band,3,A,AE,OOD,28_15,392,104,0.9581779827315542,0.9867728976037226,0.16497527655276623,12000.0,0.46520116925239563,1.0,0.0,0.021111111111134635
FL,band,3,A,AE,OOD,28_17,58,90,0.9331417624521072,0.8406684088459752,0.22279505208131747,6000.0,0.0,0.8499999046325684,0.0,0.899444444446748
FL,band,3,A,AE,OOD,28_8,279,94,0.9783802333562114,0.9879550805198224,0.4495251317805067,12000.0,0.3889501392841339,0.5,0.0,0.11555555555607044
FL,band,3,A,AE,OOD,29_13,677,52,0.7091523690489718,0.9683413522307329,0.25825670222051667,24000.0,5.016275405883789,0.5999999046325684,0.0,0.016666666666788156
FL,band,3,A,AE,OOD,29_15,177,176,0.9085772984078069,0.8682467830991581,0.16497527655276623,12000.0,0.0,0.10000002384185791,0.0,0.8299999999999044
FL,band,3,A,AE,OOD,29_7,36,44,1.0,1.0,,24000.0,0.0,0.40000003576278687,0.0,1.0
FL,band,3,A,AE,OOD,30_13,201,189,0.8575903551027929,0.8542586895691863,0.25825670222051667,12000.0,5.609089136123657,0.5999994277954102,0.0,0.07944444444436266
FL,band,3,A,AE,OOD,30_14,72,152,0.8762792397660818,0.7120470334223361,0.25825670222051667,12000.0,0.0,0.0,0.0,1.0
FL,band,3,A,AE,OOD,31_7,227,456,0.8554563722080533,0.7096368008495716,,6000.0,0.0,0.3999999761581421,0.0,0.9744444444447923
FL,band,3,A,AE,OOD,31_8,179,172,0.8817721190074055,0.8833896104932227,,6000.0,0.7350000143051147,0.8999998569488525,0.0,0.30555555555629704
FL,band,3,AE,A,OOD,16_17,62,366,0.9519654503789882,0.7961877719308166,0.2084060214673994,12000.0,37.622581481933594,6.649997711181641,0.0,0.0
FL,band,3,AE,A,OOD,17_17,60,283,0.9955830388692579,0.9752795756285105,0.8215066262225971,12000.0,39.694435119628906,3.700000762939453,0.0,0.0
FL,band,3,AE,A,OOD,17_18,50,360,0.9577222222222223,0.8302542783167419,0.7830257529484034,12000.0,57.87458801269531,7.799999237060547,0.0,0.0
FL,band,3,AE,A,OOD,18_17,42,282,0.9838736913204998,0.9190259214191144,0.2859889626143453,12000.0,39.29364776611328,4.500000953674316,0.0,0.0
FL,band,3,AE,A,OOD,19_17,326,141,0.9765696384284037,0.988449975607762,0.11239476929864274,12000.0,16.492965698242188,1.9000000953674316,0.0,0.0
FL,band,3,AE,A,OOD,19_18,119,34,0.9794859120118635,0.9931747650528351,0.8183753064621511,12000.0,34.280704498291016,2.700000762939453,0.0,0.0
FL,band,3,AE,A,OOD,25_17,330,182,0.9393772893772894,0.965816649346539,0.16729524407643967,12000.0,40.011444091796875,1.0,0.0,0.0
FL,band,3,AE,A,OOD,26_14,53,26,0.9666182873730043,0.9871985379731159,0.14314372048326807,6000.0,15.078217506408691,2.200000762939453,0.0,0.0033333333333091246
FL,band,3,AE,A,OOD,26_16,498,215,0.8926870271784814,0.9551305149725466,0.2069894435518293,12000.0,28.88418960571289,1.6000003814697266,0.0,0.0
FL,band,3,AE,A,OOD,27_18,130,229,0.9202888814242526,0.8981317433628719,0.03668747818753617,12000.0,5.685250759124756,1.3999998569488525,0.0,0.0
FL,band,3,AE,A,OOD,28_12,317,130,0.8490900266925505,0.9250196236448889,0.15984675710927612,12000.0,25.960800170898438,2.0,0.0,0.0
FL,band,3,AE,A,OOD,28_13,195,84,0.9145909645909646,0.9508117597315544,0.15984675710927612,24000.0,31.822479248046875,2.3999977111816406,0.0,0.0
FL,band,3,AE,A,OOD,28_14,69,84,0.8876811594202899,0.8148969947937352,0.05096279107270798,24000.0,24.319259643554688,4.000000476837158,0.0,0.0
FL,band,3,AE,A,OOD,28_15,574,243,0.7936866405701094,0.9042824673957157,0.16497527655276623,24000.0,10.945749282836914,1.9000005722045898,0.0,0.0
FL,band,3,AE,A,OOD,28_17,51,66,0.7944147355912062,0.7797602222997367,0.22279505208131747,12000.0,9.789922714233398,1.5,0.0,0.0
FL,band,3,AE,A,OOD,29_13,298,44,0.5830536912751677,0.9061524557388965,0.11288208201785273,24000.0,18.97071647644043,0.7999997138977051,0.0,0.0
FL,band,3,AE,A,OOD,29_15,229,96,0.8366084425036391,0.9277502522122176,0.16497527655276623,24000.0,7.05930233001709,1.5,0.0,0.0
FL,band,3,AE,A,OOD,30_13,71,73,0.8645572062512058,0.8643807377587528,0.25825670222051667,12000.0,7.172439813613892,0.7000007629394531,0.0,0.004444444444422272
FL,band,3,AE,A,OOD,31_7,103,74,0.8367882445552348,0.8703898350681385,,12000.0,0.6962466239929199,0.2999999523162842,0.0,0.8922222222224516
FL,band,3,AE,AE,ID,16_17,141,270,0.979091147885474,0.9647561820264152,0.7830257529484034,12000.0,14.662153244018555,2.3000030517578125,0.0,0.006666666666709199
FL,band,3,AE,AE,ID,17_17,207,596,0.9791686930583925,0.9359448245989852,0.7830257529484034,12000.0,33.589691162109375,4.299999237060547,0.0,0.0
FL,band,3,AE,AE,ID,17_18,61,140,0.9925058548009368,0.9844869045236613,0.8215066262225971,24000.0,51.96900939941406,7.700000762939453,0.0,0.0
FL,band,3,AE,AE,ID,18_17,43,146,0.9982478496336412,0.9933970309862896,0.2859889626143453,12000.0,17.682350158691406,2.3999977111816406,0.0,0.0
FL,band,3,AE,AE,ID,19_17,351,60,0.9999525166191834,0.9999919062419063,0.2859889626143453,12000.0,4.513514518737793,1.0,0.0,0.0033333333333697575
FL,band,3,AE,AE,ID,25_17,109,131,0.9810210799075565,0.973736594790298,0.16729524407643967,6000.0,15.951728820800781,1.2999992370605469,0.0,0.0
FL,band,3,AE,AE,ID,26_14,680,68,0.979909169550173,0.997587050093258,0.1440938771548217,6000.0,11.39861011505127,1.9000000953674316,0.0,0.0
FL,band,3,AE,AE,ID,26_16,200,61,0.989672131147541,0.9971764222112217,0.2069894435518293,12000.0,18.83131217956543,0.6000003814697266,0.0,0.048888888889069455
FL,band,3,AE,AE,ID,27_18,118,189,0.9556093623890235,0.9468103455285843,0.6691656797028657,6000.0,5.75021505355835,1.2000000476837158,0.0,0.008888888888935494
FL,band,3,AE,AE,ID,28_12,249,68,0.9884833451452871,0.9968035612652488,0.15984675710927612,12000.0,23.2742862701416,0.0,0.0,0.297777777776383
FL,band,3,AE,AE,ID,28_13,686,146,0.9503674268141699,0.986736443687016,0.11288208201785273,24000.0,17.943721771240234,0.6000003814697266,0.0,0.09888888888860017
FL,band,3,AE,AE,ID,28_14,425,186,0.9639974699557242,0.9836791111562542,0.2632278699245747,12000.0,19.808990478515625,0.5,0.0,0.22222222222108337
FL,band,3,AE,AE,ID,28_15,392,104,0.9892562794348508,0.9971466513580244,0.16497527655276623,12000.0,0.46520116925239563,1.0,0.0,0.021111111111134635
FL,band,3,AE,AE,ID,28_17,58,90,0.9875478927203065,0.9790955712219509,0.22279505208131747,6000.0,0.0,0.8499999046325684,0.0,0.899444444446748
FL,band,3,AE,AE,ID,28_8,279,94,0.9963395104095172,0.9986566955340002,0.4495251317805067,12000.0,0.3889501392841339,0.5,0.0,0.11555555555607044
FL,band,3,AE,AE,ID,29_13,677,52,0.8197363935916373,0.9827324115662435,0.25825670222051667,24000.0,5.016275405883789,0.5999999046325684,0.0,0.016666666666788156
FL,band,3,AE,AE,ID,29_15,177,176,0.9978171545968156,0.9979195171405837,0.16497527655276623,12000.0,0.0,0.10000002384185791,0.0,0.8299999999999044
FL,band,3,AE,AE,ID,29_7,36,44,1.0,1.0,,24000.0,0.0,0.40000003576278687,0.0,1.0
FL,band,3,AE,AE,ID,30_13,201,189,0.964910895259154,0.9702601386329723,0.25825670222051667,12000.0,5.609089136123657,0.5999994277954102,0.0,0.07944444444436266
FL,band,3,AE,AE,ID,30_14,72,152,0.9798976608187135,0.9674610648806458,0.25825670222051667,12000.0,0.0,0.0,0.0,1.0
FL,band,3,AE,AE,ID,31_7,227,456,0.870787927969704,0.7672101181822442,,6000.0,0.0,0.3999999761581421,0.0,0.9744444444447923
FL,band,3,AE,AE,ID,31_8,179,172,0.9391970897752371,0.932259906708635,,6000.0,0.7350000143051147,0.8999998569488525,0.0,0.30555555555629704
FL,shadedX,0,A,A,ID,23_16,33,159,0.8728797408042691,0.6397686504577285,0.031565413329493905,12000.0,5.651198625564575,2.0,0.0,0.0
FL,shadedX,0,A,A,ID,23_18,94,39,0.9148936170212767,0.9353137812823484,0.1286654727237485,12000.0,27.207120895385742,3.200000762939453,0.0,0.0
FL,shadedX,0,A,A,ID,25_16,197,375,0.9864500846023689,0.9775999901110994,0.17568605152900577,12000.0,10.791452407836914,1.2000007629394531,0.0,0.0
FL,shadedX,0,A,A,ID,26_15,125,74,0.7081081081081081,0.8155397527862238,0.032736793066972275,12000.0,15.96895980834961,2.1999988555908203,0.0,0.0
FL,shadedX,0,A,A,ID,27_13,581,28,0.9597983771821983,0.997794259304553,0.14314372048326807,24000.0,31.865880966186523,2.0,0.0,0.0
FL,shadedX,0,A,A,ID,29_10,323,1047,0.9939618133484731,0.9848973404542368,0.20628257277623194,24000.0,4.578184127807617,0.6999998092651367,0.0,0.0
FL,shadedX,0,A,A,ID,30_12,467,125,0.996796573875803,0.9991743181259913,0.1275874707130689,24000.0,7.1570000648498535,0.9000000953674316,0.0,0.0
FL,shadedX,0,A,A,ID,31_10,65,62,0.9875930521091811,0.9900551353401021,0.018654058711205707,6000.0,3.6461427211761475,0.6999998092651367,0.0,0.2933333333345981
FL,shadedX,0,A,AE,OOD,23_16,127,146,0.5184446122316902,0.46268217803272305,0.031565413329493905,12000.0,4.226316452026367,1.5,0.0,0.0
FL,shadedX,0,A,AE,OOD,23_18,87,49,0.7480647431386348,0.8506851965872818,0.2211789203462979,24000.0,25.971442222595215,3.6000003814697266,0.0,0.0
FL,shadedX,0,A,AE,OOD,25_16,134,240,0.5209888059701492,0.40727414077190116,0.16729524407643967,6000.0,7.75809121131897,1.8000000715255737,0.0,0.0
FL,shadedX,0,A,AE,OOD,26_11,48,139,0.5080935251798562,0.41168091655554656,0.32978745236974377,6000.0,3.0514934062957764,1.6000001430511475,27.0,0.017777777777992256
FL,shadedX,0,A,AE,OOD,26_12,295,650,0.48014080834419814,0.3367696136566597,0.9910530477501255,6000.0,3.1712353229522705,1.4000000953674316,32.0,0.015555555555553742
FL,shadedX,0,A,AE,OOD,26_18,37,34,0.7639109697933228,0.7758492005236599,0.1690305949906459,6000.0,20.63298225402832,1.2000007629394531,0.0,0.0
FL,shadedX,0,A,AE,OOD,27_10,469,1295,0.4477793053486018,0.2655237864395995,0.1428175559815026,6000.0,2.905169725418091,0.7999997138977051,2.0,0.010000000000018326
FL,shadedX,0,A,AE,OOD,27_13,262,57,0.11229409401366011,0.7031701361808818,0.453343921918634,12000.0,23.73714828491211,2.299999237060547,0.0,0.0
FL,shadedX,0,A,AE,OOD,29_10,373,911,0.8366023843226811,0.8331206164529243,0.20628257277623194,24000.0,4.2363121509552,0.5999999046325684,0.0,0.0
FL,shadedX,0,A,AE,OOD,30_12,406,127,0.9584771731119817,0.9885539177771943,0.1275874707130689,24000.0,6.035188674926758,0.6999998092651367,0.0,0.01777777777723434
FL,shadedX,0,A,AE,OOD,31_10,111,63,0.9476619476619476,0.9757215979686917,0.018654058711205707,6000.0,3.533240795135498,0.9000005722045898,8.5,0.055555555554778216
FL,shadedX,0,AE,A,OOD,23_16,33,159,0.5982466171145415,0.39285452290783385,0.031565413329493905,12000.0,5.651198625564575,2.0,0.0,0.0
FL,shadedX,0,AE,A,OOD,23_18,94,39,0.5515548281505728,0.784347389175083,0.1286654727237485,12000.0,27.207120895385742,3.200000762939453,0.0,0.0
FL,shadedX,0,AE,A,OOD,25_16,197,375,0.7983620981387478,0.6287125143373143,0.17568605152900577,12000.0,10.791452407836914,1.2000007629394531,0.0,0.0
FL,shadedX,0,AE,A,OOD,26_15,125,74,0.5563243243243243,0.720617329080936,0.032736793066972275,12000.0,15.96895980834961,2.1999988555908203,0.0,0.0
FL,shadedX,0,AE,A,OOD,27_13,581,28,0.9577083845586426,0.997825464150325,0.14314372048326807,24000.0,31.865880966186523,2.0,0.0,0.0
FL,shadedX,0,AE,A,OOD,29_10,323,1047,0.7859223315325224,0.5928118462361063,0.20628257277623194,24000.0,4.578184127807617,0.6999998092651367,0.0,0.0
FL,shadedX,0,AE,A,OOD,30_12,467,125,0.655948608137045,0.8992846885110709,0.1275874707130689,24000.0,7.1570000648498535,0.9000000953674316,0.0,0.0
FL,shadedX,0,AE,A,OOD,31_10,65,62,0.9823821339950373,0.9848317773739992,0.018654058711205707,6000.0,3.6461427211761475,0.6999998092651367,0.0,0.2933333333345981
FL,shadedX,0,AE,AE,ID,23_16,127,146,0.9813396613094596,0.9811789881500709,0.031565413329493905,12000.0,4.226316452026367,1.5,0.0,0.0
FL,shadedX,0,AE,AE,ID,23_18,87,49,0.8669950738916256,0.9334947288952398,0.2211789203462979,24000.0,25.971442222595215,3.6000003814697266,0.0,0.0
FL,shadedX,0,AE,AE,ID,25_16,134,240,0.8912313432835821,0.8557920670555142,0.16729524407643967,6000.0,7.75809121131897,1.8000000715255737,0.0,0.0
FL,shadedX,0,AE,AE,ID,26_11,48,139,0.8724520383693045,0.7531750531272802,0.32978745236974377,6000.0,3.0514934062957764,1.6000001430511475,27.0,0.017777777777992256
FL,shadedX,0,AE,AE,ID,26_12,295,650,0.7361720990873534,0.6319503288378137,0.9910530477501255,6000.0,3.1712353229522705,1.4000000953674316,32.0,0.015555555555553742
FL,shadedX,0,AE,AE,ID,26_18,37,34,0.9165341812400636,0.9137937943737424,0.1690305949906459,6000.0,20.63298225402832,1.2000007629394531,0.0,0.0
FL,shadedX,0,AE,AE,ID,27_10,469,1295,0.8457936462200855,0.7306308474322784,0.1428175559815026,6000.0,2.905169725418091,0.7999997138977051,2.0,0.010000000000018326
FL,shadedX,0,AE,AE,ID,27_13,262,57,0.9232623543591805,0.98161825577441,0.453343921918634,12000.0,23.73714828491211,2.299999237060547,0.0,0.0
FL,shadedX,0,AE,AE,ID,29_10,373,911,0.8715314461614523,0.8659176757500681,0.20628257277623194,24000.0,4.2363121509552,0.5999999046325684,0.0,0.0
FL,shadedX,0,AE,AE,ID,30_12,406,127,0.9630735813195764,0.9898873283865331,0.1275874707130689,24000.0,6.035188674926758,0.6999998092651367,0.0,0.01777777777723434
FL,shadedX,0,AE,AE,ID,31_10,111,63,0.8482768482768483,0.9294066688033228,0.018654058711205707,6000.0,3.533240795135498,0.9000005722045898,8.5,0.055555555554778216
FL,shadedX,1,A,A,ID,19_16,25,64,0.999375,0.9984615384615385,0.11239476929864274,6000.0,3.5267422199249268,2.5,32.0,0.06333333333363134
FL,shadedX,1,A,A,ID,20_16,573,162,0.8654687264344041,0.9590493717813521,0.1904464320677894,12000.0,5.266765594482422,1.0999999046325684,0.0,0.0
FL,shadedX,1,A,A,ID,22_16,52,189,0.9081196581196581,0.8346808046879479,0.017150084265593363,24000.0,5.18652868270874,2.1000001430511475,0.0,0.0
FL,shadedX,1,A,A,ID,23_17,637,408,0.8395435097115769,0.905321239211061,0.031565413329493905,12000.0,12.410079956054688,1.5999999046325684,0.0,0.0
FL,shadedX,1,A,A,ID,24_15,32,316,0.7777887658227848,0.32033982119291743,0.044001914831197315,12000.0,3.69929039478302,2.200000286102295,0.0,0.0
FL,shadedX,1,A,A,ID,24_16,1067,250,0.9564573570759137,0.9885420195530126,0.044001914831197315,12000.0,10.335238456726074,1.5,0.0,0.0
FL,shadedX,1,A,A,ID,25_15,541,212,0.9123652913891117,0.9607365129550944,0.07843489770263268,12000.0,4.835224151611328,1.0,0.0,0.0
FL,shadedX,1,A,A,ID,27_14,338,61,0.9743913085653312,0.995374073748253,0.05096279107270798,12000.0,27.93033218383789,2.200000762939453,0.0,0.0
FL,shadedX,1,A,A,ID,27_17,163,159,0.9562063510437165,0.9612684721678413,0.5346385850465465,24000.0,8.808178901672363,1.6999998092651367,0.0,0.0
FL,shadedX,1,A,A,ID,28_10,194,846,0.8603860495722746,0.6873398799356917,0.1428175559815026,24000.0,7.341926574707031,0.6999998092651367,0.0,0.015555555555584058
FL,shadedX,1,A,A,ID,29_11,815,105,0.5960268770084721,0.9040136689330363,0.053495674986241436,12000.0,8.568949222564697,0.7000002861022949,0.0,0.0
FL,shadedX,1,A,A,ID,29_14,149,923,0.8376682396911151,0.600863282669026,0.2632278699245747,24000.0,3.6958833932876587,0.8000000715255737,0.0,0.0
FL,shadedX,1,A,A,ID,30_10,195,228,0.9630679262258209,0.9493325800992619,0.018654058711205707,24000.0,3.475202798843384,0.5,0.0,0.011111111110949576
FL,shadedX,1,A,A,ID,30_11,383,614,0.6090694925200499,0.5359735018279168,0.018892666494895346,24000.0,5.722896099090576,0.5999999046325684,0.0,0.02555555555551143
FL,shadedX,1,A,AE,OOD,20_16,439,141,0.7552787605615601,0.8863211462028755,0.1904464320677894,12000.0,2.685625910758972,1.0,0.0,0.0
FL,shadedX,1,A,AE,OOD,22_16,91,141,0.3831345959005534,0.34064025855999397,0.017150084265593363,24000.0,4.445235013961792,1.8000001907348633,0.0,0.0
FL,shadedX,1,A,AE,OOD,23_17,302,334,0.38920172899234645,0.5103941278570192,0.031565413329493905,12000.0,8.2915678024292,1.75,0.0,0.0
FL,shadedX,1,A,AE,OOD,24_15,256,240,0.17425130208333334,0.3511002777495578,0.044001914831197315,6000.0,2.785388708114624,1.3000001907348633,0.0,0.0
FL,shadedX,1,A,AE,OOD,24_16,153,229,0.4379655792447984,0.4487151344094323,0.044001914831197315,6000.0,3.9699491262435913,1.3000001907348633,0.0,0.0
FL,shadedX,1,A,AE,OOD,25_15,469,146,0.568376318018518,0.8275045551173307,0.07843489770263268,12000.0,2.3537352085113525,1.0,0.0,0.0
FL,shadedX,1,A,AE,OOD,27_14,444,40,0.9283783783783783,0.9926053969751187,0.05096279107270798,12000.0,18.66473960876465,0.0,0.0,0.5211111111103357
FL,shadedX,1,A,AE,OOD,27_17,211,104,0.6703426904848706,0.7778835084489097,0.5346385850465465,12000.0,0.534736692905426,0.3999999761581421,0.0,0.044444444443707355
FL,shadedX,1,A,AE,OOD,28_10,123,719,0.4402795210149598,0.12205972237193848,0.3039534517150772,6000.0,5.62940788269043,0.7999997138977051,0.0,0.01666666666648499
FL,shadedX,1,A,AE,OOD,29_11,301,92,0.6107178968655208,0.8147448994399897,0.053495674986241436,12000.0,9.150497436523438,0.0,0.0,0.8011111111135097
FL,shadedX,1,A,AE,OOD,29_14,743,762,0.5349067234697951,0.4959376632999143,0.25825670222051667,12000.0,2.9060516357421875,0.6000000238418579,0.0,0.011111111110464509
FL,shadedX,1,A,AE,OOD,30_10,840,177,0.9563626580575733,0.9888495332754699,0.018654058711205707,24000.0,2.6814820766448975,0.3000001907348633,0.0,0.09555555555624605
FL,shadedX,1,A,AE,OOD,30_11,92,970,0.6047624383684447,0.20563302056479985,0.20628257277623194,24000.0,6.68139910697937,0.6999998092651367,0.0,0.027777777777919625
FL,shadedX,1,A,AE,OOD,31_9,319,3080,0.3855025851891056,0.11618358038440074,0.029188088072685917,6000.0,2.210665225982666,0.6999998092651367,45.0,0.02888888888875992
FL,shadedX,1,AE,A,OOD,19_16,25,64,0.91875,0.7119473293817573,0.11239476929864274,6000.0,3.5267422199249268,2.5,32.0,0.06333333333363134
FL,shadedX,1,AE,A,OOD,20_16,573,162,0.5357873871544611,0.805481985403429,0.1904464320677894,12000.0,5.266765594482422,1.0999999046325684,0.0,0.0
FL,shadedX,1,AE,A,OOD,22_16,52,189,0.5991045991045991,0.2639885350647018,0.017150084265593363,24000.0,5.18652868270874,2.1000001430511475,0.0,0.0
FL,shadedX,1,AE,A,OOD,23_17,637,408,0.6077007726167389,0.7342348718461333,0.031565413329493905,12000.0,12.410079956054688,1.5999999046325684,0.0,0.0
FL,shadedX,1,AE,A,OOD,24_15,32,316,0.35868275316455694,0.07468101129825193,0.044001914831197315,12000.0,3.69929039478302,2.200000286102295,0.0,0.0
FL,shadedX,1,AE,A,OOD,24_16,1067,250,0.42068978444236177,0.7447233470172326,0.044001914831197315,12000.0,10.335238456726074,1.5,0.0,0.0
FL,shadedX,1,AE,A,OOD,25_15,541,212,0.6360600564991455,0.7672541893239567,0.07843489770263268,12000.0,4.835224151611328,1.0,0.0,0.0
FL,shadedX,1,AE,A,OOD,27_14,338,61,0.9193908235522359,0.9835966766175726,0.05096279107270798,12000.0,27.93033218383789,2.200000762939453,0.0,0.0
FL,shadedX,1,AE,A,OOD,27_17,163,159,0.5356715669251843,0.5809299130986879,0.5346385850465465,24000.0,8.808178901672363,1.6999998092651367,0.0,0.0
FL,shadedX,1,AE,A,OOD,28_10,194,846,0.7231544442007262,0.29765986094436264,0.1428175559815026,24000.0,7.341926574707031,0.6999998092651367,0.0,0.015555555555584058
FL,shadedX,1,AE,A,OOD,29_11,815,105,0.6369851007887818,0.9260210264616042,0.053495674986241436,12000.0,8.568949222564697,0.7000002861022949,0.0,0.0
FL,shadedX,1,AE,A,OOD,29_14,149,923,0.6159590480414755,0.2553103675576766,0.2632278699245747,24000.0,3.6958833932876587,0.8000000715255737,0.0,0.0
FL,shadedX,1,AE,A,OOD,30_10,195,228,0.9836257309941521,0.984019599226438,0.018654058711205707,24000.0,3.475202798843384,0.5,0.0,0.011111111110949576
FL,shadedX,1,AE,A,OOD,30_11,383,614,0.8850026790042607,0.916275258577688,0.018892666494895346,24000.0,5.722896099090576,0.5999999046325684,0.0,0.02555555555551143
FL,shadedX,1,AE,AE,ID,20_16,439,141,0.8601754470993069,0.952265760821689,0.1904464320677894,12000.0,2.685625910758972,1.0,0.0,0.0
FL,shadedX,1,AE,AE,ID,22_16,91,141,0.7262099602525134,0.5955931141344073,0.017150084265593363,24000.0,4.445235013961792,1.8000001907348633,0.0,0.0
FL,shadedX,1,AE,AE,ID,23_17,302,334,0.8336935400721737,0.8141641935969586,0.031565413329493905,12000.0,8.2915678024292,1.75,0.0,0.0
FL,shadedX,1,AE,AE,ID,24_15,256,240,0.8276529947916667,0.8691669331868841,0.044001914831197315,6000.0,2.785388708114624,1.3000001907348633,0.0,0.0
FL,shadedX,1,AE,AE,ID,24_16,153,229,0.6913263121842623,0.5319089337527528,0.044001914831197315,6000.0,3.9699491262435913,1.3000001907348633,0.0,0.0
FL,shadedX,1,AE,AE,ID,25_15,469,146,0.8407716797616613,0.937784467531602,0.07843489770263268,12000.0,2.3537352085113525,1.0,0.0,0.0
FL,shadedX,1,AE,AE,ID,27_14,444,40,0.9584459459459459,0.9962018869779211,0.05096279107270798,12000.0,18.66473960876465,0.0,0.0,0.5211111111103357
FL,shadedX,1,AE,AE,ID,27_17,211,104,0.9310973386802771,0.97035908748791,0.5346385850465465,12000.0,0.534736692905426,0.3999999761581421,0.0,0.044444444443707355
FL,shadedX,1,AE,AE,ID,28_10,123,719,0.5479833101529903,0.14902552070264746,0.3039534517150772,6000.0,5.62940788269043,0.7999997138977051,0.0,0.01666666666648499
FL,shadedX,1,AE,AE,ID,29_11,301,92,0.9836414849053878,0.9956914077698994,0.053495674986241436,12000.0,9.150497436523438,0.0,0.0,0.8011111111135097
FL,shadedX,1,AE,AE,ID,29_14,743,762,0.8536436310198774,0.8836608633110181,0.25825670222051667,12000.0,2.9060516357421875,0.6000000238418579,0.0,0.011111111110464509
FL,shadedX,1,AE,AE,ID,30_10,840,177,0.9562684960990047,0.9899399975534702,0.018654058711205707,24000.0,2.6814820766448975,0.3000001907348633,0.0,0.09555555555624605
FL,shadedX,1,AE,AE,ID,30_11,92,970,0.74332138054684,0.49714567350434385,0.20628257277623194,24000.0,6.68139910697937,0.6999998092651367,0.0,0.027777777777919625
FL,shadedX,1,AE,AE,ID,31_9,319,3080,0.623302324634613,0.2232828582581592,0.029188088072685917,6000.0,2.210665225982666,0.6999998092651367,45.0,0.02888888888875992
FL,shadedX,2,A,A,ID,20_17,202,25,0.8774257425742573,0.9799965352951828,0.6542236302232683,24000.0,22.627304077148438,2.1000003814697266,0.0,0.0
FL,shadedX,2,A,A,ID,21_16,900,171,0.9357179987004548,0.983390586973909,0.07975562019792173,24000.0,6.387444972991943,1.2000000476837158,0.0,0.0
FL,shadedX,2,A,A,ID,22_17,480,598,0.8609810479375697,0.857023165647785,0.18539784796927666,24000.0,5.270273685455322,1.9000000953674316,0.0,0.0
FL,shadedX,2,A,A,ID,24_17,452,452,0.9950661758947451,0.9951092744235327,0.11678587080871551,12000.0,21.345995903015137,1.6000003814697266,0.0,0.0
FL,shadedX,2,A,A,ID,24_18,30,185,0.996936936936937,0.9827832587325706,0.13683805302577387,12000.0,24.59263801574707,2.3000011444091797,0.0,0.0
FL,shadedX,2,A,A,ID,26_13,43,388,0.926935986573963,0.8173982715519736,0.453343921918634,12000.0,6.7986345291137695,1.500000238418579,24.0,0.004444444444391955
FL,shadedX,2,A,A,ID,27_11,298,76,0.4510332038149064,0.7751205876667919,0.2623886226362189,12000.0,12.2006516456604,1.1999999284744263,0.0,0.0
FL,shadedX,2,A,A,ID,27_16,516,42,0.967561830933924,0.9971867205689187,0.06725932869430318,12000.0,8.796587944030762,1.9500000476837158,0.0,0.0
FL,shadedX,2,A,A,ID,28_11,371,137,0.9620477305369193,0.9828002474993839,0.053495674986241436,12000.0,21.252573013305664,0.9000000953674316,0.0,0.0
FL,shadedX,2,A,A,ID,28_16,291,341,0.8476685713134,0.7880408413678566,0.2785330128915243,12000.0,4.182518482208252,0.8499999046325684,0.0,0.0
FL,shadedX,2,A,AE,OOD,20_15,47,91,0.5534252981061492,0.3984952676656929,0.1904464320677894,12000.0,3.36807119846344,1.1999999284744263,0.0,0.0
FL,shadedX,2,A,AE,OOD,21_16,551,123,0.674619686305756,0.8611816724809793,0.07975562019792173,24000.0,2.01081645488739,1.2999999523162842,0.0,0.0
FL,shadedX,2,A,AE,OOD,22_17,171,458,0.2990244899001507,0.19172828724734717,0.017150084265593363,24000.0,4.57172155380249,1.899999976158142,0.0,0.0
FL,shadedX,2,A,AE,OOD,24_17,127,364,0.5425067058925327,0.34585629806847173,0.44741975127004835,6000.0,14.828407287597656,2.700000762939453,0.0,0.0
FL,shadedX,2,A,AE,OOD,24_18,67,149,0.3359711509566262,0.23701335744496585,0.13683805302577387,12000.0,21.971360206604004,2.7500009536743164,0.0,0.0
FL,shadedX,2,A,AE,OOD,26_13,270,246,0.7166214995483289,0.8291156526540269,0.453343921918634,6000.0,8.454907894134521,1.75,0.0,0.0
FL,shadedX,2,A,AE,OOD,27_11,93,73,0.6433937251436146,0.675030244387052,0.32978745236974377,12000.0,6.8862693309783936,1.9000000953674316,0.0,0.0005555555555414153
FL,shadedX,2,A,AE,OOD,27_9,127,66,0.4677881173944166,0.7114231429202797,0.3039534517150772,12000.0,1.4042375087738037,0.6999999284744263,2.0,0.02777777777749519
FL,shadedX,2,A,AE,OOD,28_11,111,73,0.6664198445020363,0.7916943212834764,0.2463294231968003,6000.0,11.159244537353516,1.6499996185302734,0.0,0.0
FL,shadedX,2,A,AE,OOD,28_16,204,255,0.590080738177624,0.511085391467116,0.2785330128915243,12000.0,2.4050357341766357,0.7999999523162842,0.0,0.0
FL,shadedX,2,A,AE,OOD,28_9,224,738,0.6107905052264808,0.32168304699589073,0.3039534517150772,6000.0,3.123901128768921,0.8000001907348633,40.0,0.0177777777779013
FL,shadedX,2,A,AE,OOD,31_11,41,281,0.6529815120215259,0.17924308614700743,0.3742745554838165,12000.0,2.5032976865768433,0.6999998092651367,0.0,0.01444444444431933
FL,shadedX,2,AE,A,OOD,20_17,202,25,0.44752475247524753,0.8851089313203582,0.6542236302232683,24000.0,22.627304077148438,2.1000003814697266,0.0,0.0
FL,shadedX,2,AE,A,OOD,21_16,900,171,0.8116374269005848,0.9332471759858285,0.07975562019792173,24000.0,6.387444972991943,1.2000000476837158,0.0,0.0
FL,shadedX,2,AE,A,OOD,22_17,480,598,0.6894300445930881,0.6712935795126895,0.18539784796927666,24000.0,5.270273685455322,1.9000000953674316,0.0,0.0
FL,shadedX,2,AE,A,OOD,24_17,452,452,0.8375998512021303,0.8602612249284893,0.11678587080871551,12000.0,21.345995903015137,1.6000003814697266,0.0,0.0
FL,shadedX,2,AE,A,OOD,24_18,30,185,0.7515315315315315,0.44941000119560653,0.13683805302577387,12000.0,24.59263801574707,2.3000011444091797,0.0,0.0
FL,shadedX,2,AE,A,OOD,26_13,43,388,0.8025653320546632,0.38107134787932906,0.453343921918634,12000.0,6.7986345291137695,1.500000238418579,24.0,0.004444444444391955
FL,shadedX,2,AE,A,OOD,27_11,298,76,0.6607205934298835,0.8939774126666056,0.2623886226362189,12000.0,12.2006516456604,1.1999999284744263,0.0,0.0
FL,shadedX,2,AE,A,OOD,27_16,516,42,0.7129014396456257,0.9719014163421766,0.06725932869430318,12000.0,8.796587944030762,1.9500000476837158,0.0,0.0
FL,shadedX,2,AE,A,OOD,28_11,371,137,0.7328978692427253,0.8774269899314344,0.053495674986241436,12000.0,21.252573013305664,0.9000000953674316,0.0,0.0
FL,shadedX,2,AE,A,OOD,28_16,291,341,0.7579990124053977,0.7398088754919433,0.2785330128915243,12000.0,4.182518482208252,0.8499999046325684,0.0,0.0
FL,shadedX,2,AE,AE,ID,20_15,47,91,0.8019639934533551,0.6675285155093117,0.1904464320677894,12000.0,3.36807119846344,1.1999999284744263,0.0,0.0
FL,shadedX,2,AE,AE,ID,21_16,551,123,0.8490844436575038,0.9633302808413762,0.07975562019792173,24000.0,2.01081645488739,1.2999999523162842,0.0,0.0
FL,shadedX,2,AE,AE,ID,22_17,171,458,0.8302944406139073,0.7447769920167224,0.017150084265593363,24000.0,4.57172155380249,1.899999976158142,0.0,0.0
FL,shadedX,2,AE,AE,ID,24_17,127,364,0.7732759366617634,0.6442839742753566,0.44741975127004835,6000.0,14.828407287597656,2.700000762939453,0.0,0.0
FL,shadedX,2,AE,AE,ID,24_18,67,149,0.8642692577381549,0.8131821478103354,0.13683805302577387,12000.0,21.971360206604004,2.7500009536743164,0.0,0.0
FL,shadedX,2,AE,AE,ID,26_13,270,246,0.8857573020174646,0.9181689389503214,0.453343921918634,6000.0,8.454907894134521,1.75,0.0,0.0
FL,shadedX,2,AE,AE,ID,27_11,93,73,0.8718515245249668,0.8935084557488988,0.32978745236974377,12000.0,6.8862693309783936,1.9000000953674316,0.0,0.0005555555555414153
FL,shadedX,2,AE,AE,ID,27_9,127,66,0.8934621808637557,0.949106697053107,0.3039534517150772,12000.0,1.4042375087738037,0.6999999284744263,2.0,0.02777777777749519
FL,shadedX,2,AE,AE,ID,28_11,111,73,0.9175613970134517,0.9485391445982568,0.2463294231968003,6000.0,11.159244537353516,1.6499996185302734,0.0,0.0
FL,shadedX,2,AE,AE,ID,28_16,204,255,0.8953863898500576,0.8995720528070221,0.2785330128915243,12000.0,2.4050357341766357,0.7999999523162842,0.0,0.0
FL,shadedX,2,AE,AE,ID,28_9,224,738,0.7756424216027875,0.6400509457919699,0.3039534517150772,6000.0,3.123901128768921,0.8000001907348633,40.0,0.0177777777779013
FL,shadedX,2,AE,AE,ID,31_11,41,281,0.8404652373925874,0.5018213965968291,0.3742745554838165,12000.0,2.5032976865768433,0.6999998092651367,0.0,0.01444444444431933
FL,shadedX,3,A,A,ID,16_17,62,110,0.8904692082111436,0.6957842991750472,0.2084060214673994,12000.0,4.148733377456665,1.949999988079071,0.0,0.002222222222180819
FL,shadedX,3,A,A,ID,17_17,60,436,0.8599770642201835,0.3186134986190971,0.8215066262225971,12000.0,3.4989017248153687,2.0999999046325684,0.0,0.001111111111113147
FL,shadedX,3,A,A,ID,18_17,42,74,0.8803088803088803,0.8038336376006976,0.2859889626143453,12000.0,3.1687122583389282,1.7499998211860657,0.0,0.003333333333339441
FL,shadedX,3,A,A,ID,19_17,326,98,0.7879992487792663,0.9010826525683161,0.11239476929864274,12000.0,12.554558753967285,1.8999996185302734,0.0,0.0
FL,shadedX,3,A,A,ID,25_17,330,200,0.9792424242424242,0.9881311626073976,0.16729524407643967,12000.0,37.89324951171875,1.0,0.0,0.0
FL,shadedX,3,A,A,ID,26_14,53,391,0.9016551657578536,0.70083133671397,0.14314372048326807,6000.0,13.063902854919434,2.8999998569488525,0.0,0.001111111111113147
FL,shadedX,3,A,A,ID,26_16,498,55,0.7257028112449799,0.9119467342405039,0.2069894435518293,12000.0,23.49825096130371,1.0,0.0,0.0
FL,shadedX,3,A,A,ID,27_18,130,433,0.9259193462426718,0.7068429489033369,0.03668747818753617,12000.0,2.676913261413574,1.2000000476837158,0.0,0.006666666666587933
FL,shadedX,3,A,A,ID,28_12,317,49,0.7623124959763085,0.9457915825304077,0.15984675710927612,12000.0,25.004870414733887,1.8000011444091797,0.0,0.0
FL,shadedX,3,A,A,ID,28_13,195,138,0.7579710144927536,0.7974996533984005,0.15984675710927612,24000.0,20.34276580810547,1.7999992370605469,0.0,0.005555555555565735
FL,shadedX,3,A,A,ID,28_14,69,155,0.7493221131369798,0.4797949877924882,0.05096279107270798,24000.0,4.5568530559539795,2.9999998807907104,0.0,0.0
FL,shadedX,3,A,A,ID,28_15,574,47,0.8389057750759878,0.9836084162867863,0.16497527655276623,24000.0,10.194413185119629,1.5,0.0,0.0
FL,shadedX,3,A,A,ID,28_17,51,169,0.9988397725954287,0.9958568403127628,0.22279505208131747,12000.0,2.428839921951294,1.8999998569488525,0.0,0.013333333333418398
FL,shadedX,3,A,A,ID,29_13,298,459,0.758009094763931,0.5889014833772472,0.11288208201785273,24000.0,8.119693756103516,0.7999992370605469,0.0,0.0
FL,shadedX,3,A,A,ID,29_15,229,569,0.9155186836632104,0.8737183884293946,0.16497527655276623,24000.0,2.1545372009277344,1.4000002145767212,0.0,0.0
FL,shadedX,3,A,A,ID,30_13,71,412,0.5836523998359087,0.1570831294887389,0.25825670222051667,12000.0,6.215978145599365,0.8000001907348633,1.0,0.004444444444331322
FL,shadedX,3,A,A,ID,31_7,103,43,0.8123729961616618,0.9282743562412166,,12000.0,1.0360000133514404,0.39999985694885254,0.0,0.2611111111116806
FL,shadedX,3,A,A,ID,31_8,167,265,0.9999774036831997,0.9999643570002852,,12000.0,1.848406970500946,0.5,7.5,0.02222222222220231
FL,shadedX,3,A,AE,OOD,16_17,141,106,0.8057005218787635,0.8315888938429332,0.7830257529484034,12000.0,3.677619457244873,1.1999999284744263,0.0,0.00888888888887486
FL,shadedX,3,A,AE,OOD,17_17,207,399,0.8033126293995859,0.6002731134104867,0.7830257529484034,12000.0,3.603523373603821,2.0,0.0,0.004444444444316164
FL,shadedX,3,A,AE,OOD,18_17,43,63,0.8253968253968255,0.8003170374924417,0.2859889626143453,12000.0,1.9470195174217224,2.149999976158142,0.0,0.02888888888830518
FL,shadedX,3,A,AE,OOD,19_17,351,104,0.6929651545036161,0.8611812440608325,0.2859889626143453,12000.0,5.286984443664551,1.3999998569488525,0.0,0.001111111111113147
FL,shadedX,3,A,AE,OOD,25_17,109,155,0.5341225214560521,0.4538857229989438,0.16729524407643967,6000.0,21.705299377441406,1.5499992370605469,0.0,0.0
FL,shadedX,3,A,AE,OOD,26_14,680,290,0.41658215010141986,0.7197804708173647,0.1440938771548217,6000.0,11.624040603637695,2.1000001430511475,0.0,0.0
FL,shadedX,3,A,AE,OOD,26_16,200,38,0.7932894736842105,0.9298994727282772,0.2069894435518293,12000.0,18.561518669128418,0.25,0.0,0.1861111111116644
FL,shadedX,3,A,AE,OOD,27_18,118,310,0.7579278294149809,0.5399731238047105,0.6691656797028657,6000.0,2.6825408935546875,1.0000001192092896,0.0,0.010000000000063798
FL,shadedX,3,A,AE,OOD,28_12,249,86,0.7623050340898476,0.8962575557987242,0.15984675710927612,12000.0,23.324237823486328,0.0,0.0,0.297777777776383
FL,shadedX,3,A,AE,OOD,28_13,686,65,0.8549002018389772,0.9808726246196185,0.11288208201785273,24000.0,16.94541358947754,0.40000057220458984,0.0,0.3366666666640695
FL,shadedX,3,A,AE,OOD,28_14,425,108,0.7731808278867103,0.9384752808163562,0.2632278699245747,12000.0,18.59283447265625,0.0,0.0,0.36333333333214896
FL,shadedX,3,A,AE,OOD,28_15,392,54,0.8393329554043839,0.9742710436455846,0.16497527655276623,12000.0,0.4149065166711807,0.6499999761581421,0.0,0.05000000000022807
FL,shadedX,3,A,AE,OOD,28_17,58,127,0.7252240021721422,0.48767062651069815,0.22279505208131747,6000.0,2.0457422733306885,1.4000000953674316,0.0,0.0666666666668495
FL,shadedX,3,A,AE,OOD,28_8,279,117,0.3339460221180651,0.6248078664282277,0.4495251317805067,12000.0,1.1815370321273804,0.5000000596046448,0.0,0.05222222222207541
FL,shadedX,3,A,AE,OOD,29_13,677,404,0.466066806089767,0.6466568321128675,0.25825670222051667,24000.0,5.494655609130859,0.6000003814697266,0.0,0.0033333333330362765
FL,shadedX,3,A,AE,OOD,29_15,177,438,0.3976988365193612,0.2418502502233678,0.16497527655276623,12000.0,1.443261742591858,1.0000001192092896,0.0,0.013333333333448714
FL,shadedX,3,A,AE,OOD,30_13,201,353,0.6001014756247093,0.3839442483289501,0.25825670222051667,12000.0,5.811703205108643,0.6999998092651367,0.0,0.014444444444531544
FL,shadedX,3,A,AE,OOD,30_14,72,243,0.8469935985368084,0.8131577248674129,0.25825670222051667,12000.0,2.0396573543548584,1.1000001430511475,0.0,0.04444444444319196
FL,shadedX,3,A,AE,OOD,31_7,227,59,0.5105652206376465,0.7964965316504279,,6000.0,0.6320000290870667,0.5,0.0,0.5911111111128571
FL,shadedX,3,A,AE,OOD,31_8,179,186,0.4735387757553914,0.5682471177610366,,6000.0,1.3332350254058838,0.7000002861022949,24.0,0.008888888888753593
FL,shadedX,3,AE,A,OOD,16_17,62,110,0.7812316715542521,0.6824116216463307,0.2084060214673994,12000.0,4.148733377456665,1.949999988079071,0.0,0.002222222222180819
FL,shadedX,3,AE,A,OOD,17_17,60,436,0.8431957186544342,0.34875880623697947,0.8215066262225971,12000.0,3.4989017248153687,2.0999999046325684,0.0,0.001111111111113147
FL,shadedX,3,AE,A,OOD,18_17,42,74,0.777027027027027,0.7183445407592386,0.2859889626143453,12000.0,3.1687122583389282,1.7499998211860657,0.0,0.003333333333339441
FL,shadedX,3,AE,A,OOD,19_17,326,98,0.6512144735194692,0.8431340406989154,0.11239476929864274,12000.0,12.554558753967285,1.8999996185302734,0.0,0.0
FL,shadedX,3,AE,A,OOD,25_17,330,200,0.7946666666666666,0.8721328956792617,0.16729524407643967,12000.0,37.89324951171875,1.0,0.0,0.0
FL,shadedX,3,AE,A,OOD,26_14,53,391,0.6984027409158906,0.24835213643492493,0.14314372048326807,6000.0,13.063902854919434,2.8999998569488525,0.0,0.001111111111113147
FL,shadedX,3,AE,A,OOD,26_16,498,55,0.7596933187294632,0.9683969328703781,0.2069894435518293,12000.0,23.49825096130371,1.0,0.0,0.0
FL,shadedX,3,AE,A,OOD,27_18,130,433,0.5522828211049919,0.2576801550686538,0.03668747818753617,12000.0,2.676913261413574,1.2000000476837158,0.0,0.006666666666587933
FL,shadedX,3,AE,A,OOD,28_12,317,49,0.8093735917079765,0.9629791907968471,0.15984675710927612,12000.0,25.004870414733887,1.8000011444091797,0.0,0.0
FL,shadedX,3,AE,A,OOD,28_13,195,138,0.5072092159048681,0.6734826653820565,0.15984675710927612,24000.0,20.34276580810547,1.7999992370605469,0.0,0.005555555555565735
FL,shadedX,3,AE,A,OOD,28_14,69,155,0.704721832632071,0.6096627343724528,0.05096279107270798,24000.0,4.5568530559539795,2.9999998807907104,0.0,0.0
FL,shadedX,3,AE,A,OOD,28_15,574,47,0.4785380680554526,0.9300468562613954,0.16497527655276623,24000.0,10.194413185119629,1.5,0.0,0.0
FL,shadedX,3,AE,A,OOD,28_17,51,169,0.46003016591251883,0.24188811719943715,0.22279505208131747,12000.0,2.428839921951294,1.8999998569488525,0.0,0.013333333333418398
FL,shadedX,3,AE,A,OOD,29_13,298,459,0.5262753871123393,0.4530012980705649,0.11288208201785273,24000.0,8.119693756103516,0.7999992370605469,0.0,0.0
FL,shadedX,3,AE,A,OOD,29_15,229,569,0.7112301517256199,0.523134183104333,0.16497527655276623,24000.0,2.1545372009277344,1.4000002145767212,0.0,0.0
FL,shadedX,3,AE,A,OOD,30_13,71,412,0.5834130999589772,0.18610463792091647,0.25825670222051667,12000.0,6.215978145599365,0.8000001907348633,1.0,0.004444444444331322
FL,shadedX,3,AE,A,OOD,31_7,103,43,0.9460374802438474,0.9754343022921278,,12000.0,1.0360000133514404,0.39999985694885254,0.0,0.2611111111116806
FL,shadedX,3,AE,A,OOD,31_8,167,265,0.9736752909275789,0.90726250618002,,12000.0,1.848406970500946,0.5,7.5,0.02222222222220231
FL,shadedX,3,AE,AE,ID,16_17,141,106,0.9098086444533654,0.9319826723302848,0.7830257529484034,12000.0,3.677619457244873,1.1999999284744263,0.0,0.00888888888887486
FL,shadedX,3,AE,AE,ID,17_17,207,399,0.871901977165135,0.7659731404622551,0.7830257529484034,12000.0,3.603523373603821,2.0,0.0,0.004444444444316164
FL,shadedX,3,AE,AE,ID,18_17,43,63,0.91546696197859,0.9186240690310702,0.2859889626143453,12000.0,1.9470195174217224,2.149999976158142,0.0,0.02888888888830518
FL,shadedX,3,AE,AE,ID,19_17,351,104,0.8847249616480387,0.965069320622749,0.2859889626143453,12000.0,5.286984443664551,1.3999998569488525,0.0,0.001111111111113147
FL,shadedX,3,AE,AE,ID,25_17,109,155,0.765729505770938,0.7487265412887444,0.16729524407643967,6000.0,21.705299377441406,1.5499992370605469,0.0,0.0
FL,shadedX,3,AE,AE,ID,26_14,680,290,0.8585294117647059,0.9391006512961515,0.1440938771548217,6000.0,11.624040603637695,2.1000001430511475,0.0,0.0
FL,shadedX,3,AE,AE,ID,26_16,200,38,0.9434210526315788,0.9897010607315772,0.2069894435518293,12000.0,18.561518669128418,0.25,0.0,0.1861111111116644
FL,shadedX,3,AE,AE,ID,27_18,118,310,0.8458993985784581,0.7294425109467053,0.6691656797028657,6000.0,2.6825408935546875,1.0000001192092896,0.0,0.010000000000063798
FL,shadedX,3,AE,AE,ID,28_12,249,86,0.9499392920519285,0.9851432199702098,0.15984675710927612,12000.0,23.324237823486328,0.0,0.0,0.297777777776383
FL,shadedX,3,AE,AE,ID,28_13,686,65,0.9166853554608656,0.9914581410638392,0.11288208201785273,24000.0,16.94541358947754,0.40000057220458984,0.0,0.3366666666640695
FL,shadedX,3,AE,AE,ID,28_14,425,108,0.9215468409586056,0.9808022606262953,0.2632278699245747,12000.0,18.59283447265625,0.0,0.0,0.36333333333214896
FL,shadedX,3,AE,AE,ID,28_15,392,54,0.92989417989418,0.9898446514409691,0.16497527655276623,12000.0,0.4149065166711807,0.6499999761581421,0.0,0.05000000000022807
FL,shadedX,3,AE,AE,ID,28_17,58,127,0.8171327721965789,0.7582132127542971,0.22279505208131747,6000.0,2.0457422733306885,1.4000000953674316,0.0,0.0666666666668495
FL,shadedX,3,AE,AE,ID,28_8,279,117,0.7865392273994424,0.910726440873653,0.4495251317805067,12000.0,1.1815370321273804,0.5000000596046448,0.0,0.05222222222207541
FL,shadedX,3,AE,AE,ID,29_13,677,404,0.816418532547494,0.8930791324634535,0.25825670222051667,24000.0,5.494655609130859,0.6000003814697266,0.0,0.0033333333330362765
FL,shadedX,3,AE,AE,ID,29_15,177,438,0.9678817428991564,0.9572171889552635,0.16497527655276623,12000.0,1.443261742591858,1.0000001192092896,0.0,0.013333333333448714
FL,shadedX,3,AE,AE,ID,30_13,201,353,0.8854734824461263,0.8486937364916924,0.25825670222051667,12000.0,5.811703205108643,0.6999998092651367,0.0,0.014444444444531544
FL,shadedX,3,AE,AE,ID,30_14,72,243,0.8655692729766804,0.8187082298310158,0.25825670222051667,12000.0,2.0396573543548584,1.1000001430511475,0.0,0.04444444444319196
FL,shadedX,3,AE,AE,ID,31_7,227,59,0.9082356454864482,0.9767971409424847,,6000.0,0.6320000290870667,0.5,0.0,0.5911111111128571
FL,shadedX,3,AE,AE,ID,31_8,179,186,0.8246831260887848,0.8485993632033072,,6000.0,1.3332350254058838,0.7000002861022949,24.0,0.008888888888753593
