state,protocol,fold,train_domain,eval_domain,kind,tile,n_pos,n_neg,auc,ap,bfe,panel_scale,elev,hand,imperv,water
VT,band,0,A,A,ID,35_51,139,42,0.9391915039397054,0.9775880229416574,0.632824558747173,24000.0,29.56999969482422,0.0,0.0,0.6511111111119043
VT,band,0,A,A,ID,36_49,738,660,0.9884023158413402,0.9872640390173063,1.2456999735442347,12000.0,290.8406066894531,7.850013732910156,0.0,0.0
VT,band,0,A,A,ID,36_51,402,643,0.9916243046045047,0.988828301288845,2.7378647473443487,6000.0,300.5626525878906,23.100006103515625,0.0,0.0
VT,band,0,A,A,ID,37_48,570,636,0.988585457354077,0.987209639796939,2.0980755805239,12000.0,452.94000244140625,12.700004577636719,0.0,0.0
VT,band,0,A,AE,OOD,35_51,413,71,0.9264570473689596,0.9806644076072315,0.632824558747173,24000.0,29.56999969482422,0.0,0.0,0.8755555555563912
VT,band,0,A,AE,OOD,36_49,367,604,0.9867188768789361,0.9733534653533902,1.2456999735442347,12000.0,326.9890441894531,19.70001220703125,0.0,0.0
VT,band,0,A,AE,OOD,36_51,568,846,0.9920774647887323,0.9863685494778869,2.7378647473443487,6000.0,289.5704650878906,21.10000228881836,0.0,0.0
VT,band,0,A,AE,OOD,37_48,264,317,0.9890426345473664,0.9889930895884689,2.0980755805239,12000.0,452.94000244140625,15.199996948242188,0.0,0.0
VT,band,0,AE,A,OOD,35_51,139,42,0.935251798561151,0.9768179754713895,0.632824558747173,24000.0,29.56999969482422,0.0,0.0,0.6511111111119043
VT,band,0,AE,A,OOD,36_49,738,660,0.9882052229613205,0.9873291800412131,1.2456999735442347,12000.0,290.8406066894531,7.850013732910156,0.0,0.0
VT,band,0,AE,A,OOD,36_51,402,643,0.9916436480118846,0.9863474105886465,2.7378647473443487,6000.0,300.5626525878906,23.100006103515625,0.0,0.0
VT,band,0,AE,A,OOD,37_48,570,636,0.9883344367207327,0.9880922657971205,2.0980755805239,12000.0,452.94000244140625,12.700004577636719,0.0,0.0
VT,band,0,AE,AE,ID,35_51,413,71,0.9320669781400266,0.9842135231006635,0.632824558747173,24000.0,29.56999969482422,0.0,0.0,0.8755555555563912
VT,band,0,AE,AE,ID,36_49,367,604,0.9847249039103524,0.962110364714283,1.2456999735442347,12000.0,326.9890441894531,19.70001220703125,0.0,0.0
VT,band,0,AE,AE,ID,36_51,568,846,0.9931492025438684,0.98844532574545,2.7378647473443487,6000.0,289.5704650878906,21.10000228881836,0.0,0.0
VT,band,0,AE,AE,ID,37_48,264,317,0.9894489054583692,0.9888503269294169,2.0980755805239,12000.0,452.94000244140625,15.199996948242188,0.0,0.0
VT,band,1,A,A,ID,36_48,211,280,0.9892857142857143,0.9837646994852816,2.966575696441484,6000.0,307.0805969238281,11.5,0.0,0.0
VT,band,1,A,A,ID,36_50,1469,1150,0.9896534169947021,0.9918873196972999,1.2456999735442347,12000.0,208.58999633789062,6.200004577636719,0.0,0.0
VT,band,1,A,A,ID,37_51,222,250,0.9576756756756757,0.945398449566416,0.8394054991673486,12000.0,275.79466247558594,10.000007629394531,0.0,0.0
VT,band,1,A,A,ID,37_52,405,397,0.9459588891998632,0.9462871916082269,2.7378647473443487,12000.0,374.4640350341797,10.0,0.0,0.0
VT,band,1,A,AE,OOD,36_48,183,399,0.9895229877973624,0.9755269247893301,2.966575696441484,6000.0,326.4600372314453,20.900001525878906,0.0,0.0
VT,band,1,A,AE,OOD,36_50,755,734,0.9877799231282819,0.9876703903423182,1.2456999735442347,12000.0,220.6232147216797,8.400009155273438,0.0,0.0
VT,band,1,A,AE,OOD,37_51,299,250,0.9649498327759197,0.9689587913470104,0.8394054991673486,12000.0,262.63714599609375,7.199981689453125,0.0,0.0
VT,band,1,A,AE,OOD,37_52,117,139,0.9322388243251553,0.9217572212810414,2.7378647473443487,12000.0,376.8450164794922,15.600006103515625,0.0,0.0
VT,band,1,AE,A,OOD,36_48,211,280,0.9877792823290454,0.9773569787658922,2.966575696441484,6000.0,307.0805969238281,11.5,0.0,0.0
VT,band,1,AE,A,OOD,36_50,1469,1150,0.9902974516825997,0.9919892964939936,1.2456999735442347,12000.0,208.58999633789062,6.200004577636719,0.0,0.0
VT,band,1,AE,A,OOD,37_51,222,250,0.9656936936936937,0.9576257101480062,0.8394054991673486,12000.0,275.79466247558594,10.000007629394531,0.0,0.0
VT,band,1,AE,A,OOD,37_52,405,397,0.9552694592157229,0.9519639152846356,2.7378647473443487,12000.0,374.4640350341797,10.0,0.0,0.0
VT,band,1,AE,AE,ID,36_48,183,399,0.9903858005669913,0.9777415884593588,2.966575696441484,6000.0,326.4600372314453,20.900001525878906,0.0,0.0
VT,band,1,AE,AE,ID,36_50,755,734,0.9889510439034953,0.9879308764553837,1.2456999735442347,12000.0,220.6232147216797,8.400009155273438,0.0,0.0
VT,band,1,AE,AE,ID,37_51,299,250,0.9690167224080267,0.9706781453408422,0.8394054991673486,12000.0,262.63714599609375,7.199981689453125,0.0,0.0
VT,band,1,AE,AE,ID,37_52,117,139,0.9390026440386153,0.9150980359097277,2.7378647473443487,12000.0,376.8450164794922,15.600006103515625,0.0,0.0
VT,band,2,A,A,ID,36_52,402,530,0.9867830658030601,0.9820904840736244,0.632824558747173,6000.0,243.76748657226562,11.149993896484375,0.0,0.0
VT,band,2,A,A,ID,36_53,29,37,0.983224603914259,0.9745873710591115,8.058741670771274,12000.0,271.7330322265625,11.300003051757812,0.0,0.0
VT,band,2,A,A,ID,37_50,494,705,0.9901111206822293,0.9860696428133827,3.899178062337426,6000.0,306.1031494140625,16.79998779296875,0.0,0.0
VT,band,2,A,AE,OOD,36_52,511,757,0.9802340581190041,0.9682341316302252,0.632824558747173,6000.0,262.0133972167969,14.050003051757812,0.0,0.0
VT,band,2,A,AE,OOD,36_53,43,120,0.9866279069767442,0.961050612908203,8.058741670771274,12000.0,303.41603088378906,36.0,0.0,0.0
VT,band,2,A,AE,OOD,37_50,705,866,0.9878024011924066,0.9832532055852047,3.899178062337426,6000.0,307.4007873535156,17.0,0.0,0.0
VT,band,2,AE,A,OOD,36_52,402,530,0.9815075565568385,0.9663417709538555,0.632824558747173,6000.0,243.76748657226562,11.149993896484375,0.0,0.0
VT,band,2,AE,A,OOD,36_53,29,37,0.9794967381174278,0.9710015883251797,8.058741670771274,12000.0,271.7330322265625,11.300003051757812,0.0,0.0
VT,band,2,AE,A,OOD,37_50,494,705,0.9909868779969564,0.9876369993267832,3.899178062337426,6000.0,306.1031494140625,16.79998779296875,0.0,0.0
VT,band,2,AE,AE,ID,36_52,511,757,0.973861700450072,0.9411178476984432,0.632824558747173,6000.0,262.0133972167969,14.050003051757812,0.0,0.0
VT,band,2,AE,AE,ID,36_53,43,120,0.9901162790697674,0.9724155703280426,8.058741670771274,12000.0,303.41603088378906,36.0,0.0,0.0
VT,band,2,AE,AE,ID,37_50,705,866,0.9891717032742045,0.9850463876189525,3.899178062337426,6000.0,307.4007873535156,17.0,0.0,0.0
VT,band,3,A,A,ID,35_50,97,43,0.9484536082474226,0.9775477204805145,1.2456999735442347,12000.0,32.3161096572876,1.6000003814697266,0.0,0.09888888888928232
VT,band,3,A,A,ID,35_52,222,129,0.9788393044206998,0.9853613546796424,0.632824558747173,6000.0,50.0750846862793,1.899993896484375,0.0,0.026666666666715525
VT,band,3,A,A,ID,37_49,693,855,0.9856425575723821,0.9814505420383748,2.0980755805239,6000.0,329.3642578125,16.099998474121094,0.0,0.0
VT,band,3,A,AE,OOD,35_52,950,262,0.9691562876657293,0.9883925668671061,0.632824558747173,6000.0,31.52695655822754,0.39999961853027344,0.0,0.10888888888914905
VT,band,3,A,AE,OOD,37_49,918,992,0.9864899588867806,0.9863252035812536,2.0980755805239,6000.0,322.04136657714844,14.0,0.0,0.0
VT,band,3,AE,A,OOD,35_50,97,43,0.9311915607767921,0.9673444711384053,1.2456999735442347,12000.0,32.3161096572876,1.6000003814697266,0.0,0.09888888888928232
VT,band,3,AE,A,OOD,35_52,222,129,0.9766394301278022,0.983915115716961,0.632824558747173,6000.0,50.0750846862793,1.899993896484375,0.0,0.026666666666715525
VT,band,3,AE,A,OOD,37_49,693,855,0.9879665493700581,0.9840638799207265,2.0980755805239,6000.0,329.3642578125,16.099998474121094,0.0,0.0
VT,band,3,AE,AE,ID,35_52,950,262,0.952008838891121,0.9838967423972061,0.632824558747173,6000.0,31.52695655822754,0.39999961853027344,0.0,0.10888888888914905
VT,band,3,AE,AE,ID,37_49,918,992,0.9871652962260173,0.9868103726778228,2.0980755805239,6000.0,322.04136657714844,14.0,0.0,0.0
VT,shadedX,0,A,A,ID,36_49,738,66,0.7803646218280365,0.970729119673458,1.2456999735442347,12000.0,211.40763092041016,0.5999908447265625,0.0,0.0
VT,shadedX,0,A,A,ID,36_51,402,148,0.8460904934785533,0.9305707374124434,2.7378647473443487,6000.0,167.7799835205078,2.0999984741210938,0.0,0.0
VT,shadedX,0,A,A,ID,37_48,570,53,0.6982125124131082,0.9613061742107791,2.0980755805239,12000.0,423.2496643066406,0.0,0.0,0.02999999999996401
VT,shadedX,0,A,AE,OOD,36_49,367,58,0.7821572864793762,0.9499145312308637,1.2456999735442347,12000.0,202.98646545410156,1.899993896484375,0.0,0.0
VT,shadedX,0,A,AE,OOD,36_51,568,124,0.8248665379373012,0.9555425820931728,2.7378647473443487,6000.0,172.6866226196289,1.75,0.0,0.0
VT,shadedX,0,A,AE,OOD,37_48,264,56,0.7371482683982684,0.9218261257796353,2.0980755805239,12000.0,320.19956970214844,0.0,0.0,0.0077777777774585485
VT,shadedX,0,AE,A,OOD,36_49,738,66,0.7663217541266322,0.9709481630579754,1.2456999735442347,12000.0,211.40763092041016,0.5999908447265625,0.0,0.0
VT,shadedX,0,AE,A,OOD,36_51,402,148,0.8258538389135405,0.9220126832020775,2.7378647473443487,6000.0,167.7799835205078,2.0999984741210938,0.0,0.0
VT,shadedX,0,AE,A,OOD,37_48,570,53,0.7428003972194638,0.9629020475218875,2.0980755805239,12000.0,423.2496643066406,0.0,0.0,0.02999999999996401
VT,shadedX,0,AE,AE,ID,36_49,367,58,0.7942779291553134,0.9556546858908103,1.2456999735442347,12000.0,202.98646545410156,1.899993896484375,0.0,0.0
VT,shadedX,0,AE,AE,ID,36_51,568,124,0.8281179009541118,0.9564339550142116,2.7378647473443487,6000.0,172.6866226196289,1.75,0.0,0.0
VT,shadedX,0,AE,AE,ID,37_48,264,56,0.7856466450216452,0.93264111182447,2.0980755805239,12000.0,320.19956970214844,0.0,0.0,0.0077777777774585485
VT,shadedX,1,A,A,ID,36_48,211,33,0.8922878069797501,0.9807058044505137,2.966575696441484,6000.0,229.7491455078125,1.9499969482421875,0.0,0.001666666666639404
VT,shadedX,1,A,A,ID,36_50,1469,111,0.7776081050417334,0.9784430441111333,1.2456999735442347,12000.0,153.83010864257812,1.6999969482421875,0.0,0.0
VT,shadedX,1,A,A,ID,37_51,222,46,0.623286329808069,0.8563928467992791,0.8394054991673486,12000.0,209.4717788696289,2.4499969482421875,0.0,0.0
VT,shadedX,1,A,A,ID,37_52,405,26,0.877587844254511,0.990815578300169,2.7378647473443487,12000.0,323.2876892089844,1.0,0.0,0.0
VT,shadedX,1,A,AE,OOD,36_48,183,37,0.880076798109585,0.9719727961655714,2.966575696441484,6000.0,222.76334381103516,1.7500076293945312,0.0,0.0
VT,shadedX,1,A,AE,OOD,36_50,755,113,0.7380882611498565,0.9474587459629422,1.2456999735442347,12000.0,150.63999938964844,2.5,0.0,0.0
VT,shadedX,1,A,AE,OOD,37_51,299,46,0.5809946197469826,0.8820803325401476,0.8394054991673486,12000.0,203.6588897705078,2.0,0.0,0.0
VT,shadedX,1,A,AE,OOD,37_52,117,27,0.9044001266223488,0.9778586930572517,2.7378647473443487,12000.0,303.72557067871094,1.79998779296875,0.0,0.0
VT,shadedX,1,AE,A,OOD,36_48,211,33,0.8535114174924602,0.9729835799400502,2.966575696441484,6000.0,229.7491455078125,1.9499969482421875,0.0,0.001666666666639404
VT,shadedX,1,AE,A,OOD,36_50,1469,111,0.7673357496366345,0.976377312098998,1.2456999735442347,12000.0,153.83010864257812,1.6999969482421875,0.0,0.0
VT,shadedX,1,AE,A,OOD,37_51,222,46,0.572659616137877,0.842726397932432,0.8394054991673486,12000.0,209.4717788696289,2.4499969482421875,0.0,0.0
VT,shadedX,1,AE,A,OOD,37_52,405,26,0.8958214624881291,0.9926197542129432,2.7378647473443487,12000.0,323.2876892089844,1.0,0.0,0.0
VT,shadedX,1,AE,AE,ID,36_48,183,37,0.8873135430512479,0.9733236622820505,2.966575696441484,6000.0,222.76334381103516,1.7500076293945312,0.0,0.0
VT,shadedX,1,AE,AE,ID,36_50,755,113,0.7579558108187305,0.9520446920488684,1.2456999735442347,12000.0,150.63999938964844,2.5,0.0,0.0
VT,shadedX,1,AE,AE,ID,37_51,299,46,0.5961174930929184,0.8836597785050078,0.8394054991673486,12000.0,203.6588897705078,2.0,0.0,0.0
VT,shadedX,1,AE,AE,ID,37_52,117,27,0.8676796454574232,0.9688097340784952,2.7378647473443487,12000.0,303.72557067871094,1.79998779296875,0.0,0.0
VT,shadedX,2,A,A,ID,36_52,402,95,0.772715370515842,0.93030739135087,0.632824558747173,6000.0,199.65919494628906,1.9000015258789062,0.0,0.0
VT,shadedX,2,A,A,ID,37_50,494,165,0.8028830818304502,0.9219701429229381,3.899178062337426,6000.0,182.58192443847656,2.3000030517578125,0.0,0.004444444444513221
VT,shadedX,2,A,AE,OOD,36_52,511,114,0.7663851409345281,0.9316015858240023,0.632824558747173,6000.0,196.28245544433594,2.100006103515625,0.0,0.0
VT,shadedX,2,A,AE,OOD,37_50,705,139,0.7994897698862187,0.9533100881857943,3.899178062337426,6000.0,185.93228912353516,2.25,0.0,0.0033333333333091246
VT,shadedX,2,AE,A,OOD,36_52,402,95,0.7897093479968578,0.9349962454451487,0.632824558747173,6000.0,199.65919494628906,1.9000015258789062,0.0,0.0
VT,shadedX,2,AE,A,OOD,37_50,494,165,0.7860507913139492,0.9106657716690185,3.899178062337426,6000.0,182.58192443847656,2.3000030517578125,0.0,0.004444444444513221
VT,shadedX,2,AE,AE,ID,36_52,511,114,0.8082535104885501,0.944268741838127,0.632824558747173,6000.0,196.28245544433594,2.100006103515625,0.0,0.0
VT,shadedX,2,AE,AE,ID,37_50,705,139,0.7653859890810755,0.9447927774821091,3.899178062337426,6000.0,185.93228912353516,2.25,0.0,0.0033333333333091246
VT,shadedX,3,A,A,ID,35_52,222,109,0.9038763534176378,0.9553998517714897,0.632824558747173,6000.0,33.678932189941406,0.8000011444091797,0.0,0.09555555555609448
VT,shadedX,3,A,A,ID,37_49,693,200,0.701067821067821,0.8884607654950285,2.0980755805239,6000.0,222.97702026367188,2.2999954223632812,0.0,0.0
VT,shadedX,3,A,AE,OOD,35_52,950,108,0.9096003898635477,0.9888965322091849,0.632824558747173,6000.0,30.880823135375977,0.0,0.0,0.1311111111116243
VT,shadedX,3,A,AE,OOD,37_49,918,225,0.7261099007504235,0.9078830602887695,2.0980755805239,6000.0,227.4338836669922,2.8000030517578125,0.0,0.0
VT,shadedX,3,AE,A,OOD,35_52,222,109,0.9177204727663443,0.9597813592906523,0.632824558747173,6000.0,33.678932189941406,0.8000011444091797,0.0,0.09555555555609448
VT,shadedX,3,AE,A,OOD,37_49,693,200,0.7136002886002886,0.8851059249211977,2.0980755805239,6000.0,222.97702026367188,2.2999954223632812,0.0,0.0
VT,shadedX,3,AE,AE,ID,35_52,950,108,0.8992690058479531,0.9823924962067786,0.632824558747173,6000.0,30.880823135375977,0.0,0.0,0.1311111111116243
VT,shadedX,3,AE,AE,ID,37_49,918,225,0.7345194868070685,0.9039616404917497,2.0980755805239,6000.0,227.4338836669922,2.8000030517578125,0.0,0.0
CO,band,0,A,A,ID,-11_32,44,32,1.0,0.9999999999999999,0.5340172771990488,24000.0,1143.3792114257812,1.9000244140625,0.0,0.0
CO,band,0,A,A,ID,-11_33,452,173,0.9698322164816615,0.987669406159091,0.5340172771990488,12000.0,1059.7293701171875,1.300048828125,0.0,0.0
CO,band,0,A,A,ID,-11_34,76,51,0.9280185758513931,0.9578163224020846,0.5340172771990488,24000.0,1131.5377197265625,1.9000244140625,0.0,0.0
CO,band,0,A,A,ID,-12_32,51,53,0.9833518312985572,0.9806831244113788,0.5340172771990488,24000.0,1302.2138061523438,4.39996337890625,0.0,0.0
CO,band,0,A,A,ID,-14_36,473,277,0.9658222727654345,0.9786566170388914,1.8972700132404465,24000.0,1761.5953369140625,2.5,0.0,0.0
CO,band,0,A,A,ID,-14_37,419,233,0.9875751585114774,0.9921592879122523,2.618682738577198,24000.0,1585.33203125,2.199951171875,0.0,0.0
CO,band,0,A,A,ID,-15_32,87,56,0.9895320197044335,0.9932063786131641,0.26492988682649626,12000.0,1792.194580078125,3.0,0.0,0.0
CO,band,0,A,A,ID,-15_34,640,566,0.9835136925795053,0.987558470576353,0.6992865332940402,12000.0,1447.9470825195312,2.800048828125,0.0,0.0
CO,band,0,A,A,ID,-15_37,414,414,0.9878643608952368,0.984707796493107,2.618682738577198,12000.0,1718.407470703125,3.5,0.0,0.0
CO,band,0,A,A,ID,-15_38,568,282,0.9811831984816701,0.9906791365315476,0.4985742665666153,12000.0,1513.9573364257812,1.9000244140625,0.0,0.0
CO,band,0,A,A,ID,-16_34,522,435,0.9889241203153213,0.9910228573625769,0.6992865332940402,12000.0,1579.3712158203125,3.9000244140625,0.0,0.0
CO,band,0,A,A,ID,-16_36,84,311,0.9884397488899097,0.9380170614345953,1.8972700132404465,12000.0,2230.404052734375,26.60009765625,0.0,0.0
CO,band,0,A,A,ID,-18_37,100,211,0.9952132701421801,0.9902711850689627,1.4738408079160736,6000.0,2941.642822265625,44.800048828125,0.0,0.0
CO,band,0,A,A,ID,-19_37,72,216,0.9965920781893004,0.9891008121980478,2.742322162871958,6000.0,2459.477783203125,50.7000732421875,0.0,0.0
CO,band,0,A,A,ID,-20_32,111,292,0.9946007651487103,0.9755517002966726,0.8200771853291582,12000.0,2227.208251953125,30.0,0.0,0.0
CO,band,0,A,A,ID,-20_36,52,118,1.0,1.0,2.841439200749887,12000.0,2197.823486328125,37.04998779296875,0.0,0.0
CO,band,0,A,A,ID,-20_38,49,84,0.9990281827016522,0.998315957299116,0.019068590551404925,12000.0,2263.533203125,21.0999755859375,0.0,0.0
CO,band,0,A,A,ID,-22_38,87,99,0.9931498897016139,0.9896184639185712,0.019068590551404925,24000.0,2054.0467529296875,12.199951171875,0.0,0.0
CO,band,0,A,AE,OOD,-11_33,336,40,0.9895833333333333,0.9987794063284885,0.5340172771990488,12000.0,1056.1296997070312,1.0,0.0,0.0
CO,band,0,A,AE,OOD,-14_36,41,66,0.9708056171470806,0.964986907791356,1.8972700132404465,24000.0,1754.2701416015625,3.10009765625,0.0,0.0
CO,band,0,A,AE,OOD,-15_32,56,75,0.9938095238095237,0.9923316100950269,0.26492988682649626,24000.0,1812.6669921875,4.7999267578125,0.0,0.0
CO,band,0,A,AE,OOD,-15_34,558,647,0.9872557655127331,0.986958755035681,0.6992865332940402,12000.0,1452.0362548828125,3.2999267578125,0.0,0.0
CO,band,0,A,AE,OOD,-15_37,689,934,0.987883939421251,0.9850211968190478,2.618682738577198,12000.0,1717.235107421875,5.0,0.0,0.0
CO,band,0,A,AE,OOD,-15_38,1082,738,0.9738089155383235,0.9812143946989368,0.4985742665666153,12000.0,1517.562744140625,2.0999755859375,0.0,0.0
CO,band,0,A,AE,OOD,-16_34,244,215,0.9877430423179565,0.9900509242378498,0.6992865332940402,12000.0,1581.1402587890625,4.2999267578125,0.0,0.0
CO,band,0,A,AE,OOD,-16_36,99,305,0.9929458519622454,0.9803322848712536,4.431592032095374,6000.0,2227.2613525390625,26.550048828125,0.0,0.0
CO,band,0,A,AE,OOD,-18_37,54,224,0.994212962962963,0.9754363256461793,1.4738408079160736,6000.0,2999.4691162109375,63.4500732421875,0.0,0.0
CO,band,0,A,AE,OOD,-19_37,77,277,0.9984996952505978,0.9947241417237591,2.742322162871958,6000.0,2475.849609375,65.0999755859375,0.0,0.0
CO,band,0,A,AE,OOD,-19_38,93,144,0.998805256869773,0.9982760285039682,3.8036216647881775,6000.0,2125.74609375,16.300048828125,0.0,0.0
CO,band,0,A,AE,OOD,-20_32,40,141,0.9971631205673759,0.9910903976975407,0.8200771853291582,12000.0,2205.504638671875,41.10009765625,0.0,0.0
CO,band,0,A,AE,OOD,-20_36,45,162,0.9991769547325102,0.9969301287322284,2.9405562386278166,24000.0,2143.8779296875,46.300048828125,0.0,0.0
CO,band,0,AE,A,OOD,-11_32,44,32,1.0,0.9999999999999999,0.5340172771990488,24000.0,1143.3792114257812,1.9000244140625,0.0,0.0
CO,band,0,AE,A,OOD,-11_33,452,173,0.957031050181595,0.9820064237479031,0.5340172771990488,12000.0,1059.7293701171875,1.300048828125,0.0,0.0
CO,band,0,AE,A,OOD,-11_34,76,51,0.9424664602683179,0.962923659895719,0.5340172771990488,24000.0,1131.5377197265625,1.9000244140625,0.0,0.0
CO,band,0,AE,A,OOD,-12_32,51,53,0.9704032556418795,0.9352434939472574,0.5340172771990488,24000.0,1302.2138061523438,4.39996337890625,0.0,0.0
CO,band,0,AE,A,OOD,-14_36,473,277,0.9650666687019638,0.9773414651590226,1.8972700132404465,24000.0,1761.5953369140625,2.5,0.0,0.0
CO,band,0,AE,A,OOD,-14_37,419,233,0.9883331455437532,0.9929737835988666,2.618682738577198,24000.0,1585.33203125,2.199951171875,0.0,0.0
CO,band,0,AE,A,OOD,-15_32,87,56,0.9950738916256158,0.9968044171515391,0.26492988682649626,12000.0,1792.194580078125,3.0,0.0,0.0
CO,band,0,AE,A,OOD,-15_34,640,566,0.984259054770318,0.9868811211553106,0.6992865332940402,12000.0,1447.9470825195312,2.800048828125,0.0,0.0
CO,band,0,AE,A,OOD,-15_37,414,414,0.9785875983103456,0.9606302343195599,2.618682738577198,12000.0,1718.407470703125,3.5,0.0,0.0
CO,band,0,AE,A,OOD,-15_38,568,282,0.9761886924383179,0.98795538046071,0.4985742665666153,12000.0,1513.9573364257812,1.9000244140625,0.0,0.0
CO,band,0,AE,A,OOD,-16_34,522,435,0.9889109085304091,0.9908480282456292,0.6992865332940402,12000.0,1579.3712158203125,3.9000244140625,0.0,0.0
CO,band,0,AE,A,OOD,-16_36,84,311,0.9880186801408667,0.9209210450541307,1.8972700132404465,12000.0,2230.404052734375,26.60009765625,0.0,0.0
CO,band,0,AE,A,OOD,-18_37,100,211,0.9954976303317535,0.9909185382928465,1.4738408079160736,6000.0,2941.642822265625,44.800048828125,0.0,0.0
CO,band,0,AE,A,OOD,-19_37,72,216,0.9986496913580247,0.9958379311063323,2.742322162871958,6000.0,2459.477783203125,50.7000732421875,0.0,0.0
CO,band,0,AE,A,OOD,-20_32,111,292,0.9942613846723436,0.9765277937878254,0.8200771853291582,12000.0,2227.208251953125,30.0,0.0,0.0
CO,band,0,AE,A,OOD,-20_36,52,118,1.0,1.0,2.841439200749887,12000.0,2197.823486328125,37.04998779296875,0.0,0.0
CO,band,0,AE,A,OOD,-20_38,49,84,0.999757045675413,0.999591836734694,0.019068590551404925,12000.0,2263.533203125,21.0999755859375,0.0,0.0
CO,band,0,AE,A,OOD,-22_38,87,99,0.9951236502960641,0.993919057514036,0.019068590551404925,24000.0,2054.0467529296875,12.199951171875,0.0,0.0
CO,band,0,AE,AE,ID,-11_33,336,40,0.9911458333333334,0.9989535533560602,0.5340172771990488,12000.0,1056.1296997070312,1.0,0.0,0.0
CO,band,0,AE,AE,ID,-14_36,41,66,0.9615668883961567,0.9469180257899718,1.8972700132404465,24000.0,1754.2701416015625,3.10009765625,0.0,0.0
CO,band,0,AE,AE,ID,-15_32,56,75,0.9888095238095238,0.9810371208468329,0.26492988682649626,24000.0,1812.6669921875,4.7999267578125,0.0,0.0
CO,band,0,AE,AE,ID,-15_34,558,647,0.988626857899431,0.9873705685507623,0.6992865332940402,12000.0,1452.0362548828125,3.2999267578125,0.0,0.0
CO,band,0,AE,AE,ID,-15_37,689,934,0.9862585194692989,0.9793142804395257,2.618682738577198,12000.0,1717.235107421875,5.0,0.0,0.0
CO,band,0,AE,AE,ID,-15_38,1082,738,0.9748746424617667,0.9820234303279699,0.4985742665666153,12000.0,1517.562744140625,2.0999755859375,0.0,0.0
CO,band,0,AE,AE,ID,-16_34,244,215,0.9841593595120092,0.987078370469063,0.6992865332940402,12000.0,1581.1402587890625,4.2999267578125,0.0,0.0
CO,band,0,AE,AE,ID,-16_36,99,305,0.9927802616327206,0.9797915837174139,4.431592032095374,6000.0,2227.2613525390625,26.550048828125,0.0,0.0
CO,band,0,AE,AE,ID,-18_37,54,224,0.9903273809523809,0.9410676362311792,1.4738408079160736,6000.0,2999.4691162109375,63.4500732421875,0.0,0.0
CO,band,0,AE,AE,ID,-19_37,77,277,0.999484270242393,0.9981616248915237,2.742322162871958,6000.0,2475.849609375,65.0999755859375,0.0,0.0
CO,band,0,AE,AE,ID,-19_38,93,144,0.9973864994026285,0.9965130036618912,3.8036216647881775,6000.0,2125.74609375,16.300048828125,0.0,0.0
CO,band,0,AE,AE,ID,-20_32,40,141,0.9948581560283687,0.9821826783512742,0.8200771853291582,12000.0,2205.504638671875,41.10009765625,0.0,0.0
CO,band,0,AE,AE,ID,-20_36,45,162,0.9987654320987654,0.9952199772852349,2.9405562386278166,24000.0,2143.8779296875,46.300048828125,0.0,0.0
CO,band,1,A,A,ID,-12_33,595,184,0.9832937522835221,0.9942789407217821,0.5340172771990488,24000.0,1108.84130859375,1.5,0.0,0.0
CO,band,1,A,A,ID,-13_40,147,63,0.9803476946334089,0.9919973161378772,0.20835211832052025,24000.0,1298.0108642578125,1.9000244140625,0.0,0.0
CO,band,1,A,A,ID,-15_33,234,261,0.987277728657039,0.9843645193657005,0.6992865332940402,24000.0,1458.1639404296875,3.9000244140625,0.0,0.0
CO,band,1,A,A,ID,-15_39,407,244,0.9847041527369397,0.9907534302219977,0.4985742665666153,6000.0,1434.9677734375,1.9000244140625,0.0,0.0011111111111434635
CO,band,1,A,A,ID,-16_33,81,74,0.9873206539873206,0.989099699265676,0.6992865332940402,12000.0,1837.600830078125,6.300048828125,0.0,0.0
CO,band,1,A,A,ID,-16_38,202,428,0.9769362450263718,0.9623074908887688,4.290055092091757,6000.0,1573.2932739257812,6.2999267578125,0.0,0.0
CO,band,1,A,A,ID,-17_36,398,217,0.9886182062385661,0.9930044272958054,,24000.0,2726.48681640625,2.699951171875,0.0,0.0
CO,band,1,A,A,ID,-17_38,72,203,0.9798850574712643,0.9515697051414622,1.3987375165414402,18000.0,2680.26708984375,41.89990234375,0.0,0.0
CO,band,1,A,A,ID,-18_33,225,90,0.912641975308642,0.9589318234118032,0.5694834414531335,12000.0,2338.534912109375,1.2001953125,0.0,0.002222222222165661
CO,band,1,A,A,ID,-18_35,83,188,0.9362342988977186,0.9127278154103412,2.2244754223515697,12000.0,2535.10595703125,21.699951171875,0.0,0.0
CO,band,1,A,A,ID,-18_36,206,195,0.9864326611899428,0.9874416212794509,2.2244754223515697,24000.0,2941.695556640625,8.199951171875,0.0,0.0
CO,band,1,A,A,ID,-19_35,269,133,0.993627190653213,0.9969084433589539,2.0466789510249295,24000.0,2446.2259521484375,2.6500244140625,0.0,0.0
CO,band,1,A,A,ID,-20_33,141,295,0.9902872941459311,0.9672332910406766,0.004142890852903014,24000.0,3051.544677734375,37.4500732421875,0.0,0.0
CO,band,1,A,A,ID,-20_34,113,245,0.9917283727650352,0.9853231166850489,2.0466789510249295,24000.0,3115.689697265625,40.7498779296875,0.0,0.0
CO,band,1,A,A,ID,-20_35,99,181,0.9589820860539093,0.8546494745379306,2.0466789510249295,24000.0,2544.0341796875,16.0,0.0,0.0
CO,band,1,A,A,ID,-21_36,73,145,0.9925366084081246,0.9863633082144092,2.9405562386278166,6000.0,1579.7362670898438,5.14996337890625,0.0,0.0
CO,band,1,A,A,ID,-22_33,156,178,0.9983794295592049,0.9981997241183285,0.9579615443391074,12000.0,2249.10009765625,8.0499267578125,0.0,0.0
CO,band,1,A,A,ID,-22_35,43,84,1.0,1.0000000000000002,2.4115849662406474,24000.0,1790.4561767578125,19.5,0.0,0.0
CO,band,1,A,AE,OOD,-11_40,631,279,0.9659469806701544,0.9837943924086643,,12000.0,1082.2762451171875,1.0999755859375,0.0,0.0
CO,band,1,A,AE,OOD,-12_33,305,118,0.9829952764656849,0.9927904825131748,0.5340172771990488,24000.0,1112.001953125,1.4000244140625,0.0,0.0
CO,band,1,A,AE,OOD,-15_39,1489,1291,0.9823300121365095,0.9858638323814671,0.4985742665666153,6000.0,1438.9693603515625,2.0999755859375,0.0,0.0
CO,band,1,A,AE,OOD,-16_38,1410,1511,0.9755237008979072,0.9740570135678019,4.290055092091757,6000.0,1570.090576171875,4.0999755859375,0.0,0.002222222222165661
CO,band,1,A,AE,OOD,-17_38,26,128,0.9939903846153846,0.9650076154235141,1.3987375165414402,12000.0,2713.9827880859375,54.0,0.0,0.0
CO,band,1,A,AE,OOD,-18_33,150,37,0.9441441441441442,0.9855626608026038,0.5694834414531335,12000.0,2337.626953125,0.89990234375,0.0,0.002222222222226294
CO,band,1,A,AE,OOD,-18_35,28,74,0.9884169884169884,0.9755094046165473,2.2244754223515697,12000.0,2527.9580078125,21.2999267578125,0.0,0.0
CO,band,1,A,AE,OOD,-19_35,183,183,0.9959389650332945,0.9958788339507331,2.0466789510249295,24000.0,2461.3428955078125,5.699951171875,0.0,0.0
CO,band,1,A,AE,OOD,-21_36,198,400,0.9964772727272728,0.9932831576034877,2.9405562386278166,6000.0,1573.1376953125,5.5,0.0,0.0
CO,band,1,A,AE,OOD,-22_33,119,114,0.9984520123839009,0.9985038717284873,0.9579615443391074,12000.0,2252.255615234375,5.300048828125,0.0,0.0
CO,band,1,AE,A,OOD,-12_33,595,184,0.9831019364267446,0.9938270921483243,0.5340172771990488,24000.0,1108.84130859375,1.5,0.0,0.0
CO,band,1,AE,A,OOD,-13_40,147,63,0.9777561818378145,0.9904991386130427,0.20835211832052025,24000.0,1298.0108642578125,1.9000244140625,0.0,0.0
CO,band,1,AE,A,OOD,-15_33,234,261,0.9939090283917871,0.9929475325329538,0.6992865332940402,24000.0,1458.1639404296875,3.9000244140625,0.0,0.0
CO,band,1,AE,A,OOD,-15_39,407,244,0.9833447456398277,0.9897449879504803,0.4985742665666153,6000.0,1434.9677734375,1.9000244140625,0.0,0.0011111111111434635
CO,band,1,AE,A,OOD,-16_33,81,74,0.9793126459793127,0.9826189189351898,0.6992865332940402,12000.0,1837.600830078125,6.300048828125,0.0,0.0
CO,band,1,AE,A,OOD,-16_38,202,428,0.9715809197742203,0.9527550213355086,4.290055092091757,6000.0,1573.2932739257812,6.2999267578125,0.0,0.0
CO,band,1,AE,A,OOD,-17_36,398,217,0.9889192506310354,0.9935272851911988,,24000.0,2726.48681640625,2.699951171875,0.0,0.0
CO,band,1,AE,A,OOD,-17_38,72,203,0.9746852764094144,0.9529035909221882,1.3987375165414402,18000.0,2680.26708984375,41.89990234375,0.0,0.0
CO,band,1,AE,A,OOD,-18_33,225,90,0.876493827160494,0.9416625814462299,0.5694834414531335,12000.0,2338.534912109375,1.2001953125,0.0,0.002222222222165661
CO,band,1,AE,A,OOD,-18_35,83,188,0.9272622404511665,0.903109222187878,2.2244754223515697,12000.0,2535.10595703125,21.699951171875,0.0,0.0
CO,band,1,AE,A,OOD,-18_36,206,195,0.9873039581777445,0.9876520902890656,2.2244754223515697,24000.0,2941.695556640625,8.199951171875,0.0,0.0
CO,band,1,AE,A,OOD,-19_35,269,133,0.9935712888168375,0.9968221876615118,2.0466789510249295,24000.0,2446.2259521484375,2.6500244140625,0.0,0.0
CO,band,1,AE,A,OOD,-20_33,141,295,0.9901430460391873,0.9692781390253951,0.004142890852903014,24000.0,3051.544677734375,37.4500732421875,0.0,0.0
CO,band,1,AE,A,OOD,-20_34,113,245,0.993895611341882,0.9880488802459206,2.0466789510249295,24000.0,3115.689697265625,40.7498779296875,0.0,0.0
CO,band,1,AE,A,OOD,-20_35,99,181,0.9594843462246777,0.8390798324854782,2.0466789510249295,24000.0,2544.0341796875,16.0,0.0,0.0
CO,band,1,AE,A,OOD,-21_36,73,145,0.9942371280113369,0.9890741581222464,2.9405562386278166,6000.0,1579.7362670898438,5.14996337890625,0.0,0.0
CO,band,1,AE,A,OOD,-22_33,156,178,0.9988836070296745,0.9987620152175186,0.9579615443391074,12000.0,2249.10009765625,8.0499267578125,0.0,0.0
CO,band,1,AE,A,OOD,-22_35,43,84,0.9997231450719823,0.9994714587737846,2.4115849662406474,24000.0,1790.4561767578125,19.5,0.0,0.0
CO,band,1,AE,AE,ID,-11_40,631,279,0.9682190753710614,0.9849608629703297,,12000.0,1082.2762451171875,1.0999755859375,0.0,0.0
CO,band,1,AE,AE,ID,-12_33,305,118,0.985190330647402,0.9941110566654868,0.5340172771990488,24000.0,1112.001953125,1.4000244140625,0.0,0.0
CO,band,1,AE,AE,ID,-15_39,1489,1291,0.9787764546514357,0.9829545412072789,0.4985742665666153,6000.0,1438.9693603515625,2.0999755859375,0.0,0.0
CO,band,1,AE,AE,ID,-16_38,1410,1511,0.9729276088823804,0.9708647359340102,4.290055092091757,6000.0,1570.090576171875,4.0999755859375,0.0,0.002222222222165661
CO,band,1,AE,AE,ID,-17_38,26,128,0.9900841346153846,0.9084725194653411,1.3987375165414402,12000.0,2713.9827880859375,54.0,0.0,0.0
CO,band,1,AE,AE,ID,-18_33,150,37,0.9290090090090091,0.981346760091816,0.5694834414531335,12000.0,2337.626953125,0.89990234375,0.0,0.002222222222226294
CO,band,1,AE,AE,ID,-18_35,28,74,0.9922779922779923,0.980299968043244,2.2244754223515697,12000.0,2527.9580078125,21.2999267578125,0.0,0.0
CO,band,1,AE,AE,ID,-19_35,183,183,0.9957598017259398,0.9959119054281949,2.0466789510249295,24000.0,2461.3428955078125,5.699951171875,0.0,0.0
CO,band,1,AE,AE,ID,-21_36,198,400,0.996780303030303,0.9932977201373561,2.9405562386278166,6000.0,1573.1376953125,5.5,0.0,0.0
CO,band,1,AE,AE,ID,-22_33,119,114,0.9983045849918916,0.9984320812458038,0.9579615443391074,12000.0,2252.255615234375,5.300048828125,0.0,0.0
CO,band,2,A,A,ID,-12_34,68,75,0.9750980392156863,0.9642057051476299,0.5340172771990488,24000.0,1140.35595703125,2.300048828125,0.0,0.0
CO,band,2,A,A,ID,-14_35,156,154,0.974025974025974,0.9549273319863596,1.8972700132404465,24000.0,1780.206298828125,3.10003662109375,0.0,0.0
CO,band,2,A,A,ID,-14_38,883,320,0.9590352491506229,0.9821680327886904,0.12624561791812738,24000.0,1377.0050048828125,1.5999755859375,0.0,0.0
CO,band,2,A,A,ID,-14_39,294,175,0.9749659863945577,0.9846276761236349,0.12624561791812738,24000.0,1355.301513671875,1.699951171875,0.0,0.001111111111113147
CO,band,2,A,A,ID,-14_40,55,25,0.9570909090909091,0.9715440054757247,0.4985742665666153,24000.0,1599.8522338867188,1.9000244140625,0.0,0.0
CO,band,2,A,A,ID,-15_35,580,426,0.9787639630888781,0.9857975183860446,1.8972700132404465,12000.0,1774.353515625,3.5999755859375,0.0,0.0
CO,band,2,A,A,ID,-15_36,410,417,0.9780663274258642,0.9776967648542206,1.8972700132404465,24000.0,2038.8438720703125,5.0,0.0,0.0
CO,band,2,A,A,ID,-16_35,194,444,0.9781160026005387,0.9497867266981278,1.488841657636012,6000.0,1875.8253173828125,16.25006103515625,0.0,0.0
CO,band,2,A,A,ID,-16_39,102,211,0.983737570857727,0.9649906927183405,2.611682680896089,6000.0,1537.0999755859375,4.89990234375,0.0,0.0
CO,band,2,A,A,ID,-16_40,119,97,0.9713246123191545,0.9752577145935828,2.611682680896089,24000.0,1675.1058349609375,3.10009765625,0.0,0.0
CO,band,2,A,A,ID,-17_35,163,270,0.993978641217905,0.9900438979690904,1.488841657636012,24000.0,2564.24658203125,14.9000244140625,0.0,0.0
CO,band,2,A,A,ID,-17_39,25,79,0.979240506329114,0.9249415834126914,2.611682680896089,24000.0,2766.3310546875,69.0499267578125,0.0,0.0
CO,band,2,A,A,ID,-19_33,139,114,0.9854221885649376,0.9873295899775625,0.5694834414531335,12000.0,2486.137939453125,2.89990234375,0.0,0.0
CO,band,2,A,A,ID,-21_32,172,293,0.983431224700373,0.9715115061334865,0.4085687839190642,12000.0,2083.226318359375,9.800048828125,0.0,0.0
CO,band,2,A,A,ID,-21_34,25,80,1.0,1.0,0.32013061771068124,6000.0,2813.4873046875,68.89990234375,0.0,0.0
CO,band,2,A,A,ID,-21_38,109,310,0.9962414915655519,0.9896234929505128,0.019068590551404925,24000.0,2135.43115234375,41.2998046875,0.0,0.0
CO,band,2,A,A,ID,-23_33,108,222,0.9937437437437437,0.9697758142657508,0.9579615443391074,24000.0,1866.693115234375,11.9500732421875,0.0,0.0
CO,band,2,A,AE,OOD,-14_38,175,183,0.9688056206088993,0.9604957674422833,0.12624561791812738,24000.0,1379.1912841796875,2.0999755859375,0.0,0.0
CO,band,2,A,AE,OOD,-14_39,308,122,0.9741856504151587,0.9891374053116131,0.12624561791812738,24000.0,1353.05322265625,1.300048828125,0.0,0.009444444444583016
CO,band,2,A,AE,OOD,-15_35,611,487,0.9748619592212585,0.9823231003885374,1.8972700132404465,12000.0,1779.1133422851562,3.2999267578125,0.0,0.0
CO,band,2,A,AE,OOD,-16_35,128,314,0.9723079219745223,0.9410410608704021,1.488841657636012,12000.0,1884.4644165039062,15.0999755859375,0.0,0.0
CO,band,2,A,AE,OOD,-16_39,659,1204,0.9873310512757173,0.9756171942401536,2.611682680896089,6000.0,1537.1839599609375,4.0,0.0,0.0
CO,band,2,A,AE,OOD,-19_33,54,53,0.9863731656184487,0.981384452206549,0.5694834414531335,12000.0,2491.111328125,5.0,0.0,0.0
CO,band,2,A,AE,OOD,-21_32,97,160,0.9810567010309279,0.963942868394358,0.4085687839190642,12000.0,2056.7783203125,10.800048828125,0.0,0.0
CO,band,2,A,AE,OOD,-21_34,54,115,0.9938808373590983,0.9885169536599621,0.32013061771068124,6000.0,2657.699951171875,42.300048828125,0.0,0.0
CO,band,2,A,AE,OOD,-22_37,473,428,0.9745015905633163,0.9661759809172699,4.434012077870649,6000.0,1400.0435791015625,2.9000244140625,0.0,0.01888888888852939
CO,band,2,AE,A,OOD,-12_34,68,75,0.9827450980392157,0.9811304771521321,0.5340172771990488,24000.0,1140.35595703125,2.300048828125,0.0,0.0
CO,band,2,AE,A,OOD,-14_35,156,154,0.9622044622044623,0.9314205886703129,1.8972700132404465,24000.0,1780.206298828125,3.10003662109375,0.0,0.0
CO,band,2,AE,A,OOD,-14_38,883,320,0.9550360985277464,0.9814286878918534,0.12624561791812738,24000.0,1377.0050048828125,1.5999755859375,0.0,0.0
CO,band,2,AE,A,OOD,-14_39,294,175,0.964120505344995,0.9781958810564269,0.12624561791812738,24000.0,1355.301513671875,1.699951171875,0.0,0.001111111111113147
CO,band,2,AE,A,OOD,-14_40,55,25,0.9476363636363636,0.9738715237539115,0.4985742665666153,24000.0,1599.8522338867188,1.9000244140625,0.0,0.0
CO,band,2,AE,A,OOD,-15_35,580,426,0.9801643192488263,0.9871811364442218,1.8972700132404465,12000.0,1774.353515625,3.5999755859375,0.0,0.0
CO,band,2,AE,A,OOD,-15_36,410,417,0.9736152541381529,0.9716406804451595,1.8972700132404465,24000.0,2038.8438720703125,5.0,0.0,0.0
CO,band,2,AE,A,OOD,-16_35,194,444,0.9730426302591252,0.940229457726467,1.488841657636012,6000.0,1875.8253173828125,16.25006103515625,0.0,0.0
CO,band,2,AE,A,OOD,-16_39,102,211,0.9769073506179724,0.9390326855234656,2.611682680896089,6000.0,1537.0999755859375,4.89990234375,0.0,0.0
CO,band,2,AE,A,OOD,-16_40,119,97,0.9773022611106299,0.9819137981529178,2.611682680896089,24000.0,1675.1058349609375,3.10009765625,0.0,0.0
CO,band,2,AE,A,OOD,-17_35,163,270,0.9955919109293342,0.9931742263079179,1.488841657636012,24000.0,2564.24658203125,14.9000244140625,0.0,0.0
CO,band,2,AE,A,OOD,-17_39,25,79,0.9873417721518988,0.9527210790062453,2.611682680896089,24000.0,2766.3310546875,69.0499267578125,0.0,0.0
CO,band,2,AE,A,OOD,-19_33,139,114,0.9868105515587531,0.9882602064572458,0.5694834414531335,12000.0,2486.137939453125,2.89990234375,0.0,0.0
CO,band,2,AE,A,OOD,-21_32,172,293,0.9814469402333519,0.9680182324123704,0.4085687839190642,12000.0,2083.226318359375,9.800048828125,0.0,0.0
CO,band,2,AE,A,OOD,-21_34,25,80,1.0,1.0,0.32013061771068124,6000.0,2813.4873046875,68.89990234375,0.0,0.0
CO,band,2,AE,A,OOD,-21_38,109,310,0.9949689257176679,0.9870067416973464,0.019068590551404925,24000.0,2135.43115234375,41.2998046875,0.0,0.0
CO,band,2,AE,A,OOD,-23_33,108,222,0.9949532866199533,0.9829522727041364,0.9579615443391074,24000.0,1866.693115234375,11.9500732421875,0.0,0.0
CO,band,2,AE,AE,ID,-14_38,175,183,0.9647775175644029,0.9609430002863656,0.12624561791812738,24000.0,1379.1912841796875,2.0999755859375,0.0,0.0
CO,band,2,AE,AE,ID,-14_39,308,122,0.9638865233127528,0.9845745300168567,0.12624561791812738,24000.0,1353.05322265625,1.300048828125,0.0,0.009444444444583016
CO,band,2,AE,AE,ID,-15_35,611,487,0.9817177885245516,0.9868485981780949,1.8972700132404465,12000.0,1779.1133422851562,3.2999267578125,0.0,0.0
CO,band,2,AE,AE,ID,-16_35,128,314,0.9661624203821656,0.9328843003620317,1.488841657636012,12000.0,1884.4644165039062,15.0999755859375,0.0,0.0
CO,band,2,AE,AE,ID,-16_39,659,1204,0.9875642143789796,0.9756811202137896,2.611682680896089,6000.0,1537.1839599609375,4.0,0.0,0.0
CO,band,2,AE,AE,ID,-19_33,54,53,0.9863731656184487,0.9822973133131462,0.5694834414531335,12000.0,2491.111328125,5.0,0.0,0.0
CO,band,2,AE,AE,ID,-21_32,97,160,0.9826675257731958,0.9707992969846342,0.4085687839190642,12000.0,2056.7783203125,10.800048828125,0.0,0.0
CO,band,2,AE,AE,ID,-21_34,54,115,0.9971014492753623,0.9944893502982252,0.32013061771068124,6000.0,2657.699951171875,42.300048828125,0.0,0.0
CO,band,2,AE,AE,ID,-22_37,473,428,0.9854972239236529,0.9850715055544211,4.434012077870649,6000.0,1400.0435791015625,2.9000244140625,0.0,0.01888888888852939
CO,band,3,A,A,ID,-12_39,363,218,0.9736649227891929,0.9837698858262769,0.20835211832052025,12000.0,1187.7633056640625,1.2000732421875,0.0,0.0
CO,band,3,A,A,ID,-12_40,289,226,0.9729307652264445,0.9766598715441834,0.20835211832052025,12000.0,1134.4708251953125,1.5,0.0,0.0
CO,band,3,A,A,ID,-13_38,368,92,0.9535975897920607,0.9890540682683026,0.12624561791812738,24000.0,1295.5220947265625,1.5,0.0,0.0
CO,band,3,A,A,ID,-13_39,344,268,0.9660491148906629,0.9734165384042853,0.20835211832052025,12000.0,1246.2025146484375,1.699951171875,0.0,0.0
CO,band,3,A,A,ID,-15_40,112,74,0.9724903474903475,0.9752342091919288,0.4985742665666153,24000.0,1617.56494140625,2.800048828125,0.0,0.0
CO,band,3,A,A,ID,-16_37,163,319,0.9603438659922688,0.9193103658293077,4.3987810166040955,6000.0,1730.9075317382812,9.4000244140625,0.0,0.0
CO,band,3,A,A,ID,-17_37,130,281,0.9871612373391733,0.9692144825653108,3.4441486853609016,24000.0,2998.452392578125,49.599853515625,0.0,0.0
CO,band,3,A,A,ID,-18_38,44,108,0.9755892255892257,0.9599288503752919,1.4738408079160736,24000.0,2750.474365234375,39.2000732421875,0.0,0.0
CO,band,3,A,A,ID,-19_36,77,249,0.9873780837636259,0.9488607639446301,2.0466789510249295,6000.0,3080.52587890625,86.25,0.0,0.0
CO,band,3,A,A,ID,-19_39,87,169,0.9892538937631776,0.9748259857670503,2.9879698462887285,12000.0,2072.5118408203125,12.29998779296875,0.0,0.0
CO,band,3,A,A,ID,-20_39,42,51,1.0,1.0,0.019068590551404925,24000.0,2121.306640625,17.39990234375,0.0,0.0
CO,band,3,A,A,ID,-21_33,86,113,0.995575221238938,0.9937611265206854,0.4085687839190642,6000.0,2361.73779296875,29.0,0.0,0.0
CO,band,3,A,A,ID,-21_35,62,155,0.9964620187304891,0.9907102473768552,2.4115849662406474,6000.0,1812.0396728515625,5.800048828125,0.0,0.0
CO,band,3,A,A,ID,-21_39,113,139,0.9921690965811422,0.9890354076960489,0.019068590551404925,24000.0,1897.3810424804688,9.5,0.0,0.0
CO,band,3,A,A,ID,-22_32,33,169,0.9921104536489151,0.9568220099570686,0.4085687839190642,12000.0,2091.5845947265625,14.1500244140625,0.0,0.0
CO,band,3,A,A,ID,-22_36,30,48,0.9770833333333333,0.9490098423015869,2.9405562386278166,24000.0,1479.1417236328125,9.04998779296875,0.0,0.0
CO,band,3,A,A,ID,-22_39,108,205,0.9966576332429992,0.994753516640389,0.019068590551404925,24000.0,1698.341064453125,14.7999267578125,0.0,0.0
CO,band,3,A,AE,OOD,-12_39,381,141,0.9678896520913609,0.9881752420514871,0.20835211832052025,12000.0,1188.6258544921875,1.0,0.0,0.0
CO,band,3,A,AE,OOD,-12_40,506,45,0.9886253842775583,0.9989554972548748,0.20835211832052025,12000.0,1128.3094482421875,0.9000244140625,0.0,0.0
CO,band,3,A,AE,OOD,-13_38,411,208,0.9415005614823132,0.9713236531423173,0.12624561791812738,24000.0,1296.4591064453125,1.4000244140625,0.0,0.0
CO,band,3,A,AE,OOD,-13_39,980,277,0.9620459736241067,0.9887960794933265,0.20835211832052025,24000.0,1240.34521484375,1.199951171875,0.0,0.0
CO,band,3,A,AE,OOD,-16_37,392,833,0.9468021902638606,0.9033392633408658,4.3987810166040955,6000.0,1743.2359619140625,10.699951171875,0.0,0.0
CO,band,3,A,AE,OOD,-19_36,88,113,0.9958769106999195,0.9945313962603621,2.0466789510249295,6000.0,2986.636474609375,15.5,0.0,0.0
CO,band,3,A,AE,OOD,-19_39,308,439,0.9902819276395586,0.9743951566857026,2.9879698462887285,12000.0,2083.6376953125,8.9000244140625,0.0,0.0
CO,band,3,A,AE,OOD,-19_40,55,137,0.9984074319840743,0.9957499669877634,2.9879698462887285,12000.0,2115.91748046875,26.4000244140625,0.0,0.0
CO,band,3,A,AE,OOD,-20_37,37,103,0.8869063237995276,0.7992299018529455,2.742322162871958,6000.0,2181.5545654296875,33.10003662109375,0.0,0.0
CO,band,3,A,AE,OOD,-21_33,173,209,0.9941919960173686,0.9895186461917777,0.4085687839190642,6000.0,2351.995849609375,12.4500732421875,0.0,0.0
CO,band,3,A,AE,OOD,-21_35,114,251,0.9817921297267073,0.9461474316404108,2.4115849662406474,6000.0,1775.9429931640625,5.800048828125,0.0,0.0
CO,band,3,A,AE,OOD,-22_39,49,86,0.9957285239677267,0.9931148572789441,0.019068590551404925,24000.0,1712.4307861328125,15.9000244140625,0.0,0.0
CO,band,3,AE,A,OOD,-12_39,363,218,0.9764197437258322,0.9840153756086658,0.20835211832052025,12000.0,1187.7633056640625,1.2000732421875,0.0,0.0
CO,band,3,AE,A,OOD,-12_40,289,226,0.9936920109011851,0.994646815482037,0.20835211832052025,12000.0,1134.4708251953125,1.5,0.0,0.0
CO,band,3,AE,A,OOD,-13_38,368,92,0.9398629489603023,0.9855988973621529,0.12624561791812738,24000.0,1295.5220947265625,1.5,0.0,0.0
CO,band,3,AE,A,OOD,-13_39,344,268,0.953933096147171,0.9665776555695409,0.20835211832052025,12000.0,1246.2025146484375,1.699951171875,0.0,0.0
CO,band,3,AE,A,OOD,-15_40,112,74,0.9758687258687258,0.9771333269902294,0.4985742665666153,24000.0,1617.56494140625,2.800048828125,0.0,0.0
CO,band,3,AE,A,OOD,-16_37,163,319,0.9766909629401697,0.9464164597484535,4.3987810166040955,6000.0,1730.9075317382812,9.4000244140625,0.0,0.0
CO,band,3,AE,A,OOD,-17_37,130,281,0.9835203941965508,0.9607274822839673,3.4441486853609016,24000.0,2998.452392578125,49.599853515625,0.0,0.0
CO,band,3,AE,A,OOD,-18_38,44,108,0.979587542087542,0.9642155732011505,1.4738408079160736,24000.0,2750.474365234375,39.2000732421875,0.0,0.0
CO,band,3,AE,A,OOD,-19_36,77,249,0.9925415949512335,0.9722182356798776,2.0466789510249295,6000.0,3080.52587890625,86.25,0.0,0.0
CO,band,3,AE,A,OOD,-19_39,87,169,0.9849010406039583,0.948861753446492,2.9879698462887285,12000.0,2072.5118408203125,12.29998779296875,0.0,0.0
CO,band,3,AE,A,OOD,-20_39,42,51,0.9985994397759104,0.9982986766270132,0.019068590551404925,24000.0,2121.306640625,17.39990234375,0.0,0.0
CO,band,3,AE,A,OOD,-21_33,86,113,0.9931055772792756,0.9896203272240174,0.4085687839190642,6000.0,2361.73779296875,29.0,0.0,0.0
CO,band,3,AE,A,OOD,-21_35,62,155,0.9933402705515089,0.9821673735475813,2.4115849662406474,6000.0,1812.0396728515625,5.800048828125,0.0,0.0
CO,band,3,AE,A,OOD,-21_39,113,139,0.990577449544789,0.9880757766486679,0.019068590551404925,24000.0,1897.3810424804688,9.5,0.0,0.0
CO,band,3,AE,A,OOD,-22_32,33,169,0.9924690693921463,0.9526362818567555,0.4085687839190642,12000.0,2091.5845947265625,14.1500244140625,0.0,0.0
CO,band,3,AE,A,OOD,-22_36,30,48,0.9715277777777778,0.9551541539142737,2.9405562386278166,24000.0,1479.1417236328125,9.04998779296875,0.0,0.0
CO,band,3,AE,A,OOD,-22_39,108,205,0.9972448057813912,0.9958432709672596,0.019068590551404925,24000.0,1698.341064453125,14.7999267578125,0.0,0.0
CO,band,3,AE,AE,ID,-12_39,381,141,0.9620260233428268,0.9835135924206404,0.20835211832052025,12000.0,1188.6258544921875,1.0,0.0,0.0
CO,band,3,AE,AE,ID,-12_40,506,45,0.986605182257356,0.9984178386010334,0.20835211832052025,12000.0,1128.3094482421875,0.9000244140625,0.0,0.0
CO,band,3,AE,AE,ID,-13_38,411,208,0.919181639528355,0.9619275378493666,0.12624561791812738,24000.0,1296.4591064453125,1.4000244140625,0.0,0.0
CO,band,3,AE,AE,ID,-13_39,980,277,0.950832535180137,0.985740682563383,0.20835211832052025,24000.0,1240.34521484375,1.199951171875,0.0,0.0
CO,band,3,AE,AE,ID,-16_37,392,833,0.9657465026827058,0.9348156523110861,4.3987810166040955,6000.0,1743.2359619140625,10.699951171875,0.0,0.0
CO,band,3,AE,AE,ID,-19_36,88,113,0.9953740949316171,0.9937790138524113,2.0466789510249295,6000.0,2986.636474609375,15.5,0.0,0.0
CO,band,3,AE,AE,ID,-19_39,308,439,0.9889506848504571,0.9708144351831339,2.9879698462887285,12000.0,2083.6376953125,8.9000244140625,0.0,0.0
CO,band,3,AE,AE,ID,-19_40,55,137,0.9966821499668215,0.9898648332178681,2.9879698462887285,12000.0,2115.91748046875,26.4000244140625,0.0,0.0
CO,band,3,AE,AE,ID,-20_37,37,103,0.975072159538179,0.9306947505077974,2.742322162871958,6000.0,2181.5545654296875,33.10003662109375,0.0,0.0
CO,band,3,AE,AE,ID,-21_33,173,209,0.9957961114030478,0.9931434532007053,0.4085687839190642,6000.0,2351.995849609375,12.4500732421875,0.0,0.0
CO,band,3,AE,AE,ID,-21_35,114,251,0.9861256727476061,0.9607113289456851,2.4115849662406474,6000.0,1775.9429931640625,5.800048828125,0.0,0.0
CO,band,3,AE,AE,ID,-22_39,49,86,0.9983388704318936,0.9974489795918369,0.019068590551404925,24000.0,1712.4307861328125,15.9000244140625,0.0,0.0
CO,shadedX,0,A,A,ID,-11_33,452,84,0.782448377581121,0.9440002974250429,0.5340172771990488,12000.0,1055.360107421875,0.9000244140625,0.0,0.0
CO,shadedX,0,A,A,ID,-15_34,640,181,0.8683183701657459,0.9534572860566457,0.6992865332940402,12000.0,1423.973388671875,1.699951171875,0.0,0.010000000000078956
CO,shadedX,0,A,A,ID,-15_37,414,313,0.8495470049852603,0.8490386774509106,2.618682738577198,12000.0,1715.150634765625,1.7999267578125,0.0,0.0
CO,shadedX,0,A,A,ID,-15_38,568,75,0.8278403755868543,0.9672974151748541,0.4985742665666153,12000.0,1498.2568359375,1.2999267578125,0.0,0.0
CO,shadedX,0,A,A,ID,-16_36,84,26,0.8978937728937729,0.9676280477932145,1.8972700132404465,12000.0,2116.96337890625,0.0,0.0,0.0
CO,shadedX,0,A,AE,OOD,-11_33,336,93,0.8178443420378905,0.9373344188940924,0.5340172771990488,12000.0,1054.5089111328125,1.0,0.0,0.0
CO,shadedX,0,A,AE,OOD,-15_34,558,161,0.8375186446715199,0.935542944164347,0.6992865332940402,12000.0,1426.3856201171875,1.7000732421875,0.0,0.009999999999866742
CO,shadedX,0,A,AE,OOD,-15_37,689,306,0.8790185643681759,0.9260647819607599,2.618682738577198,12000.0,1701.407958984375,1.60009765625,0.0,0.0
CO,shadedX,0,A,AE,OOD,-15_38,1082,89,0.813329456478847,0.9761465043972355,0.4985742665666153,12000.0,1496.7568359375,1.2000732421875,0.0,0.0
CO,shadedX,0,AE,A,OOD,-11_33,452,84,0.7281921618204804,0.9316011466097864,0.5340172771990488,12000.0,1055.360107421875,0.9000244140625,0.0,0.0
CO,shadedX,0,AE,A,OOD,-15_34,640,181,0.8436032458563536,0.9503085531207562,0.6992865332940402,12000.0,1423.973388671875,1.699951171875,0.0,0.010000000000078956
CO,shadedX,0,AE,A,OOD,-15_37,414,313,0.8330863854547699,0.8422542044720042,2.618682738577198,12000.0,1715.150634765625,1.7999267578125,0.0,0.0
CO,shadedX,0,AE,A,OOD,-15_38,568,75,0.7591079812206573,0.9571228047710973,0.4985742665666153,12000.0,1498.2568359375,1.2999267578125,0.0,0.0
CO,shadedX,0,AE,A,OOD,-16_36,84,26,0.8731684981684982,0.9548883098034178,1.8972700132404465,12000.0,2116.96337890625,0.0,0.0,0.0
CO,shadedX,0,AE,AE,ID,-11_33,336,93,0.8054915514592934,0.9359187508506766,0.5340172771990488,12000.0,1054.5089111328125,1.0,0.0,0.0
CO,shadedX,0,AE,AE,ID,-15_34,558,161,0.820076137046684,0.9387882636244096,0.6992865332940402,12000.0,1426.3856201171875,1.7000732421875,0.0,0.009999999999866742
CO,shadedX,0,AE,AE,ID,-15_37,689,306,0.844892190064221,0.9089441773289042,2.618682738577198,12000.0,1701.407958984375,1.60009765625,0.0,0.0
CO,shadedX,0,AE,AE,ID,-15_38,1082,89,0.7727990197096513,0.9735704231812385,0.4985742665666153,12000.0,1496.7568359375,1.2000732421875,0.0,0.0
CO,shadedX,1,A,A,ID,-11_40,34,147,0.9581832733093238,0.8842079201718831,,12000.0,1075.1685791015625,1.5,0.0,0.0
CO,shadedX,1,A,A,ID,-12_33,595,129,0.801498273728096,0.9459608346193416,0.5340172771990488,24000.0,1101.5686645507812,1.199951171875,0.0,0.0
CO,shadedX,1,A,A,ID,-15_39,407,274,0.8260370523144245,0.8793800580660833,0.4985742665666153,6000.0,1425.489013671875,1.5,0.0,0.012222222221092595
CO,shadedX,1,A,A,ID,-16_38,202,609,0.8031263717504755,0.610319306971398,4.290055092091757,6000.0,1556.4698486328125,2.0,1.0,0.0033333333334607074
CO,shadedX,1,A,A,ID,-18_33,225,53,0.5559748427672957,0.8642991756717524,0.5694834414531335,12000.0,2335.7340087890625,1.199951171875,0.0,0.00777777777779203
CO,shadedX,1,A,A,ID,-21_36,73,84,0.7995759947814742,0.7941971110269938,2.9405562386278166,6000.0,1524.5723876953125,1.2999267578125,0.0,0.035555555555620705
CO,shadedX,1,A,AE,OOD,-11_40,631,169,0.8570691773178668,0.9595318774396446,,12000.0,1077.2533569335938,0.800048828125,0.0,0.006666666666618249
CO,shadedX,1,A,AE,OOD,-12_33,305,138,0.8338322641957711,0.9171062223293138,0.5340172771990488,24000.0,1103.1885986328125,1.199951171875,0.0,0.0
CO,shadedX,1,A,AE,OOD,-15_39,1489,274,0.7988019196737144,0.9543494939617434,0.4985742665666153,6000.0,1423.3583984375,1.5,0.0,0.018888888889044764
CO,shadedX,1,A,AE,OOD,-16_38,1410,570,0.7848500684334951,0.8919413969316696,4.290055092091757,6000.0,1547.3394165039062,1.6500244140625,0.0,0.03000000000002465
CO,shadedX,1,A,AE,OOD,-18_33,150,39,0.5347008547008547,0.8207535346961015,0.5694834414531335,12000.0,2335.712158203125,0.800048828125,0.0,0.008888888888935492
CO,shadedX,1,A,AE,OOD,-21_36,198,85,0.8640522875816994,0.9410577954962938,2.9405562386278166,6000.0,1517.1510009765625,1.199951171875,0.0,0.03777777777790764
CO,shadedX,1,AE,A,OOD,-11_40,34,147,0.9059623849539815,0.8074243186011568,,12000.0,1075.1685791015625,1.5,0.0,0.0
CO,shadedX,1,AE,A,OOD,-12_33,595,129,0.8037652270210409,0.9457073463210618,0.5340172771990488,24000.0,1101.5686645507812,1.199951171875,0.0,0.0
CO,shadedX,1,AE,A,OOD,-15_39,407,274,0.8257321687978623,0.8778141026198624,0.4985742665666153,6000.0,1425.489013671875,1.5,0.0,0.012222222221092595
CO,shadedX,1,AE,A,OOD,-16_38,202,609,0.8191077728462501,0.6534819485557805,4.290055092091757,6000.0,1556.4698486328125,2.0,1.0,0.0033333333334607074
CO,shadedX,1,AE,A,OOD,-18_33,225,53,0.4561006289308176,0.813301276126038,0.5694834414531335,12000.0,2335.7340087890625,1.199951171875,0.0,0.00777777777779203
CO,shadedX,1,AE,A,OOD,-21_36,73,84,0.7881604696673189,0.7917793925827624,2.9405562386278166,6000.0,1524.5723876953125,1.2999267578125,0.0,0.035555555555620705
CO,shadedX,1,AE,AE,ID,-11_40,631,169,0.8346852464858072,0.9489160577724133,,12000.0,1077.2533569335938,0.800048828125,0.0,0.006666666666618249
CO,shadedX,1,AE,AE,ID,-12_33,305,138,0.8196246139225469,0.9132053510373115,0.5340172771990488,24000.0,1103.1885986328125,1.199951171875,0.0,0.0
CO,shadedX,1,AE,AE,ID,-15_39,1489,274,0.8116822636070846,0.9563093218831894,0.4985742665666153,6000.0,1423.3583984375,1.5,0.0,0.018888888889044764
CO,shadedX,1,AE,AE,ID,-16_38,1410,570,0.8078910041060097,0.9042363743220998,4.290055092091757,6000.0,1547.3394165039062,1.6500244140625,0.0,0.03000000000002465
CO,shadedX,1,AE,AE,ID,-18_33,150,39,0.4611965811965812,0.7603883293235267,0.5694834414531335,12000.0,2335.712158203125,0.800048828125,0.0,0.008888888888935492
CO,shadedX,1,AE,AE,ID,-21_36,198,85,0.8435531788472965,0.9267725730167471,2.9405562386278166,6000.0,1517.1510009765625,1.199951171875,0.0,0.03777777777790764
CO,shadedX,2,A,A,ID,-14_38,883,115,0.881126594120833,0.9810539619523786,0.12624561791812738,24000.0,1377.0050048828125,1.300048828125,0.0,0.0
CO,shadedX,2,A,A,ID,-14_39,294,98,0.8783492989032348,0.9583413209151441,0.12624561791812738,24000.0,1343.8106689453125,1.199951171875,0.0,0.06888888888849977
CO,shadedX,2,A,A,ID,-15_35,580,83,0.8626090569173246,0.9756658385038179,1.8972700132404465,12000.0,1760.5855712890625,1.9000244140625,0.0,0.0
CO,shadedX,2,A,A,ID,-16_35,194,128,0.8921552835051546,0.9317613410133035,1.488841657636012,6000.0,1771.1661376953125,1.90008544921875,0.0,0.0
CO,shadedX,2,A,A,ID,-16_39,102,315,0.8111111111111111,0.6060495971223598,2.611682680896089,6000.0,1505.3353271484375,1.9000244140625,0.0,0.007777777777943612
CO,shadedX,2,A,AE,OOD,-14_38,175,137,0.8580187695516163,0.8872217771079389,0.12624561791812738,24000.0,1380.0169067382812,1.300048828125,0.0,0.0
CO,shadedX,2,A,AE,OOD,-14_39,308,122,0.8901426442410049,0.9553454411397163,0.12624561791812738,24000.0,1342.0816650390625,1.0999755859375,0.0,0.05333333333352205
CO,shadedX,2,A,AE,OOD,-15_35,611,97,0.868881502353755,0.9765098520959259,1.8972700132404465,12000.0,1762.0313110351562,1.800048828125,0.0,0.0
CO,shadedX,2,A,AE,OOD,-16_35,128,122,0.8863345286885246,0.8980063962530049,1.488841657636012,12000.0,1763.7430419921875,1.95001220703125,0.0,0.0
CO,shadedX,2,A,AE,OOD,-16_39,659,292,0.8068524331178415,0.903534890033313,2.611682680896089,6000.0,1511.8092041015625,1.199951171875,0.0,0.007777777777943612
CO,shadedX,2,A,AE,OOD,-21_32,97,25,0.7971134020618557,0.9360507149800267,0.4085687839190642,12000.0,1997.0023803710938,0.95001220703125,0.0,0.012222222222214302
CO,shadedX,2,A,AE,OOD,-22_37,473,139,0.8433540693871964,0.9534851863666859,4.434012077870649,6000.0,1381.9465942382812,1.5999755859375,0.0,0.1599999999998688
CO,shadedX,2,AE,A,OOD,-14_38,883,115,0.8166428676941258,0.9686175273839761,0.12624561791812738,24000.0,1377.0050048828125,1.300048828125,0.0,0.0
CO,shadedX,2,AE,A,OOD,-14_39,294,98,0.9407538525614327,0.9808332601717435,0.12624561791812738,24000.0,1343.8106689453125,1.199951171875,0.0,0.06888888888849977
CO,shadedX,2,AE,A,OOD,-15_35,580,83,0.8133153302866638,0.9627363520125529,1.8972700132404465,12000.0,1760.5855712890625,1.9000244140625,0.0,0.0
CO,shadedX,2,AE,A,OOD,-16_35,194,128,0.8812419458762887,0.925882115582886,1.488841657636012,6000.0,1771.1661376953125,1.90008544921875,0.0,0.0
CO,shadedX,2,AE,A,OOD,-16_39,102,315,0.8080610021786493,0.6312550561981594,2.611682680896089,6000.0,1505.3353271484375,1.9000244140625,0.0,0.007777777777943612
CO,shadedX,2,AE,AE,ID,-14_38,175,137,0.7989155370177268,0.8183577481260191,0.12624561791812738,24000.0,1380.0169067382812,1.300048828125,0.0,0.0
CO,shadedX,2,AE,AE,ID,-14_39,308,122,0.9328294656163509,0.9752592231914066,0.12624561791812738,24000.0,1342.0816650390625,1.0999755859375,0.0,0.05333333333352205
CO,shadedX,2,AE,AE,ID,-15_35,611,97,0.8086624934617915,0.9626136547425015,1.8972700132404465,12000.0,1762.0313110351562,1.800048828125,0.0,0.0
CO,shadedX,2,AE,AE,ID,-16_35,128,122,0.841188524590164,0.8309788941359417,1.488841657636012,12000.0,1763.7430419921875,1.95001220703125,0.0,0.0
CO,shadedX,2,AE,AE,ID,-16_39,659,292,0.8107344045565095,0.9042181046006212,2.611682680896089,6000.0,1511.8092041015625,1.199951171875,0.0,0.007777777777943612
CO,shadedX,2,AE,AE,ID,-21_32,97,25,0.8276288659793815,0.9498514820082122,0.4085687839190642,12000.0,1997.0023803710938,0.95001220703125,0.0,0.012222222222214302
CO,shadedX,2,AE,AE,ID,-22_37,473,139,0.8227143443807322,0.9418183208298723,4.434012077870649,6000.0,1381.9465942382812,1.5999755859375,0.0,0.1599999999998688
CO,shadedX,3,A,A,ID,-12_39,363,144,0.7979032751760026,0.9187602546419833,0.20835211832052025,12000.0,1177.2276611328125,0.800048828125,0.0,0.0
CO,shadedX,3,A,A,ID,-12_40,289,100,0.7373702422145328,0.8924160100811018,0.20835211832052025,12000.0,1126.935791015625,0.9000244140625,0.0,0.0
CO,shadedX,3,A,A,ID,-13_38,368,75,0.9134057971014492,0.9824049567106934,0.12624561791812738,24000.0,1289.9783935546875,1.300048828125,0.0,0.0
CO,shadedX,3,A,A,ID,-13_39,344,341,0.7803911205073997,0.8071475164388664,0.20835211832052025,12000.0,1224.2711181640625,1.199951171875,0.0,0.0
CO,shadedX,3,A,A,ID,-16_37,163,308,0.8147956338140387,0.7359767774643947,4.3987810166040955,6000.0,1654.55029296875,2.0999755859375,22.0,0.006666666666678882
CO,shadedX,3,A,A,ID,-19_39,87,44,0.7144723092998955,0.8505144998658792,2.9879698462887285,12000.0,1996.1485595703125,1.5,0.0,0.02000000000000633
CO,shadedX,3,A,A,ID,-21_33,86,62,0.7638784696174045,0.8436045094699741,0.4085687839190642,6000.0,2015.3797607421875,1.6500244140625,0.0,0.060555555556075835
CO,shadedX,3,A,A,ID,-21_35,62,37,0.8748910200523103,0.9316530679486994,2.4115849662406474,6000.0,1732.3681640625,1.5999755859375,0.0,0.0
CO,shadedX,3,A,AE,OOD,-12_39,381,148,0.8266652479250904,0.9359478270158624,0.20835211832052025,12000.0,1176.372314453125,0.89990234375,0.0,0.0
CO,shadedX,3,A,AE,OOD,-12_40,506,84,0.6909232072275551,0.9330128822989361,0.20835211832052025,12000.0,1127.2640991210938,0.89990234375,0.0,0.0
CO,shadedX,3,A,AE,OOD,-13_38,411,77,0.8962618889626188,0.9806800231865613,0.12624561791812738,24000.0,1290.735595703125,1.29998779296875,0.0,0.0
CO,shadedX,3,A,AE,OOD,-13_39,980,368,0.7590838509316771,0.8890734963749309,0.20835211832052025,24000.0,1227.591796875,1.0999755859375,0.0,0.0
CO,shadedX,3,A,AE,OOD,-16_37,392,273,0.7709221051057786,0.8298682063242891,4.3987810166040955,6000.0,1669.796875,1.5,3.0,0.008888888888905176
CO,shadedX,3,A,AE,OOD,-19_39,308,30,0.8323593073593073,0.9777859946815757,2.9879698462887285,12000.0,2006.6173095703125,1.0999755859375,0.0,0.01999999999985475
CO,shadedX,3,A,AE,OOD,-21_33,173,57,0.791907514450867,0.9263004790376258,0.4085687839190642,6000.0,2057.5087890625,1.14996337890625,0.0,0.061666666665112266
CO,shadedX,3,A,AE,OOD,-21_35,114,42,0.7322472848788639,0.8751472179131016,2.4115849662406474,6000.0,1752.3848266601562,2.0,0.0,0.0
CO,shadedX,3,AE,A,OOD,-12_39,363,144,0.7818143556779922,0.9044833963725607,0.20835211832052025,12000.0,1177.2276611328125,0.800048828125,0.0,0.0
CO,shadedX,3,AE,A,OOD,-12_40,289,100,0.774083044982699,0.8991074892103013,0.20835211832052025,12000.0,1126.935791015625,0.9000244140625,0.0,0.0
CO,shadedX,3,AE,A,OOD,-13_38,368,75,0.8497101449275362,0.961982827703391,0.12624561791812738,24000.0,1289.9783935546875,1.300048828125,0.0,0.0
CO,shadedX,3,AE,A,OOD,-13_39,344,341,0.7607242719770851,0.7928143982281575,0.20835211832052025,12000.0,1224.2711181640625,1.199951171875,0.0,0.0
CO,shadedX,3,AE,A,OOD,-16_37,163,308,0.8427615329455821,0.7847526335848782,4.3987810166040955,6000.0,1654.55029296875,2.0999755859375,22.0,0.006666666666678882
CO,shadedX,3,AE,A,OOD,-19_39,87,44,0.7243991640543365,0.849128680129899,2.9879698462887285,12000.0,1996.1485595703125,1.5,0.0,0.02000000000000633
CO,shadedX,3,AE,A,OOD,-21_33,86,62,0.733495873968492,0.8288003049904638,0.4085687839190642,6000.0,2015.3797607421875,1.6500244140625,0.0,0.060555555556075835
CO,shadedX,3,AE,A,OOD,-21_35,62,37,0.9049694856146469,0.9421820498854934,2.4115849662406474,6000.0,1732.3681640625,1.5999755859375,0.0,0.0
CO,shadedX,3,AE,AE,ID,-12_39,381,148,0.8229055827481024,0.9277003325869032,0.20835211832052025,12000.0,1176.372314453125,0.89990234375,0.0,0.0
CO,shadedX,3,AE,AE,ID,-12_40,506,84,0.7584697910784868,0.9485094813230175,0.20835211832052025,12000.0,1127.2640991210938,0.89990234375,0.0,0.0
CO,shadedX,3,AE,AE,ID,-13_38,411,77,0.8445034284450343,0.9677004436608279,0.12624561791812738,24000.0,1290.735595703125,1.29998779296875,0.0,0.0
CO,shadedX,3,AE,AE,ID,-13_39,980,368,0.762111801242236,0.8972181278815341,0.20835211832052025,24000.0,1227.591796875,1.0999755859375,0.0,0.0
CO,shadedX,3,AE,AE,ID,-16_37,392,273,0.7943204754429246,0.8578802932986199,4.3987810166040955,6000.0,1669.796875,1.5,3.0,0.008888888888905176
CO,shadedX,3,AE,AE,ID,-19_39,308,30,0.8198051948051948,0.9772530944402237,2.9879698462887285,12000.0,2006.6173095703125,1.0999755859375,0.0,0.01999999999985475
CO,shadedX,3,AE,AE,ID,-21_33,173,57,0.7953554406246831,0.929629440634471,0.4085687839190642,6000.0,2057.5087890625,1.14996337890625,0.0,0.061666666665112266
CO,shadedX,3,AE,AE,ID,-21_35,114,42,0.7788220551378445,0.9008489146820488,2.4115849662406474,6000.0,1752.3848266601562,2.0,0.0,0.0
AZ,band,0,A,A,ID,-26_21,398,187,0.8851745357805068,0.9384220534530212,0.16284229423379265,12000.0,1309.4024658203125,2.0,0.0,0.0
AZ,band,0,A,A,ID,-26_22,565,403,0.8628033114473308,0.8738363214741819,0.16284229423379265,12000.0,1269.3087768554688,2.0,0.0,0.0
AZ,band,0,A,A,ID,-26_23,702,395,0.9158245879764868,0.9434697060107434,0.3844572951469946,24000.0,927.6262817382812,3.699951171875,0.0,0.0
AZ,band,0,A,A,ID,-26_26,38,185,0.9840682788051209,0.921915276323498,0.5009534078828138,6000.0,1986.835693359375,14.199951171875,0.0,0.0
AZ,band,0,A,A,ID,-27_21,275,298,0.9535326418547895,0.951283803297517,0.16284229423379265,12000.0,1259.6522216796875,4.5,0.0,0.0
AZ,band,0,A,A,ID,-27_27,170,190,0.9723219814241486,0.9664443245964043,0.5009534078828138,24000.0,1822.2088623046875,3.95001220703125,0.0,0.0
AZ,band,0,A,A,ID,-28_20,180,203,0.9887794198139026,0.986582852235363,1.7290481764509422,24000.0,1484.6319580078125,6.7000732421875,0.0,0.0
AZ,band,0,A,A,ID,-28_23,246,340,0.9844332855093257,0.9805954282107819,0.6023478768511848,24000.0,920.2531433105469,6.20001220703125,0.0,0.0
AZ,band,0,A,A,ID,-28_25,236,58,0.973115137346581,0.9849734997444103,1.7592262344812786,24000.0,646.5504455566406,0.20001220703125,0.0,0.5827777777773411
AZ,band,0,A,A,ID,-28_30,41,57,0.9264013692768507,0.849284865419784,0.39846084002546717,24000.0,1307.6263427734375,3.14996337890625,0.0,0.0
AZ,band,0,A,A,ID,-29_23,641,241,0.8380577546753323,0.9366891248662864,0.6023478768511848,12000.0,572.9634704589844,1.5999755859375,0.0,0.0
AZ,band,0,A,A,ID,-29_26,53,112,0.8856132075471699,0.7841590121904201,2.0052221069266016,6000.0,770.9563598632812,18.9000244140625,0.0,0.0
AZ,band,0,A,A,ID,-29_27,33,128,0.9869791666666667,0.9647804392835908,1.1328305713768412,6000.0,1012.5287475585938,21.2000732421875,0.0,0.0
AZ,band,0,A,A,ID,-30_28,135,181,0.9835891139758544,0.9813094628395697,1.1328305713768412,12000.0,1454.1399536132812,4.0,0.0,0.0
AZ,band,0,A,A,ID,-30_33,65,126,0.9675213675213675,0.9432717722719854,0.3283262882108657,24000.0,1505.276123046875,3.800048828125,0.0,0.0
AZ,band,0,A,A,ID,-31_25,120,207,0.954669887278583,0.9414842193436378,2.0052221069266016,12000.0,293.4856262207031,3.3000030517578125,0.0,0.0
AZ,band,0,A,A,ID,-31_27,155,384,0.9874663978494624,0.966395872489113,1.1328305713768412,12000.0,1024.1490478515625,10.70001220703125,0.0,0.0
AZ,band,0,A,A,ID,-32_24,628,159,0.9068421263469937,0.97452246540357,2.0052221069266016,24000.0,188.34918212890625,1.70001220703125,0.0,0.03888888888823255
AZ,band,0,A,A,ID,-32_29,186,115,0.9789621318373072,0.9829523497327881,0.3283262882108657,24000.0,1030.2825927734375,4.0999755859375,0.0,0.0
AZ,band,0,A,A,ID,-32_33,56,180,0.9916666666666667,0.9735936451958053,0.3283262882108657,6000.0,636.2947998046875,13.6500244140625,0.0,0.0
AZ,band,0,A,A,ID,-33_24,293,88,0.9212690040335091,0.9775136841233352,0.5251896942125486,24000.0,122.12022399902344,1.0999984741210938,0.0,0.0
AZ,band,0,A,A,ID,-34_26,268,190,0.9246465043205027,0.9455304106819227,0.4455546092955288,12000.0,215.13288116455078,1.9000015258789062,0.0,0.0
AZ,band,0,A,A,ID,-34_27,379,178,0.9139960273931991,0.9558965919058859,0.4455546092955288,24000.0,96.33937072753906,0.9000015258789062,0.0,0.0
AZ,band,0,A,A,ID,-34_30,152,107,0.9655681259222824,0.9758339995580556,0.3283262882108657,24000.0,203.83355712890625,1.899993896484375,0.0,0.0011111111111131468
AZ,band,0,A,AE,OOD,-26_22,171,57,0.8451831332717759,0.9092702431184155,0.16284229423379265,12000.0,1265.029541015625,1.9000244140625,0.0,0.0
AZ,band,0,A,AE,OOD,-26_23,220,155,0.9150439882697947,0.9255575851377915,0.3844572951469946,24000.0,932.9935302734375,3.5,0.0,0.0
AZ,band,0,A,AE,OOD,-26_26,54,255,0.990559186637618,0.9545706222721649,0.5009534078828138,6000.0,1989.9202880859375,10.60009765625,0.0,0.0
AZ,band,0,A,AE,OOD,-27_21,25,65,0.9852307692307692,0.9743902439024391,0.16284229423379265,12000.0,1295.062255859375,7.04998779296875,0.0,0.0
AZ,band,0,A,AE,OOD,-28_23,98,297,0.9760874046588333,0.9481736619277942,0.6023478768511848,24000.0,929.8053588867188,11.20001220703125,0.0,0.0
AZ,band,0,A,AE,OOD,-28_25,68,239,0.973480187053901,0.8770095045923764,1.7592262344812786,24000.0,804.534423828125,16.60003662109375,0.0,0.0
AZ,band,0,A,AE,OOD,-29_23,1007,322,0.874709332806997,0.958036334884089,0.6023478768511848,12000.0,575.1036376953125,1.5999755859375,0.0,0.0
AZ,band,0,A,AE,OOD,-29_26,404,283,0.8477504110835111,0.8644064242834756,2.0052221069266016,6000.0,696.1167602539062,14.0,0.0,0.0
AZ,band,0,A,AE,OOD,-29_27,161,266,0.9982253771073647,0.9970763733985084,1.1328305713768412,6000.0,984.9739379882812,13.70001220703125,0.0,0.0
AZ,band,0,A,AE,OOD,-30_25,597,1076,0.8550684027323732,0.8295271487300919,2.0052221069266016,12000.0,327.623291015625,1.9000244140625,10.0,0.0
AZ,band,0,A,AE,OOD,-30_28,485,1023,0.9811188035996814,0.9687816665878829,1.1328305713768412,12000.0,1457.4932861328125,6.29998779296875,0.0,0.0
AZ,band,0,A,AE,OOD,-31_25,2568,1492,0.9578019426557423,0.9778106383213291,2.0052221069266016,12000.0,280.77178955078125,2.0,0.0,0.0
AZ,band,0,A,AE,OOD,-31_27,108,193,0.9858472462099406,0.9714102446175257,1.1328305713768412,12000.0,1060.1077880859375,7.39996337890625,0.0,0.0
AZ,band,0,A,AE,OOD,-32_24,29,76,0.9133393829401089,0.8725841433650565,2.0052221069266016,24000.0,209.81301879882812,2.899993896484375,0.0,0.0
AZ,band,0,A,AE,OOD,-32_33,103,160,0.9947815533980582,0.9920828108799951,0.3283262882108657,6000.0,616.3339233398438,8.0999755859375,0.0,0.0
AZ,band,0,A,AE,OOD,-34_26,139,211,0.9318762999079411,0.9075957450895804,0.4455546092955288,12000.0,252.48664093017578,3.1000022888183594,0.0,0.0
AZ,band,0,A,AE,OOD,-34_27,195,426,0.9234139882027206,0.8593387912468825,0.4455546092955288,24000.0,117.95541381835938,1.7000045776367188,0.0,0.0
AZ,band,0,A,AE,OOD,-34_30,46,117,0.9637681159420289,0.9265197056991699,0.3283262882108657,24000.0,254.025390625,12.300018310546875,0.0,0.0
AZ,band,0,A,AE,OOD,-35_24,758,549,0.9183836286652153,0.9438822985839306,0.5251896942125486,12000.0,43.6037540435791,1.0999984741210938,0.0,0.0
AZ,band,0,AE,A,OOD,-26_21,398,187,0.8868003117190228,0.9414924244072645,0.16284229423379265,12000.0,1309.4024658203125,2.0,0.0,0.0
AZ,band,0,AE,A,OOD,-26_22,565,403,0.8337644656228727,0.8512438501442742,0.16284229423379265,12000.0,1269.3087768554688,2.0,0.0,0.0
AZ,band,0,AE,A,OOD,-26_23,702,395,0.9064192722420571,0.9318324483266072,0.3844572951469946,24000.0,927.6262817382812,3.699951171875,0.0,0.0
AZ,band,0,AE,A,OOD,-26_26,38,185,0.9770981507823614,0.9079067191264111,0.5009534078828138,6000.0,1986.835693359375,14.199951171875,0.0,0.0
AZ,band,0,AE,A,OOD,-27_21,275,298,0.9515680292861501,0.9500345543066857,0.16284229423379265,12000.0,1259.6522216796875,4.5,0.0,0.0
AZ,band,0,AE,A,OOD,-27_27,170,190,0.9801238390092879,0.975048472558441,0.5009534078828138,24000.0,1822.2088623046875,3.95001220703125,0.0,0.0
AZ,band,0,AE,A,OOD,-28_20,180,203,0.9862342638204707,0.9833652850977956,1.7290481764509422,24000.0,1484.6319580078125,6.7000732421875,0.0,0.0
AZ,band,0,AE,A,OOD,-28_23,246,340,0.9846006695361071,0.9789966530217424,0.6023478768511848,24000.0,920.2531433105469,6.20001220703125,0.0,0.0
AZ,band,0,AE,A,OOD,-28_25,236,58,0.9765488018702513,0.9907524511121732,1.7592262344812786,24000.0,646.5504455566406,0.20001220703125,0.0,0.5827777777773411
AZ,band,0,AE,A,OOD,-28_30,41,57,0.9370988446726574,0.9145630397760063,0.39846084002546717,24000.0,1307.6263427734375,3.14996337890625,0.0,0.0
AZ,band,0,AE,A,OOD,-29_23,641,241,0.850939597749885,0.9428272781423668,0.6023478768511848,12000.0,572.9634704589844,1.5999755859375,0.0,0.0
AZ,band,0,AE,A,OOD,-29_26,53,112,0.90616576819407,0.7953027363508127,2.0052221069266016,6000.0,770.9563598632812,18.9000244140625,0.0,0.0
AZ,band,0,AE,A,OOD,-29_27,33,128,0.9883996212121212,0.9712379396202926,1.1328305713768412,6000.0,1012.5287475585938,21.2000732421875,0.0,0.0
AZ,band,0,AE,A,OOD,-30_28,135,181,0.9831389400450175,0.97981108059453,1.1328305713768412,12000.0,1454.1399536132812,4.0,0.0,0.0
AZ,band,0,AE,A,OOD,-30_33,65,126,0.9684981684981685,0.9443473029991662,0.3283262882108657,24000.0,1505.276123046875,3.800048828125,0.0,0.0
AZ,band,0,AE,A,OOD,-31_25,120,207,0.9502818035426731,0.9296546083483781,2.0052221069266016,12000.0,293.4856262207031,3.3000030517578125,0.0,0.0
AZ,band,0,AE,A,OOD,-31_27,155,384,0.9878696236559139,0.9671304382403021,1.1328305713768412,12000.0,1024.1490478515625,10.70001220703125,0.0,0.0
AZ,band,0,AE,A,OOD,-32_24,628,159,0.9168068741737772,0.9782864377523445,2.0052221069266016,24000.0,188.34918212890625,1.70001220703125,0.0,0.03888888888823255
AZ,band,0,AE,A,OOD,-32_29,186,115,0.9775596072931276,0.9787826280735049,0.3283262882108657,24000.0,1030.2825927734375,4.0999755859375,0.0,0.0
AZ,band,0,AE,A,OOD,-32_33,56,180,0.9852182539682539,0.9550458558886509,0.3283262882108657,6000.0,636.2947998046875,13.6500244140625,0.0,0.0
AZ,band,0,AE,A,OOD,-33_24,293,88,0.899239838659634,0.9714636258557141,0.5251896942125486,24000.0,122.12022399902344,1.0999984741210938,0.0,0.0
AZ,band,0,AE,A,OOD,-34_26,268,190,0.9040062843676355,0.9352833824769196,0.4455546092955288,12000.0,215.13288116455078,1.9000015258789062,0.0,0.0
AZ,band,0,AE,A,OOD,-34_27,379,178,0.9218819483561116,0.9593251209897703,0.4455546092955288,24000.0,96.33937072753906,0.9000015258789062,0.0,0.0
AZ,band,0,AE,A,OOD,-34_30,152,107,0.9679660600098376,0.9761699497519796,0.3283262882108657,24000.0,203.83355712890625,1.899993896484375,0.0,0.0011111111111131468
AZ,band,0,AE,AE,ID,-26_22,171,57,0.8094798399507541,0.9031571642962277,0.16284229423379265,12000.0,1265.029541015625,1.9000244140625,0.0,0.0
AZ,band,0,AE,AE,ID,-26_23,220,155,0.9014076246334312,0.9104393437616144,0.3844572951469946,24000.0,932.9935302734375,3.5,0.0,0.0
AZ,band,0,AE,AE,ID,-26_26,54,255,0.9892519970951343,0.9536032600930316,0.5009534078828138,6000.0,1989.9202880859375,10.60009765625,0.0,0.0
AZ,band,0,AE,AE,ID,-27_21,25,65,0.9729230769230769,0.9441455796242046,0.16284229423379265,12000.0,1295.062255859375,7.04998779296875,0.0,0.0
AZ,band,0,AE,AE,ID,-28_23,98,297,0.9782862640005497,0.9548431157539801,0.6023478768511848,24000.0,929.8053588867188,11.20001220703125,0.0,0.0
AZ,band,0,AE,AE,ID,-28_25,68,239,0.9822791041102634,0.9222084768021136,1.7592262344812786,24000.0,804.534423828125,16.60003662109375,0.0,0.0
AZ,band,0,AE,AE,ID,-29_23,1007,322,0.8859320162588588,0.962317577121347,0.6023478768511848,12000.0,575.1036376953125,1.5999755859375,0.0,0.0
AZ,band,0,AE,AE,ID,-29_26,404,283,0.8875730329216667,0.8998278778261992,2.0052221069266016,6000.0,696.1167602539062,14.0,0.0,0.0
AZ,band,0,AE,AE,ID,-29_27,161,266,0.9976182692756737,0.9962889492787762,1.1328305713768412,6000.0,984.9739379882812,13.70001220703125,0.0,0.0
AZ,band,0,AE,AE,ID,-30_25,597,1076,0.8698448873861253,0.8273838064875687,2.0052221069266016,12000.0,327.623291015625,1.9000244140625,10.0,0.0
AZ,band,0,AE,AE,ID,-30_28,485,1023,0.9762009855791033,0.9611713963289822,1.1328305713768412,12000.0,1457.4932861328125,6.29998779296875,0.0,0.0
AZ,band,0,AE,AE,ID,-31_25,2568,1492,0.9562229084713488,0.9761703600031493,2.0052221069266016,12000.0,280.77178955078125,2.0,0.0,0.0
AZ,band,0,AE,AE,ID,-31_27,108,193,0.9847438111686816,0.9653148465544208,1.1328305713768412,12000.0,1060.1077880859375,7.39996337890625,0.0,0.0
AZ,band,0,AE,AE,ID,-32_24,29,76,0.91016333938294,0.8741340537201482,2.0052221069266016,24000.0,209.81301879882812,2.899993896484375,0.0,0.0
AZ,band,0,AE,AE,ID,-32_33,103,160,0.9883495145631067,0.9851523525141059,0.3283262882108657,6000.0,616.3339233398438,8.0999755859375,0.0,0.0
AZ,band,0,AE,AE,ID,-34_26,139,211,0.9292509120665553,0.9101960444054049,0.4455546092955288,12000.0,252.48664093017578,3.1000022888183594,0.0,0.0
AZ,band,0,AE,AE,ID,-34_27,195,426,0.9290237149392079,0.8662037074918876,0.4455546092955288,24000.0,117.95541381835938,1.7000045776367188,0.0,0.0
AZ,band,0,AE,AE,ID,-34_30,46,117,0.9581939799331104,0.9036060564529067,0.3283262882108657,24000.0,254.025390625,12.300018310546875,0.0,0.0
AZ,band,0,AE,AE,ID,-35_24,758,549,0.9362933806248829,0.9548279132915048,0.5251896942125486,12000.0,43.6037540435791,1.0999984741210938,0.0,0.0
AZ,band,1,A,A,ID,-25_20,71,71,0.9430668518151161,0.9297750156294246,0.16284229423379265,24000.0,1358.5921020507812,3.5,0.0,0.0
AZ,band,1,A,A,ID,-25_22,308,325,0.9257242757242757,0.9138809059390375,0.3844572951469946,24000.0,1116.87548828125,3.5,0.0,0.0
AZ,band,1,A,A,ID,-25_23,231,402,0.9860115009368742,0.9758691965367458,0.38893566854058353,24000.0,1176.553955078125,11.7999267578125,0.0,0.0
AZ,band,1,A,A,ID,-25_25,28,192,0.9931175595238095,0.9623153736546592,0.21676553804934295,24000.0,2523.4146728515625,32.2498779296875,0.0,0.0
AZ,band,1,A,A,ID,-25_26,142,311,0.9831302930120918,0.9592833580188977,0.21676553804934295,24000.0,2117.798828125,7.89990234375,0.0,0.0
AZ,band,1,A,A,ID,-25_27,244,130,0.9836380832282472,0.9919308517802646,0.21676553804934295,24000.0,1724.1495971679688,2.54998779296875,0.0,0.0
AZ,band,1,A,A,ID,-26_20,270,209,0.9531632110579479,0.9675101806758886,0.16284229423379265,12000.0,1253.042236328125,2.2000732421875,0.0,0.0
AZ,band,1,A,A,ID,-27_20,200,265,0.9489245283018867,0.9387449322828795,0.16284229423379265,24000.0,1355.273681640625,4.5,0.0,0.0
AZ,band,1,A,A,ID,-29_21,168,233,0.9802524013897405,0.9750038144479262,0.9304363871268337,12000.0,974.3619995117188,5.60003662109375,0.0,0.0
AZ,band,1,A,A,ID,-29_32,40,60,0.9562499999999999,0.9011204618402207,0.39846084002546717,24000.0,1573.9138793945312,4.1500244140625,0.0,0.0
AZ,band,1,A,A,ID,-30_31,51,117,0.9937992290933467,0.9836198619112695,0.39846084002546717,24000.0,1744.6112670898438,7.4000244140625,0.0,0.0
AZ,band,1,A,A,ID,-31_29,118,196,0.9932116914562436,0.9885811929898016,1.1328305713768412,24000.0,1507.9193115234375,5.9000244140625,0.0,0.0
AZ,band,1,A,A,ID,-31_32,110,333,0.9788151788151789,0.9473703155321672,0.3283262882108657,24000.0,1628.71435546875,13.7000732421875,0.0,0.0
AZ,band,1,A,A,ID,-32_25,486,384,0.9450981652949246,0.9527954102183656,2.0052221069266016,24000.0,315.1810302734375,2.100006103515625,0.0,0.0
AZ,band,1,A,A,ID,-32_26,427,387,0.8612033960871168,0.8774584711259652,2.0052221069266016,24000.0,479.70191955566406,2.4000244140625,0.0,0.0
AZ,band,1,A,A,ID,-32_30,51,139,0.9629002680208774,0.9124838896921301,0.3283262882108657,24000.0,1181.5414428710938,13.100006103515625,0.0,0.0
AZ,band,1,A,A,ID,-32_31,36,55,0.998989898989899,0.9984776443109776,0.3283262882108657,24000.0,967.61572265625,22.699951171875,0.0,0.0
AZ,band,1,A,A,ID,-32_32,157,136,0.9965811165230423,0.9968640866722884,0.3283262882108657,24000.0,832.5901489257812,5.699981689453125,0.0,0.0
AZ,band,1,A,A,ID,-33_28,468,210,0.9558811558811559,0.9771459779714712,0.3283262882108657,24000.0,590.8070068359375,5.79998779296875,0.0,0.0
AZ,band,1,A,A,ID,-34_24,295,162,0.9815651810002093,0.9892768523629614,0.5251896942125486,12000.0,68.41109466552734,1.2000007629394531,0.0,0.0
AZ,band,1,A,A,ID,-34_31,62,119,0.9959338574139333,0.9921693557921731,0.3283262882108657,24000.0,346.4130554199219,11.800003051757812,0.0,0.0
AZ,band,1,A,AE,OOD,-25_23,284,210,0.9812877263581489,0.9863383820022106,0.38893566854058353,24000.0,1138.0240478515625,4.800048828125,0.0,0.0
AZ,band,1,A,AE,OOD,-25_26,30,121,0.9870523415977962,0.9532907081950022,0.21676553804934295,24000.0,2156.44384765625,15.300048828125,0.0,0.0
AZ,band,1,A,AE,OOD,-25_27,26,73,0.9857744994731297,0.9629151498866195,0.21676553804934295,24000.0,1744.117919921875,6.4000244140625,0.0,0.0
AZ,band,1,A,AE,OOD,-27_20,81,207,0.9424464722371324,0.9005958971425496,0.16284229423379265,24000.0,1369.9764404296875,6.5999755859375,0.0,0.0
AZ,band,1,A,AE,OOD,-29_21,653,442,0.9813045255798161,0.9870076333883095,0.9304363871268337,12000.0,964.6405639648438,4.39996337890625,0.0,0.0
AZ,band,1,A,AE,OOD,-29_28,448,1081,0.9954923516585172,0.9894249193864222,1.1328305713768412,12000.0,1181.79541015625,14.699951171875,0.0,0.0
AZ,band,1,A,AE,OOD,-32_25,872,300,0.9486200305810397,0.9813038583205484,2.0052221069266016,24000.0,306.7478332519531,1.70001220703125,0.0,0.0
AZ,band,1,A,AE,OOD,-32_26,268,284,0.8521915072524701,0.8532795813831117,2.0052221069266016,24000.0,485.4936828613281,2.4000244140625,0.0,0.0
AZ,band,1,A,AE,OOD,-34_24,792,199,0.97886528602609,0.9944745693486309,0.5251896942125486,12000.0,66.20811462402344,0.9000015258789062,0.0,0.0
AZ,band,1,AE,A,OOD,-25_20,71,71,0.958143225550486,0.9591514127155736,0.16284229423379265,24000.0,1358.5921020507812,3.5,0.0,0.0
AZ,band,1,AE,A,OOD,-25_22,308,325,0.9217182817182816,0.9019866054561483,0.3844572951469946,24000.0,1116.87548828125,3.5,0.0,0.0
AZ,band,1,AE,A,OOD,-25_23,231,402,0.983362408735543,0.9718623298183415,0.38893566854058353,24000.0,1176.553955078125,11.7999267578125,0.0,0.0
AZ,band,1,AE,A,OOD,-25_25,28,192,0.9905133928571428,0.94788391958423,0.21676553804934295,24000.0,2523.4146728515625,32.2498779296875,0.0,0.0
AZ,band,1,AE,A,OOD,-25_26,142,311,0.9794166930845524,0.9477116077527626,0.21676553804934295,24000.0,2117.798828125,7.89990234375,0.0,0.0
AZ,band,1,AE,A,OOD,-25_27,244,130,0.9750630517023959,0.9872192914956521,0.21676553804934295,24000.0,1724.1495971679688,2.54998779296875,0.0,0.0
AZ,band,1,AE,A,OOD,-26_20,270,209,0.9412546517809676,0.9583004490228165,0.16284229423379265,12000.0,1253.042236328125,2.2000732421875,0.0,0.0
AZ,band,1,AE,A,OOD,-27_20,200,265,0.9518490566037736,0.9417027695279194,0.16284229423379265,24000.0,1355.273681640625,4.5,0.0,0.0
AZ,band,1,AE,A,OOD,-29_21,168,233,0.9826026977314531,0.9791771545815575,0.9304363871268337,12000.0,974.3619995117188,5.60003662109375,0.0,0.0
AZ,band,1,AE,A,OOD,-29_32,40,60,0.9404166666666667,0.8841507247069786,0.39846084002546717,24000.0,1573.9138793945312,4.1500244140625,0.0,0.0
AZ,band,1,AE,A,OOD,-30_31,51,117,0.9891067538126361,0.9673638338355839,0.39846084002546717,24000.0,1744.6112670898438,7.4000244140625,0.0,0.0
AZ,band,1,AE,A,OOD,-31_29,118,196,0.9899256312694569,0.9826239835958497,1.1328305713768412,24000.0,1507.9193115234375,5.9000244140625,0.0,0.0
AZ,band,1,AE,A,OOD,-31_32,110,333,0.9755391755391756,0.9425875222600107,0.3283262882108657,24000.0,1628.71435546875,13.7000732421875,0.0,0.0
AZ,band,1,AE,A,OOD,-32_25,486,384,0.9650045010288066,0.9710110472573963,2.0052221069266016,24000.0,315.1810302734375,2.100006103515625,0.0,0.0
AZ,band,1,AE,A,OOD,-32_26,427,387,0.8568281805033615,0.873062143377948,2.0052221069266016,24000.0,479.70191955566406,2.4000244140625,0.0,0.0
AZ,band,1,AE,A,OOD,-32_30,51,139,0.9559881506559458,0.9114824114218566,0.3283262882108657,24000.0,1181.5414428710938,13.100006103515625,0.0,0.0
AZ,band,1,AE,A,OOD,-32_31,36,55,0.9964646464646465,0.994584115094951,0.3283262882108657,24000.0,967.61572265625,22.699951171875,0.0,0.0
AZ,band,1,AE,A,OOD,-32_32,157,136,0.9939115773698014,0.9948017231796661,0.3283262882108657,24000.0,832.5901489257812,5.699981689453125,0.0,0.0
AZ,band,1,AE,A,OOD,-33_28,468,210,0.9516381766381766,0.9748607595895374,0.3283262882108657,24000.0,590.8070068359375,5.79998779296875,0.0,0.0
AZ,band,1,AE,A,OOD,-34_24,295,162,0.9839296924042688,0.9902580890505638,0.5251896942125486,12000.0,68.41109466552734,1.2000007629394531,0.0,0.0
AZ,band,1,AE,A,OOD,-34_31,62,119,0.9939007861208999,0.9882675214138759,0.3283262882108657,24000.0,346.4130554199219,11.800003051757812,0.0,0.0
AZ,band,1,AE,AE,ID,-25_23,284,210,0.9746814218645204,0.9804854975120104,0.38893566854058353,24000.0,1138.0240478515625,4.800048828125,0.0,0.0
AZ,band,1,AE,AE,ID,-25_26,30,121,0.977961432506887,0.9250194650276188,0.21676553804934295,24000.0,2156.44384765625,15.300048828125,0.0,0.0
AZ,band,1,AE,AE,ID,-25_27,26,73,0.969968387776607,0.9172748011278522,0.21676553804934295,24000.0,1744.117919921875,6.4000244140625,0.0,0.0
AZ,band,1,AE,AE,ID,-27_20,81,207,0.927536231884058,0.8815233568825975,0.16284229423379265,24000.0,1369.9764404296875,6.5999755859375,0.0,0.0
AZ,band,1,AE,AE,ID,-29_21,653,442,0.9835635043273995,0.9881882439275222,0.9304363871268337,12000.0,964.6405639648438,4.39996337890625,0.0,0.0
AZ,band,1,AE,AE,ID,-29_28,448,1081,0.9971421963790141,0.9931022930210588,1.1328305713768412,12000.0,1181.79541015625,14.699951171875,0.0,0.0
AZ,band,1,AE,AE,ID,-32_25,872,300,0.9567316513761468,0.9841144845865641,2.0052221069266016,24000.0,306.7478332519531,1.70001220703125,0.0,0.0
AZ,band,1,AE,AE,ID,-32_26,268,284,0.8369508093336135,0.8303160956901173,2.0052221069266016,24000.0,485.4936828613281,2.4000244140625,0.0,0.0
AZ,band,1,AE,AE,ID,-34_24,792,199,0.9797345312420689,0.9945641092726298,0.5251896942125486,12000.0,66.20811462402344,0.9000015258789062,0.0,0.0
AZ,band,2,A,A,ID,-24_27,75,40,0.9893333333333334,0.9945224397070497,0.21676553804934295,24000.0,1814.8165283203125,2.5,0.0,0.0
AZ,band,2,A,A,ID,-24_28,36,60,0.9611111111111111,0.8847052166753999,0.21676553804934295,24000.0,1908.4891967773438,5.6500244140625,0.0,0.0
AZ,band,2,A,A,ID,-26_27,296,497,0.9686905215074229,0.9497453153826335,0.5009534078828138,24000.0,1735.489013671875,5.0,0.0,0.0
AZ,band,2,A,A,ID,-27_22,178,362,0.9585324973617233,0.9297499004624219,0.3844572951469946,12000.0,1330.422607421875,6.45001220703125,0.0,0.0
AZ,band,2,A,A,ID,-27_23,255,362,0.9643917235402448,0.9561311671369132,0.3844572951469946,24000.0,1320.8599853515625,7.800048828125,0.0,0.0
AZ,band,2,A,A,ID,-28_21,247,379,0.9753880337132663,0.9638142942914961,1.7290481764509422,24000.0,1410.1126708984375,6.7000732421875,0.0,0.0
AZ,band,2,A,A,ID,-28_28,78,98,0.9930664573521716,0.992273909034283,0.39846084002546717,6000.0,2168.067138671875,3.3499755859375,0.0,0.0011111111110373559
AZ,band,2,A,A,ID,-29_22,131,112,0.914871864776445,0.9348355327417213,0.9304363871268337,12000.0,750.8751220703125,3.60003662109375,0.0,0.0
AZ,band,2,A,A,ID,-29_30,70,124,0.9235023041474654,0.8914613002386295,0.39846084002546717,24000.0,1924.1163940429688,5.9000244140625,0.0,0.0
AZ,band,2,A,A,ID,-30_23,625,148,0.6999783783783783,0.8850414997142695,0.6023478768511848,24000.0,489.88037109375,1.29998779296875,0.0,0.0
AZ,band,2,A,A,ID,-30_24,393,269,0.7729125873795133,0.8313203604682624,0.6023478768511848,12000.0,414.7588348388672,1.199981689453125,0.0,0.0
AZ,band,2,A,A,ID,-30_29,150,276,0.9909420289855073,0.9846944178939373,1.1328305713768412,24000.0,1543.06494140625,5.04998779296875,0.0,0.0
AZ,band,2,A,A,ID,-30_30,35,45,0.9746031746031745,0.9740879665682103,0.39846084002546717,24000.0,1759.6452026367188,3.14996337890625,0.0,0.0
AZ,band,2,A,A,ID,-31_24,104,120,0.922676282051282,0.9131141529478581,2.0052221069266016,12000.0,245.25137329101562,1.9000015258789062,0.0,0.0
AZ,band,2,A,A,ID,-32_23,218,159,0.8734348854653512,0.8944068925766278,0.9304363871268337,24000.0,493.01806640625,2.29998779296875,0.0,0.0
AZ,band,2,A,A,ID,-32_27,542,395,0.9297725255733569,0.9454751516341784,2.0052221069266016,24000.0,650.38671875,2.70001220703125,0.0,0.0
AZ,band,2,A,A,ID,-33_27,260,380,0.9624493927125506,0.9502275600845126,0.4455546092955288,24000.0,335.6994934082031,4.5,0.0,0.0
AZ,band,2,A,A,ID,-33_29,469,266,0.9471680266764992,0.961375598546308,0.3283262882108657,24000.0,711.1727294921875,6.0,0.0,0.0
AZ,band,2,A,A,ID,-33_30,311,374,0.9186598345856906,0.9086434305670164,0.3283262882108657,12000.0,919.4069213867188,5.300048828125,0.0,0.0
AZ,band,2,A,A,ID,-33_31,360,236,0.9708451035781545,0.9771105146810997,0.3283262882108657,24000.0,841.64404296875,2.399993896484375,0.0,0.0
AZ,band,2,A,A,ID,-34_28,129,101,0.9765139304628137,0.9792597660903307,0.3283262882108657,12000.0,152.82003784179688,3.0,0.0,0.0
AZ,band,2,A,A,ID,-34_29,237,194,0.9648745051981382,0.9726941286036909,0.3283262882108657,24000.0,218.44796752929688,3.899993896484375,0.0,0.0
AZ,band,2,A,A,ID,-34_32,83,33,0.9315443592552026,0.9458114998721053,0.3283262882108657,24000.0,329.54998779296875,0.0,0.0,0.9672222222235272
AZ,band,2,A,AE,OOD,-26_27,108,231,0.9748276414943081,0.9515097349433207,0.5009534078828138,24000.0,1731.857421875,5.7999267578125,0.0,0.0
AZ,band,2,A,AE,OOD,-27_22,349,60,0.9720152817574021,0.9948065136661751,0.3844572951469946,12000.0,1313.8033447265625,1.5999755859375,0.0,0.0
AZ,band,2,A,AE,OOD,-28_26,161,169,0.9777647102061817,0.9757661282490031,1.7592262344812786,24000.0,726.5328063964844,4.9000244140625,0.0,0.0
AZ,band,2,A,AE,OOD,-28_28,74,36,1.0,0.9999999999999998,0.39846084002546717,12000.0,2166.6827392578125,1.800048828125,0.0,0.33888888889047936
AZ,band,2,A,AE,OOD,-29_22,230,260,0.8902842809364548,0.8786566909062834,0.9304363871268337,12000.0,751.931884765625,4.5,0.0,0.0
AZ,band,2,A,AE,OOD,-30_23,58,57,0.7174833635813673,0.7379567959386445,0.6023478768511848,24000.0,493.4042053222656,1.20001220703125,0.0,0.0
AZ,band,2,A,AE,OOD,-30_24,563,473,0.7601943679848592,0.7975931695091112,0.6023478768511848,12000.0,414.90647888183594,1.100006103515625,0.0,0.0
AZ,band,2,A,AE,OOD,-30_29,68,131,0.977211495285137,0.9631584312935761,1.1328305713768412,24000.0,1548.7669677734375,6.0,0.0,0.0
AZ,band,2,A,AE,OOD,-31_24,420,320,0.8922767857142858,0.9285040831804598,2.0052221069266016,12000.0,236.20038604736328,2.0,0.0,0.0
AZ,band,2,A,AE,OOD,-32_27,465,160,0.9328091397849462,0.9725888631457351,2.0052221069266016,24000.0,648.3352661132812,1.5,0.0,0.0
AZ,band,2,A,AE,OOD,-33_27,118,101,0.930525255915422,0.9347581020009815,0.4455546092955288,12000.0,329.4920654296875,3.0,0.0,0.0
AZ,band,2,A,AE,OOD,-33_30,259,190,0.925157488315383,0.9460502160647151,0.3283262882108657,12000.0,909.6455078125,4.4000244140625,0.0,0.0
AZ,band,2,A,AE,OOD,-34_29,154,357,0.9805376696132999,0.9602122809734543,0.3283262882108657,24000.0,218.79537963867188,5.5999755859375,0.0,0.0
AZ,band,2,A,AE,OOD,-35_25,708,461,0.986215792247264,0.9876832339961721,0.5251896942125486,12000.0,63.07560729980469,2.799999237060547,0.0,0.05888888888914841
AZ,band,2,AE,A,OOD,-24_27,75,40,0.984,0.9921105603607819,0.21676553804934295,24000.0,1814.8165283203125,2.5,0.0,0.0
AZ,band,2,AE,A,OOD,-24_28,36,60,0.9597222222222223,0.8770992821856353,0.21676553804934295,24000.0,1908.4891967773438,5.6500244140625,0.0,0.0
AZ,band,2,AE,A,OOD,-26_27,296,497,0.9610296916634944,0.9400633239263942,0.5009534078828138,24000.0,1735.489013671875,5.0,0.0,0.0
AZ,band,2,AE,A,OOD,-27_22,178,362,0.9554286423738283,0.9282038685089967,0.3844572951469946,12000.0,1330.422607421875,6.45001220703125,0.0,0.0
AZ,band,2,AE,A,OOD,-27_23,255,362,0.9603834904127396,0.9516725678525051,0.3844572951469946,24000.0,1320.8599853515625,7.800048828125,0.0,0.0
AZ,band,2,AE,A,OOD,-28_21,247,379,0.9779838270325703,0.9676014503836021,1.7290481764509422,24000.0,1410.1126708984375,6.7000732421875,0.0,0.0
AZ,band,2,AE,A,OOD,-28_28,78,98,0.9928048142333857,0.9907575071947494,0.39846084002546717,6000.0,2168.067138671875,3.3499755859375,0.0,0.0011111111110373559
AZ,band,2,AE,A,OOD,-29_22,131,112,0.9306842966194111,0.9433747006506072,0.9304363871268337,12000.0,750.8751220703125,3.60003662109375,0.0,0.0
AZ,band,2,AE,A,OOD,-29_30,70,124,0.9209677419354839,0.8944200673400825,0.39846084002546717,24000.0,1924.1163940429688,5.9000244140625,0.0,0.0
AZ,band,2,AE,A,OOD,-30_23,625,148,0.6130486486486486,0.8633033605935883,0.6023478768511848,24000.0,489.88037109375,1.29998779296875,0.0,0.0
AZ,band,2,AE,A,OOD,-30_24,393,269,0.7772165309269086,0.8392416415427748,0.6023478768511848,12000.0,414.7588348388672,1.199981689453125,0.0,0.0
AZ,band,2,AE,A,OOD,-30_29,150,276,0.992608695652174,0.9875937909127185,1.1328305713768412,24000.0,1543.06494140625,5.04998779296875,0.0,0.0
AZ,band,2,AE,A,OOD,-30_30,35,45,0.9777777777777777,0.9754116241780585,0.39846084002546717,24000.0,1759.6452026367188,3.14996337890625,0.0,0.0
AZ,band,2,AE,A,OOD,-31_24,104,120,0.919150641025641,0.917077340674533,2.0052221069266016,12000.0,245.25137329101562,1.9000015258789062,0.0,0.0
AZ,band,2,AE,A,OOD,-32_23,218,159,0.852662858461716,0.8670079683476859,0.9304363871268337,24000.0,493.01806640625,2.29998779296875,0.0,0.0
AZ,band,2,AE,A,OOD,-32_27,542,395,0.9276799476855528,0.9413955792650861,2.0052221069266016,24000.0,650.38671875,2.70001220703125,0.0,0.0
AZ,band,2,AE,A,OOD,-33_27,260,380,0.9535931174089068,0.9405370825154663,0.4455546092955288,24000.0,335.6994934082031,4.5,0.0,0.0
AZ,band,2,AE,A,OOD,-33_29,469,266,0.9368517241932122,0.9564281135024428,0.3283262882108657,24000.0,711.1727294921875,6.0,0.0,0.0
AZ,band,2,AE,A,OOD,-33_30,311,374,0.9191326925391612,0.8998554300863706,0.3283262882108657,12000.0,919.4069213867188,5.300048828125,0.0,0.0
AZ,band,2,AE,A,OOD,-33_31,360,236,0.9609816384180792,0.9666991168991045,0.3283262882108657,24000.0,841.64404296875,2.399993896484375,0.0,0.0
AZ,band,2,AE,A,OOD,-34_28,129,101,0.9727530892624147,0.9778659510470413,0.3283262882108657,12000.0,152.82003784179688,3.0,0.0,0.0
AZ,band,2,AE,A,OOD,-34_29,237,194,0.967201705163339,0.9761112245602989,0.3283262882108657,24000.0,218.44796752929688,3.899993896484375,0.0,0.0
AZ,band,2,AE,A,OOD,-34_32,83,33,0.9037970062066447,0.9343263557263531,0.3283262882108657,24000.0,329.54998779296875,0.0,0.0,0.9672222222235272
AZ,band,2,AE,AE,ID,-26_27,108,231,0.9630832130832131,0.9227956381469866,0.5009534078828138,24000.0,1731.857421875,5.7999267578125,0.0,0.0
AZ,band,2,AE,AE,ID,-27_22,349,60,0.9600764087870105,0.9926226345245045,0.3844572951469946,12000.0,1313.8033447265625,1.5999755859375,0.0,0.0
AZ,band,2,AE,AE,ID,-28_26,161,169,0.9817339850784667,0.9790165585841193,1.7592262344812786,24000.0,726.5328063964844,4.9000244140625,0.0,0.0
AZ,band,2,AE,AE,ID,-28_28,74,36,0.9992492492492492,0.9996443812233284,0.39846084002546717,12000.0,2166.6827392578125,1.800048828125,0.0,0.33888888889047936
AZ,band,2,AE,AE,ID,-29_22,230,260,0.9092642140468228,0.8906088286100254,0.9304363871268337,12000.0,751.931884765625,4.5,0.0,0.0
AZ,band,2,AE,AE,ID,-30_23,58,57,0.6246218995765276,0.6838183652701827,0.6023478768511848,24000.0,493.4042053222656,1.20001220703125,0.0,0.0
AZ,band,2,AE,AE,ID,-30_24,563,473,0.7642800010514497,0.8052380366513409,0.6023478768511848,12000.0,414.90647888183594,1.100006103515625,0.0,0.0
AZ,band,2,AE,AE,ID,-30_29,68,131,0.9701392007184554,0.9512261658363433,1.1328305713768412,24000.0,1548.7669677734375,6.0,0.0,0.0
AZ,band,2,AE,AE,ID,-31_24,420,320,0.8823809523809524,0.9186451172294849,2.0052221069266016,12000.0,236.20038604736328,2.0,0.0,0.0
AZ,band,2,AE,AE,ID,-32_27,465,160,0.9268145161290322,0.9649841704616968,2.0052221069266016,24000.0,648.3352661132812,1.5,0.0,0.0
AZ,band,2,AE,AE,ID,-33_27,118,101,0.9231414666890417,0.9282654387784212,0.4455546092955288,12000.0,329.4920654296875,3.0,0.0,0.0
AZ,band,2,AE,AE,ID,-33_30,259,190,0.9293233082706767,0.9455369732493257,0.3283262882108657,12000.0,909.6455078125,4.4000244140625,0.0,0.0
AZ,band,2,AE,AE,ID,-34_29,154,357,0.9762632325657536,0.9536878368070035,0.3283262882108657,24000.0,218.79537963867188,5.5999755859375,0.0,0.0
AZ,band,2,AE,AE,ID,-35_25,708,461,0.9895676311629105,0.9918908127286232,0.5251896942125486,12000.0,63.07560729980469,2.799999237060547,0.0,0.05888888888914841
AZ,band,3,A,A,ID,-25_21,122,187,0.9173752958709565,0.8280413876460296,0.16284229423379265,24000.0,1272.977783203125,4.9000244140625,0.0,0.0
AZ,band,3,A,A,ID,-25_24,53,246,0.9921000153397761,0.9591046732115771,0.38893566854058353,24000.0,1646.615478515625,51.5,0.0,0.0
AZ,band,3,A,A,ID,-25_28,289,317,0.9689017934135985,0.9693634870137445,0.21676553804934295,24000.0,1737.3727416992188,4.5,0.0,0.0
AZ,band,3,A,A,ID,-26_24,67,49,0.9917758148035334,0.9947449643879043,0.3844572951469946,24000.0,829.4347534179688,4.050018310546875,0.0,0.0
AZ,band,3,A,A,ID,-26_28,608,371,0.9500727053482764,0.9553595016678247,0.5009534078828138,24000.0,1576.9610595703125,3.0,0.0,0.0
AZ,band,3,A,A,ID,-27_28,571,331,0.9484711721102005,0.9573208621925677,0.5009534078828138,12000.0,1491.8209838867188,1.60009765625,0.0,0.0
AZ,band,3,A,A,ID,-28_22,65,157,0.9865752082312592,0.9754978046845975,0.9304363871268337,12000.0,843.3662414550781,6.25,0.0,0.0
AZ,band,3,A,A,ID,-28_24,200,292,0.9794006849315068,0.9745813162058683,0.6023478768511848,6000.0,744.5361938476562,12.89996337890625,0.0,0.0
AZ,band,3,A,A,ID,-29_20,33,64,0.9867424242424242,0.9712191917269642,1.7290481764509422,12000.0,1153.7252807617188,12.800048828125,0.0,0.0
AZ,band,3,A,A,ID,-29_24,471,262,0.8580736130694803,0.9103250419844136,0.6023478768511848,24000.0,471.49755859375,2.199981689453125,0.0,0.0
AZ,band,3,A,A,ID,-29_25,98,173,0.942137548661083,0.9191877512178179,2.0052221069266016,12000.0,484.7063293457031,5.399993896484375,0.0,0.0
AZ,band,3,A,A,ID,-29_29,46,115,0.9863894139886579,0.963284920614151,0.39846084002546717,12000.0,2136.364990234375,8.60009765625,0.0,0.0
AZ,band,3,A,A,ID,-29_33,35,47,0.9197568389057751,0.9009772861439631,0.39846084002546717,24000.0,1531.3460083007812,4.79998779296875,0.0,0.0
AZ,band,3,A,A,ID,-30_21,107,69,0.9845591223080049,0.9893684672317453,0.9304363871268337,24000.0,1062.9453735351562,3.54998779296875,0.0,0.0
AZ,band,3,A,A,ID,-30_26,152,146,0.9343907714491708,0.9168791544456203,2.0052221069266016,12000.0,527.3872985839844,3.4999847412109375,0.0,0.0
AZ,band,3,A,A,ID,-30_27,62,184,0.9916725105189341,0.9795238195015372,1.1328305713768412,12000.0,1205.0396118164062,21.0,0.0,0.0
AZ,band,3,A,A,ID,-31_26,188,208,0.9052270867430441,0.9148926553309548,2.0052221069266016,12000.0,493.5792236328125,3.29998779296875,0.0,0.0
AZ,band,3,A,A,ID,-31_28,130,228,0.9879554655870445,0.9703243099654917,1.1328305713768412,24000.0,1410.3389892578125,11.70001220703125,0.0,0.0
AZ,band,3,A,A,ID,-31_33,131,340,0.9871800628648406,0.971253824335587,0.3283262882108657,24000.0,1403.5262451171875,10.699951171875,0.0,0.0
AZ,band,3,A,A,ID,-32_28,178,171,0.9854458242985742,0.9856650031010368,0.3283262882108657,24000.0,660.8596801757812,6.5,0.0,0.0
AZ,band,3,A,A,ID,-33_26,312,200,0.8937179487179486,0.935220599979749,0.4455546092955288,24000.0,412.1594696044922,1.600006103515625,0.0,0.0
AZ,band,3,A,A,ID,-33_32,279,72,0.9259757068896854,0.9551642573530158,0.3283262882108657,24000.0,332.80584716796875,0.0,0.0,0.99555555555579
AZ,band,3,A,A,ID,-35_26,111,54,0.9481147814481148,0.9755403386177706,0.4455546092955288,24000.0,69.65412902832031,1.100006103515625,0.0,0.0
AZ,band,3,A,AE,OOD,-26_28,297,125,0.953050505050505,0.9748275577931784,0.5009534078828138,24000.0,1575.44580078125,2.25,0.0,0.0
AZ,band,3,A,AE,OOD,-27_28,441,83,0.9452503893123514,0.9875899991314623,0.5009534078828138,12000.0,1478.4776000976562,1.10003662109375,0.0,0.0
AZ,band,3,A,AE,OOD,-28_22,460,817,0.9802804534085466,0.9724125546285418,0.9304363871268337,12000.0,835.8202514648438,5.5,0.0,0.0
AZ,band,3,A,AE,OOD,-28_24,156,370,0.9722106722106723,0.9531757005676939,0.6023478768511848,6000.0,782.6617736816406,20.8499755859375,0.0,0.0
AZ,band,3,A,AE,OOD,-29_20,254,359,0.9945276687210756,0.9940294159200328,1.7290481764509422,12000.0,1144.0352783203125,11.5999755859375,0.0,0.0
AZ,band,3,A,AE,OOD,-29_24,225,295,0.8640301318267419,0.848085289435737,0.6023478768511848,24000.0,466.6739501953125,2.25,0.0,0.0
AZ,band,3,A,AE,OOD,-29_25,133,240,0.9626879699248119,0.9331024070708867,2.0052221069266016,12000.0,475.1513366699219,5.100006103515625,0.0,0.0
AZ,band,3,A,AE,OOD,-29_29,27,143,0.9725459725459726,0.8842298444615107,0.39846084002546717,24000.0,2158.291259765625,15.0,0.0,0.0
AZ,band,3,A,AE,OOD,-30_26,1154,1451,0.9442343593792363,0.9182341370418522,2.0052221069266016,12000.0,529.2843627929688,4.199981689453125,0.0,0.0
AZ,band,3,A,AE,OOD,-30_27,42,192,0.9924355158730158,0.969142137955146,1.1328305713768412,12000.0,1231.356689453125,22.799957275390625,0.0,0.0
AZ,band,3,A,AE,OOD,-31_26,1512,1057,0.9100841955619628,0.9456340017731726,2.0052221069266016,12000.0,489.0145568847656,2.79998779296875,0.0,0.0
AZ,band,3,A,AE,OOD,-31_28,25,110,0.9901818181818182,0.9633598596217194,1.1328305713768412,24000.0,1418.1951904296875,21.5999755859375,0.0,0.0
AZ,band,3,A,AE,OOD,-32_28,41,70,0.9933797909407666,0.9913824194632925,0.3283262882108657,24000.0,704.934814453125,14.5,0.0,0.0
AZ,band,3,A,AE,OOD,-33_26,79,92,0.8519537699504678,0.8590734960887728,0.4455546092955288,24000.0,489.0269775390625,1.70001220703125,0.0,0.0
AZ,band,3,A,AE,OOD,-35_26,390,284,0.9634795955218489,0.9722697461158705,0.4455546092955288,24000.0,71.0990982055664,1.0,0.0,0.0
AZ,band,3,AE,A,OOD,-25_21,122,187,0.9063732795651793,0.8372566022224189,0.16284229423379265,24000.0,1272.977783203125,4.9000244140625,0.0,0.0
AZ,band,3,AE,A,OOD,-25_24,53,246,0.9904126399754564,0.9495846620996748,0.38893566854058353,24000.0,1646.615478515625,51.5,0.0,0.0
AZ,band,3,AE,A,OOD,-25_28,289,317,0.9749926320500366,0.9759815467144604,0.21676553804934295,24000.0,1737.3727416992188,4.5,0.0,0.0
AZ,band,3,AE,A,OOD,-26_24,67,49,0.9771550411209259,0.9859227286780716,0.3844572951469946,24000.0,829.4347534179688,4.050018310546875,0.0,0.0
AZ,band,3,AE,A,OOD,-26_28,608,371,0.9673845580933466,0.9723955399761979,0.5009534078828138,24000.0,1576.9610595703125,3.0,0.0,0.0
AZ,band,3,AE,A,OOD,-27_28,571,331,0.967994878333977,0.9782373481763498,0.5009534078828138,12000.0,1491.8209838867188,1.60009765625,0.0,0.0
AZ,band,3,AE,A,OOD,-28_22,65,157,0.9790298873101421,0.9640720615781284,0.9304363871268337,12000.0,843.3662414550781,6.25,0.0,0.0
AZ,band,3,AE,A,OOD,-28_24,200,292,0.9848116438356165,0.9809087500824663,0.6023478768511848,6000.0,744.5361938476562,12.89996337890625,0.0,0.0
AZ,band,3,AE,A,OOD,-29_20,33,64,0.9876893939393939,0.9749793566861946,1.7290481764509422,12000.0,1153.7252807617188,12.800048828125,0.0,0.0
AZ,band,3,AE,A,OOD,-29_24,471,262,0.8585355180629162,0.9181477735056698,0.6023478768511848,24000.0,471.49755859375,2.199981689453125,0.0,0.0
AZ,band,3,AE,A,OOD,-29_25,98,173,0.9300460068420432,0.914079792861876,2.0052221069266016,12000.0,484.7063293457031,5.399993896484375,0.0,0.0
AZ,band,3,AE,A,OOD,-29_29,46,115,0.9776937618147449,0.9435453418377907,0.39846084002546717,12000.0,2136.364990234375,8.60009765625,0.0,0.0
AZ,band,3,AE,A,OOD,-29_33,35,47,0.9507598784194529,0.9421582084237072,0.39846084002546717,24000.0,1531.3460083007812,4.79998779296875,0.0,0.0
AZ,band,3,AE,A,OOD,-30_21,107,69,0.98225653528376,0.9878497683851324,0.9304363871268337,24000.0,1062.9453735351562,3.54998779296875,0.0,0.0
AZ,band,3,AE,A,OOD,-30_26,152,146,0.9515140591204038,0.9439569356349137,2.0052221069266016,12000.0,527.3872985839844,3.4999847412109375,0.0,0.0
AZ,band,3,AE,A,OOD,-30_27,62,184,0.9944775596072932,0.985391500335987,1.1328305713768412,12000.0,1205.0396118164062,21.0,0.0,0.0
AZ,band,3,AE,A,OOD,-31_26,188,208,0.9024907937806874,0.9160435503297033,2.0052221069266016,12000.0,493.5792236328125,3.29998779296875,0.0,0.0
AZ,band,3,AE,A,OOD,-31_28,130,228,0.9892375168690959,0.9738706423613659,1.1328305713768412,24000.0,1410.3389892578125,11.70001220703125,0.0,0.0
AZ,band,3,AE,A,OOD,-31_33,131,340,0.9809833857207004,0.9638817962341686,0.3283262882108657,24000.0,1403.5262451171875,10.699951171875,0.0,0.0
AZ,band,3,AE,A,OOD,-32_28,178,171,0.9807148958538668,0.9804731125917631,0.3283262882108657,24000.0,660.8596801757812,6.5,0.0,0.0
AZ,band,3,AE,A,OOD,-33_26,312,200,0.8816826923076924,0.9320755232760021,0.4455546092955288,24000.0,412.1594696044922,1.600006103515625,0.0,0.0
AZ,band,3,AE,A,OOD,-33_32,279,72,0.9371266427718041,0.9706689602184019,0.3283262882108657,24000.0,332.80584716796875,0.0,0.0,0.99555555555579
AZ,band,3,AE,A,OOD,-35_26,111,54,0.9693026359693027,0.9845143633721405,0.4455546092955288,24000.0,69.65412902832031,1.100006103515625,0.0,0.0
AZ,band,3,AE,AE,ID,-26_28,297,125,0.9703434343434343,0.9743671591483223,0.5009534078828138,24000.0,1575.44580078125,2.25,0.0,0.0
AZ,band,3,AE,AE,ID,-27_28,441,83,0.975138649837445,0.99499394815529,0.5009534078828138,12000.0,1478.4776000976562,1.10003662109375,0.0,0.0
AZ,band,3,AE,AE,ID,-28_22,460,817,0.9735591506572295,0.9635067002515318,0.9304363871268337,12000.0,835.8202514648438,5.5,0.0,0.0
AZ,band,3,AE,AE,ID,-28_24,156,370,0.9741337491337492,0.957129870410617,0.6023478768511848,6000.0,782.6617736816406,20.8499755859375,0.0,0.0
AZ,band,3,AE,AE,ID,-29_20,254,359,0.9958655934024959,0.9949529071224802,1.7290481764509422,12000.0,1144.0352783203125,11.5999755859375,0.0,0.0
AZ,band,3,AE,AE,ID,-29_24,225,295,0.8434350282485876,0.8322246865699314,0.6023478768511848,24000.0,466.6739501953125,2.25,0.0,0.0
AZ,band,3,AE,AE,ID,-29_25,133,240,0.9488721804511278,0.9208165087582834,2.0052221069266016,12000.0,475.1513366699219,5.100006103515625,0.0,0.0
AZ,band,3,AE,AE,ID,-29_29,27,143,0.9728049728049728,0.8703365605593361,0.39846084002546717,24000.0,2158.291259765625,15.0,0.0,0.0
AZ,band,3,AE,AE,ID,-30_26,1154,1451,0.9578596963547521,0.9356466864233209,2.0052221069266016,12000.0,529.2843627929688,4.199981689453125,0.0,0.0
AZ,band,3,AE,AE,ID,-30_27,42,192,0.9946676587301587,0.9800207844064661,1.1328305713768412,12000.0,1231.356689453125,22.799957275390625,0.0,0.0
AZ,band,3,AE,AE,ID,-31_26,1512,1057,0.9103319767936608,0.9451507631490432,2.0052221069266016,12000.0,489.0145568847656,2.79998779296875,0.0,0.0
AZ,band,3,AE,AE,ID,-31_28,25,110,0.9876363636363636,0.9545710769271412,1.1328305713768412,24000.0,1418.1951904296875,21.5999755859375,0.0,0.0
AZ,band,3,AE,AE,ID,-32_28,41,70,0.9912891986062717,0.9865800135378525,0.3283262882108657,24000.0,704.934814453125,14.5,0.0,0.0
AZ,band,3,AE,AE,ID,-33_26,79,92,0.8641992294991745,0.8742259071880113,0.4455546092955288,24000.0,489.0269775390625,1.70001220703125,0.0,0.0
AZ,band,3,AE,AE,ID,-35_26,390,284,0.9789183820873961,0.9845161716096044,0.4455546092955288,24000.0,71.0990982055664,1.0,0.0,0.0
AZ,shadedX,0,A,A,ID,-26_22,565,64,0.8334623893805311,0.9770065974498563,0.16284229423379265,12000.0,1270.097412109375,1.199951171875,0.0,0.0
AZ,shadedX,0,A,A,ID,-27_21,275,58,0.9633228840125392,0.9889090555546065,0.16284229423379265,12000.0,1266.5623779296875,1.9000244140625,0.0,0.0
AZ,shadedX,0,A,A,ID,-29_23,641,70,0.9413862268776465,0.9929749173926927,0.6023478768511848,12000.0,575.4373168945312,1.399993896484375,0.0,0.0
AZ,shadedX,0,A,A,ID,-29_26,53,320,0.7900353773584906,0.44774974960329766,2.0052221069266016,6000.0,725.177490234375,13.60003662109375,0.0,0.0
AZ,shadedX,0,A,A,ID,-31_25,120,3142,0.9331211542541905,0.4873449712745642,2.0052221069266016,12000.0,309.7848815917969,4.699981689453125,0.0,0.0
AZ,shadedX,0,A,A,ID,-32_24,628,1227,0.833525402436682,0.8123515964726357,2.0052221069266016,24000.0,203.4176025390625,2.5,0.0,0.0
AZ,shadedX,0,A,A,ID,-33_24,293,82,0.9579205860317989,0.9882821309702317,0.5251896942125486,24000.0,122.97867584228516,1.0999908447265625,0.0,0.0
AZ,shadedX,0,A,A,ID,-34_26,268,166,0.4253506563567704,0.6529840625358803,0.4455546092955288,12000.0,256.4927978515625,2.0,0.0,0.0
AZ,shadedX,0,A,A,ID,-34_27,379,64,0.8290732189973614,0.9668016469981424,0.4455546092955288,24000.0,93.83000183105469,0.899993896484375,0.0,0.0
AZ,shadedX,0,A,AE,OOD,-26_22,171,83,0.7865144789685056,0.8817151977993232,0.16284229423379265,12000.0,1273.3777465820312,1.3499755859375,0.0,0.0
AZ,shadedX,0,A,AE,OOD,-27_21,25,66,0.9418181818181818,0.8897980250724591,0.16284229423379265,12000.0,1307.8284912109375,3.0999755859375,0.0,0.0
AZ,shadedX,0,A,AE,OOD,-29_23,1007,60,0.947087057265806,0.9965056775885652,0.6023478768511848,12000.0,576.427490234375,1.5,0.0,0.0
AZ,shadedX,0,A,AE,OOD,-29_26,404,280,0.7611386138613861,0.8064315954798927,2.0052221069266016,6000.0,663.1543579101562,9.70001220703125,0.0,0.0
AZ,shadedX,0,A,AE,OOD,-30_25,597,2308,0.9012850212936432,0.7786766337459957,2.0052221069266016,12000.0,353.50128173828125,2.29998779296875,42.0,0.0
AZ,shadedX,0,A,AE,OOD,-31_25,2568,3109,0.9338339400534474,0.921980532156879,2.0052221069266016,12000.0,290.26025390625,2.5,0.0,0.0
AZ,shadedX,0,A,AE,OOD,-32_24,29,1208,0.7609043160538935,0.396159896699278,2.0052221069266016,24000.0,215.73898315429688,3.5,0.0,0.0
AZ,shadedX,0,A,AE,OOD,-34_26,139,167,0.409770387282988,0.48365905904636775,0.4455546092955288,12000.0,268.41688537597656,3.20001220703125,0.0,0.0
AZ,shadedX,0,A,AE,OOD,-34_27,195,67,0.8386528893991582,0.9402474653641527,0.4455546092955288,24000.0,96.83583450317383,1.0999984741210938,0.0,0.0
AZ,shadedX,0,A,AE,OOD,-35_24,758,439,0.8541630354427487,0.9094830607955887,0.5251896942125486,12000.0,45.23958206176758,1.0999984741210938,0.0,0.0
AZ,shadedX,0,AE,A,OOD,-26_22,565,64,0.7635508849557521,0.9680567604461477,0.16284229423379265,12000.0,1270.097412109375,1.199951171875,0.0,0.0
AZ,shadedX,0,AE,A,OOD,-27_21,275,58,0.9589341692789969,0.9892175777932702,0.16284229423379265,12000.0,1266.5623779296875,1.9000244140625,0.0,0.0
AZ,shadedX,0,AE,A,OOD,-29_23,641,70,0.9360597281034099,0.9921054416380339,0.6023478768511848,12000.0,575.4373168945312,1.399993896484375,0.0,0.0
AZ,shadedX,0,AE,A,OOD,-29_26,53,320,0.8018278301886793,0.4719896999081316,2.0052221069266016,6000.0,725.177490234375,13.60003662109375,0.0,0.0
AZ,shadedX,0,AE,A,OOD,-31_25,120,3142,0.9350413749204327,0.563383753904404,2.0052221069266016,12000.0,309.7848815917969,4.699981689453125,0.0,0.0
AZ,shadedX,0,AE,A,OOD,-32_24,628,1227,0.9087321362756243,0.8757198630075053,2.0052221069266016,24000.0,203.4176025390625,2.5,0.0,0.0
AZ,shadedX,0,AE,A,OOD,-33_24,293,82,0.9454341130442021,0.9829602804136588,0.5251896942125486,24000.0,122.97867584228516,1.0999908447265625,0.0,0.0
AZ,shadedX,0,AE,A,OOD,-34_26,268,166,0.6338338428340227,0.7904701284240548,0.4455546092955288,12000.0,256.4927978515625,2.0,0.0,0.0
AZ,shadedX,0,AE,A,OOD,-34_27,379,64,0.9696569920844327,0.9927784348793209,0.4455546092955288,24000.0,93.83000183105469,0.899993896484375,0.0,0.0
AZ,shadedX,0,AE,AE,ID,-26_22,171,83,0.7215528781793842,0.8565739638701837,0.16284229423379265,12000.0,1273.3777465820312,1.3499755859375,0.0,0.0
AZ,shadedX,0,AE,AE,ID,-27_21,25,66,0.9618181818181818,0.9480089012033215,0.16284229423379265,12000.0,1307.8284912109375,3.0999755859375,0.0,0.0
AZ,shadedX,0,AE,AE,ID,-29_23,1007,60,0.936643495531281,0.995466051156819,0.6023478768511848,12000.0,576.427490234375,1.5,0.0,0.0
AZ,shadedX,0,AE,AE,ID,-29_26,404,280,0.7803659830268741,0.8281824035339017,2.0052221069266016,6000.0,663.1543579101562,9.70001220703125,0.0,0.0
AZ,shadedX,0,AE,AE,ID,-30_25,597,2308,0.8904763563629818,0.7797568100480352,2.0052221069266016,12000.0,353.50128173828125,2.29998779296875,42.0,0.0
AZ,shadedX,0,AE,AE,ID,-31_25,2568,3109,0.9388607990669237,0.9322020645855458,2.0052221069266016,12000.0,290.26025390625,2.5,0.0,0.0
AZ,shadedX,0,AE,AE,ID,-32_24,29,1208,0.875342543959808,0.5263217296044949,2.0052221069266016,24000.0,215.73898315429688,3.5,0.0,0.0
AZ,shadedX,0,AE,AE,ID,-34_26,139,167,0.6805238443975358,0.7361810575804082,0.4455546092955288,12000.0,268.41688537597656,3.20001220703125,0.0,0.0
AZ,shadedX,0,AE,AE,ID,-34_27,195,67,0.976502104860314,0.9892670268852294,0.4455546092955288,24000.0,96.83583450317383,1.0999984741210938,0.0,0.0
AZ,shadedX,0,AE,AE,ID,-35_24,758,439,0.9169466465521904,0.947114686171518,0.5251896942125486,12000.0,45.23958206176758,1.0999984741210938,0.0,0.0
AZ,shadedX,1,A,A,ID,-32_25,486,2118,0.7635435246388976,0.4217348456756991,2.0052221069266016,24000.0,317.2829895019531,3.7999954223632812,0.0,0.0
AZ,shadedX,1,A,A,ID,-32_26,427,941,0.8409982902239135,0.7588862514262982,2.0052221069266016,24000.0,452.3191680908203,3.70001220703125,0.0,0.0
AZ,shadedX,1,A,A,ID,-33_28,468,86,0.9689922480620154,0.9927459174059519,0.3283262882108657,24000.0,539.2886047363281,4.20001220703125,0.0,0.0
AZ,shadedX,1,A,AE,OOD,-32_25,872,2161,0.7591504315450288,0.5278420808054778,2.0052221069266016,24000.0,313.5735168457031,3.300018310546875,0.0,0.0
AZ,shadedX,1,A,AE,OOD,-32_26,268,954,0.850973121812322,0.6864168266336148,2.0052221069266016,24000.0,456.4871520996094,4.0,0.0,0.0
AZ,shadedX,1,AE,A,OOD,-32_25,486,2118,0.9135015563249745,0.7352448654472822,2.0052221069266016,24000.0,317.2829895019531,3.7999954223632812,0.0,0.0
AZ,shadedX,1,AE,A,OOD,-32_26,427,941,0.8465407521521526,0.7328840707549829,2.0052221069266016,24000.0,452.3191680908203,3.70001220703125,0.0,0.0
AZ,shadedX,1,AE,A,OOD,-33_28,468,86,0.9548052077121845,0.9853386419883408,0.3283262882108657,24000.0,539.2886047363281,4.20001220703125,0.0,0.0
AZ,shadedX,1,AE,AE,ID,-32_25,872,2161,0.903370954663361,0.7973601648998211,2.0052221069266016,24000.0,313.5735168457031,3.300018310546875,0.0,0.0
AZ,shadedX,1,AE,AE,ID,-32_26,268,954,0.8329461184642823,0.6409100379314471,2.0052221069266016,24000.0,456.4871520996094,4.0,0.0,0.0
AZ,shadedX,2,A,A,ID,-30_24,393,207,0.9148750476330961,0.9533492944878343,0.6023478768511848,12000.0,405.3116760253906,1.29998779296875,0.0,0.0
AZ,shadedX,2,A,A,ID,-31_24,104,1284,0.8992481428229092,0.621609573379424,2.0052221069266016,12000.0,379.95899963378906,4.0,0.0,0.0
AZ,shadedX,2,A,A,ID,-32_27,542,233,0.8489302060402577,0.9261118775427699,2.0052221069266016,24000.0,650.758544921875,1.70001220703125,0.0,0.0
AZ,shadedX,2,A,A,ID,-33_27,260,168,0.9836996336996336,0.9901000592377408,0.4455546092955288,24000.0,323.0325927734375,3.899993896484375,0.0,0.0
AZ,shadedX,2,A,A,ID,-34_29,237,182,0.45073491908934954,0.6228554875907476,0.3283262882108657,24000.0,147.02688598632812,1.100006103515625,0.0,0.0
AZ,shadedX,2,A,AE,OOD,-30_24,563,236,0.8857663244724088,0.9484789775239462,0.6023478768511848,12000.0,406.6834411621094,1.100006103515625,0.0,0.0
AZ,shadedX,2,A,AE,OOD,-31_24,420,1306,0.8811766207248596,0.775382950365248,2.0052221069266016,12000.0,317.61895751953125,3.100006103515625,0.0,0.0
AZ,shadedX,2,A,AE,OOD,-32_27,465,224,0.8981662826420891,0.9426389593991024,2.0052221069266016,24000.0,652.8948364257812,1.5999755859375,0.0,0.0
AZ,shadedX,2,A,AE,OOD,-33_27,118,164,0.9816556428276147,0.97987134011535,0.4455546092955288,12000.0,372.22337341308594,9.949996948242188,0.0,0.0
AZ,shadedX,2,A,AE,OOD,-33_30,259,47,0.9235192639447959,0.982176755354976,0.3283262882108657,12000.0,897.0509643554688,2.9000244140625,0.0,0.0
AZ,shadedX,2,A,AE,OOD,-34_29,154,198,0.5502426866063229,0.591674165653925,0.3283262882108657,24000.0,146.08417510986328,1.100006103515625,0.0,0.0
AZ,shadedX,2,AE,A,OOD,-30_24,393,207,0.9089255202763333,0.9521883310667162,0.6023478768511848,12000.0,405.3116760253906,1.29998779296875,0.0,0.0
AZ,shadedX,2,AE,A,OOD,-31_24,104,1284,0.876729870596693,0.5237682395980691,2.0052221069266016,12000.0,379.95899963378906,4.0,0.0,0.0
AZ,shadedX,2,AE,A,OOD,-32_27,542,233,0.8657570910473054,0.9425437778651157,2.0052221069266016,24000.0,650.758544921875,1.70001220703125,0.0,0.0
AZ,shadedX,2,AE,A,OOD,-33_27,260,168,0.990430402930403,0.9938944303154567,0.4455546092955288,24000.0,323.0325927734375,3.899993896484375,0.0,0.0
AZ,shadedX,2,AE,A,OOD,-34_29,237,182,0.47456762646636064,0.6401719556303229,0.3283262882108657,24000.0,147.02688598632812,1.100006103515625,0.0,0.0
AZ,shadedX,2,AE,AE,ID,-30_24,563,236,0.9005629647469668,0.9571682836517046,0.6023478768511848,12000.0,406.6834411621094,1.100006103515625,0.0,0.0
AZ,shadedX,2,AE,AE,ID,-31_24,420,1306,0.8509188361408884,0.7547026095145687,2.0052221069266016,12000.0,317.61895751953125,3.100006103515625,0.0,0.0
AZ,shadedX,2,AE,AE,ID,-32_27,465,224,0.901718509984639,0.951028526165434,2.0052221069266016,24000.0,652.8948364257812,1.5999755859375,0.0,0.0
AZ,shadedX,2,AE,AE,ID,-33_27,118,164,0.99312732534105,0.991454011267956,0.4455546092955288,12000.0,372.22337341308594,9.949996948242188,0.0,0.0
AZ,shadedX,2,AE,AE,ID,-33_30,259,47,0.8886880801774419,0.9773166042294705,0.3283262882108657,12000.0,897.0509643554688,2.9000244140625,0.0,0.0
AZ,shadedX,2,AE,AE,ID,-34_29,154,198,0.5368293322838777,0.6106640961445837,0.3283262882108657,24000.0,146.08417510986328,1.100006103515625,0.0,0.0
AZ,shadedX,3,A,A,ID,-29_24,471,155,0.9407848777480994,0.9715147316720454,0.6023478768511848,24000.0,455.8669738769531,1.89996337890625,0.0,0.0
AZ,shadedX,3,A,A,ID,-29_25,98,1160,0.9003166783954961,0.5823630332527497,2.0052221069266016,12000.0,449.9700622558594,5.0,0.0,0.0
AZ,shadedX,3,A,A,ID,-30_26,152,1831,0.8514257380206387,0.3667612017501134,2.0052221069266016,12000.0,552.5680541992188,7.899993896484375,0.0,0.0
AZ,shadedX,3,A,A,ID,-31_26,188,2423,0.8307838884449558,0.446275088074971,2.0052221069266016,12000.0,559.7286987304688,6.600006103515625,0.0,0.0
AZ,shadedX,3,A,A,ID,-33_26,312,170,0.8919306184012067,0.9467115349784241,0.4455546092955288,24000.0,544.978271484375,1.600006103515625,0.0,0.0
AZ,shadedX,3,A,A,ID,-35_26,111,32,0.6728603603603603,0.8922110073960325,0.4455546092955288,24000.0,68.57725524902344,1.0,0.0,0.010000000000109272
AZ,shadedX,3,A,AE,OOD,-29_24,225,149,0.9605965697240866,0.9621775019277972,0.6023478768511848,24000.0,442.49664306640625,1.899993896484375,0.0,0.0
AZ,shadedX,3,A,AE,OOD,-29_25,133,1161,0.9181480833867615,0.6570719101346543,2.0052221069266016,12000.0,452.12196350097656,5.0,0.0,0.0
AZ,shadedX,3,A,AE,OOD,-30_26,1154,1805,0.8483861985530277,0.7852310448429464,2.0052221069266016,12000.0,534.796630859375,4.5,0.0,0.0
AZ,shadedX,3,A,AE,OOD,-31_26,1512,2376,0.836529425649796,0.8046870878570171,2.0052221069266016,12000.0,518.6005859375,3.89996337890625,0.0,0.0
AZ,shadedX,3,A,AE,OOD,-33_26,79,170,0.8928518242740134,0.8460458626754518,0.4455546092955288,24000.0,565.2928466796875,3.5999755859375,0.0,0.0
AZ,shadedX,3,AE,A,OOD,-29_24,471,155,0.9487569344565441,0.9792640509302215,0.6023478768511848,24000.0,455.8669738769531,1.89996337890625,0.0,0.0
AZ,shadedX,3,AE,A,OOD,-29_25,98,1160,0.9327762139338494,0.7195897150053536,2.0052221069266016,12000.0,449.9700622558594,5.0,0.0,0.0
AZ,shadedX,3,AE,A,OOD,-30_26,152,1831,0.9009600735864786,0.509605057453517,2.0052221069266016,12000.0,552.5680541992188,7.899993896484375,0.0,0.0
AZ,shadedX,3,AE,A,OOD,-31_26,188,2423,0.8652409093703076,0.5627074930930146,2.0052221069266016,12000.0,559.7286987304688,6.600006103515625,0.0,0.0
AZ,shadedX,3,AE,A,OOD,-33_26,312,170,0.9510746606334842,0.9746303496373105,0.4455546092955288,24000.0,544.978271484375,1.600006103515625,0.0,0.0
AZ,shadedX,3,AE,A,OOD,-35_26,111,32,0.6266891891891893,0.8735033414347304,0.4455546092955288,24000.0,68.57725524902344,1.0,0.0,0.010000000000109272
AZ,shadedX,3,AE,AE,ID,-29_24,225,149,0.957255779269202,0.9651110423505782,0.6023478768511848,24000.0,442.49664306640625,1.899993896484375,0.0,0.0
AZ,shadedX,3,AE,AE,ID,-29_25,133,1161,0.9413002791215765,0.758924858560133,2.0052221069266016,12000.0,452.12196350097656,5.0,0.0,0.0
AZ,shadedX,3,AE,AE,ID,-30_26,1154,1805,0.9010451422728125,0.8655288872034048,2.0052221069266016,12000.0,534.796630859375,4.5,0.0,0.0
AZ,shadedX,3,AE,AE,ID,-31_26,1512,2376,0.8781874632569078,0.850258683473624,2.0052221069266016,12000.0,518.6005859375,3.89996337890625,0.0,0.0
AZ,shadedX,3,AE,AE,ID,-33_26,79,170,0.9376768428890543,0.9061778593231682,0.4455546092955288,24000.0,565.2928466796875,3.5999755859375,0.0,0.0
MO,band,0,A,A,ID,1_37,100,70,0.9954285714285714,0.9968896596884722,0.13174344634132118,24000.0,258.23451232910156,1.9000015258789062,0.0,0.016666666666697208
MO,band,0,A,A,ID,1_38,186,151,0.9978637043366801,0.9982472992174397,0.13174344634132118,12000.0,300.3359680175781,3.29998779296875,0.0,0.0
MO,band,0,A,A,ID,2_34,238,116,0.9985149232106636,0.9992833855590932,0.7796863263464616,24000.0,257.74195861816406,2.0999908447265625,0.0,0.001111111111113147
MO,band,0,A,A,ID,3_30,243,453,0.9928142515829539,0.9896577290490017,0.21143112490239685,24000.0,398.2347869873047,8.399993896484375,0.0,0.0
MO,band,0,A,A,ID,3_35,299,179,0.9978139421909157,0.9987191290553302,0.2805940702828191,12000.0,223.8212661743164,2.5999908447265625,0.0,0.0033333333332333332
MO,band,0,A,A,ID,3_39,33,79,0.9888761028001535,0.9645341285095388,0.009475983179544482,24000.0,314.1539306640625,7.20001220703125,0.0,0.0011111111110828306
MO,band,0,A,A,ID,4_31,31,126,0.9976958525345622,0.9918364111912498,0.11917411203210233,12000.0,379.0875549316406,10.0,0.0,0.0
MO,band,0,A,A,ID,4_32,240,284,0.9951291079812206,0.9941581392375795,0.10531608067296845,24000.0,304.3591766357422,6.20001220703125,0.0,0.0
MO,band,0,A,A,ID,4_33,229,151,0.9855403568639926,0.9785459866064798,0.07609147828702022,12000.0,220.41268920898438,3.3499984741210938,0.0,0.14055555555525226
MO,band,0,A,A,ID,4_38,431,549,0.9979207079735778,0.9976793439370802,0.002752264379166068,24000.0,276.5325164794922,6.29998779296875,0.0,0.0
MO,band,0,A,A,ID,5_31,125,327,0.9968685015290519,0.993966660792814,0.5166624790361429,24000.0,430.2476348876953,10.050003051757812,0.0,0.0
MO,band,0,A,A,ID,5_33,121,273,0.9995761813943632,0.9990554548703332,0.2593257817672817,12000.0,253.66651153564453,18.050003051757812,0.0,0.0
MO,band,0,A,A,ID,5_37,704,374,0.9948954788526981,0.9973716497298235,0.008919303795833783,24000.0,238.85968017578125,2.4000015258789062,0.0,0.0
MO,band,0,A,A,ID,6_34,229,250,0.9974323144104804,0.9974539252935363,0.44134676895229513,12000.0,200.3530731201172,7.6999969482421875,0.0,0.0011111111111737802
MO,band,0,A,A,ID,6_35,123,287,0.998980198861222,0.9977352774917545,0.44134676895229513,12000.0,234.90444946289062,8.099998474121094,0.0,0.002222222222226294
MO,band,0,A,A,ID,6_36,347,374,0.9986515434048915,0.9986346317294167,0.021032555881980615,12000.0,237.38465881347656,3.5,0.0,0.0
MO,band,0,A,A,ID,8_30,193,266,0.9990650200631112,0.9987557761775945,0.22222590453913862,24000.0,187.97853088378906,9.399993896484375,0.0,0.0
MO,band,0,A,A,ID,8_36,174,261,0.9951997181485885,0.9926600588539796,0.26605167664293955,24000.0,142.27528381347656,2.5,0.0,0.006666666666254452
MO,band,0,A,A,ID,9_32,257,415,0.9971684402981575,0.9958518402588628,0.316090823812992,24000.0,277.9097442626953,12.449996948242188,0.0,0.0
MO,band,0,A,AE,OOD,11_33,91,56,0.8922684458398744,0.9138056695232242,0.4036802459269963,12000.0,109.54548645019531,1.7000045776367188,0.0,0.40888888888754493
MO,band,0,A,AE,OOD,1_37,121,157,0.9828393956940571,0.978715569585559,0.13174344634132118,24000.0,274.3046569824219,2.899993896484375,0.0,0.0033333333333546
MO,band,0,A,AE,OOD,1_38,122,180,0.9946721311475409,0.9895326458667596,0.13174344634132118,24000.0,306.3762969970703,5.3000030517578125,0.0,0.0
MO,band,0,A,AE,OOD,2_34,31,153,1.0,1.0,0.7796863263464616,24000.0,290.50146484375,9.0,0.0,0.0011111111110828306
MO,band,0,A,AE,OOD,3_35,705,392,0.9992726877985236,0.9996405035738856,1.0357666780226191,12000.0,225.13372802734375,2.100006103515625,0.0,0.004444444444482905
MO,band,0,A,AE,OOD,4_31,198,953,0.998638006507891,0.9939029473419798,0.11917411203210233,12000.0,375.6055908203125,10.399993896484375,0.0,0.0
MO,band,0,A,AE,OOD,4_32,86,177,0.9916568125082117,0.971914641810339,0.10531608067296845,24000.0,312.4241027832031,10.70001220703125,0.0,0.0
MO,band,0,A,AE,OOD,4_33,155,225,0.9903942652329749,0.978722543642841,0.07609147828702022,12000.0,234.83365631103516,8.799995422363281,0.0,0.004444444444391956
MO,band,0,A,AE,OOD,4_38,75,153,0.9994771241830066,0.9990123456790123,0.002752264379166068,24000.0,283.8669891357422,9.649993896484375,0.0,0.0
MO,band,0,A,AE,OOD,5_31,38,254,0.9992747617074181,0.995282695058048,0.5166624790361429,24000.0,434.96319580078125,14.550003051757812,0.0,0.0
MO,band,0,A,AE,OOD,5_33,815,611,0.999660618718183,0.9997488981090921,0.2593257817672817,12000.0,205.4065704345703,2.6999969482421875,0.0,0.03333333333336409
MO,band,0,A,AE,OOD,6_34,752,684,0.9989618327734229,0.9991301183528704,0.44134676895229513,12000.0,190.1466064453125,5.749992370605469,0.0,0.0033333333333091246
MO,band,0,A,AE,OOD,6_35,378,404,0.9977997799779978,0.9978626340207641,0.44134676895229513,12000.0,221.18170166015625,4.4000091552734375,0.0,0.006111111111091993
MO,band,0,A,AE,OOD,8_30,28,84,0.9991496598639455,0.9976190476190476,0.22222590453913862,24000.0,199.39328002929688,18.349998474121094,0.0,0.0
MO,band,0,A,AE,OOD,8_36,795,296,0.9856195818459971,0.9956734757808128,0.26605167664293955,24000.0,137.38284301757812,1.1999969482421875,0.0,0.36777777777784454
MO,band,0,A,AE,OOD,9_34,691,1669,0.9854709918415231,0.9845327243347213,0.8176836000675126,12000.0,168.18123626708984,10.399993896484375,0.0,0.0011111111110828306
MO,band,0,A,AE,OOD,9_35,2280,1154,0.9887158320411079,0.9930596640645487,0.8176836000675126,12000.0,133.0695037841797,1.8000030517578125,0.0,0.20222222222175923
MO,band,0,AE,A,OOD,1_37,100,70,0.9902857142857143,0.9916846862240677,0.13174344634132118,24000.0,258.23451232910156,1.9000015258789062,0.0,0.016666666666697208
MO,band,0,AE,A,OOD,1_38,186,151,0.9973652353485722,0.9978127858101634,0.13174344634132118,12000.0,300.3359680175781,3.29998779296875,0.0,0.0
MO,band,0,AE,A,OOD,2_34,238,116,0.9985149232106635,0.9992855659717542,0.7796863263464616,24000.0,257.74195861816406,2.0999908447265625,0.0,0.001111111111113147
MO,band,0,AE,A,OOD,3_30,243,453,0.9914606782401729,0.9857520962364288,0.21143112490239685,24000.0,398.2347869873047,8.399993896484375,0.0,0.0
MO,band,0,AE,A,OOD,3_35,299,179,0.9986173651463911,0.9992019839756259,0.2805940702828191,12000.0,223.8212661743164,2.5999908447265625,0.0,0.0033333333332333332
MO,band,0,AE,A,OOD,3_39,33,79,0.9865746068277714,0.9492908369370322,0.009475983179544482,24000.0,314.1539306640625,7.20001220703125,0.0,0.0011111111110828306
MO,band,0,AE,A,OOD,4_31,31,126,0.9976958525345622,0.9907919849198424,0.11917411203210233,12000.0,379.0875549316406,10.0,0.0,0.0
MO,band,0,AE,A,OOD,4_32,240,284,0.9947329812206572,0.992885405408585,0.10531608067296845,24000.0,304.3591766357422,6.20001220703125,0.0,0.0
MO,band,0,AE,A,OOD,4_33,229,151,0.9890395905029064,0.9897152041028503,0.07609147828702022,12000.0,220.41268920898438,3.3499984741210938,0.0,0.14055555555525226
MO,band,0,AE,A,OOD,4_38,431,549,0.9975868379124246,0.9972092573573946,0.002752264379166068,24000.0,276.5325164794922,6.29998779296875,0.0,0.0
MO,band,0,AE,A,OOD,5_31,125,327,0.9964770642201835,0.9922898593811554,0.5166624790361429,24000.0,430.2476348876953,10.050003051757812,0.0,0.0
MO,band,0,AE,A,OOD,5_33,121,273,0.9992734538189084,0.9982302117773689,0.2593257817672817,12000.0,253.66651153564453,18.050003051757812,0.0,0.0
MO,band,0,AE,A,OOD,5_37,704,374,0.9938928050559066,0.9968846378521027,0.008919303795833783,24000.0,238.85968017578125,2.4000015258789062,0.0,0.0
MO,band,0,AE,A,OOD,6_34,229,250,0.9977292576419214,0.9978181843298887,0.44134676895229513,12000.0,200.3530731201172,7.6999969482421875,0.0,0.0011111111111737802
MO,band,0,AE,A,OOD,6_35,123,287,0.9986119373388856,0.9971160969664847,0.44134676895229513,12000.0,234.90444946289062,8.099998474121094,0.0,0.002222222222226294
MO,band,0,AE,A,OOD,6_36,347,374,0.9956155896993326,0.9960899955655336,0.021032555881980615,12000.0,237.38465881347656,3.5,0.0,0.0
MO,band,0,AE,A,OOD,8_30,193,266,0.9969613152051112,0.996283666548184,0.22222590453913862,24000.0,187.97853088378906,9.399993896484375,0.0,0.0
MO,band,0,AE,A,OOD,8_36,174,261,0.994957502091866,0.9924595154624072,0.26605167664293955,24000.0,142.27528381347656,2.5,0.0,0.006666666666254452
MO,band,0,AE,A,OOD,9_32,257,415,0.9965589986404764,0.9946415499533854,0.316090823812992,24000.0,277.9097442626953,12.449996948242188,0.0,0.0
MO,band,0,AE,AE,ID,11_33,91,56,0.8791208791208791,0.908328302986547,0.4036802459269963,12000.0,109.54548645019531,1.7000045776367188,0.0,0.40888888888754493
MO,band,0,AE,AE,ID,1_37,121,157,0.9766278886139917,0.9642750858345132,0.13174344634132118,24000.0,274.3046569824219,2.899993896484375,0.0,0.0033333333333546
MO,band,0,AE,AE,ID,1_38,122,180,0.9922586520947176,0.9855855387003963,0.13174344634132118,24000.0,306.3762969970703,5.3000030517578125,0.0,0.0
MO,band,0,AE,AE,ID,2_34,31,153,1.0,1.0,0.7796863263464616,24000.0,290.50146484375,9.0,0.0,0.0011111111110828306
MO,band,0,AE,AE,ID,3_35,705,392,0.9987335359675785,0.9994259534565151,1.0357666780226191,12000.0,225.13372802734375,2.100006103515625,0.0,0.004444444444482905
MO,band,0,AE,AE,ID,4_31,198,953,0.9982670355178226,0.9926795822094554,0.11917411203210233,12000.0,375.6055908203125,10.399993896484375,0.0,0.0
MO,band,0,AE,AE,ID,4_32,86,177,0.9951386151622652,0.990516684816918,0.10531608067296845,24000.0,312.4241027832031,10.70001220703125,0.0,0.0
MO,band,0,AE,AE,ID,4_33,155,225,0.9943799283154122,0.9897934335915403,0.07609147828702022,12000.0,234.83365631103516,8.799995422363281,0.0,0.004444444444391956
MO,band,0,AE,AE,ID,4_38,75,153,1.0,0.9999999999999999,0.002752264379166068,24000.0,283.8669891357422,9.649993896484375,0.0,0.0
MO,band,0,AE,AE,ID,5_31,38,254,0.9978242851222545,0.9863335277870067,0.5166624790361429,24000.0,434.96319580078125,14.550003051757812,0.0,0.0
MO,band,0,AE,AE,ID,5_33,815,611,0.9996987740102216,0.9997784753430803,0.2593257817672817,12000.0,205.4065704345703,2.6999969482421875,0.0,0.03333333333336409
MO,band,0,AE,AE,ID,6_34,752,684,0.9989579445066566,0.9991770130815314,0.44134676895229513,12000.0,190.1466064453125,5.749992370605469,0.0,0.0033333333333091246
MO,band,0,AE,AE,ID,6_35,378,404,0.9972562732463721,0.9973850558028605,0.44134676895229513,12000.0,221.18170166015625,4.4000091552734375,0.0,0.006111111111091993
MO,band,0,AE,AE,ID,8_30,28,84,0.9957482993197279,0.988231041658461,0.22222590453913862,24000.0,199.39328002929688,18.349998474121094,0.0,0.0
MO,band,0,AE,AE,ID,8_36,795,296,0.9947688254292029,0.9981414624905116,0.26605167664293955,24000.0,137.38284301757812,1.1999969482421875,0.0,0.36777777777784454
MO,band,0,AE,AE,ID,9_34,691,1669,0.9974715571860755,0.9946120555258671,0.8176836000675126,12000.0,168.18123626708984,10.399993896484375,0.0,0.0011111111110828306
MO,band,0,AE,AE,ID,9_35,2280,1154,0.9933305968560917,0.996281343938479,0.8176836000675126,12000.0,133.0695037841797,1.8000030517578125,0.0,0.20222222222175923
MO,band,1,A,A,ID,10_32,216,409,0.993298922394277,0.9894858750647065,0.4729255441583248,24000.0,196.25640869140625,10.20001220703125,0.0,0.0
MO,band,1,A,A,ID,11_31,420,94,0.9135258358662615,0.9740941467424309,0.5235868609883852,12000.0,99.06163024902344,0.7999954223632812,0.0,0.013888888888762756
MO,band,1,A,A,ID,11_32,87,71,0.9944957098915331,0.9955388007674062,0.4729255441583248,12000.0,107.8763313293457,2.049999237060547,0.0,0.11222222222218531
MO,band,1,A,A,ID,2_30,101,168,0.9973479490806224,0.9955132767395576,0.07415566766461429,12000.0,329.50299072265625,8.29998779296875,0.0,0.0
MO,band,1,A,A,ID,2_38,485,446,0.9983911978179465,0.998589343808915,0.027409363478295368,24000.0,297.3774719238281,4.600006103515625,0.0,0.0
MO,band,1,A,A,ID,3_31,378,355,0.9938892614948953,0.9947449073304017,0.35758869494342066,24000.0,330.4117431640625,3.100006103515625,0.0,0.0
MO,band,1,A,A,ID,3_32,427,261,0.9963480398754565,0.9975699168473449,0.03500388758159386,12000.0,267.7347869873047,2.70001220703125,0.0,0.0022222222221959776
MO,band,1,A,A,ID,3_34,446,325,0.9959572266298724,0.9970837698038518,0.01722234519259071,24000.0,242.84884643554688,3.29998779296875,0.0,0.003333333333339441
MO,band,1,A,A,ID,4_35,497,233,0.9953281923299453,0.997862713085836,0.2805940702828191,24000.0,211.3980255126953,2.600006103515625,0.0,0.0
MO,band,1,A,A,ID,4_36,466,194,0.9962391044644042,0.9983775040955384,0.5973077602606178,12000.0,202.56609344482422,1.5,0.0,0.02222222222194462
MO,band,1,A,A,ID,5_32,214,384,0.9980651285046729,0.9968550933385081,0.5342934315128861,24000.0,357.7312469482422,8.100006103515625,0.0,0.0
MO,band,1,A,A,ID,5_34,207,402,0.9984257456677963,0.9972382462727414,0.30434951979922176,24000.0,265.6825256347656,8.70001220703125,0.0,0.0
MO,band,1,A,A,ID,5_38,344,307,0.9976043481554427,0.997790916886775,0.031398820497503394,24000.0,268.76434326171875,4.3000030517578125,0.0,0.0
MO,band,1,A,A,ID,6_30,163,321,0.9964642700150985,0.9834527929621525,0.37284122603906383,24000.0,284.0183563232422,14.100013732910156,0.0,0.0
MO,band,1,A,A,ID,6_37,475,396,0.996916533758639,0.9976379359605821,0.003483385475863923,24000.0,228.9103546142578,3.5,0.0,0.0
MO,band,1,A,A,ID,7_30,209,402,0.9939179699588183,0.9870642255510498,0.7738996452923492,24000.0,293.5909118652344,6.899993896484375,0.0,0.0
MO,band,1,A,A,ID,7_33,234,312,0.996890751698444,0.9960433921537879,0.10189117831336686,24000.0,283.3930206298828,9.04998779296875,0.0,0.0
MO,band,1,A,A,ID,7_36,402,311,0.9943209995040873,0.9963024579959395,0.028661750620064857,24000.0,216.85755920410156,2.0999908447265625,0.0,0.002222222222226294
MO,band,1,A,A,ID,8_32,88,322,0.9986589497459063,0.9952842077984815,0.007851030679286325,24000.0,364.2356414794922,19.800003051757812,0.0,0.0
MO,band,1,A,A,ID,9_30,275,208,0.9853146853146854,0.9819674399070821,0.5988157171174375,12000.0,103.76667785644531,3.5,0.0,0.001111111111113147
MO,band,1,A,AE,OOD,10_32,27,68,1.0,0.9999999999999996,0.4729255441583248,24000.0,211.71363830566406,14.699981689453125,0.0,0.0
MO,band,1,A,AE,OOD,11_31,283,201,0.9086018669901377,0.9224118314922,0.5235868609883852,12000.0,100.18346786499023,0.8999977111816406,0.0,0.004444444444391955
MO,band,1,A,AE,OOD,11_32,235,577,0.996047051882444,0.990401441308114,0.4729255441583248,12000.0,107.55236434936523,2.0999984741210938,0.0,0.09555555555548811
MO,band,1,A,AE,OOD,2_35,445,880,0.9908018386108274,0.9767739704491555,2.8723606250263685,6000.0,272.6692810058594,8.20001220703125,0.0,0.0
MO,band,1,A,AE,OOD,2_38,31,80,0.9991935483870968,0.9979513527575441,0.027409363478295368,24000.0,309.63690185546875,10.70001220703125,0.0,0.0011111111110828306
MO,band,1,A,AE,OOD,3_32,377,121,0.9940373106517306,0.9980955523428741,0.03500388758159386,12000.0,264.4265594482422,1.600006103515625,0.0,0.003333333333278808
MO,band,1,A,AE,OOD,3_34,264,92,0.9962532938076416,0.9987303150216724,0.01722234519259071,24000.0,235.88958740234375,1.9500045776367188,0.0,0.004444444444407114
MO,band,1,A,AE,OOD,4_36,1584,228,0.9970483342193869,0.9995517342532416,0.5973077602606178,12000.0,200.5906753540039,1.1999969482421875,0.0,0.07222222222223335
MO,band,1,A,AE,OOD,5_34,28,74,0.9995173745173745,0.9987684729064039,0.30434951979922176,24000.0,268.2148895263672,9.500015258789062,0.0,0.0
MO,band,1,A,AE,OOD,9_30,372,553,0.9849063757802019,0.9754934329095862,0.5988157171174375,12000.0,122.58761596679688,5.900001525878906,0.0,0.001111111111113147
MO,band,1,AE,A,OOD,10_32,216,409,0.9929367019831568,0.988338065084882,0.4729255441583248,24000.0,196.25640869140625,10.20001220703125,0.0,0.0
MO,band,1,AE,A,OOD,11_31,420,94,0.915096251266464,0.9708683030398627,0.5235868609883852,12000.0,99.06163024902344,0.7999954223632812,0.0,0.013888888888762756
MO,band,1,AE,A,OOD,11_32,87,71,0.997733527602396,0.9981770372094603,0.4729255441583248,12000.0,107.8763313293457,2.049999237060547,0.0,0.11222222222218531
MO,band,1,AE,A,OOD,2_30,101,168,0.9974658180103725,0.99560270547036,0.07415566766461429,12000.0,329.50299072265625,8.29998779296875,0.0,0.0
MO,band,1,AE,A,OOD,2_38,485,446,0.9984651657343627,0.9986831716509491,0.027409363478295368,24000.0,297.3774719238281,4.600006103515625,0.0,0.0
MO,band,1,AE,A,OOD,3_31,378,355,0.989485058499143,0.9911412816811102,0.35758869494342066,24000.0,330.4117431640625,3.100006103515625,0.0,0.0
MO,band,1,AE,A,OOD,3_32,427,261,0.9957468572505317,0.9971109790315801,0.03500388758159386,12000.0,267.7347869873047,2.70001220703125,0.0,0.0022222222221959776
MO,band,1,AE,A,OOD,3_34,446,325,0.9959158330458778,0.9972137090087603,0.01722234519259071,24000.0,242.84884643554688,3.29998779296875,0.0,0.003333333333339441
MO,band,1,AE,A,OOD,4_35,497,233,0.9964421723473891,0.9983350357032624,0.2805940702828191,24000.0,211.3980255126953,2.600006103515625,0.0,0.0
MO,band,1,AE,A,OOD,4_36,466,194,0.9966594398477944,0.9985981360347995,0.5973077602606178,12000.0,202.56609344482422,1.5,0.0,0.02222222222194462
MO,band,1,AE,A,OOD,5_32,214,384,0.9979191004672897,0.9967566066313074,0.5342934315128861,24000.0,357.7312469482422,8.100006103515625,0.0,0.0
MO,band,1,AE,A,OOD,5_34,207,402,0.9987502103011512,0.9977037467788414,0.30434951979922176,24000.0,265.6825256347656,8.70001220703125,0.0,0.0
MO,band,1,AE,A,OOD,5_38,344,307,0.9962218771305204,0.9964786984269779,0.031398820497503394,24000.0,268.76434326171875,4.3000030517578125,0.0,0.0
MO,band,1,AE,A,OOD,6_30,163,321,0.9953748829386694,0.9799620808881013,0.37284122603906383,24000.0,284.0183563232422,14.100013732910156,0.0,0.0
MO,band,1,AE,A,OOD,6_37,475,396,0.9941360978203083,0.9956613336814163,0.003483385475863923,24000.0,228.9103546142578,3.5,0.0,0.0
MO,band,1,AE,A,OOD,7_30,209,402,0.9927158466042991,0.980553148306812,0.7738996452923492,24000.0,293.5909118652344,6.899993896484375,0.0,0.0
MO,band,1,AE,A,OOD,7_33,234,312,0.9966031119877273,0.9958245786110453,0.10189117831336686,24000.0,283.3930206298828,9.04998779296875,0.0,0.0
MO,band,1,AE,A,OOD,7_36,402,311,0.9911935499352114,0.9942204863164577,0.028661750620064857,24000.0,216.85755920410156,2.0999908447265625,0.0,0.002222222222226294
MO,band,1,AE,A,OOD,8_32,88,322,0.9973531902879729,0.9899667106256858,0.007851030679286325,24000.0,364.2356414794922,19.800003051757812,0.0,0.0
MO,band,1,AE,A,OOD,9_30,275,208,0.9819405594405595,0.9784008880858954,0.5988157171174375,12000.0,103.76667785644531,3.5,0.0,0.001111111111113147
MO,band,1,AE,AE,ID,10_32,27,68,0.9989106753812637,0.9974457215836523,0.4729255441583248,24000.0,211.71363830566406,14.699981689453125,0.0,0.0
MO,band,1,AE,AE,ID,11_31,283,201,0.9257071532795388,0.9355537155751076,0.5235868609883852,12000.0,100.18346786499023,0.8999977111816406,0.0,0.004444444444391955
MO,band,1,AE,AE,ID,11_32,235,577,0.9969394151701759,0.992298946382702,0.4729255441583248,12000.0,107.55236434936523,2.0999984741210938,0.0,0.09555555555548811
MO,band,1,AE,AE,ID,2_35,445,880,0.9928013278855975,0.9758980051610077,2.8723606250263685,6000.0,272.6692810058594,8.20001220703125,0.0,0.0
MO,band,1,AE,AE,ID,2_38,31,80,0.9995967741935484,0.9989919354838708,0.027409363478295368,24000.0,309.63690185546875,10.70001220703125,0.0,0.0011111111110828306
MO,band,1,AE,AE,ID,3_32,377,121,0.990486003025188,0.9970515010959691,0.03500388758159386,12000.0,264.4265594482422,1.600006103515625,0.0,0.003333333333278808
MO,band,1,AE,AE,ID,3_34,264,92,0.998147233201581,0.9993680571103725,0.01722234519259071,24000.0,235.88958740234375,1.9500045776367188,0.0,0.004444444444407114
MO,band,1,AE,AE,ID,4_36,1584,228,0.9974525961368066,0.9996188077707339,0.5973077602606178,12000.0,200.5906753540039,1.1999969482421875,0.0,0.07222222222223335
MO,band,1,AE,AE,ID,5_34,28,74,0.9995173745173745,0.9987684729064039,0.30434951979922176,24000.0,268.2148895263672,9.500015258789062,0.0,0.0
MO,band,1,AE,AE,ID,9_30,372,553,0.9839390227303662,0.9720190704214978,0.5988157171174375,12000.0,122.58761596679688,5.900001525878906,0.0,0.001111111111113147
MO,band,2,A,A,ID,10_31,332,226,0.9745708497707646,0.9808316776015625,0.4729255441583248,24000.0,111.69311141967773,2.8000030517578125,0.0,0.0
MO,band,2,A,A,ID,2_31,268,103,0.9892044631212868,0.9957956202369259,0.8536236821351613,24000.0,277.68170166015625,2.29998779296875,0.0,0.0
MO,band,2,A,A,ID,2_32,257,122,0.9711360591949991,0.9872896044072861,0.00018147425668968743,24000.0,260.3229675292969,2.3000030517578125,0.0,0.0011111111111737802
MO,band,2,A,A,ID,2_33,465,95,0.9947934352009055,0.9989303886358798,0.00018147425668968743,24000.0,230.83036041259766,1.6999969482421875,0.0,0.007777777777716238
MO,band,2,A,A,ID,2_37,336,395,0.9894439421338156,0.9807048531602653,0.13174344634132118,24000.0,293.10125732421875,4.5,0.0,0.0
MO,band,2,A,A,ID,3_37,499,345,0.9986814208126398,0.9991477111835676,0.0005719505628920464,24000.0,241.20587158203125,2.7999954223632812,0.0,0.0005555555554807824
MO,band,2,A,A,ID,5_30,119,238,0.9963985594237695,0.9926689190392061,0.5718783671056327,12000.0,280.03814697265625,17.5,0.0,0.0
MO,band,2,A,A,ID,6_33,246,246,0.9977196113424549,0.9977896696539406,0.050139001362911974,24000.0,244.56036376953125,6.9499969482421875,0.0,0.0
MO,band,2,A,A,ID,6_38,464,345,0.9982196401799102,0.9987192187463216,0.0014874728536790585,24000.0,222.87351989746094,3.4000091552734375,0.0,0.0
MO,band,2,A,A,ID,6_39,75,130,0.9957948717948718,0.992893996690676,0.0014874728536790585,24000.0,227.806884765625,5.600006103515625,0.0,0.0
MO,band,2,A,A,ID,7_32,155,392,0.9978439763001975,0.9949640456954614,0.007851030679286325,24000.0,356.2604064941406,9.5,0.0,0.0
MO,band,2,A,A,ID,7_37,298,323,0.9953144804371766,0.9939017155237181,0.3491631080575762,24000.0,154.92433166503906,2.8000030517578125,0.0,0.015555555555644692
MO,band,2,A,A,ID,8_33,206,417,0.9969732951502875,0.993933851265855,0.08576181575407024,24000.0,269.8599548339844,14.800018310546875,0.0,0.0
MO,band,2,A,A,ID,8_34,86,147,1.0,1.0,0.7424783442009205,24000.0,195.16917419433594,12.300003051757812,0.0,0.006666666666678883
MO,band,2,A,A,ID,8_35,185,282,0.9949971247843588,0.9914468915677634,0.5723155650103042,12000.0,178.30044555664062,6.5,0.0,0.002222222222226294
MO,band,2,A,A,ID,9_33,164,338,0.9922247077500361,0.9865403255905426,0.3930006801572047,24000.0,225.5798110961914,12.050003051757812,0.0,0.0
MO,band,2,A,AE,OOD,10_31,173,126,0.9691256078539315,0.9729809596666222,0.4729255441583248,24000.0,112.7348861694336,3.399993896484375,0.0,0.0
MO,band,2,A,AE,OOD,1_36,322,275,0.9817955957086392,0.9790856986092504,0.6084135391700257,12000.0,237.84576416015625,2.0,0.0,0.36555555555507246
MO,band,2,A,AE,OOD,2_31,46,244,0.9874376336421953,0.9491458423984114,0.8536236821351613,12000.0,299.6081848144531,7.149993896484375,0.0,0.0
MO,band,2,A,AE,OOD,3_37,98,89,0.9985095161660169,0.9987273231326528,0.0005719505628920464,24000.0,245.2014923095703,3.399993896484375,0.0,0.0
MO,band,2,A,AE,OOD,5_30,176,258,0.9985244890768146,0.9980296699737541,0.5718783671056327,12000.0,270.5509948730469,14.949996948242188,0.0,0.0
MO,band,2,A,AE,OOD,7_37,457,416,0.9965494024574988,0.9968680622879968,0.3491631080575762,24000.0,155.77609252929688,2.5,0.0,0.013333333333175866
MO,band,2,A,AE,OOD,8_34,1050,1044,0.9992893632548805,0.9992544037088762,0.7424783442009205,24000.0,178.06307220458984,5.399993896484375,0.0,0.008888888888965808
MO,band,2,A,AE,OOD,8_35,218,756,0.9936714237172953,0.9810704325184161,0.5723155650103042,12000.0,190.33135986328125,10.550003051757812,0.0,0.0011111111111283053
MO,band,2,A,AE,OOD,8_37,36,129,0.9857881136950905,0.9413078722165179,0.028661750620064857,24000.0,139.01504516601562,0.8000030517578125,0.0,0.10111111111062944
MO,band,2,A,AE,OOD,9_33,84,405,0.989564961787184,0.9610625405779485,0.3930006801572047,12000.0,231.9949951171875,16.899993896484375,0.0,0.0
MO,band,2,A,AE,OOD,9_36,122,79,0.999792488068064,0.9998661737490796,0.5723155650103042,12000.0,133.22694396972656,1.5999908447265625,0.0,0.5155555555556184
MO,band,2,AE,A,OOD,10_31,332,226,0.9778494509009489,0.9830072898407365,0.4729255441583248,24000.0,111.69311141967773,2.8000030517578125,0.0,0.0
MO,band,2,AE,A,OOD,2_31,268,103,0.9867410520214461,0.9949862917141893,0.8536236821351613,24000.0,277.68170166015625,2.29998779296875,0.0,0.0
MO,band,2,AE,A,OOD,2_32,257,122,0.964406455316706,0.9841389272000698,0.00018147425668968743,24000.0,260.3229675292969,2.3000030517578125,0.0,0.0011111111111737802
MO,band,2,AE,A,OOD,2_33,465,95,0.9957441992076966,0.9991456946257842,0.00018147425668968743,24000.0,230.83036041259766,1.6999969482421875,0.0,0.007777777777716238
MO,band,2,AE,A,OOD,2_37,336,395,0.9906720916214588,0.9856912825099925,0.13174344634132118,24000.0,293.10125732421875,4.5,0.0,0.0
MO,band,2,AE,A,OOD,3_37,499,345,0.9986814208126398,0.9991277908130185,0.0005719505628920464,24000.0,241.20587158203125,2.7999954223632812,0.0,0.0005555555554807824
MO,band,2,AE,A,OOD,5_30,119,238,0.9956217781230139,0.9902224930396624,0.5718783671056327,12000.0,280.03814697265625,17.5,0.0,0.0
MO,band,2,AE,A,OOD,6_33,246,246,0.9971577764558134,0.9973405004070719,0.050139001362911974,24000.0,244.56036376953125,6.9499969482421875,0.0,0.0
MO,band,2,AE,A,OOD,6_38,464,345,0.9974512743628186,0.9982210021969431,0.0014874728536790585,24000.0,222.87351989746094,3.4000091552734375,0.0,0.0
MO,band,2,AE,A,OOD,6_39,75,130,0.9927179487179487,0.9894919777152552,0.0014874728536790585,24000.0,227.806884765625,5.600006103515625,0.0,0.0
MO,band,2,AE,A,OOD,7_32,155,392,0.9964285714285714,0.9916128436473087,0.007851030679286325,24000.0,356.2604064941406,9.5,0.0,0.0
MO,band,2,AE,A,OOD,7_37,298,323,0.9929976936023437,0.9908808090562958,0.3491631080575762,24000.0,154.92433166503906,2.8000030517578125,0.0,0.015555555555644692
MO,band,2,AE,A,OOD,8_33,206,417,0.9973108891527555,0.9944818602606699,0.08576181575407024,24000.0,269.8599548339844,14.800018310546875,0.0,0.0
MO,band,2,AE,A,OOD,8_34,86,147,0.999920898591995,0.999866345896819,0.7424783442009205,24000.0,195.16917419433594,12.300003051757812,0.0,0.006666666666678883
MO,band,2,AE,A,OOD,8_35,185,282,0.9951696377228292,0.9920216412169278,0.5723155650103042,12000.0,178.30044555664062,6.5,0.0,0.002222222222226294
MO,band,2,AE,A,OOD,9_33,164,338,0.9910881801125704,0.9857059724775998,0.3930006801572047,24000.0,225.5798110961914,12.050003051757812,0.0,0.0
MO,band,2,AE,AE,ID,10_31,173,126,0.9771079915588586,0.9801140638221167,0.4729255441583248,24000.0,112.7348861694336,3.399993896484375,0.0,0.0
MO,band,2,AE,AE,ID,1_36,322,275,0.9919480519480519,0.9925289493470048,0.6084135391700257,12000.0,237.84576416015625,2.0,0.0,0.36555555555507246
MO,band,2,AE,AE,ID,2_31,46,244,0.9869030648610121,0.9447604322946784,0.8536236821351613,12000.0,299.6081848144531,7.149993896484375,0.0,0.0
MO,band,2,AE,AE,ID,3_37,98,89,0.9969043797294198,0.9973297045971076,0.0005719505628920464,24000.0,245.2014923095703,3.399993896484375,0.0,0.0
MO,band,2,AE,AE,ID,5_30,176,258,0.9986566243833686,0.9981609409883647,0.5718783671056327,12000.0,270.5509948730469,14.949996948242188,0.0,0.0
MO,band,2,AE,AE,ID,7_37,457,416,0.9927043006227909,0.9931046846152595,0.3491631080575762,24000.0,155.77609252929688,2.5,0.0,0.013333333333175866
MO,band,2,AE,AE,ID,8_34,1050,1044,0.9996597336252508,0.9996625218184638,0.7424783442009205,24000.0,178.06307220458984,5.399993896484375,0.0,0.008888888888965808
MO,band,2,AE,AE,ID,8_35,218,756,0.9951762050385904,0.984121333129026,0.5723155650103042,12000.0,190.33135986328125,10.550003051757812,0.0,0.0011111111111283053
MO,band,2,AE,AE,ID,8_37,36,129,0.9935400516795865,0.9738305462227375,0.028661750620064857,24000.0,139.01504516601562,0.8000030517578125,0.0,0.10111111111062944
MO,band,2,AE,AE,ID,9_33,84,405,0.9906231628453851,0.969224515478539,0.3930006801572047,12000.0,231.9949951171875,16.899993896484375,0.0,0.0
MO,band,2,AE,AE,ID,9_36,122,79,1.0,1.0,0.5723155650103042,12000.0,133.22694396972656,1.5999908447265625,0.0,0.5155555555556184
MO,band,3,A,A,ID,10_30,386,41,0.9013016555036018,0.9869670027690614,0.5988157171174375,12000.0,96.25516510009766,0.5,0.0,0.0011111111110828306
MO,band,3,A,A,ID,10_33,51,130,0.9829562594268476,0.9546804055085251,0.286010608485167,12000.0,129.5582275390625,5.0,0.0,0.01111111111104052
MO,band,3,A,A,ID,2_36,184,224,0.9912412655279503,0.9879249604976118,0.6084135391700257,12000.0,268.66419982910156,5.3000030517578125,0.0,0.002222222222256611
MO,band,3,A,A,ID,3_33,223,148,0.9963640770815658,0.997686904569629,0.01722234519259071,24000.0,228.75442504882812,3.0,0.0,0.016666666666788153
MO,band,3,A,A,ID,3_36,181,193,0.9978530329487877,0.997691847247671,1.0357666780226191,12000.0,235.73381805419922,3.2500076293945312,0.0,0.0011111111110828306
MO,band,3,A,A,ID,3_38,433,405,0.9988766287457589,0.9990359620455891,0.009475983179544482,24000.0,277.3488311767578,4.399993896484375,0.0,0.0
MO,band,3,A,A,ID,4_30,165,201,0.9997587818483341,0.999707026819711,0.09322943427937713,12000.0,329.21385192871094,10.099990844726562,0.0,0.0
MO,band,3,A,A,ID,4_34,225,362,0.9946347452424801,0.9920759185703614,0.01722234519259071,24000.0,258.0341796875,5.29998779296875,0.0,0.0011111111109615647
MO,band,3,A,A,ID,4_37,877,317,0.997471304885813,0.999060419080761,0.002752264379166068,24000.0,220.75450897216797,1.899993896484375,0.0,0.002222222222150503
MO,band,3,A,A,ID,4_39,44,107,0.9936278674596432,0.9755291108563106,,24000.0,320.0550842285156,8.29998779296875,0.0,0.0
MO,band,3,A,A,ID,5_35,333,278,0.9970510078423748,0.9976450554472809,0.09771310042336581,24000.0,194.93206787109375,3.5,0.0,0.006666666666587932
MO,band,3,A,A,ID,5_36,569,247,0.9966487124936853,0.998692204089613,0.26302432421268096,12000.0,196.12738037109375,1.8000030517578125,0.0,0.007777777777882979
MO,band,3,A,A,ID,6_31,82,142,0.9989694263139814,0.9983494736163949,0.7738996452923492,24000.0,399.4911804199219,11.050003051757812,0.0,0.0
MO,band,3,A,A,ID,6_32,271,332,0.9816720757569022,0.964726308306583,0.5342934315128861,24000.0,312.625732421875,7.79998779296875,0.0,0.0
MO,band,3,A,A,ID,7_34,317,369,0.999350277414446,0.9992811831327454,0.29777194234542287,24000.0,200.19969177246094,7.849998474121094,0.0,0.0033333333333091246
MO,band,3,A,A,ID,7_35,303,354,0.9993753612649401,0.9993169906038283,0.3834921317815373,24000.0,222.1727752685547,4.3000030517578125,0.0,0.0011111111111434635
MO,band,3,A,A,ID,7_38,242,191,0.9904158193068235,0.9918809068720235,0.16698555670419252,12000.0,154.76119995117188,1.5,0.0,0.012222222222183986
MO,band,3,A,A,ID,7_39,26,51,0.9969834087481146,0.9948717948717948,0.16698555670419252,24000.0,197.65943908691406,5.9000091552734375,0.0,0.0011111111110828306
MO,band,3,A,A,ID,9_31,270,289,0.9926310393438421,0.9915901465067377,0.05699758091873172,24000.0,150.60000610351562,8.300003051757812,0.0,0.0
MO,band,3,A,AE,OOD,10_33,680,520,0.9702743212669682,0.9680404992653849,0.4036802459269963,12000.0,114.92927932739258,1.8999977111816406,0.0,0.04111111111097424
MO,band,3,A,AE,OOD,10_35,229,138,0.9735459781026516,0.9856097319182023,1.074941964680102,12000.0,127.48023986816406,1.4000091552734375,0.0,0.6633333333330576
MO,band,3,A,AE,OOD,2_36,293,731,0.9957466278836322,0.9892978304989186,0.6084135391700257,12000.0,279.3554382324219,8.0,0.0,0.002222222222165661
MO,band,3,A,AE,OOD,3_33,180,56,0.9737103174603174,0.9876408247673325,0.01722234519259071,24000.0,225.46244049072266,2.1999969482421875,0.0,0.10277777777793579
MO,band,3,A,AE,OOD,3_36,918,381,0.9978528010796036,0.999050237597708,1.0357666780226191,12000.0,217.157470703125,1.3000030517578125,0.0,0.002222222222226294
MO,band,3,A,AE,OOD,3_38,30,92,1.0,0.9999999999999999,0.009475983179544482,24000.0,294.0516662597656,9.650009155273438,0.0,0.0005555555554807824
MO,band,3,A,AE,OOD,4_30,504,406,0.9995210727969349,0.9996303452200961,0.09322943427937713,12000.0,296.49554443359375,4.850006103515625,0.0,0.0022222222222566105
MO,band,3,A,AE,OOD,4_34,167,261,0.9983481313235598,0.9975308367620361,0.01722234519259071,24000.0,257.10984802246094,5.100006103515625,0.0,0.0
MO,band,3,A,AE,OOD,4_37,87,103,0.9994420265595358,0.999375312343828,0.052803991501977766,24000.0,231.8885498046875,4.400001525878906,0.0,0.001111111111113147
MO,band,3,A,AE,OOD,5_35,694,348,0.9985176719997351,0.9992778786099875,0.09771310042336581,24000.0,185.5723419189453,2.79998779296875,0.0,0.019444444444555863
MO,band,3,A,AE,OOD,5_36,840,190,0.9990288220551379,0.9997775469212851,0.26302432421268096,12000.0,193.80919647216797,1.399993896484375,0.0,0.016666666666409202
MO,band,3,A,AE,OOD,7_34,478,223,0.9982644426515563,0.9992050352406989,0.29777194234542287,24000.0,166.19239807128906,3.0,0.0,0.03111111111107716
MO,band,3,A,AE,OOD,7_35,167,155,0.9991500869229284,0.9992107725565137,0.3834921317815373,24000.0,205.12256622314453,3.6999969482421875,0.0,0.002222222222014079
MO,band,3,A,AE,OOD,7_38,495,545,0.9882865350755259,0.9856655805687313,0.16698555670419252,12000.0,151.9615936279297,1.5,0.0,0.014444444443682685
MO,band,3,A,AE,OOD,9_31,182,216,0.9897995522995523,0.9852930891854345,0.05699758091873172,24000.0,152.1612319946289,8.099998474121094,0.0,0.0
MO,band,3,AE,A,OOD,10_30,386,41,0.8578288891697208,0.9803178478290171,0.5988157171174375,12000.0,96.25516510009766,0.5,0.0,0.0011111111110828306
MO,band,3,AE,A,OOD,10_33,51,130,0.9855203619909503,0.9632828524645055,0.286010608485167,12000.0,129.5582275390625,5.0,0.0,0.01111111111104052
MO,band,3,AE,A,OOD,2_36,184,224,0.9960209627329193,0.9951825347492516,0.6084135391700257,12000.0,268.66419982910156,5.3000030517578125,0.0,0.002222222222256611
MO,band,3,AE,A,OOD,3_33,223,148,0.9945461156223488,0.9964977437134186,0.01722234519259071,24000.0,228.75442504882812,3.0,0.0,0.016666666666788153
MO,band,3,AE,A,OOD,3_36,181,193,0.9988549509060202,0.9987442275727598,1.0357666780226191,12000.0,235.73381805419922,3.2500076293945312,0.0,0.0011111111110828306
MO,band,3,AE,A,OOD,3_38,433,405,0.9987055569811536,0.9988884576829009,0.009475983179544482,24000.0,277.3488311767578,4.399993896484375,0.0,0.0
MO,band,3,AE,A,OOD,4_30,165,201,0.9998190863862506,0.9997873471557684,0.09322943427937713,12000.0,329.21385192871094,10.099990844726562,0.0,0.0
MO,band,3,AE,A,OOD,4_34,225,362,0.9949539594843463,0.9924495886109153,0.01722234519259071,24000.0,258.0341796875,5.29998779296875,0.0,0.0011111111109615647
MO,band,3,AE,A,OOD,4_37,877,317,0.997492886920927,0.9990443322952341,0.002752264379166068,24000.0,220.75450897216797,1.899993896484375,0.0,0.002222222222150503
MO,band,3,AE,A,OOD,4_39,44,107,0.9934154630416313,0.9759729015298444,,24000.0,320.0550842285156,8.29998779296875,0.0,0.0
MO,band,3,AE,A,OOD,5_35,333,278,0.9966081189102772,0.9973786939759038,0.09771310042336581,24000.0,194.93206787109375,3.5,0.0,0.006666666666587932
MO,band,3,AE,A,OOD,5_36,569,247,0.9970969738798802,0.9988854391822746,0.26302432421268096,12000.0,196.12738037109375,1.8000030517578125,0.0,0.007777777777882979
MO,band,3,AE,A,OOD,6_31,82,142,0.9983682583304707,0.9976066100892593,0.7738996452923492,24000.0,399.4911804199219,11.050003051757812,0.0,0.0
MO,band,3,AE,A,OOD,6_32,271,332,0.9820277419641666,0.9679976781703372,0.5342934315128861,24000.0,312.625732421875,7.79998779296875,0.0,0.0
MO,band,3,AE,A,OOD,7_34,317,369,0.9992562386191685,0.9991757897113548,0.29777194234542287,24000.0,200.19969177246094,7.849998474121094,0.0,0.0033333333333091246
MO,band,3,AE,A,OOD,7_35,303,354,0.9991422871100669,0.9990395587077875,0.3834921317815373,24000.0,222.1727752685547,4.3000030517578125,0.0,0.0011111111111434635
MO,band,3,AE,A,OOD,7_38,242,191,0.9912163039245381,0.9926883962281281,0.16698555670419252,12000.0,154.76119995117188,1.5,0.0,0.012222222222183986
MO,band,3,AE,A,OOD,7_39,26,51,0.9969834087481146,0.9948717948717948,0.16698555670419252,24000.0,197.65943908691406,5.9000091552734375,0.0,0.0011111111110828306
MO,band,3,AE,A,OOD,9_31,270,289,0.9934896834550814,0.9927965182901617,0.05699758091873172,24000.0,150.60000610351562,8.300003051757812,0.0,0.0
MO,band,3,AE,AE,ID,10_33,680,520,0.9802007918552036,0.9824100725140299,0.4036802459269963,12000.0,114.92927932739258,1.8999977111816406,0.0,0.04111111111097424
MO,band,3,AE,AE,ID,10_35,229,138,0.9795582558065945,0.9871822296923695,1.074941964680102,12000.0,127.48023986816406,1.4000091552734375,0.0,0.6633333333330576
MO,band,3,AE,AE,ID,2_36,293,731,0.9972033261276572,0.9942758561523245,0.6084135391700257,12000.0,279.3554382324219,8.0,0.0,0.002222222222165661
MO,band,3,AE,AE,ID,3_33,180,56,0.9688492063492062,0.9865547491846809,0.01722234519259071,24000.0,225.46244049072266,2.1999969482421875,0.0,0.10277777777793579
MO,band,3,AE,AE,ID,3_36,918,381,0.9989335483391374,0.999555286848044,1.0357666780226191,12000.0,217.157470703125,1.3000030517578125,0.0,0.002222222222226294
MO,band,3,AE,AE,ID,3_38,30,92,1.0,0.9999999999999999,0.009475983179544482,24000.0,294.0516662597656,9.650009155273438,0.0,0.0005555555554807824
MO,band,3,AE,AE,ID,4_30,504,406,0.9992669481585738,0.9994686024921521,0.09322943427937713,12000.0,296.49554443359375,4.850006103515625,0.0,0.0022222222222566105
MO,band,3,AE,AE,ID,4_34,167,261,0.9963062380985157,0.9948163491479494,0.01722234519259071,24000.0,257.10984802246094,5.100006103515625,0.0,0.0
MO,band,3,AE,AE,ID,4_37,87,103,0.9983260796786073,0.9980582548728206,0.052803991501977766,24000.0,231.8885498046875,4.400001525878906,0.0,0.001111111111113147
MO,band,3,AE,AE,ID,5_35,694,348,0.9990890721786082,0.9995532852671232,0.09771310042336581,24000.0,185.5723419189453,2.79998779296875,0.0,0.019444444444555863
MO,band,3,AE,AE,ID,5_36,840,190,0.9991478696741855,0.9998071552044101,0.26302432421268096,12000.0,193.80919647216797,1.399993896484375,0.0,0.016666666666409202
MO,band,3,AE,AE,ID,7_34,478,223,0.9984802146462277,0.9993088688036389,0.29777194234542287,24000.0,166.19239807128906,3.0,0.0,0.03111111111107716
MO,band,3,AE,AE,ID,7_35,167,155,0.9986864979717983,0.9989761196170533,0.3834921317815373,24000.0,205.12256622314453,3.6999969482421875,0.0,0.002222222222014079
MO,band,3,AE,AE,ID,7_38,495,545,0.9879306829765545,0.9856157049711485,0.16698555670419252,12000.0,151.9615936279297,1.5,0.0,0.014444444443682685
MO,band,3,AE,AE,ID,9_31,182,216,0.9921906796906798,0.990416146603987,0.05699758091873172,24000.0,152.1612319946289,8.099998474121094,0.0,0.0
MO,shadedX,0,A,A,ID,1_38,186,347,0.7181370270521521,0.6021656837001292,0.13174344634132118,12000.0,285.5154724121094,1.600006103515625,0.0,0.0
MO,shadedX,0,A,A,ID,3_35,299,132,0.9013377926421404,0.9607363223458256,0.2805940702828191,12000.0,216.676513671875,1.100006103515625,0.0,0.011111111111374005
MO,shadedX,0,A,A,ID,3_39,33,61,0.8142076502732241,0.7405159554190307,0.009475983179544482,24000.0,269.65516662597656,1.8499908447265625,0.0,0.0
MO,shadedX,0,A,A,ID,4_31,31,35,0.911520737327189,0.9205268364451534,0.11917411203210233,12000.0,336.14414978027344,2.0999908447265625,0.0,0.0
MO,shadedX,0,A,A,ID,4_38,431,527,0.7908927211330606,0.7604441032020424,0.002752264379166068,24000.0,255.1241455078125,1.8000030517578125,0.0,0.0
MO,shadedX,0,A,A,ID,5_37,704,40,0.8816761363636363,0.9920393243396921,0.008919303795833783,24000.0,224.2252960205078,1.1500015258789062,0.0,0.0
MO,shadedX,0,A,A,ID,6_34,229,269,0.9165273291018002,0.9204920355630232,0.44134676895229513,12000.0,169.1722412109375,2.9000091552734375,0.0,0.02333333333319419
MO,shadedX,0,A,A,ID,6_35,123,77,0.8880794002745223,0.9355146650990578,0.44134676895229513,12000.0,180.99559020996094,1.899993896484375,0.0,0.00777777777779203
MO,shadedX,0,A,A,ID,8_30,193,43,0.9133630557898542,0.9806410162472978,0.22222590453913862,24000.0,151.3965072631836,1.8999977111816406,0.0,0.0
MO,shadedX,0,A,AE,OOD,1_38,122,392,0.7272917363666779,0.5274568106782205,0.13174344634132118,24000.0,285.36375427246094,1.699981689453125,0.0,0.0
MO,shadedX,0,A,AE,OOD,3_35,705,160,0.9111702127659573,0.9802716591407664,1.0357666780226191,12000.0,215.9096221923828,1.0999908447265625,0.0,0.014444444444531546
MO,shadedX,0,A,AE,OOD,4_31,198,103,0.8905560458958518,0.9357286455047082,0.11917411203210233,12000.0,338.31219482421875,1.5,0.0,0.0
MO,shadedX,0,A,AE,OOD,4_38,75,584,0.7786301369863013,0.42042876329799095,0.002752264379166068,24000.0,255.25433349609375,1.9000091552734375,0.0,0.0
MO,shadedX,0,A,AE,OOD,6_34,752,369,0.9044859597532147,0.9559329806492352,0.44134676895229513,12000.0,168.64773559570312,2.600006103515625,0.0,0.08333333333312229
MO,shadedX,0,A,AE,OOD,6_35,378,48,0.9303902116402116,0.990510445198416,0.44134676895229513,12000.0,175.29668426513672,1.70001220703125,0.0,0.044444444444344006
MO,shadedX,0,A,AE,OOD,8_30,28,47,0.9072948328267476,0.8756770608843468,0.22222590453913862,24000.0,137.90603637695312,3.0999908447265625,0.0,0.0
MO,shadedX,0,A,AE,OOD,8_36,795,40,0.9242767295597485,0.9960405688547964,0.26605167664293955,24000.0,136.55770874023438,0.899993896484375,0.0,0.5622222222223395
MO,shadedX,0,A,AE,OOD,9_34,691,602,0.8734416393017005,0.9005198277603609,0.8176836000675126,12000.0,134.9957733154297,3.0,0.0,0.02555555555523858
MO,shadedX,0,A,AE,OOD,9_35,2280,664,0.9019076305220884,0.9711689877373089,0.8176836000675126,12000.0,132.45957946777344,1.0,0.0,0.29555555555627877
MO,shadedX,0,AE,A,OOD,1_38,186,347,0.6936103622447398,0.5492576688137669,0.13174344634132118,12000.0,285.5154724121094,1.600006103515625,0.0,0.0
MO,shadedX,0,AE,A,OOD,3_35,299,132,0.8926978818283167,0.9526475639481876,0.2805940702828191,12000.0,216.676513671875,1.100006103515625,0.0,0.011111111111374005
MO,shadedX,0,AE,A,OOD,3_39,33,61,0.7948335817188276,0.7425866518743013,0.009475983179544482,24000.0,269.65516662597656,1.8499908447265625,0.0,0.0
MO,shadedX,0,AE,A,OOD,4_31,31,35,0.928110599078341,0.9407131407626822,0.11917411203210233,12000.0,336.14414978027344,2.0999908447265625,0.0,0.0
MO,shadedX,0,AE,A,OOD,4_38,431,527,0.7456028740363745,0.7377052443477039,0.002752264379166068,24000.0,255.1241455078125,1.8000030517578125,0.0,0.0
MO,shadedX,0,AE,A,OOD,5_37,704,40,0.8813565340909091,0.9917623859493195,0.008919303795833783,24000.0,224.2252960205078,1.1500015258789062,0.0,0.0
MO,shadedX,0,AE,A,OOD,6_34,229,269,0.9329394003344101,0.9388075160219953,0.44134676895229513,12000.0,169.1722412109375,2.9000091552734375,0.0,0.02333333333319419
MO,shadedX,0,AE,A,OOD,6_35,123,77,0.912997571534157,0.9512849441438401,0.44134676895229513,12000.0,180.99559020996094,1.899993896484375,0.0,0.00777777777779203
MO,shadedX,0,AE,A,OOD,8_30,193,43,0.7549102301482105,0.9338420912662674,0.22222590453913862,24000.0,151.3965072631836,1.8999977111816406,0.0,0.0
MO,shadedX,0,AE,AE,ID,1_38,122,392,0.6946512211441953,0.429173136704983,0.13174344634132118,24000.0,285.36375427246094,1.699981689453125,0.0,0.0
MO,shadedX,0,AE,AE,ID,3_35,705,160,0.9016400709219858,0.9764400605681257,1.0357666780226191,12000.0,215.9096221923828,1.0999908447265625,0.0,0.014444444444531546
MO,shadedX,0,AE,AE,ID,4_31,198,103,0.8983524566048839,0.9356804398708386,0.11917411203210233,12000.0,338.31219482421875,1.5,0.0,0.0
MO,shadedX,0,AE,AE,ID,4_38,75,584,0.7321917808219178,0.34380212555385953,0.002752264379166068,24000.0,255.25433349609375,1.9000091552734375,0.0,0.0
MO,shadedX,0,AE,AE,ID,6_34,752,369,0.9243390705183647,0.9655147990643258,0.44134676895229513,12000.0,168.64773559570312,2.600006103515625,0.0,0.08333333333312229
MO,shadedX,0,AE,AE,ID,6_35,378,48,0.9490189594356261,0.9934102507296498,0.44134676895229513,12000.0,175.29668426513672,1.70001220703125,0.0,0.044444444444344006
MO,shadedX,0,AE,AE,ID,8_30,28,47,0.7325227963525837,0.7079846361914025,0.22222590453913862,24000.0,137.90603637695312,3.0999908447265625,0.0,0.0
MO,shadedX,0,AE,AE,ID,8_36,795,40,0.9118238993710692,0.9953658162156166,0.26605167664293955,24000.0,136.55770874023438,0.899993896484375,0.0,0.5622222222223395
MO,shadedX,0,AE,AE,ID,9_34,691,602,0.9034741887870148,0.9277133728011175,0.8176836000675126,12000.0,134.9957733154297,3.0,0.0,0.02555555555523858
MO,shadedX,0,AE,AE,ID,9_35,2280,664,0.9180729496935109,0.9762122553757047,0.8176836000675126,12000.0,132.45957946777344,1.0,0.0,0.29555555555627877
MO,shadedX,1,A,A,ID,10_32,216,166,0.8053045515394912,0.8492685318041604,0.4729255441583248,24000.0,154.98233795166016,2.5,0.0,0.0
MO,shadedX,1,A,A,ID,2_38,485,194,0.7099798065681794,0.8483507919177025,0.027409363478295368,24000.0,286.03192138671875,1.699981689453125,0.0,0.0
MO,shadedX,1,A,A,ID,3_32,427,28,0.9455503512880562,0.9958334804058444,0.03500388758159386,12000.0,264.3999938964844,0.70001220703125,0.0,0.017777777777810352
MO,shadedX,1,A,A,ID,4_35,497,56,0.8275725783271055,0.9771543458239947,0.2805940702828191,24000.0,206.7212677001953,1.399993896484375,0.0,0.0
MO,shadedX,1,A,A,ID,4_36,466,66,0.8641240733515412,0.9752801289585679,0.5973077602606178,12000.0,199.84432983398438,1.0,0.0,0.09499999999971934
MO,shadedX,1,A,A,ID,5_38,344,264,0.7915785764622973,0.8203910430490705,0.031398820497503394,24000.0,246.6049346923828,2.100006103515625,0.0,0.0
MO,shadedX,1,A,A,ID,6_37,475,284,0.8329799851742031,0.9012208774470941,0.003483385475863923,24000.0,215.7660369873047,2.20001220703125,0.0,0.0
MO,shadedX,1,A,A,ID,7_30,209,34,0.9461018857303687,0.9903563997903075,0.7738996452923492,24000.0,256.773681640625,1.3000030517578125,0.0,0.0
MO,shadedX,1,A,A,ID,8_32,88,61,0.702123695976155,0.8068301128565469,0.007851030679286325,24000.0,321.9267272949219,2.100006103515625,0.0,0.0
MO,shadedX,1,A,A,ID,9_30,275,659,0.8191916126362258,0.5757546867670663,0.5988157171174375,12000.0,96.08504104614258,0.8999977111816406,0.0,0.0011111111110828306
MO,shadedX,1,A,AE,OOD,10_32,27,145,0.79514687100894,0.5060516450764195,0.4729255441583248,24000.0,157.65699768066406,2.6500015258789062,0.0,0.0
MO,shadedX,1,A,AE,OOD,11_32,235,44,0.9495164410058028,0.9908097960434918,0.4729255441583248,12000.0,107.32505798339844,1.0,0.0,0.38111111110877693
MO,shadedX,1,A,AE,OOD,2_35,445,473,0.7268688980212367,0.7632339216221997,2.8723606250263685,6000.0,228.89835357666016,2.0,0.0,0.0044444444441494235
MO,shadedX,1,A,AE,OOD,2_38,31,188,0.7479409746053535,0.29855710770131094,0.027409363478295368,24000.0,297.61822509765625,1.70001220703125,0.0,0.0
MO,shadedX,1,A,AE,OOD,4_36,1584,75,0.865993265993266,0.9914615134500481,0.5973077602606178,12000.0,199.77479553222656,1.0,0.0,0.11000000000077757
MO,shadedX,1,A,AE,OOD,9_30,372,679,0.839442095428128,0.6888202163997394,0.5988157171174375,12000.0,96.3760986328125,0.9000015258789062,0.0,0.001111111111113147
MO,shadedX,1,AE,A,OOD,10_32,216,166,0.8448237394020526,0.8913924994280207,0.4729255441583248,24000.0,154.98233795166016,2.5,0.0,0.0
MO,shadedX,1,AE,A,OOD,2_38,485,194,0.5639175257731959,0.7844683462448048,0.027409363478295368,24000.0,286.03192138671875,1.699981689453125,0.0,0.0
MO,shadedX,1,AE,A,OOD,3_32,427,28,0.8672632987621278,0.989847633999375,0.03500388758159386,12000.0,264.3999938964844,0.70001220703125,0.0,0.017777777777810352
MO,shadedX,1,AE,A,OOD,4_35,497,56,0.8315967231963208,0.9743906319497798,0.2805940702828191,24000.0,206.7212677001953,1.399993896484375,0.0,0.0
MO,shadedX,1,AE,A,OOD,4_36,466,66,0.8878917934711926,0.982298891240129,0.5973077602606178,12000.0,199.84432983398438,1.0,0.0,0.09499999999971934
MO,shadedX,1,AE,A,OOD,5_38,344,264,0.7079038935870331,0.7676605984380847,0.031398820497503394,24000.0,246.6049346923828,2.100006103515625,0.0,0.0
MO,shadedX,1,AE,A,OOD,6_37,475,284,0.6795404002965159,0.8083372427186338,0.003483385475863923,24000.0,215.7660369873047,2.20001220703125,0.0,0.0
MO,shadedX,1,AE,A,OOD,7_30,209,34,0.9164086687306501,0.9841086782268041,0.7738996452923492,24000.0,256.773681640625,1.3000030517578125,0.0,0.0
MO,shadedX,1,AE,A,OOD,8_32,88,61,0.7321162444113264,0.8231146653362096,0.007851030679286325,24000.0,321.9267272949219,2.100006103515625,0.0,0.0
MO,shadedX,1,AE,A,OOD,9_30,275,659,0.8247372051317423,0.6470179076927682,0.5988157171174375,12000.0,96.08504104614258,0.8999977111816406,0.0,0.0011111111110828306
MO,shadedX,1,AE,AE,ID,10_32,27,145,0.8360153256704981,0.5111256316369168,0.4729255441583248,24000.0,157.65699768066406,2.6500015258789062,0.0,0.0
MO,shadedX,1,AE,AE,ID,11_32,235,44,0.9243713733075436,0.9857396184685453,0.4729255441583248,12000.0,107.32505798339844,1.0,0.0,0.38111111110877693
MO,shadedX,1,AE,AE,ID,2_35,445,473,0.790512388056156,0.8161506995258438,2.8723606250263685,6000.0,228.89835357666016,2.0,0.0,0.0044444444441494235
MO,shadedX,1,AE,AE,ID,2_38,31,188,0.5660603980782429,0.23865155990509,0.027409363478295368,24000.0,297.61822509765625,1.70001220703125,0.0,0.0
MO,shadedX,1,AE,AE,ID,4_36,1584,75,0.8937962962962963,0.9942207689106581,0.5973077602606178,12000.0,199.77479553222656,1.0,0.0,0.11000000000077757
MO,shadedX,1,AE,AE,ID,9_30,372,679,0.8323277432023691,0.7374897575591286,0.5988157171174375,12000.0,96.3760986328125,0.9000015258789062,0.0,0.001111111111113147
MO,shadedX,2,A,A,ID,10_31,332,273,0.8174235403151064,0.8500122073726696,0.4729255441583248,24000.0,107.93634796142578,1.1999969482421875,0.0,0.0
MO,shadedX,2,A,A,ID,2_31,268,42,0.7581734186211798,0.9482876652468906,0.8536236821351613,24000.0,273.72193908691406,1.600006103515625,0.0,0.0
MO,shadedX,2,A,A,ID,2_32,257,222,0.9138009604935675,0.9173382485964696,0.00018147425668968743,24000.0,237.37062072753906,2.199981689453125,0.0,0.0022222222221959776
MO,shadedX,2,A,A,ID,2_33,465,593,0.9462438122178098,0.9505545533513884,0.00018147425668968743,24000.0,231.6554183959961,2.0,0.0,0.004999999999887896
MO,shadedX,2,A,A,ID,3_37,499,49,0.8082696004253405,0.9777724810124209,0.0005719505628920464,24000.0,229.88835906982422,1.25,0.0,0.0
MO,shadedX,2,A,A,ID,5_30,119,28,0.9570828331332534,0.9898503387995781,0.5718783671056327,12000.0,213.77999877929688,0.5999908447265625,0.0,0.2488888888860406
MO,shadedX,2,A,A,ID,6_38,464,326,0.7112068965517241,0.7770257898854985,0.0014874728536790585,24000.0,211.2498321533203,1.5,0.0,0.0
MO,shadedX,2,A,A,ID,6_39,75,69,0.7953623188405796,0.8172003815267398,0.0014874728536790585,24000.0,212.99674224853516,2.1500015258789062,0.0,0.0
MO,shadedX,2,A,A,ID,7_32,155,61,0.8219989423585404,0.9301985249139028,0.007851030679286325,24000.0,321.8529510498047,2.3000106811523438,0.0,0.0
MO,shadedX,2,A,A,ID,7_37,298,40,0.9036912751677852,0.9848571864078748,0.3491631080575762,24000.0,145.57601165771484,1.100006103515625,0.0,0.166666666665335
MO,shadedX,2,A,A,ID,8_34,86,216,0.8060400516795866,0.6811326258326937,0.7424783442009205,24000.0,156.3059539794922,3.100006103515625,0.0,0.022777777777713407
MO,shadedX,2,A,A,ID,8_35,185,60,0.7891891891891892,0.9177510963815765,0.5723155650103042,12000.0,153.17311096191406,2.0,0.0,0.004444444444543538
MO,shadedX,2,A,A,ID,9_33,164,97,0.762698013578074,0.8601598901510481,0.3930006801572047,24000.0,182.97821044921875,2.399993896484375,0.0,0.001111111111113147
MO,shadedX,2,A,AE,OOD,10_31,173,352,0.805093930635838,0.7072765301682564,0.4729255441583248,24000.0,107.68326568603516,1.0,0.0,0.0
MO,shadedX,2,A,AE,OOD,2_31,46,70,0.808695652173913,0.6940304345011215,0.8536236821351613,12000.0,272.2309875488281,3.0,0.0,0.0011111111110979888
MO,shadedX,2,A,AE,OOD,3_37,98,55,0.8222634508348794,0.876948544205082,0.0005719505628920464,24000.0,229.7903594970703,1.6999969482421875,0.0,0.0
MO,shadedX,2,A,AE,OOD,5_30,176,49,0.9488636363636364,0.9857188433707124,0.5718783671056327,12000.0,210.7515106201172,2.0,0.0,0.2877777777791537
MO,shadedX,2,A,AE,OOD,7_37,457,60,0.8199854121079504,0.9679363949913636,0.3491631080575762,24000.0,145.49029541015625,1.3000030517578125,0.0,0.166666666665335
MO,shadedX,2,A,AE,OOD,8_34,1050,325,0.7239296703296703,0.9001971903412481,0.7424783442009205,24000.0,150.19851684570312,1.79998779296875,0.0,0.05555555555526327
MO,shadedX,2,A,AE,OOD,8_35,218,49,0.7246770267740124,0.9192655133849927,0.5723155650103042,12000.0,152.50575256347656,1.6999969482421875,0.0,0.0033333333333091246
MO,shadedX,2,A,AE,OOD,9_33,84,136,0.769345238095238,0.7084437384079333,0.3930006801572047,12000.0,165.70775604248047,3.4000015258789062,0.0,0.0
MO,shadedX,2,AE,A,OOD,10_31,332,273,0.7709629727702016,0.7880434818296512,0.4729255441583248,24000.0,107.93634796142578,1.1999969482421875,0.0,0.0
MO,shadedX,2,AE,A,OOD,2_31,268,42,0.888948116560057,0.980567421261602,0.8536236821351613,24000.0,273.72193908691406,1.600006103515625,0.0,0.0
MO,shadedX,2,AE,A,OOD,2_32,257,222,0.7228415185613629,0.7745660254624191,0.00018147425668968743,24000.0,237.37062072753906,2.199981689453125,0.0,0.0022222222221959776
MO,shadedX,2,AE,A,OOD,2_33,465,593,0.8513191535657945,0.8494687288534264,0.00018147425668968743,24000.0,231.6554183959961,2.0,0.0,0.004999999999887896
MO,shadedX,2,AE,A,OOD,3_37,499,49,0.8265919594290622,0.9767514085455524,0.0005719505628920464,24000.0,229.88835906982422,1.25,0.0,0.0
MO,shadedX,2,AE,A,OOD,5_30,119,28,0.9273709483793517,0.9828218759535999,0.5718783671056327,12000.0,213.77999877929688,0.5999908447265625,0.0,0.2488888888860406
MO,shadedX,2,AE,A,OOD,6_38,464,326,0.6811799238417601,0.777749193947693,0.0014874728536790585,24000.0,211.2498321533203,1.5,0.0,0.0
MO,shadedX,2,AE,A,OOD,6_39,75,69,0.7849275362318842,0.8139927921025176,0.0014874728536790585,24000.0,212.99674224853516,2.1500015258789062,0.0,0.0
MO,shadedX,2,AE,A,OOD,7_32,155,61,0.8304600740349022,0.9281805642317675,0.007851030679286325,24000.0,321.8529510498047,2.3000106811523438,0.0,0.0
MO,shadedX,2,AE,A,OOD,7_37,298,40,0.8273489932885906,0.9735666503075886,0.3491631080575762,24000.0,145.57601165771484,1.100006103515625,0.0,0.166666666665335
MO,shadedX,2,AE,A,OOD,8_34,86,216,0.9582256675279931,0.9111751028449483,0.7424783442009205,24000.0,156.3059539794922,3.100006103515625,0.0,0.022777777777713407
MO,shadedX,2,AE,A,OOD,8_35,185,60,0.8866666666666667,0.9574572767607004,0.5723155650103042,12000.0,153.17311096191406,2.0,0.0,0.004444444444543538
MO,shadedX,2,AE,A,OOD,9_33,164,97,0.8297083228564246,0.8931882313454319,0.3930006801572047,24000.0,182.97821044921875,2.399993896484375,0.0,0.001111111111113147
MO,shadedX,2,AE,AE,ID,10_31,173,352,0.7652883604834472,0.6364955455866277,0.4729255441583248,24000.0,107.68326568603516,1.0,0.0,0.0
MO,shadedX,2,AE,AE,ID,2_31,46,70,0.8450310559006211,0.794960878860679,0.8536236821351613,12000.0,272.2309875488281,3.0,0.0,0.0011111111110979888
MO,shadedX,2,AE,AE,ID,3_37,98,55,0.8120593692022263,0.8468635540979891,0.0005719505628920464,24000.0,229.7903594970703,1.6999969482421875,0.0,0.0
MO,shadedX,2,AE,AE,ID,5_30,176,49,0.929730983302412,0.98084761911433,0.5718783671056327,12000.0,210.7515106201172,2.0,0.0,0.2877777777791537
MO,shadedX,2,AE,AE,ID,7_37,457,60,0.7222100656455143,0.9579236617377089,0.3491631080575762,24000.0,145.49029541015625,1.3000030517578125,0.0,0.166666666665335
MO,shadedX,2,AE,AE,ID,8_34,1050,325,0.9128175824175824,0.9729015259325642,0.7424783442009205,24000.0,150.19851684570312,1.79998779296875,0.0,0.05555555555526327
MO,shadedX,2,AE,AE,ID,8_35,218,49,0.7884291331211384,0.9419804436326672,0.5723155650103042,12000.0,152.50575256347656,1.6999969482421875,0.0,0.0033333333333091246
MO,shadedX,2,AE,AE,ID,9_33,84,136,0.7709208683473389,0.7006793183797739,0.3930006801572047,12000.0,165.70775604248047,3.4000015258789062,0.0,0.0
MO,shadedX,3,A,A,ID,10_30,386,76,0.8926574856831198,0.9482137170282705,0.5988157171174375,12000.0,96.26121139526367,0.5,0.0,0.001111111111113147
MO,shadedX,3,A,A,ID,10_33,51,26,0.9547511312217195,0.9765003325736147,0.286010608485167,12000.0,116.1748275756836,1.6999969482421875,0.0,0.04333333333335212
MO,shadedX,3,A,A,ID,2_36,184,168,0.9058294513457558,0.9208138853082556,0.6084135391700257,12000.0,237.43051147460938,1.6999969482421875,0.0,0.008888888888935492
MO,shadedX,3,A,A,ID,3_33,223,87,0.9693830214937373,0.9889018035479662,0.01722234519259071,24000.0,225.7027816772461,1.9000091552734375,0.0,0.09777777777756284
MO,shadedX,3,A,A,ID,3_36,181,267,0.7979804250212097,0.7346799313493777,1.0357666780226191,12000.0,217.15948486328125,1.1999969482421875,0.0,0.0
MO,shadedX,3,A,A,ID,3_38,433,763,0.776123785107407,0.7106823457783895,0.009475983179544482,24000.0,258.0592346191406,2.0,0.0,0.0
MO,shadedX,3,A,A,ID,4_30,165,209,0.9172683775554589,0.9160070477068497,0.09322943427937713,12000.0,278.4336853027344,4.20001220703125,0.0,0.16000000000059642
MO,shadedX,3,A,A,ID,4_34,225,113,0.8790560471976401,0.9430197554899793,0.01722234519259071,24000.0,235.3544692993164,1.7500076293945312,0.0,0.0011111111110828306
MO,shadedX,3,A,A,ID,4_37,877,162,0.844876613595732,0.9566231537488811,0.002752264379166068,24000.0,216.51023864746094,1.3000030517578125,0.0,0.0022222222221959776
MO,shadedX,3,A,A,ID,5_35,333,75,0.8544944944944944,0.9653714618755059,0.09771310042336581,24000.0,183.3666534423828,1.600006103515625,0.0,0.1144444444445935
MO,shadedX,3,A,A,ID,5_36,569,52,0.8604839799918886,0.9824822392887677,0.26302432421268096,12000.0,192.66452026367188,1.100006103515625,0.0,0.04555555555560873
MO,shadedX,3,A,A,ID,6_31,82,35,0.8358885017421601,0.9301782437447428,0.7738996452923492,24000.0,351.5563659667969,2.20001220703125,0.0,0.0
MO,shadedX,3,A,A,ID,7_34,317,54,0.9227713517934338,0.9861637759454173,0.29777194234542287,24000.0,160.8887176513672,1.6999969482421875,0.0,0.13333333333333514
MO,shadedX,3,A,A,ID,7_38,242,92,0.8903162055335968,0.9600981294801758,0.16698555670419252,12000.0,151.22589874267578,1.0,0.0,0.020555555555699323
MO,shadedX,3,A,AE,OOD,10_30,43,98,0.8327005220692928,0.5954948363215895,0.5988157171174375,12000.0,96.65827941894531,0.5,0.0,0.004444444444422272
MO,shadedX,3,A,AE,OOD,10_33,680,63,0.9519140989729226,0.9952684593751742,0.4036802459269963,12000.0,112.43667602539062,1.0999984741210938,0.0,0.10444444444460553
MO,shadedX,3,A,AE,OOD,2_36,293,192,0.8896117747440273,0.9303225977877618,0.6084135391700257,12000.0,237.6109619140625,1.399993896484375,0.0,0.006666666666739516
MO,shadedX,3,A,AE,OOD,3_36,918,349,0.8015369153073518,0.9125917957463783,1.0357666780226191,12000.0,213.09817504882812,0.8000030517578125,0.0,0.002222222222165661
MO,shadedX,3,A,AE,OOD,3_38,30,906,0.874429727740986,0.3782122131786988,0.009475983179544482,24000.0,260.5902099609375,2.29998779296875,0.0,0.0
MO,shadedX,3,A,AE,OOD,4_30,504,199,0.9244835287548855,0.9700049583682518,0.09322943427937713,12000.0,278.2793884277344,0.399993896484375,0.0,0.32444444444458354
MO,shadedX,3,A,AE,OOD,4_34,167,101,0.8628683227604198,0.9183714885339729,0.01722234519259071,24000.0,239.97650146484375,1.7000045776367188,0.0,0.0
MO,shadedX,3,A,AE,OOD,4_37,87,189,0.8381074013257922,0.6489113949745793,0.052803991501977766,24000.0,224.2637710571289,1.7999954223632812,0.0,0.0
MO,shadedX,3,A,AE,OOD,5_35,694,54,0.8717846088163093,0.9892138193209679,0.09771310042336581,24000.0,182.3099822998047,1.5999908447265625,0.0,0.18666666666676618
MO,shadedX,3,A,AE,OOD,5_36,840,52,0.9194139194139195,0.9935052373583009,0.26302432421268096,12000.0,192.30130767822266,1.0999908447265625,0.0,0.04444444444446527
MO,shadedX,3,A,AE,OOD,7_34,478,92,0.9290749499727123,0.9861120698868153,0.29777194234542287,24000.0,161.05614471435547,1.70001220703125,0.0,0.16666666666618393
MO,shadedX,3,A,AE,OOD,7_38,495,123,0.8998275437299827,0.9748577055067911,0.16698555670419252,12000.0,150.47657775878906,1.0,0.0,0.05999999999901857
MO,shadedX,3,AE,A,OOD,10_30,386,76,0.9085424052358875,0.9576450602259106,0.5988157171174375,12000.0,96.26121139526367,0.5,0.0,0.001111111111113147
MO,shadedX,3,AE,A,OOD,10_33,51,26,0.9411764705882353,0.9697038915160795,0.286010608485167,12000.0,116.1748275756836,1.6999969482421875,0.0,0.04333333333335212
MO,shadedX,3,AE,A,OOD,2_36,184,168,0.8847049689440993,0.8997846794126851,0.6084135391700257,12000.0,237.43051147460938,1.6999969482421875,0.0,0.008888888888935492
MO,shadedX,3,AE,A,OOD,3_33,223,87,0.8737693933302407,0.9535102459092863,0.01722234519259071,24000.0,225.7027816772461,1.9000091552734375,0.0,0.09777777777756284
MO,shadedX,3,AE,A,OOD,3_36,181,267,0.8309226726260683,0.7761166407248977,1.0357666780226191,12000.0,217.15948486328125,1.1999969482421875,0.0,0.0
MO,shadedX,3,AE,A,OOD,3_38,433,763,0.717457828736088,0.6324663963988176,0.009475983179544482,24000.0,258.0592346191406,2.0,0.0,0.0
MO,shadedX,3,AE,A,OOD,4_30,165,209,0.9269247498912572,0.9280145084139408,0.09322943427937713,12000.0,278.4336853027344,4.20001220703125,0.0,0.16000000000059642
MO,shadedX,3,AE,A,OOD,4_34,225,113,0.8652900688298918,0.9366135294621809,0.01722234519259071,24000.0,235.3544692993164,1.7500076293945312,0.0,0.0011111111110828306
MO,shadedX,3,AE,A,OOD,4_37,877,162,0.8107324352098203,0.9480628937271723,0.002752264379166068,24000.0,216.51023864746094,1.3000030517578125,0.0,0.0022222222221959776
MO,shadedX,3,AE,A,OOD,5_35,333,75,0.8736336336336337,0.9712921792883411,0.09771310042336581,24000.0,183.3666534423828,1.600006103515625,0.0,0.1144444444445935
MO,shadedX,3,AE,A,OOD,5_36,569,52,0.9293294578883331,0.9928905206975375,0.26302432421268096,12000.0,192.66452026367188,1.100006103515625,0.0,0.04555555555560873
MO,shadedX,3,AE,A,OOD,6_31,82,35,0.7857142857142857,0.8984759104314808,0.7738996452923492,24000.0,351.5563659667969,2.20001220703125,0.0,0.0
MO,shadedX,3,AE,A,OOD,7_34,317,54,0.893620750087627,0.9805635318202524,0.29777194234542287,24000.0,160.8887176513672,1.6999969482421875,0.0,0.13333333333333514
MO,shadedX,3,AE,A,OOD,7_38,242,92,0.7378278835788715,0.8901314844697237,0.16698555670419252,12000.0,151.22589874267578,1.0,0.0,0.020555555555699323
MO,shadedX,3,AE,AE,ID,10_30,43,98,0.8894162316089227,0.6533359199366651,0.5988157171174375,12000.0,96.65827941894531,0.5,0.0,0.004444444444422272
MO,shadedX,3,AE,AE,ID,10_33,680,63,0.9531279178338002,0.9956191796686843,0.4036802459269963,12000.0,112.43667602539062,1.0999984741210938,0.0,0.10444444444460553
MO,shadedX,3,AE,AE,ID,2_36,293,192,0.8746444823663253,0.9048420513735649,0.6084135391700257,12000.0,237.6109619140625,1.399993896484375,0.0,0.006666666666739516
MO,shadedX,3,AE,AE,ID,3_36,918,349,0.8303743656010637,0.9255598447681002,1.0357666780226191,12000.0,213.09817504882812,0.8000030517578125,0.0,0.002222222222165661
MO,shadedX,3,AE,AE,ID,3_38,30,906,0.8080206033848417,0.2940148707564178,0.009475983179544482,24000.0,260.5902099609375,2.29998779296875,0.0,0.0
MO,shadedX,3,AE,AE,ID,4_30,504,199,0.9418521177315147,0.9774392645800496,0.09322943427937713,12000.0,278.2793884277344,0.399993896484375,0.0,0.32444444444458354
MO,shadedX,3,AE,AE,ID,4_34,167,101,0.8695085077370013,0.9258400518658373,0.01722234519259071,24000.0,239.97650146484375,1.7000045776367188,0.0,0.0
MO,shadedX,3,AE,AE,ID,4_37,87,189,0.7929818159703217,0.6004406022908679,0.052803991501977766,24000.0,224.2637710571289,1.7999954223632812,0.0,0.0
MO,shadedX,3,AE,AE,ID,5_35,694,54,0.8767477852492263,0.9899031380159583,0.09771310042336581,24000.0,182.3099822998047,1.5999908447265625,0.0,0.18666666666676618
MO,shadedX,3,AE,AE,ID,5_36,840,52,0.9240384615384616,0.9949010987493969,0.26302432421268096,12000.0,192.30130767822266,1.0999908447265625,0.0,0.04444444444446527
MO,shadedX,3,AE,AE,ID,7_34,478,92,0.9054939057667819,0.9809178539495605,0.29777194234542287,24000.0,161.05614471435547,1.70001220703125,0.0,0.16666666666618393
MO,shadedX,3,AE,AE,ID,7_38,495,123,0.7901289315923462,0.9431961750982066,0.16698555670419252,12000.0,150.47657775878906,1.0,0.0,0.05999999999901857
MN,band,0,A,A,ID,-1_45,36,45,0.9641975308641976,0.9360057347457077,0.07991315219414606,24000.0,454.5917053222656,2.79998779296875,0.0,0.0
MN,band,0,A,A,ID,-1_51,514,223,0.7525344174765752,0.8809078925633413,0.0368463588598811,12000.0,296.65814208984375,0.5999755859375,0.0,0.0
MN,band,0,A,A,ID,-1_52,246,245,0.8553509208561473,0.8434782424457041,1.7049154940954943,24000.0,289.010498046875,0.70001220703125,0.0,0.0
MN,band,0,A,A,ID,0_47,52,212,0.9883889695210449,0.9612158457617306,2.050688907604624,12000.0,343.1552734375,1.800018310546875,0.0,0.0
MN,band,0,A,A,ID,0_48,274,160,0.9338731751824819,0.9648344052032596,1.1148666220638483,12000.0,318.57655334472656,1.20001220703125,0.0,0.004444444444467746
MN,band,0,A,A,ID,0_50,500,539,0.9792059369202226,0.9736811137720566,,24000.0,353.380615234375,1.699981689453125,0.0,0.03111111111113779
MN,band,0,A,A,ID,0_53,28,62,0.9274193548387097,0.8441504393868873,0.22827972908078495,12000.0,374.4924621582031,1.149993896484375,0.0,0.0
MN,band,0,A,A,ID,1_49,424,416,0.9768686502177069,0.9758270521893726,0.5366081860591692,24000.0,357.79151916503906,1.100006103515625,0.0,0.022222222222414524
MN,band,0,A,A,ID,1_50,300,351,0.9854700854700855,0.9816847870218093,0.028307107467808484,24000.0,390.00640869140625,1.800018310546875,0.0,0.0055555555553232034
MN,band,0,A,A,ID,1_51,388,368,0.9743108471537427,0.973970325925657,0.028307107467808484,12000.0,404.9086456298828,1.5,0.0,0.0
MN,band,0,A,A,ID,2_46,257,337,0.9797596092784814,0.9728889348009032,0.00826515733896413,24000.0,314.80223083496094,1.600006103515625,0.0,0.0
MN,band,0,A,A,ID,2_47,95,136,0.9960526315789473,0.994751275687484,0.6389516122360201,12000.0,299.96575927734375,2.70001220703125,0.0,0.0
MN,band,0,A,A,ID,2_48,343,513,0.9429696690706357,0.9337959357917084,0.20719075193285652,24000.0,319.07167053222656,1.79998779296875,0.0,0.0033333333333091246
MN,band,0,A,A,ID,2_49,327,401,0.9741395746108734,0.9669293226735103,0.5366081860591692,12000.0,332.6300048828125,1.70001220703125,0.0,0.014444444444470912
MN,band,0,A,A,ID,3_51,300,349,0.9325405921680993,0.8614083958125857,0.05728302701083551,24000.0,382.92999267578125,0.5,0.0,0.04555555555557841
MN,band,0,A,A,ID,3_56,251,89,0.9788710327230403,0.9929954700470093,0.00024867286198542566,24000.0,341.4423370361328,2.0,0.0,0.003888888888941489
MN,band,0,A,A,ID,4_45,147,119,0.9866803864402903,0.9885525853905515,0.2386902744023313,12000.0,374.7860565185547,1.600006103515625,0.0,0.0
MN,band,0,A,A,ID,4_46,243,400,0.9629732510288065,0.9344320357916345,0.8976554945754902,24000.0,371.86358642578125,2.20001220703125,0.0,0.0
MN,band,0,A,A,ID,4_49,842,264,0.9458000431872166,0.9787895163959661,0.46193748578503846,12000.0,273.9100036621094,1.0,0.0,0.02333333333281523
MN,band,0,A,A,ID,5_50,41,40,0.999390243902439,0.9994192799070847,0.11971671588443056,24000.0,257.2259521484375,5.0999908447265625,0.0,0.03888888888899047
MN,band,0,A,A,ID,7_45,35,65,1.0,1.0,0.8435196293063132,12000.0,271.29698181152344,14.349990844726562,0.0,0.0
MN,band,0,A,AE,OOD,-1_51,239,311,0.7641970159695408,0.7441163090999696,0.0368463588598811,12000.0,296.886962890625,0.5999908447265625,0.0,0.0
MN,band,0,A,AE,OOD,-1_52,305,200,0.8547868852459017,0.8849655228112479,1.7049154940954943,24000.0,288.13177490234375,0.79998779296875,0.0,0.0
MN,band,0,A,AE,OOD,-2_53,1437,556,0.8097392649554677,0.9140368953354423,1.7049154940954943,12000.0,268.454345703125,0.5,0.0,0.0
MN,band,0,A,AE,OOD,0_47,406,740,0.9822293968845693,0.974632486053142,2.050688907604624,12000.0,340.19171142578125,1.5999755859375,0.0,0.0
MN,band,0,A,AE,OOD,0_48,441,545,0.9227194241611019,0.9169478337123869,1.1148666220638483,12000.0,319.0771026611328,1.4000244140625,0.0,0.0011111111110828306
MN,band,0,A,AE,OOD,1_50,26,41,1.0,0.9999999999999999,0.5366081860591692,24000.0,390.9702453613281,3.100006103515625,0.0,0.004444444444028158
MN,band,0,A,AE,OOD,2_47,468,552,0.9962993930385234,0.9964474660108794,0.6389516122360201,12000.0,298.8724822998047,2.29998779296875,0.0,0.003333333333400074
MN,band,0,A,AE,OOD,2_49,347,423,0.9825794891709417,0.975489161850425,0.5366081860591692,12000.0,333.8121337890625,2.100006103515625,0.0,0.016666666666591102
MN,band,0,A,AE,OOD,3_51,572,136,0.937705676676265,0.9725129412365163,0.05728302701083551,24000.0,381.7919921875,0.0,0.0,0.8094444444437965
MN,band,0,A,AE,OOD,3_56,34,53,0.9761376248612652,0.9755765516145607,0.00024867286198542566,24000.0,345.5681915283203,2.399993896484375,0.0,0.0
MN,band,0,A,AE,OOD,4_45,191,255,0.9856688225028232,0.9814367885085755,0.2386902744023313,12000.0,374.58128356933594,1.600006103515625,0.0,0.0
MN,band,0,A,AE,OOD,4_46,73,240,0.9636986301369863,0.8982608497350603,0.8976554945754902,24000.0,376.71624755859375,2.4000244140625,0.0,0.0
MN,band,0,A,AE,OOD,4_49,778,685,0.9586174544499277,0.9613605087169144,0.46193748578503846,12000.0,274.8495788574219,1.70001220703125,0.0,0.006666666666769832
MN,band,0,A,AE,OOD,4_57,104,60,1.0,0.9999999999999999,0.00024867286198542566,24000.0,336.8999938964844,0.0,0.0,0.9916666666666516
MN,band,0,A,AE,OOD,5_49,127,206,0.9827230334072318,0.9761419874488714,0.7469491934770731,6000.0,272.60113525390625,4.100006103515625,0.0,0.007777777777913296
MN,band,0,A,AE,OOD,6_52,42,62,0.9285714285714286,0.8974012945863947,0.009683640362636716,12000.0,183.49000549316406,0.0,0.0,0.9866666666668699
MN,band,0,A,AE,OOD,7_45,258,56,0.9997923588039866,0.9999549301417174,0.8435196293063132,12000.0,191.05506134033203,1.7999954223632812,0.0,0.42777777777740833
MN,band,0,AE,A,OOD,-1_45,36,45,0.9703703703703703,0.9478681050106575,0.07991315219414606,24000.0,454.5917053222656,2.79998779296875,0.0,0.0
MN,band,0,AE,A,OOD,-1_51,514,223,0.7620003140758319,0.8891397413018574,0.0368463588598811,12000.0,296.65814208984375,0.5999755859375,0.0,0.0
MN,band,0,AE,A,OOD,-1_52,246,245,0.8857806537249046,0.8929522503915513,1.7049154940954943,24000.0,289.010498046875,0.70001220703125,0.0,0.0
MN,band,0,AE,A,OOD,0_47,52,212,0.9974600870827286,0.9909281291470626,2.050688907604624,12000.0,343.1552734375,1.800018310546875,0.0,0.0
MN,band,0,AE,A,OOD,0_48,274,160,0.9410583941605838,0.9693182258705207,1.1148666220638483,12000.0,318.57655334472656,1.20001220703125,0.0,0.004444444444467746
MN,band,0,AE,A,OOD,0_50,500,539,0.9875250463821892,0.9852890289369909,,24000.0,353.380615234375,1.699981689453125,0.0,0.03111111111113779
MN,band,0,AE,A,OOD,0_53,28,62,0.9556451612903225,0.8920705039651285,0.22827972908078495,12000.0,374.4924621582031,1.149993896484375,0.0,0.0
MN,band,0,AE,A,OOD,1_49,424,416,0.9805424528301887,0.9812364814801156,0.5366081860591692,24000.0,357.79151916503906,1.100006103515625,0.0,0.022222222222414524
MN,band,0,AE,A,OOD,1_50,300,351,0.9888319088319089,0.987772192865135,0.028307107467808484,24000.0,390.00640869140625,1.800018310546875,0.0,0.0055555555553232034
MN,band,0,AE,A,OOD,1_51,388,368,0.9683437920215151,0.9565904480340159,0.028307107467808484,12000.0,404.9086456298828,1.5,0.0,0.0
MN,band,0,AE,A,OOD,2_46,257,337,0.9742867369441975,0.9665650834572903,0.00826515733896413,24000.0,314.80223083496094,1.600006103515625,0.0,0.0
MN,band,0,AE,A,OOD,2_47,95,136,0.9961300309597523,0.9952059127384429,0.6389516122360201,12000.0,299.96575927734375,2.70001220703125,0.0,0.0
MN,band,0,AE,A,OOD,2_48,343,513,0.9343824413641815,0.9243263666682445,0.20719075193285652,24000.0,319.07167053222656,1.79998779296875,0.0,0.0033333333333091246
MN,band,0,AE,A,OOD,2_49,327,401,0.9746810344170156,0.9694680668341271,0.5366081860591692,12000.0,332.6300048828125,1.70001220703125,0.0,0.014444444444470912
MN,band,0,AE,A,OOD,3_51,300,349,0.9433142311365807,0.8884792621739039,0.05728302701083551,24000.0,382.92999267578125,0.5,0.0,0.04555555555557841
MN,band,0,AE,A,OOD,3_56,251,89,0.9747974394556604,0.9916474220015805,0.00024867286198542566,24000.0,341.4423370361328,2.0,0.0,0.003888888888941489
MN,band,0,AE,A,OOD,4_45,147,119,0.9819927971188476,0.986387940388055,0.2386902744023313,12000.0,374.7860565185547,1.600006103515625,0.0,0.0
MN,band,0,AE,A,OOD,4_46,243,400,0.9612242798353909,0.9331976162185514,0.8976554945754902,24000.0,371.86358642578125,2.20001220703125,0.0,0.0
MN,band,0,AE,A,OOD,4_49,842,264,0.9498848340891096,0.9797550224102355,0.46193748578503846,12000.0,273.9100036621094,1.0,0.0,0.02333333333281523
MN,band,0,AE,A,OOD,5_50,41,40,0.998780487804878,0.9988243959094643,0.11971671588443056,24000.0,257.2259521484375,5.0999908447265625,0.0,0.03888888888899047
MN,band,0,AE,A,OOD,7_45,35,65,1.0,1.0,0.8435196293063132,12000.0,271.29698181152344,14.349990844726562,0.0,0.0
MN,band,0,AE,AE,ID,-1_51,239,311,0.7661747097364422,0.744276794263419,0.0368463588598811,12000.0,296.886962890625,0.5999908447265625,0.0,0.0
MN,band,0,AE,AE,ID,-1_52,305,200,0.8843442622950821,0.9244702538613108,1.7049154940954943,24000.0,288.13177490234375,0.79998779296875,0.0,0.0
MN,band,0,AE,AE,ID,-2_53,1437,556,0.8280540494535478,0.9265738645270627,1.7049154940954943,12000.0,268.454345703125,0.5,0.0,0.0
MN,band,0,AE,AE,ID,0_47,406,740,0.9866662228731193,0.9818113185158479,2.050688907604624,12000.0,340.19171142578125,1.5999755859375,0.0,0.0
MN,band,0,AE,AE,ID,0_48,441,545,0.928760739769914,0.9270223967703468,1.1148666220638483,12000.0,319.0771026611328,1.4000244140625,0.0,0.0011111111110828306
MN,band,0,AE,AE,ID,1_50,26,41,1.0,0.9999999999999999,0.5366081860591692,24000.0,390.9702453613281,3.100006103515625,0.0,0.004444444444028158
MN,band,0,AE,AE,ID,2_47,468,552,0.9972206738511087,0.9974183260025963,0.6389516122360201,12000.0,298.8724822998047,2.29998779296875,0.0,0.003333333333400074
MN,band,0,AE,AE,ID,2_49,347,423,0.9795341358895224,0.9731734009404349,0.5366081860591692,12000.0,333.8121337890625,2.100006103515625,0.0,0.016666666666591102
MN,band,0,AE,AE,ID,3_51,572,136,0.9479509461127108,0.9768603505316996,0.05728302701083551,24000.0,381.7919921875,0.0,0.0,0.8094444444437965
MN,band,0,AE,AE,ID,3_56,34,53,0.9778024417314095,0.97957480834235,0.00024867286198542566,24000.0,345.5681915283203,2.399993896484375,0.0,0.0
MN,band,0,AE,AE,ID,4_45,191,255,0.9717688122369368,0.9669107739628148,0.2386902744023313,12000.0,374.58128356933594,1.600006103515625,0.0,0.0
MN,band,0,AE,AE,ID,4_46,73,240,0.954851598173516,0.8873139293651059,0.8976554945754902,24000.0,376.71624755859375,2.4000244140625,0.0,0.0
MN,band,0,AE,AE,ID,4_49,778,685,0.9612444411085883,0.9618545153472378,0.46193748578503846,12000.0,274.8495788574219,1.70001220703125,0.0,0.006666666666769832
MN,band,0,AE,AE,ID,4_57,104,60,1.0,0.9999999999999999,0.00024867286198542566,24000.0,336.8999938964844,0.0,0.0,0.9916666666666516
MN,band,0,AE,AE,ID,5_49,127,206,0.9951074076905436,0.991898974863211,0.7469491934770731,6000.0,272.60113525390625,4.100006103515625,0.0,0.007777777777913296
MN,band,0,AE,AE,ID,6_52,42,62,0.8713517665130568,0.8390315345759394,0.009683640362636716,12000.0,183.49000549316406,0.0,0.0,0.9866666666668699
MN,band,0,AE,AE,ID,7_45,258,56,0.9998615725359911,0.9999700117331269,0.8435196293063132,12000.0,191.05506134033203,1.7999954223632812,0.0,0.42777777777740833
MN,band,1,A,A,ID,-1_53,73,164,0.9131306381556966,0.853963804112025,0.6816075160735557,24000.0,281.0973205566406,0.79998779296875,0.0,0.0
MN,band,1,A,A,ID,-2_57,247,222,0.8960863697705803,0.9047481350480981,0.662416951190483,12000.0,242.5729522705078,0.79998779296875,0.0,0.011111111111131472
MN,band,1,A,A,ID,0_46,151,245,0.9725097986214354,0.952111531398208,0.07991315219414606,24000.0,449.835205078125,1.70001220703125,0.0,0.0
MN,band,1,A,A,ID,0_51,93,54,0.9438470728793309,0.9484962563382743,,24000.0,384.1332092285156,0.0,0.0,0.4133333333340893
MN,band,1,A,A,ID,0_55,137,198,0.9096807490968075,0.8907604558235669,0.5944916975356539,12000.0,351.591552734375,0.600006103515625,0.0,0.0
MN,band,1,A,A,ID,0_57,259,185,0.901596577272253,0.9374252510210339,0.17764213535066115,24000.0,320.1750030517578,0.699981689453125,0.0,0.0
MN,band,1,A,A,ID,1_48,218,155,0.9872151524119562,0.9906924743811827,0.9817638951084386,24000.0,322.3503723144531,1.5,0.0,0.010000000000169906
MN,band,1,A,A,ID,1_56,104,202,0.9768183549124144,0.9561328815705098,,24000.0,365.11927795410156,1.100006103515625,0.0,0.0
MN,band,1,A,A,ID,2_50,221,368,0.9775477080464293,0.9691101557856443,0.4158517525221228,12000.0,330.9501953125,2.0,0.0,0.0
MN,band,1,A,A,ID,3_46,318,361,0.9935451837140019,0.9925632060101346,0.6207075877822058,24000.0,311.6436767578125,2.0,0.0,0.0
MN,band,1,A,A,ID,3_53,164,135,0.9806684733514002,0.9810371333521584,0.004580655015265267,24000.0,389.7421569824219,1.5,0.0,0.1011111111114783
MN,band,1,A,A,ID,3_55,86,35,0.979734219269103,0.9911909759633298,0.00024867286198542566,24000.0,378.2423400878906,1.399993896484375,0.0,0.0
MN,band,1,A,A,ID,4_47,264,498,0.9811823049774857,0.9681731479492813,1.7665504830856904,24000.0,322.260009765625,3.0,0.0,0.0
MN,band,1,A,A,ID,4_54,154,201,0.9425276216320992,0.9084988259642204,0.009683640362636716,24000.0,418.3399963378906,2.100006103515625,0.0,0.006666666666709198
MN,band,1,A,A,ID,4_56,361,206,0.9698787080117257,0.9837333395826575,0.00024867286198542566,24000.0,340.1000061035156,1.20001220703125,0.0,0.06777777777762915
MN,band,1,A,A,ID,5_47,77,261,0.991740060705578,0.9724245007804119,1.7665504830856904,12000.0,316.803955078125,10.149993896484375,0.0,0.0
MN,band,1,A,A,ID,5_55,277,193,0.9733824657226764,0.9732773343442309,0.009683640362636716,24000.0,413.8999938964844,1.1999969482421875,0.0,0.009999999999821268
MN,band,1,A,A,ID,6_46,184,251,0.9968170795080546,0.9957685886692494,0.41482021786023643,12000.0,322.82000732421875,6.70001220703125,0.0,0.0
MN,band,1,A,A,ID,6_55,310,102,0.9684060721062618,0.981038377957089,0.009683640362636716,24000.0,430.2000274658203,0.0,0.0,0.4688888888885943
MN,band,1,A,AE,OOD,-1_53,524,621,0.9091652223082691,0.9122889125130976,0.6816075160735557,24000.0,279.27630615234375,0.699981689453125,0.0,0.0
MN,band,1,A,AE,OOD,-1_54,318,190,0.7875537901357166,0.8616163444231487,0.6816075160735557,24000.0,273.36097717285156,0.5,0.0,0.0
MN,band,1,A,AE,OOD,-2_49,28,50,1.0,1.0,0.908195597596609,12000.0,333.472412109375,1.100006103515625,0.0,0.061666666666203684
MN,band,1,A,AE,OOD,-2_54,447,211,0.9101116447724165,0.9566483054179391,0.6816075160735557,24000.0,264.3416748046875,0.54998779296875,0.0,0.0
MN,band,1,A,AE,OOD,-2_55,100,129,0.892170542635659,0.8132623088970892,0.3880379033230242,12000.0,248.10711669921875,0.5,0.0,0.011111111111161788
MN,band,1,A,AE,OOD,-2_57,702,223,0.9212563719290177,0.9696284858479052,0.662416951190483,12000.0,242.2104034423828,0.70001220703125,0.0,0.024444444444731765
MN,band,1,A,AE,OOD,0_55,116,226,0.9108941104668905,0.8531108459757359,0.5944916975356539,12000.0,351.0015869140625,0.699981689453125,0.0,0.0
MN,band,1,A,AE,OOD,0_57,832,417,0.86079021398266,0.9324559947127598,0.17764213535066115,24000.0,319.1300048828125,0.699981689453125,0.0,0.001111111111113147
MN,band,1,A,AE,OOD,1_48,92,272,0.9798193734015346,0.9562576401664667,0.9817638951084386,24000.0,319.61163330078125,1.9000244140625,0.0,0.0
MN,band,1,A,AE,OOD,2_50,140,374,0.9872421695951108,0.9706670472796902,0.4158517525221228,12000.0,334.1884765625,2.600006103515625,0.0,0.0
MN,band,1,A,AE,OOD,3_46,35,54,0.9915343915343915,0.9872314369251565,0.6207075877822058,24000.0,313.1424865722656,1.79998779296875,0.0,0.0
MN,band,1,A,AE,OOD,3_53,278,172,0.9828718420612348,0.9879356507275399,0.004580655015265267,24000.0,388.7079315185547,0.899993896484375,0.0,0.11611111111142995
MN,band,1,A,AE,OOD,4_47,219,526,0.9860322586245812,0.9700671512514755,1.7665504830856904,24000.0,325.0260009765625,3.70001220703125,0.0,0.0
MN,band,1,A,AE,OOD,4_48,806,1579,0.9910982702561693,0.9856621080439051,0.9978058430098368,6000.0,267.6210021972656,4.1999969482421875,0.0,0.0033333333333091246
MN,band,1,A,AE,OOD,4_56,551,94,0.9787040969996524,0.9963053454857167,0.00024867286198542566,24000.0,338.4714050292969,0.0,0.0,0.42444444444482665
MN,band,1,A,AE,OOD,5_47,154,417,0.9966520290261297,0.9872725799018305,1.7665504830856904,12000.0,317.9122619628906,8.899993896484375,0.0,0.0
MN,band,1,AE,A,OOD,-1_53,73,164,0.9305880387570998,0.8678046836047937,0.6816075160735557,24000.0,281.0973205566406,0.79998779296875,0.0,0.0
MN,band,1,AE,A,OOD,-2_57,247,222,0.8738191632928476,0.8943998981632152,0.662416951190483,12000.0,242.5729522705078,0.79998779296875,0.0,0.011111111111131472
MN,band,1,AE,A,OOD,0_46,151,245,0.9553182862548992,0.9229984261466692,0.07991315219414606,24000.0,449.835205078125,1.70001220703125,0.0,0.0
MN,band,1,AE,A,OOD,0_51,93,54,0.9261250497809638,0.9002174353881909,,24000.0,384.1332092285156,0.0,0.0,0.4133333333340893
MN,band,1,AE,A,OOD,0_55,137,198,0.8887045638870457,0.8725023725640296,0.5944916975356539,12000.0,351.591552734375,0.600006103515625,0.0,0.0
MN,band,1,AE,A,OOD,0_57,259,185,0.9248043410205573,0.950247996579473,0.17764213535066115,24000.0,320.1750030517578,0.699981689453125,0.0,0.0
MN,band,1,AE,A,OOD,1_48,218,155,0.9939627108612016,0.9954978139459618,0.9817638951084386,24000.0,322.3503723144531,1.5,0.0,0.010000000000169906
MN,band,1,AE,A,OOD,1_56,104,202,0.973486290936786,0.947035400695612,,24000.0,365.11927795410156,1.100006103515625,0.0,0.0
MN,band,1,AE,A,OOD,2_50,221,368,0.9769083218571709,0.9666377172213954,0.4158517525221228,12000.0,330.9501953125,2.0,0.0,0.0
MN,band,1,AE,A,OOD,3_46,318,361,0.9891722852314501,0.9854228489550108,0.6207075877822058,24000.0,311.6436767578125,2.0,0.0,0.0
MN,band,1,AE,A,OOD,3_53,164,135,0.9823848238482384,0.9832056897352836,0.004580655015265267,24000.0,389.7421569824219,1.5,0.0,0.1011111111114783
MN,band,1,AE,A,OOD,3_55,86,35,0.9691029900332226,0.9849193426862672,0.00024867286198542566,24000.0,378.2423400878906,1.399993896484375,0.0,0.0
MN,band,1,AE,A,OOD,4_47,264,498,0.9835021905805038,0.9706758989322815,1.7665504830856904,24000.0,322.260009765625,3.0,0.0,0.0
MN,band,1,AE,A,OOD,4_54,154,201,0.9734444659817794,0.9678287214941462,0.009683640362636716,24000.0,418.3399963378906,2.100006103515625,0.0,0.006666666666709198
MN,band,1,AE,A,OOD,4_56,361,206,0.9746927359277088,0.9866529499182245,0.00024867286198542566,24000.0,340.1000061035156,1.20001220703125,0.0,0.06777777777762915
MN,band,1,AE,A,OOD,5_47,77,261,0.9926854754440961,0.9714103266277175,1.7665504830856904,12000.0,316.803955078125,10.149993896484375,0.0,0.0
MN,band,1,AE,A,OOD,5_55,277,193,0.978956622584688,0.9808487481951289,0.009683640362636716,24000.0,413.8999938964844,1.1999969482421875,0.0,0.009999999999821268
MN,band,1,AE,A,OOD,6_46,184,251,0.9959942837346267,0.9946692202209265,0.41482021786023643,12000.0,322.82000732421875,6.70001220703125,0.0,0.0
MN,band,1,AE,A,OOD,6_55,310,102,0.9750474383301707,0.9894500335437793,0.009683640362636716,24000.0,430.2000274658203,0.0,0.0,0.4688888888885943
MN,band,1,AE,AE,ID,-1_53,524,621,0.9207077970768645,0.9230049767657333,0.6816075160735557,24000.0,279.27630615234375,0.699981689453125,0.0,0.0
MN,band,1,AE,AE,ID,-1_54,318,190,0.8499172459450514,0.909600327875717,0.6816075160735557,24000.0,273.36097717285156,0.5,0.0,0.0
MN,band,1,AE,AE,ID,-2_49,28,50,1.0,1.0,0.908195597596609,12000.0,333.472412109375,1.100006103515625,0.0,0.061666666666203684
MN,band,1,AE,AE,ID,-2_54,447,211,0.8371237422733971,0.930758852854216,0.6816075160735557,24000.0,264.3416748046875,0.54998779296875,0.0,0.0
MN,band,1,AE,AE,ID,-2_55,100,129,0.8803875968992247,0.7833087276687563,0.3880379033230242,12000.0,248.10711669921875,0.5,0.0,0.011111111111161788
MN,band,1,AE,AE,ID,-2_57,702,223,0.8952831755522337,0.962648860218954,0.662416951190483,12000.0,242.2104034423828,0.70001220703125,0.0,0.024444444444731765
MN,band,1,AE,AE,ID,0_55,116,226,0.8992981385413488,0.8410905549414085,0.5944916975356539,12000.0,351.0015869140625,0.699981689453125,0.0,0.0
MN,band,1,AE,AE,ID,0_57,832,417,0.8986810551558753,0.9494189525236447,0.17764213535066115,24000.0,319.1300048828125,0.699981689453125,0.0,0.001111111111113147
MN,band,1,AE,AE,ID,1_48,92,272,0.9848945012787724,0.9619308233132291,0.9817638951084386,24000.0,319.61163330078125,1.9000244140625,0.0,0.0
MN,band,1,AE,AE,ID,2_50,140,374,0.985427807486631,0.9675102864246414,0.4158517525221228,12000.0,334.1884765625,2.600006103515625,0.0,0.0
MN,band,1,AE,AE,ID,3_46,35,54,0.982010582010582,0.9742299814439779,0.6207075877822058,24000.0,313.1424865722656,1.79998779296875,0.0,0.0
MN,band,1,AE,AE,ID,3_53,278,172,0.9879119959846077,0.9922707553936752,0.004580655015265267,24000.0,388.7079315185547,0.899993896484375,0.0,0.11611111111142995
MN,band,1,AE,AE,ID,4_47,219,526,0.9833151032171815,0.9637345530937274,1.7665504830856904,24000.0,325.0260009765625,3.70001220703125,0.0,0.0
MN,band,1,AE,AE,ID,4_48,806,1579,0.9948242833592893,0.9917517392234423,0.9978058430098368,6000.0,267.6210021972656,4.1999969482421875,0.0,0.0033333333333091246
MN,band,1,AE,AE,ID,4_56,551,94,0.9784337954203189,0.9963192678616115,0.00024867286198542566,24000.0,338.4714050292969,0.0,0.0,0.42444444444482665
MN,band,1,AE,AE,ID,5_47,154,417,0.9978822137095519,0.9936613123079716,1.7665504830856904,12000.0,317.9122619628906,8.899993896484375,0.0,0.0
MN,band,2,A,A,ID,-1_46,200,282,0.9698758865248227,0.9413772345463983,0.0499285189947756,24000.0,506.0797882080078,2.3000030517578125,0.0,0.0
MN,band,2,A,A,ID,-1_47,193,397,0.967763406898892,0.9460433805535506,2.050688907604624,24000.0,522.2335815429688,2.9000244140625,0.0,0.0
MN,band,2,A,A,ID,-1_48,146,245,0.9706457925636008,0.9599292387882679,1.7207656496067605,12000.0,339.2986755371094,1.5,0.0,0.0
MN,band,2,A,A,ID,-1_50,49,98,0.872969596001666,0.6821927667085879,0.908195597596609,24000.0,335.5876770019531,1.100006103515625,0.0,0.043333333333534015
MN,band,2,A,A,ID,-1_55,53,182,0.9935724652705784,0.9879621465937811,0.5944916975356539,24000.0,339.7261962890625,0.899993896484375,0.0,0.0
MN,band,2,A,A,ID,-1_57,988,436,0.8414715113471752,0.9187557553135228,0.17764213535066115,24000.0,311.9100036621094,0.600006103515625,0.0,0.0027777777777677095
MN,band,2,A,A,ID,-2_52,130,48,0.9065705128205129,0.9640088667107942,0.0368463588598811,12000.0,280.5576629638672,0.5,0.0,0.0
MN,band,2,A,A,ID,-2_56,236,289,0.8940677966101694,0.8936676089938418,0.3880379033230242,12000.0,246.68389892578125,0.600006103515625,0.0,0.02000000000018823
MN,band,2,A,A,ID,0_49,298,297,0.9694371003095835,0.9631273076608622,0.6876319876855833,24000.0,314.4149475097656,1.0,0.0,0.0011111111110828306
MN,band,2,A,A,ID,0_54,96,159,0.9492924528301887,0.9439124010020554,0.22827972908078495,24000.0,383.19598388671875,1.5,0.0,0.0011111111110828306
MN,band,2,A,A,ID,1_47,180,282,0.9830575256107171,0.9737006023206772,0.9817638951084386,12000.0,311.87158203125,1.899993896484375,0.0,0.0
MN,band,2,A,A,ID,2_51,348,514,0.9649358200277294,0.9391582385743126,0.01363070594942965,24000.0,363.34251403808594,2.199981689453125,0.0,0.0
MN,band,2,A,A,ID,2_52,793,306,0.936025187712748,0.953712637494415,0.04879059345949056,24000.0,367.9200134277344,0.0,0.0,0.5477777777763836
MN,band,2,A,A,ID,3_48,149,314,0.9808917197452229,0.9679266476084183,0.6673535666313604,12000.0,288.5,3.300018310546875,0.0,0.002222222222226294
MN,band,2,A,A,ID,3_50,454,511,0.9511927032595671,0.9467205910307324,0.12029109045002201,24000.0,307.45220947265625,1.600006103515625,0.0,0.0
MN,band,2,A,A,ID,3_52,294,379,0.9401845170785993,0.9021359371115669,0.04879059345949056,24000.0,381.04998779296875,2.0999755859375,0.0,0.05444444444427138
MN,band,2,A,A,ID,4_55,206,215,0.9716188755926845,0.9660624934908593,0.009683640362636716,24000.0,393.1087951660156,1.399993896484375,0.0,0.0
MN,band,2,A,A,ID,5_51,209,155,0.9709214384935947,0.9784833326007212,0.11971671588443056,24000.0,310.6081237792969,2.399993896484375,0.0,0.0
MN,band,2,A,A,ID,5_53,479,214,0.9672311864671337,0.984143202706601,0.009683640362636716,24000.0,416.95404052734375,1.20001220703125,0.0,0.018888888888984136
MN,band,2,A,A,ID,5_54,253,109,0.974000072524205,0.9883925584531108,0.009683640362636716,24000.0,436.4792022705078,1.6999969482421875,0.0,0.008888888888374639
MN,band,2,A,A,ID,5_56,338,123,0.9939625727618223,0.9975333457913216,0.009683640362636716,24000.0,360.94000244140625,0.0,0.0,0.4900000000001378
MN,band,2,A,A,ID,6_53,81,91,0.8746438746438746,0.8442751912793947,0.009683640362636716,24000.0,424.9378204345703,2.3000030517578125,0.0,0.002222222222286927
MN,band,2,A,A,ID,6_54,61,41,0.9704118352658936,0.9771521944000372,0.009683640362636716,24000.0,475.25355529785156,2.25,0.0,0.0
MN,band,2,A,AE,OOD,-1_48,697,681,0.9740275609545418,0.9742567157132045,1.7207656496067605,12000.0,338.68846130371094,1.20001220703125,0.0,0.001111111111113147
MN,band,2,A,AE,OOD,-1_50,30,110,0.9245454545454546,0.7276576482668526,0.908195597596609,24000.0,336.57568359375,1.29998779296875,0.0,0.0205555555555629
MN,band,2,A,AE,OOD,-2_50,47,88,0.9886363636363636,0.9790653970944806,0.908195597596609,12000.0,331.98260498046875,1.300018310546875,0.0,0.008888888888996126
MN,band,2,A,AE,OOD,-2_52,144,430,0.9325904392764858,0.8606962646981984,0.0368463588598811,12000.0,280.2333221435547,0.600006103515625,0.0,0.0
MN,band,2,A,AE,OOD,-2_56,964,516,0.8899530380520442,0.9388708906709222,0.3880379033230242,12000.0,245.1060562133789,0.600006103515625,0.0,0.031111111111137794
MN,band,2,A,AE,OOD,0_49,139,245,0.9725444134488328,0.9542813589574307,0.6876319876855833,24000.0,314.7789001464844,1.100006103515625,0.0,0.0
MN,band,2,A,AE,OOD,1_47,459,644,0.9878854923611956,0.985669138872361,0.9817638951084386,12000.0,312.9889831542969,1.800018310546875,0.0,0.0
MN,band,2,A,AE,OOD,2_51,84,242,0.9578905942542306,0.8533911069329141,0.01363070594942965,24000.0,365.3135528564453,2.8000030517578125,0.0,0.0
MN,band,2,A,AE,OOD,2_52,49,60,0.967687074829932,0.9588954087280078,0.04879059345949056,24000.0,374.55999755859375,2.100006103515625,0.0,0.14333333333408108
MN,band,2,A,AE,OOD,3_48,1079,977,0.978084450233024,0.9821422440063143,0.6673535666313604,6000.0,284.3695983886719,2.29998779296875,0.0,0.02666666666620015
MN,band,2,A,AE,OOD,3_50,61,75,0.961311475409836,0.9559800973332047,0.12029109045002201,24000.0,306.2535705566406,1.350006103515625,0.0,0.0
MN,band,2,A,AE,OOD,3_52,35,50,0.9440000000000001,0.8970840085824306,0.04879059345949056,24000.0,381.04998779296875,2.600006103515625,0.0,0.09888888888925197
MN,band,2,AE,A,OOD,-1_46,200,282,0.975886524822695,0.9462528646900492,0.0499285189947756,24000.0,506.0797882080078,2.3000030517578125,0.0,0.0
MN,band,2,AE,A,OOD,-1_47,193,397,0.9569047650122029,0.9303174511895391,2.050688907604624,24000.0,522.2335815429688,2.9000244140625,0.0,0.0
MN,band,2,AE,A,OOD,-1_48,146,245,0.9636846519429689,0.9542002917183272,1.7207656496067605,12000.0,339.2986755371094,1.5,0.0,0.0
MN,band,2,AE,A,OOD,-1_50,49,98,0.8860891295293628,0.746965250957579,0.908195597596609,24000.0,335.5876770019531,1.100006103515625,0.0,0.043333333333534015
MN,band,2,AE,A,OOD,-1_55,53,182,0.9956458635703919,0.9911859516241743,0.5944916975356539,24000.0,339.7261962890625,0.899993896484375,0.0,0.0
MN,band,2,AE,A,OOD,-1_57,988,436,0.8068774839356685,0.9051097120924837,0.17764213535066115,24000.0,311.9100036621094,0.600006103515625,0.0,0.0027777777777677095
MN,band,2,AE,A,OOD,-2_52,130,48,0.9270833333333333,0.9695890431512234,0.0368463588598811,12000.0,280.5576629638672,0.5,0.0,0.0
MN,band,2,AE,A,OOD,-2_56,236,289,0.8948595390299688,0.8947214556158917,0.3880379033230242,12000.0,246.68389892578125,0.600006103515625,0.0,0.02000000000018823
MN,band,2,AE,A,OOD,0_49,298,297,0.9654938648227238,0.9642745560456643,0.6876319876855833,24000.0,314.4149475097656,1.0,0.0,0.0011111111110828306
MN,band,2,AE,A,OOD,0_54,96,159,0.9497510482180294,0.9472185653696152,0.22827972908078495,24000.0,383.19598388671875,1.5,0.0,0.0011111111110828306
MN,band,2,AE,A,OOD,1_47,180,282,0.9800630417651695,0.9692607703827967,0.9817638951084386,12000.0,311.87158203125,1.899993896484375,0.0,0.0
MN,band,2,AE,A,OOD,2_51,348,514,0.9684578916767297,0.9273253660854986,0.01363070594942965,24000.0,363.34251403808594,2.199981689453125,0.0,0.0
MN,band,2,AE,A,OOD,2_52,793,306,0.9443249346817332,0.9645705845475634,0.04879059345949056,24000.0,367.9200134277344,0.0,0.0,0.5477777777763836
MN,band,2,AE,A,OOD,3_48,149,314,0.9865558072927799,0.976110918039369,0.6673535666313604,12000.0,288.5,3.300018310546875,0.0,0.002222222222226294
MN,band,2,AE,A,OOD,3_50,454,511,0.9524513565005992,0.9506018773388435,0.12029109045002201,24000.0,307.45220947265625,1.600006103515625,0.0,0.0
MN,band,2,AE,A,OOD,3_52,294,379,0.9456679769533143,0.9150525148536768,0.04879059345949056,24000.0,381.04998779296875,2.0999755859375,0.0,0.05444444444427138
MN,band,2,AE,A,OOD,4_55,206,215,0.965883946714834,0.9559347347466045,0.009683640362636716,24000.0,393.1087951660156,1.399993896484375,0.0,0.0
MN,band,2,AE,A,OOD,5_51,209,155,0.9628955085661367,0.9718436201109346,0.11971671588443056,24000.0,310.6081237792969,2.399993896484375,0.0,0.0
MN,band,2,AE,A,OOD,5_53,479,214,0.9623241566347335,0.9816491758994498,0.009683640362636716,24000.0,416.95404052734375,1.20001220703125,0.0,0.018888888888984136
MN,band,2,AE,A,OOD,5_54,253,109,0.976175798672807,0.9895576362392177,0.009683640362636716,24000.0,436.4792022705078,1.6999969482421875,0.0,0.008888888888374639
MN,band,2,AE,A,OOD,5_56,338,123,0.9934815028623659,0.9975753972599454,0.009683640362636716,24000.0,360.94000244140625,0.0,0.0,0.4900000000001378
MN,band,2,AE,A,OOD,6_53,81,91,0.9583502916836251,0.9589967215763862,0.009683640362636716,24000.0,424.9378204345703,2.3000030517578125,0.0,0.002222222222286927
MN,band,2,AE,A,OOD,6_54,61,41,0.9736105557776888,0.9817480276261341,0.009683640362636716,24000.0,475.25355529785156,2.25,0.0,0.0
MN,band,2,AE,AE,ID,-1_48,697,681,0.9750872735470033,0.9760288660940938,1.7207656496067605,12000.0,338.68846130371094,1.20001220703125,0.0,0.001111111111113147
MN,band,2,AE,AE,ID,-1_50,30,110,0.9275757575757576,0.7474757174003083,0.908195597596609,24000.0,336.57568359375,1.29998779296875,0.0,0.0205555555555629
MN,band,2,AE,AE,ID,-2_50,47,88,0.992504835589942,0.9853591054244834,0.908195597596609,12000.0,331.98260498046875,1.300018310546875,0.0,0.008888888888996126
MN,band,2,AE,AE,ID,-2_52,144,430,0.9338016795865633,0.8418251678089081,0.0368463588598811,12000.0,280.2333221435547,0.600006103515625,0.0,0.0
MN,band,2,AE,AE,ID,-2_56,964,516,0.889611277300653,0.9380850025564023,0.3880379033230242,12000.0,245.1060562133789,0.600006103515625,0.0,0.031111111111137794
MN,band,2,AE,AE,ID,0_49,139,245,0.9697841726618706,0.9491284286446561,0.6876319876855833,24000.0,314.7789001464844,1.100006103515625,0.0,0.0
MN,band,2,AE,AE,ID,1_47,459,644,0.9844957306594135,0.9840437645410652,0.9817638951084386,12000.0,312.9889831542969,1.800018310546875,0.0,0.0
MN,band,2,AE,AE,ID,2_51,84,242,0.9578905942542306,0.8310439693938679,0.01363070594942965,24000.0,365.3135528564453,2.8000030517578125,0.0,0.0
MN,band,2,AE,AE,ID,2_52,49,60,0.9687074829931973,0.9645468784119935,0.04879059345949056,24000.0,374.55999755859375,2.100006103515625,0.0,0.14333333333408108
MN,band,2,AE,AE,ID,3_48,1079,977,0.9828265111465466,0.9855475456267874,0.6673535666313604,6000.0,284.3695983886719,2.29998779296875,0.0,0.02666666666620015
MN,band,2,AE,AE,ID,3_50,61,75,0.9626229508196721,0.9567273050254222,0.12029109045002201,24000.0,306.2535705566406,1.350006103515625,0.0,0.0
MN,band,2,AE,AE,ID,3_52,35,50,0.9474285714285715,0.8729932595079792,0.04879059345949056,24000.0,381.04998779296875,2.600006103515625,0.0,0.09888888888925197
MN,band,3,A,A,ID,-1_49,63,148,0.9840197340197341,0.9663636139199656,1.7207656496067605,12000.0,318.88848876953125,1.79998779296875,0.0,0.006666666666769832
MN,band,3,A,A,ID,-1_56,428,256,0.9221396758177569,0.9505512578958117,0.3880379033230242,24000.0,347.0,0.70001220703125,0.0,0.004444444444422272
MN,band,3,A,A,ID,0_45,121,153,0.990547183060552,0.9883892901980987,0.07991315219414606,24000.0,480.51405334472656,2.0999755859375,0.0,0.0
MN,band,3,A,A,ID,0_56,471,170,0.9208317721993255,0.9673519232084475,0.3880379033230242,24000.0,349.8699951171875,0.600006103515625,0.0,0.0033333333333091246
MN,band,3,A,A,ID,1_46,116,292,0.9910545583372697,0.9792641297824729,0.00826515733896413,24000.0,373.0034942626953,1.9000244140625,0.0,0.0
MN,band,3,A,A,ID,1_57,29,126,0.9986316365626711,0.9949290060851927,0.17764213535066115,24000.0,329.70335388183594,0.899993896484375,0.0,0.0
MN,band,3,A,A,ID,2_55,64,45,0.9319444444444445,0.9358113140972151,0.00024867286198542566,24000.0,362.887451171875,1.0,0.0,0.0
MN,band,3,A,A,ID,2_56,120,195,0.9532051282051281,0.9344407153579892,0.00024867286198542566,24000.0,345.498779296875,1.5,0.0,0.0
MN,band,3,A,A,ID,2_57,43,101,0.997697444163021,0.9954341223946417,0.00024867286198542566,24000.0,333.3240661621094,0.899993896484375,0.0,0.0
MN,band,3,A,A,ID,3_47,292,487,0.9782917498804534,0.967455364292277,0.16889120879673164,12000.0,304.6300048828125,3.0,0.0,0.002222222222286927
MN,band,3,A,A,ID,3_49,343,401,0.9571842987283976,0.9529285286384346,0.6922684696308988,12000.0,289.25,2.45001220703125,0.0,0.014444444444364806
MN,band,3,A,A,ID,3_54,286,149,0.9359834796076407,0.9575106916974551,0.004580655015265267,24000.0,391.541015625,1.29998779296875,0.0,0.04111111111176247
MN,band,3,A,A,ID,4_50,524,345,0.9474554707379135,0.9666543277578103,0.12029109045002201,12000.0,283.66290283203125,1.899993896484375,0.0,0.001111111111113147
MN,band,3,A,A,ID,4_51,178,207,0.9704716929924551,0.9693807952652412,0.11971671588443056,24000.0,318.8377990722656,2.29998779296875,0.0,0.0
MN,band,3,A,A,ID,4_52,82,98,0.9631657541065206,0.9431686234696288,0.009683640362636716,24000.0,386.30419921875,2.04998779296875,0.0,0.0
MN,band,3,A,A,ID,4_53,439,227,0.9474877826056416,0.9751911937247653,0.009683640362636716,24000.0,383.1594543457031,1.600006103515625,0.0,0.0
MN,band,3,A,A,ID,5_45,36,108,0.992798353909465,0.9762290955698474,2.246925584008514,24000.0,394.05348205566406,3.29998779296875,0.0,0.0
MN,band,3,A,A,ID,5_46,108,331,0.9943213606355601,0.9816545932990439,1.6744062092218928,12000.0,368.8389892578125,6.0,0.0,0.0
MN,band,3,A,A,ID,5_52,205,374,0.9453502021651232,0.8995474756676268,0.009683640362636716,12000.0,356.46966552734375,2.899993896484375,0.0,0.0
MN,band,3,A,A,ID,6_45,34,116,0.9878296146044625,0.9576921639024891,0.41482021786023643,18000.0,372.65435791015625,9.649993896484375,0.0,0.0
MN,band,3,A,A,ID,6_56,73,57,0.99182888728671,0.9940510435075884,0.009683640362636716,24000.0,380.54998779296875,0.5500030517578125,0.0,0.33944444444453514
MN,band,3,A,A,ID,7_46,106,182,0.9982894464026539,0.9966972800233743,0.8435196293063132,12000.0,230.22554779052734,7.1999969482421875,0.0,0.0
MN,band,3,A,AE,OOD,-1_49,826,793,0.9755991438403219,0.9748437896956369,0.908195597596609,12000.0,308.5686340332031,1.20001220703125,0.0,0.03666666666679448
MN,band,3,A,AE,OOD,1_57,810,194,0.9873106783759705,0.9969726511369986,0.17764213535066115,24000.0,323.510009765625,0.0,0.0,1.0
MN,band,3,A,AE,OOD,1_58,424,91,0.9952830188679245,0.999016735721304,,12000.0,323.4200134277344,0.0,0.0,1.0
MN,band,3,A,AE,OOD,3_47,404,494,0.9833446907443781,0.9809520072675559,0.16889120879673164,12000.0,304.6700134277344,2.6999893188476562,0.0,0.005555555555596052
MN,band,3,A,AE,OOD,3_49,560,1224,0.9556460084033613,0.9224236734633772,0.6922684696308988,12000.0,290.81297302246094,2.899993896484375,0.0,0.00888888888887486
MN,band,3,A,AE,OOD,4_50,400,368,0.9409986413043477,0.9507170589384956,0.12029109045002201,12000.0,285.0681610107422,2.29998779296875,0.0,0.0
MN,band,3,A,AE,OOD,4_53,34,127,0.9335340435386754,0.7927573426658755,0.009683640362636716,24000.0,385.76025390625,1.800018310546875,0.0,0.0
MN,band,3,A,AE,OOD,5_46,48,246,0.9906842818428184,0.9227846866280558,1.6744062092218928,12000.0,376.30406188964844,6.0,0.0,0.0
MN,band,3,A,AE,OOD,5_48,715,391,0.9911004596426591,0.9931024768130974,1.7665504830856904,12000.0,207.87162017822266,1.5999984741210938,0.0,0.2777777777775289
MN,band,3,A,AE,OOD,5_52,92,124,0.9313639551192145,0.8780090411846762,0.009683640362636716,12000.0,349.7355651855469,2.5999984741210938,0.0,0.0
MN,band,3,A,AE,OOD,7_46,400,275,0.9871727272727272,0.9881105190481259,0.8435196293063132,12000.0,203.65386962890625,2.600006103515625,0.0,0.0033333333334303905
MN,band,3,AE,A,OOD,-1_49,63,148,0.9876662376662377,0.9778467874099905,1.7207656496067605,12000.0,318.88848876953125,1.79998779296875,0.0,0.006666666666769832
MN,band,3,AE,A,OOD,-1_56,428,256,0.9437244450934579,0.9625582484632553,0.3880379033230242,24000.0,347.0,0.70001220703125,0.0,0.004444444444422272
MN,band,3,AE,A,OOD,0_45,121,153,0.984605412412899,0.9835750749239616,0.07991315219414606,24000.0,480.51405334472656,2.0999755859375,0.0,0.0
MN,band,3,AE,A,OOD,0_56,471,170,0.9555763706756588,0.9819113362096693,0.3880379033230242,24000.0,349.8699951171875,0.600006103515625,0.0,0.0033333333333091246
MN,band,3,AE,A,OOD,1_46,116,292,0.9875118091639112,0.9746391668882466,0.00826515733896413,24000.0,373.0034942626953,1.9000244140625,0.0,0.0
MN,band,3,AE,A,OOD,1_57,29,126,0.9983579638752051,0.9940886699507387,0.17764213535066115,24000.0,329.70335388183594,0.899993896484375,0.0,0.0
MN,band,3,AE,A,OOD,2_55,64,45,0.9291666666666667,0.9185116764907433,0.00024867286198542566,24000.0,362.887451171875,1.0,0.0,0.0
MN,band,3,AE,A,OOD,2_56,120,195,0.9125641025641026,0.8855102933556174,0.00024867286198542566,24000.0,345.498779296875,1.5,0.0,0.0
MN,band,3,AE,A,OOD,2_57,43,101,0.9949343771586462,0.9911153839778548,0.00024867286198542566,24000.0,333.3240661621094,0.899993896484375,0.0,0.0
MN,band,3,AE,A,OOD,3_47,292,487,0.9794520547945206,0.9676927773450663,0.16889120879673164,12000.0,304.6300048828125,3.0,0.0,0.002222222222286927
MN,band,3,AE,A,OOD,3_49,343,401,0.9647310295689348,0.9611002086556117,0.6922684696308988,12000.0,289.25,2.45001220703125,0.0,0.014444444444364806
MN,band,3,AE,A,OOD,3_54,286,149,0.9396677148355002,0.9622126309503274,0.004580655015265267,24000.0,391.541015625,1.29998779296875,0.0,0.04111111111176247
MN,band,3,AE,A,OOD,4_50,524,345,0.9512335435335768,0.9697487736612973,0.12029109045002201,12000.0,283.66290283203125,1.899993896484375,0.0,0.001111111111113147
MN,band,3,AE,A,OOD,4_51,178,207,0.9677305541985561,0.9653206146704226,0.11971671588443056,24000.0,318.8377990722656,2.29998779296875,0.0,0.0
MN,band,3,AE,A,OOD,4_52,82,98,0.9649079143852662,0.9531496840013037,0.009683640362636716,24000.0,386.30419921875,2.04998779296875,0.0,0.0
MN,band,3,AE,A,OOD,4_53,439,227,0.9245481821922069,0.9626326342467563,0.009683640362636716,24000.0,383.1594543457031,1.600006103515625,0.0,0.0
MN,band,3,AE,A,OOD,5_45,36,108,0.9904835390946503,0.9734302794392959,2.246925584008514,24000.0,394.05348205566406,3.29998779296875,0.0,0.0
MN,band,3,AE,A,OOD,5_46,108,331,0.9947409645294841,0.9852478308205778,1.6744062092218928,12000.0,368.8389892578125,6.0,0.0,0.0
MN,band,3,AE,A,OOD,5_52,205,374,0.9454936741880788,0.8940096455560269,0.009683640362636716,12000.0,356.46966552734375,2.899993896484375,0.0,0.0
MN,band,3,AE,A,OOD,6_45,34,116,0.9885902636916836,0.9619975178083751,0.41482021786023643,18000.0,372.65435791015625,9.649993896484375,0.0,0.0
MN,band,3,AE,A,OOD,6_56,73,57,0.9930305215092526,0.9946486140955997,0.009683640362636716,24000.0,380.54998779296875,0.5500030517578125,0.0,0.33944444444453514
MN,band,3,AE,A,OOD,7_46,106,182,0.9946091644204852,0.9857213249124408,0.8435196293063132,12000.0,230.22554779052734,7.1999969482421875,0.0,0.0
MN,band,3,AE,AE,ID,-1_49,826,793,0.98172569303439,0.9813129313349622,0.908195597596609,12000.0,308.5686340332031,1.20001220703125,0.0,0.03666666666679448
MN,band,3,AE,AE,ID,1_57,810,194,0.9918607611047473,0.9981086935556487,0.17764213535066115,24000.0,323.510009765625,0.0,0.0,1.0
MN,band,3,AE,AE,ID,1_58,424,91,0.9983931163176447,0.9996562039948257,,12000.0,323.4200134277344,0.0,0.0,1.0
MN,band,3,AE,AE,ID,3_47,404,494,0.9864111917264602,0.98349034364273,0.16889120879673164,12000.0,304.6700134277344,2.6999893188476562,0.0,0.005555555555596052
MN,band,3,AE,AE,ID,3_49,560,1224,0.965890522875817,0.9343562316017576,0.6922684696308988,12000.0,290.81297302246094,2.899993896484375,0.0,0.00888888888887486
MN,band,3,AE,AE,ID,4_50,400,368,0.9326358695652174,0.9454990692259221,0.12029109045002201,12000.0,285.0681610107422,2.29998779296875,0.0,0.0
MN,band,3,AE,AE,ID,4_53,34,127,0.8825845298749422,0.7086357810055111,0.009683640362636716,24000.0,385.76025390625,1.800018310546875,0.0,0.0
MN,band,3,AE,AE,ID,5_46,48,246,0.9933943089430894,0.9548853267699458,1.6744062092218928,12000.0,376.30406188964844,6.0,0.0,0.0
MN,band,3,AE,AE,ID,5_48,715,391,0.9955716917353746,0.9971918926349478,1.7665504830856904,12000.0,207.87162017822266,1.5999984741210938,0.0,0.2777777777775289
MN,band,3,AE,AE,ID,5_52,92,124,0.937938288920056,0.8753316280048363,0.009683640362636716,12000.0,349.7355651855469,2.5999984741210938,0.0,0.0
MN,band,3,AE,AE,ID,7_46,400,275,0.9731272727272727,0.9585427767246746,0.8435196293063132,12000.0,203.65386962890625,2.600006103515625,0.0,0.0033333333334303905
MN,shadedX,0,A,A,ID,-1_51,514,279,0.6794555318466451,0.8072030052522081,0.0368463588598811,12000.0,296.0506896972656,0.5,0.0,0.0
MN,shadedX,0,A,A,ID,-1_52,246,223,0.7935032265120857,0.8318285737619832,1.7049154940954943,24000.0,283.2042541503906,0.70001220703125,0.0,0.0
MN,shadedX,0,A,A,ID,0_47,52,212,0.83572206095791,0.6540270712777791,2.050688907604624,12000.0,349.8522644042969,1.0,0.0,0.0011111111110828306
MN,shadedX,0,A,A,ID,0_48,274,48,0.8572840632603407,0.9696897204245145,1.1148666220638483,12000.0,318.10882568359375,1.149993896484375,0.0,0.038888888889081416
MN,shadedX,0,A,A,ID,2_47,95,115,0.9245766590389016,0.9324002213048022,0.6389516122360201,12000.0,245.29821014404297,4.6999969482421875,0.0,0.22111111111169826
MN,shadedX,0,A,A,ID,2_49,327,101,0.8939049868289579,0.9664588003531009,0.5366081860591692,12000.0,331.3999938964844,0.100006103515625,0.0,0.20555555555596264
MN,shadedX,0,A,A,ID,4_45,147,83,0.918449307433817,0.954176107675925,0.2386902744023313,12000.0,368.3900146484375,0.79998779296875,0.0,0.00999999999997285
MN,shadedX,0,A,A,ID,4_46,243,57,0.8686015450148005,0.9640187338413869,0.8976554945754902,24000.0,364.168212890625,1.0,0.0,0.0
MN,shadedX,0,A,A,ID,4_49,842,470,0.7855561732450599,0.8703659375270951,0.46193748578503846,12000.0,273.63214111328125,0.79998779296875,0.0,0.01777777777781035
MN,shadedX,0,A,AE,OOD,-1_51,239,303,0.6319234433903641,0.6255858960554744,0.0368463588598811,12000.0,295.8797302246094,0.5,0.0,0.0
MN,shadedX,0,A,AE,OOD,-1_52,305,245,0.7945265975242556,0.8450502843588052,1.7049154940954943,24000.0,283.0371856689453,0.70001220703125,0.0,0.0
MN,shadedX,0,A,AE,OOD,-2_53,1437,925,0.6499561774718351,0.769896724238066,1.7049154940954943,12000.0,269.1406555175781,0.600006103515625,0.0,0.0
MN,shadedX,0,A,AE,OOD,0_47,406,224,0.8644880365939478,0.9246592893852503,2.050688907604624,12000.0,344.2884063720703,1.0,0.0,0.004444444444482905
MN,shadedX,0,A,AE,OOD,0_48,441,51,0.8512738428704815,0.9776788531085295,1.1148666220638483,12000.0,319.81321716308594,1.0,0.0,0.02333333333342156
MN,shadedX,0,A,AE,OOD,2_47,468,87,0.9587631397976225,0.9924933135546874,0.6389516122360201,12000.0,244.5248565673828,2.100006103515625,0.0,0.30222222222213907
MN,shadedX,0,A,AE,OOD,2_49,347,94,0.882028327917101,0.9674808924067282,0.5366081860591692,12000.0,331.1756591796875,0.0,0.0,0.23999999999777208
MN,shadedX,0,A,AE,OOD,4_45,191,90,0.8777777777777778,0.9418622870260205,0.2386902744023313,12000.0,368.3900146484375,0.70001220703125,0.0,0.018888888888468756
MN,shadedX,0,A,AE,OOD,4_46,73,82,0.8995990644837956,0.9016152247495037,0.8976554945754902,24000.0,365.8661193847656,1.899993896484375,0.0,0.0011111111110828306
MN,shadedX,0,A,AE,OOD,4_49,778,494,0.780543904749019,0.8509080263907443,0.46193748578503846,12000.0,273.90025329589844,0.850006103515625,0.0,0.01444444444450123
MN,shadedX,0,AE,A,OOD,-1_51,514,279,0.8143801514580982,0.8867137830480792,0.0368463588598811,12000.0,296.0506896972656,0.5,0.0,0.0
MN,shadedX,0,AE,A,OOD,-1_52,246,223,0.7820554887163222,0.8183733926228538,1.7049154940954943,24000.0,283.2042541503906,0.70001220703125,0.0,0.0
MN,shadedX,0,AE,A,OOD,0_47,52,212,0.847877358490566,0.6844939655509084,2.050688907604624,12000.0,349.8522644042969,1.0,0.0,0.0011111111110828306
MN,shadedX,0,AE,A,OOD,0_48,274,48,0.8418491484184916,0.9683181182306512,1.1148666220638483,12000.0,318.10882568359375,1.149993896484375,0.0,0.038888888889081416
MN,shadedX,0,AE,A,OOD,2_47,95,115,0.9445308924485126,0.953186697716108,0.6389516122360201,12000.0,245.29821014404297,4.6999969482421875,0.0,0.22111111111169826
MN,shadedX,0,AE,A,OOD,2_49,327,101,0.9243951918127592,0.9760611137627876,0.5366081860591692,12000.0,331.3999938964844,0.100006103515625,0.0,0.20555555555596264
MN,shadedX,0,AE,A,OOD,4_45,147,83,0.8746004425866732,0.9315052275930895,0.2386902744023313,12000.0,368.3900146484375,0.79998779296875,0.0,0.00999999999997285
MN,shadedX,0,AE,A,OOD,4_46,243,57,0.8383510215868891,0.9555811867859125,0.8976554945754902,24000.0,364.168212890625,1.0,0.0,0.0
MN,shadedX,0,AE,A,OOD,4_49,842,470,0.8325845251933088,0.905655764318493,0.46193748578503846,12000.0,273.63214111328125,0.79998779296875,0.0,0.01777777777781035
MN,shadedX,0,AE,AE,ID,-1_51,239,303,0.796401397461922,0.764109719906467,0.0368463588598811,12000.0,295.8797302246094,0.5,0.0,0.0
MN,shadedX,0,AE,AE,ID,-1_52,305,245,0.7739444630311141,0.8289573637207076,1.7049154940954943,24000.0,283.0371856689453,0.70001220703125,0.0,0.0
MN,shadedX,0,AE,AE,ID,-2_53,1437,925,0.7267204574093926,0.8203760592759557,1.7049154940954943,12000.0,269.1406555175781,0.600006103515625,0.0,0.0
MN,shadedX,0,AE,AE,ID,0_47,406,224,0.8826090781140042,0.9346431271759004,2.050688907604624,12000.0,344.2884063720703,1.0,0.0,0.004444444444482905
MN,shadedX,0,AE,AE,ID,0_48,441,51,0.8208616780045351,0.9734335281002311,1.1148666220638483,12000.0,319.81321716308594,1.0,0.0,0.02333333333342156
MN,shadedX,0,AE,AE,ID,2_47,468,87,0.9526230474506336,0.9913136801149969,0.6389516122360201,12000.0,244.5248565673828,2.100006103515625,0.0,0.30222222222213907
MN,shadedX,0,AE,AE,ID,2_49,347,94,0.9206266478631431,0.9779185510684285,0.5366081860591692,12000.0,331.1756591796875,0.0,0.0,0.23999999999777208
MN,shadedX,0,AE,AE,ID,4_45,191,90,0.8357766143106458,0.920537921289187,0.2386902744023313,12000.0,368.3900146484375,0.70001220703125,0.0,0.018888888888468756
MN,shadedX,0,AE,AE,ID,4_46,73,82,0.8498162378884063,0.8464739384776672,0.8976554945754902,24000.0,365.8661193847656,1.899993896484375,0.0,0.0011111111110828306
MN,shadedX,0,AE,AE,ID,4_49,778,494,0.8359153023948046,0.8945892278790092,0.46193748578503846,12000.0,273.90025329589844,0.850006103515625,0.0,0.01444444444450123
MN,shadedX,1,A,A,ID,-1_53,73,329,0.6503726527043344,0.3889538652999227,0.6816075160735557,24000.0,279.53924560546875,0.79998779296875,0.0,0.0
MN,shadedX,1,A,A,ID,-2_57,247,570,0.7679806804460544,0.6655627365411816,0.662416951190483,12000.0,242.7991180419922,0.6999969482421875,0.0,0.004444444444604171
MN,shadedX,1,A,A,ID,0_55,137,92,0.6537607108854331,0.7525825221432607,0.5944916975356539,12000.0,350.34735107421875,0.5,0.0,0.0
MN,shadedX,1,A,A,ID,0_57,259,116,0.7405804819597922,0.8804824083592059,0.17764213535066115,24000.0,317.6499938964844,0.5999755859375,0.0,0.001111111111113147
MN,shadedX,1,A,A,ID,2_50,221,140,0.8179379444085326,0.8625331727556566,0.4158517525221228,12000.0,320.1085510253906,1.20001220703125,0.0,0.024444444444034485
MN,shadedX,1,A,A,ID,3_53,164,130,0.9171200750469043,0.944613975780408,0.004580655015265267,24000.0,389.29998779296875,0.8000030517578125,0.0,0.35666666666601576
MN,shadedX,1,A,A,ID,4_47,264,90,0.9242003367003367,0.9751462083418754,1.7665504830856904,24000.0,306.2099914550781,0.5999755859375,0.0,0.005555555555687002
MN,shadedX,1,A,AE,OOD,-1_53,524,368,0.6456189844009294,0.7242151058499589,0.6816075160735557,24000.0,278.3266143798828,0.600006103515625,0.0,0.0
MN,shadedX,1,A,AE,OOD,-1_54,318,84,0.6355196166516921,0.8412731674955742,0.6816075160735557,24000.0,272.0074157714844,0.5,0.0,0.0
MN,shadedX,1,A,AE,OOD,-2_54,447,385,0.7107237281733927,0.7424533001479285,0.6816075160735557,24000.0,264.41917419433594,0.600006103515625,0.0,0.0
MN,shadedX,1,A,AE,OOD,-2_55,100,122,0.7345901639344263,0.7141181330861766,0.3880379033230242,12000.0,248.2616729736328,0.5,0.0,0.0011111111111737802
MN,shadedX,1,A,AE,OOD,-2_57,702,607,0.7699676612361951,0.8184572172278908,0.662416951190483,12000.0,242.3464813232422,0.6999969482421875,0.0,0.007777777777882979
MN,shadedX,1,A,AE,OOD,0_55,116,91,0.6185107995452823,0.7187092197571132,0.5944916975356539,12000.0,349.6040954589844,0.600006103515625,0.0,0.0
MN,shadedX,1,A,AE,OOD,0_57,832,106,0.6856630986937591,0.9527255877016334,0.17764213535066115,24000.0,316.9049987792969,0.600006103515625,0.0,0.010000000000063798
MN,shadedX,1,A,AE,OOD,2_50,140,135,0.8314285714285714,0.8168863568584982,0.4158517525221228,12000.0,319.1747741699219,1.600006103515625,0.0,0.026666666666685202
MN,shadedX,1,A,AE,OOD,3_53,278,157,0.9221921825596848,0.9597497297867739,0.004580655015265267,24000.0,388.79498291015625,0.5,0.0,0.33000000000033125
MN,shadedX,1,A,AE,OOD,4_47,219,97,0.8950242432801391,0.9560622571305983,1.7665504830856904,24000.0,301.6437530517578,0.649993896484375,0.0,0.002222222222286927
MN,shadedX,1,A,AE,OOD,4_48,806,310,0.9032258064516129,0.9655688741433608,0.9978058430098368,6000.0,214.6294937133789,1.0,0.0,0.33777777777688034
MN,shadedX,1,A,AE,OOD,4_56,551,42,0.8925762682568491,0.9913236830835865,0.00024867286198542566,24000.0,338.00408935546875,0.0,0.0,0.505555555554388
MN,shadedX,1,AE,A,OOD,-1_53,73,329,0.7125785901652996,0.40274038953411395,0.6816075160735557,24000.0,279.53924560546875,0.79998779296875,0.0,0.0
MN,shadedX,1,AE,A,OOD,-2_57,247,570,0.7549257759784076,0.6668005227237361,0.662416951190483,12000.0,242.7991180419922,0.6999969482421875,0.0,0.004444444444604171
MN,shadedX,1,AE,A,OOD,0_55,137,92,0.7868137099333545,0.8535615790383264,0.5944916975356539,12000.0,350.34735107421875,0.5,0.0,0.0
MN,shadedX,1,AE,A,OOD,0_57,259,116,0.7925043269870856,0.9095345899515133,0.17764213535066115,24000.0,317.6499938964844,0.5999755859375,0.0,0.001111111111113147
MN,shadedX,1,AE,A,OOD,2_50,221,140,0.8682611506140918,0.9039847648728113,0.4158517525221228,12000.0,320.1085510253906,1.20001220703125,0.0,0.024444444444034485
MN,shadedX,1,AE,A,OOD,3_53,164,130,0.9113039399624765,0.9371742144241729,0.004580655015265267,24000.0,389.29998779296875,0.8000030517578125,0.0,0.35666666666601576
MN,shadedX,1,AE,A,OOD,4_47,264,90,0.9198653198653198,0.9742302965150442,1.7665504830856904,24000.0,306.2099914550781,0.5999755859375,0.0,0.005555555555687002
MN,shadedX,1,AE,AE,ID,-1_53,524,368,0.7239203036840358,0.7712017929355337,0.6816075160735557,24000.0,278.3266143798828,0.600006103515625,0.0,0.0
MN,shadedX,1,AE,AE,ID,-1_54,318,84,0.7037660976340222,0.9054386576145329,0.6816075160735557,24000.0,272.0074157714844,0.5,0.0,0.0
MN,shadedX,1,AE,AE,ID,-2_54,447,385,0.689990993346698,0.7872904164153195,0.6816075160735557,24000.0,264.41917419433594,0.600006103515625,0.0,0.0
MN,shadedX,1,AE,AE,ID,-2_55,100,122,0.9068032786885245,0.8743188264972628,0.3880379033230242,12000.0,248.2616729736328,0.5,0.0,0.0011111111111737802
MN,shadedX,1,AE,AE,ID,-2_57,702,607,0.7762148157535307,0.8288009556283494,0.662416951190483,12000.0,242.3464813232422,0.6999969482421875,0.0,0.007777777777882979
MN,shadedX,1,AE,AE,ID,0_55,116,91,0.741474043198181,0.812963366638937,0.5944916975356539,12000.0,349.6040954589844,0.600006103515625,0.0,0.0
MN,shadedX,1,AE,AE,ID,0_57,832,106,0.8147677793904209,0.9735082493950128,0.17764213535066115,24000.0,316.9049987792969,0.600006103515625,0.0,0.010000000000063798
MN,shadedX,1,AE,AE,ID,2_50,140,135,0.8558730158730158,0.851131499417326,0.4158517525221228,12000.0,319.1747741699219,1.600006103515625,0.0,0.026666666666685202
MN,shadedX,1,AE,AE,ID,3_53,278,157,0.8973330889428585,0.9426146215282589,0.004580655015265267,24000.0,388.79498291015625,0.5,0.0,0.33000000000033125
MN,shadedX,1,AE,AE,ID,4_47,219,97,0.8864096408228593,0.9551318800838962,1.7665504830856904,24000.0,301.6437530517578,0.649993896484375,0.0,0.002222222222286927
MN,shadedX,1,AE,AE,ID,4_48,806,310,0.9267549827903625,0.9731388919056629,0.9978058430098368,6000.0,214.6294937133789,1.0,0.0,0.33777777777688034
MN,shadedX,1,AE,AE,ID,4_56,551,42,0.8680753608158328,0.989216324088233,0.00024867286198542566,24000.0,338.00408935546875,0.0,0.0,0.505555555554388
MN,shadedX,2,A,A,ID,-1_48,146,78,0.717685282753776,0.8423124018802841,1.7207656496067605,12000.0,335.24476623535156,1.04998779296875,0.0,0.009444444444355642
MN,shadedX,2,A,A,ID,-2_52,130,713,0.8399611608587765,0.6413419600959396,0.0368463588598811,12000.0,278.0964660644531,0.600006103515625,0.0,0.0
MN,shadedX,2,A,A,ID,-2_56,236,1193,0.8054612357395542,0.6480399122860078,0.3880379033230242,12000.0,245.30291748046875,0.5999908447265625,0.0,0.008888888888571696
MN,shadedX,2,A,A,ID,0_49,298,59,0.902798316460016,0.9793740991462265,0.6876319876855833,24000.0,314.06610107421875,0.600006103515625,0.0,0.002222222222256611
MN,shadedX,2,A,A,ID,1_47,180,32,0.9463541666666666,0.9901756461380186,0.9817638951084386,12000.0,299.59962463378906,1.5500030517578125,0.0,0.041111111111186455
MN,shadedX,2,A,A,ID,3_48,149,238,0.886611020247025,0.8736382219558075,0.6673535666313604,12000.0,283.0199890136719,2.20001220703125,0.0,0.06666666666660695
MN,shadedX,2,A,AE,OOD,-1_48,697,47,0.7076833847187034,0.9740957668458232,1.7207656496067605,12000.0,335.04286193847656,0.79998779296875,0.0,0.006666666666724358
MN,shadedX,2,A,AE,OOD,-2_52,144,676,0.859837278106509,0.662628455770639,0.0368463588598811,12000.0,278.0203399658203,0.600006103515625,0.0,0.0
MN,shadedX,2,A,AE,OOD,-2_56,964,1121,0.8136426057054867,0.8250630437253779,0.3880379033230242,12000.0,245.05030822753906,0.5999908447265625,0.0,0.017777777777870984
MN,shadedX,2,A,AE,OOD,0_49,139,70,0.931551901336074,0.9696199785269001,0.6876319876855833,24000.0,314.9393310546875,0.699981689453125,0.0,0.0
MN,shadedX,2,A,AE,OOD,3_48,1079,307,0.8883270491135173,0.9686160393888923,0.6673535666313604,6000.0,283.0199890136719,1.0,0.0,0.3144444444447777
MN,shadedX,2,AE,A,OOD,-1_48,146,78,0.7730944854232525,0.873607999905206,1.7207656496067605,12000.0,335.24476623535156,1.04998779296875,0.0,0.009444444444355642
MN,shadedX,2,AE,A,OOD,-2_52,130,713,0.8568669759413097,0.6477883958325394,0.0368463588598811,12000.0,278.0964660644531,0.600006103515625,0.0,0.0
MN,shadedX,2,AE,A,OOD,-2_56,236,1193,0.798375410232003,0.6302297947011685,0.3880379033230242,12000.0,245.30291748046875,0.5999908447265625,0.0,0.008888888888571696
MN,shadedX,2,AE,A,OOD,0_49,298,59,0.9295302013422818,0.9841499905069147,0.6876319876855833,24000.0,314.06610107421875,0.600006103515625,0.0,0.002222222222256611
MN,shadedX,2,AE,A,OOD,1_47,180,32,0.9071180555555556,0.9815699190732475,0.9817638951084386,12000.0,299.59962463378906,1.5500030517578125,0.0,0.041111111111186455
MN,shadedX,2,AE,A,OOD,3_48,149,238,0.9036151373300999,0.8973051186505896,0.6673535666313604,12000.0,283.0199890136719,2.20001220703125,0.0,0.06666666666660695
MN,shadedX,2,AE,AE,ID,-1_48,697,47,0.8053664641777831,0.9826372795698094,1.7207656496067605,12000.0,335.04286193847656,0.79998779296875,0.0,0.006666666666724358
MN,shadedX,2,AE,AE,ID,-2_52,144,676,0.859107905982906,0.6363394996809345,0.0368463588598811,12000.0,278.0203399658203,0.600006103515625,0.0,0.0
MN,shadedX,2,AE,AE,ID,-2_56,964,1121,0.7803772565248129,0.8018184422598177,0.3880379033230242,12000.0,245.05030822753906,0.5999908447265625,0.0,0.017777777777870984
MN,shadedX,2,AE,AE,ID,0_49,139,70,0.9452209660842755,0.9711013263183602,0.6876319876855833,24000.0,314.9393310546875,0.699981689453125,0.0,0.0
MN,shadedX,2,AE,AE,ID,3_48,1079,307,0.9222165535104587,0.9782618395744247,0.6673535666313604,6000.0,283.0199890136719,1.0,0.0,0.3144444444447777
MN,shadedX,3,A,A,ID,0_45,121,30,0.9325068870523416,0.9807849734271465,0.07991315219414606,24000.0,476.26153564453125,0.199981689453125,0.0,0.0044444444441494235
MN,shadedX,3,A,A,ID,0_56,471,40,0.971656050955414,0.9976237408289594,0.3880379033230242,24000.0,349.4593811035156,0.600006103515625,0.0,0.034444444444113445
MN,shadedX,3,A,A,ID,1_46,116,146,0.8223901747756259,0.8303424079271191,0.00826515733896413,24000.0,412.8970031738281,1.100006103515625,0.0,0.005555555555626369
MN,shadedX,3,A,A,ID,1_57,29,140,0.9674876847290641,0.9462545187754284,0.17764213535066115,24000.0,324.95001220703125,0.70001220703125,0.0,0.0
MN,shadedX,3,A,A,ID,3_47,292,78,0.9086318932209342,0.9747908056709583,0.16889120879673164,12000.0,259.65020751953125,1.20001220703125,0.0,0.2822222222217388
MN,shadedX,3,A,A,ID,3_49,343,302,0.8628192999053927,0.893836681718742,0.6922684696308988,12000.0,281.32000732421875,2.0,0.0,0.05333333333352204
MN,shadedX,3,A,A,ID,4_50,524,93,0.6989657719773454,0.9282900811762124,0.12029109045002201,12000.0,281.5090026855469,1.5,0.0,0.028888888888123278
MN,shadedX,3,A,A,ID,4_53,439,69,0.45237859430193783,0.8773405975511366,0.009683640362636716,24000.0,381.0467529296875,1.600006103515625,0.0,0.0
MN,shadedX,3,A,A,ID,5_46,108,68,0.9153050108932462,0.9378787576941456,1.6744062092218928,12000.0,315.1855773925781,1.149993896484375,0.0,0.0
MN,shadedX,3,A,AE,OOD,1_57,810,193,0.9269813855306084,0.9838383906304456,0.17764213535066115,24000.0,323.510009765625,0.0,0.0,1.0
MN,shadedX,3,A,AE,OOD,1_58,424,159,0.965883469799454,0.9889112444359188,,12000.0,323.5059814453125,0.0,0.0,1.0
MN,shadedX,3,A,AE,OOD,3_47,404,115,0.9036160137752905,0.9726246340290292,0.16889120879673164,12000.0,291.2042541503906,1.100006103515625,0.0,0.2577777777788565
MN,shadedX,3,A,AE,OOD,3_49,560,297,0.8663119288119288,0.9296018143998377,0.6922684696308988,12000.0,281.3646545410156,1.300018310546875,0.0,0.07222222222244554
MN,shadedX,3,A,AE,OOD,4_50,400,70,0.6842499999999998,0.9269474915851488,0.12029109045002201,12000.0,282.69525146484375,1.54998779296875,0.0,0.02555555555572365
MN,shadedX,3,A,AE,OOD,4_53,34,59,0.3574277168494516,0.3073769141705028,0.009683640362636716,24000.0,380.49322509765625,1.699981689453125,0.0,0.0
MN,shadedX,3,A,AE,OOD,5_46,48,66,0.9479166666666667,0.9399855789632061,1.6744062092218928,12000.0,314.4420623779297,1.2500152587890625,0.0,0.0
MN,shadedX,3,A,AE,OOD,5_48,715,76,0.9577843209422157,0.9954784300199694,1.7665504830856904,12000.0,206.96435546875,0.5999908447265625,0.0,0.5077777777764021
MN,shadedX,3,AE,A,OOD,0_45,121,30,0.903305785123967,0.9726682309934964,0.07991315219414606,24000.0,476.26153564453125,0.199981689453125,0.0,0.0044444444441494235
MN,shadedX,3,AE,A,OOD,0_56,471,40,0.9124203821656052,0.9921991706640051,0.3880379033230242,24000.0,349.4593811035156,0.600006103515625,0.0,0.034444444444113445
MN,shadedX,3,AE,A,OOD,1_46,116,146,0.7550779404818139,0.7178183541482316,0.00826515733896413,24000.0,412.8970031738281,1.100006103515625,0.0,0.005555555555626369
MN,shadedX,3,AE,A,OOD,1_57,29,140,0.9699507389162562,0.9534473948513733,0.17764213535066115,24000.0,324.95001220703125,0.70001220703125,0.0,0.0
MN,shadedX,3,AE,A,OOD,3_47,292,78,0.928345626975764,0.980475518962922,0.16889120879673164,12000.0,259.65020751953125,1.20001220703125,0.0,0.2822222222217388
MN,shadedX,3,AE,A,OOD,3_49,343,302,0.8548935184291314,0.8921293748458763,0.6922684696308988,12000.0,281.32000732421875,2.0,0.0,0.05333333333352204
MN,shadedX,3,AE,A,OOD,4_50,524,93,0.7751374866617418,0.94219012345611,0.12029109045002201,12000.0,281.5090026855469,1.5,0.0,0.028888888888123278
MN,shadedX,3,AE,A,OOD,4_53,439,69,0.702650952428114,0.9404086910362504,0.009683640362636716,24000.0,381.0467529296875,1.600006103515625,0.0,0.0
MN,shadedX,3,AE,A,OOD,5_46,108,68,0.866557734204793,0.8990608618644754,1.6744062092218928,12000.0,315.1855773925781,1.149993896484375,0.0,0.0
MN,shadedX,3,AE,AE,ID,1_57,810,193,0.9447067101643959,0.9876142298027581,0.17764213535066115,24000.0,323.510009765625,0.0,0.0,1.0
MN,shadedX,3,AE,AE,ID,1_58,424,159,0.9793520825916697,0.9930249597823051,,12000.0,323.5059814453125,0.0,0.0,1.0
MN,shadedX,3,AE,AE,ID,3_47,404,115,0.9255488592337495,0.979502160408471,0.16889120879673164,12000.0,291.2042541503906,1.100006103515625,0.0,0.2577777777788565
MN,shadedX,3,AE,AE,ID,3_49,560,297,0.8609487734487734,0.9270613380675182,0.6922684696308988,12000.0,281.3646545410156,1.300018310546875,0.0,0.07222222222244554
MN,shadedX,3,AE,AE,ID,4_50,400,70,0.7677857142857143,0.9420717515340651,0.12029109045002201,12000.0,282.69525146484375,1.54998779296875,0.0,0.02555555555572365
MN,shadedX,3,AE,AE,ID,4_53,34,59,0.627617148554337,0.4982013589637403,0.009683640362636716,24000.0,380.49322509765625,1.699981689453125,0.0,0.0
MN,shadedX,3,AE,AE,ID,5_46,48,66,0.8753156565656566,0.8312404020781683,1.6744062092218928,12000.0,314.4420623779297,1.2500152587890625,0.0,0.0
MN,shadedX,3,AE,AE,ID,5_48,715,76,0.9693595877806404,0.996709633035072,1.7665504830856904,12000.0,206.96435546875,0.5999908447265625,0.0,0.5077777777764021
IA,band,0,A,A,ID,-1_44,339,371,0.9836843737327958,0.9738345621257066,0.0021727180651767066,24000.0,388.017333984375,3.25,0.0,0.0
IA,band,0,A,A,ID,-1_45,234,227,0.9982868330885952,0.9984452167993351,0.02004102728824482,24000.0,418.7870788574219,3.70001220703125,0.0,0.0
IA,band,0,A,A,ID,0_39,330,132,0.9108815426997245,0.9475845719656515,0.03616007671104058,24000.0,285.4215087890625,1.399993896484375,0.0,0.39666666666689193
IA,band,0,A,A,ID,0_41,295,385,0.9887387189082104,0.9781701703148061,0.005373113792123841,12000.0,355.32823181152344,4.5500030517578125,0.0,0.0
IA,band,0,A,A,ID,0_44,275,355,0.9982279129321383,0.9977873764681687,0.0021727180651767066,24000.0,432.38014221191406,2.5,0.0,0.0
IA,band,0,A,A,ID,0_45,209,261,0.9870025115034189,0.9747461543380734,0.02004102728824482,24000.0,452.0368957519531,2.45001220703125,0.0,0.0
IA,band,0,A,A,ID,2_45,97,210,0.9881197839960726,0.9819123647391165,0.0011463239351234065,24000.0,378.270751953125,1.20001220703125,0.0,0.0011111111109615647
IA,band,0,A,A,ID,4_40,505,350,0.9986478076379066,0.9990491496342817,0.39080310800423634,24000.0,258.7508544921875,4.4000091552734375,0.0,0.0
IA,band,0,A,A,ID,4_44,348,374,0.9877374147151023,0.9875405180081801,0.056204293135757644,24000.0,346.8564147949219,1.899993896484375,0.0,0.0
IA,band,0,A,A,ID,5_43,495,280,0.9955555555555555,0.9975706217882797,0.9288447979367633,12000.0,276.4352722167969,2.79998779296875,0.0,0.0
IA,band,0,A,A,ID,5_44,513,497,0.99435207737654,0.9947969277877174,0.02938330180893374,24000.0,313.33570861816406,3.100006103515625,0.0,0.0
IA,band,0,A,A,ID,5_45,258,294,0.9905341981753942,0.9890967898813527,0.02938330180893374,24000.0,371.96759033203125,2.5999755859375,0.0,0.0
IA,band,0,A,A,ID,6_42,335,341,0.9991946426226639,0.9991872434899671,0.11282135844776217,24000.0,248.48174285888672,4.5,0.0,0.0
IA,band,0,A,A,ID,7_39,235,288,0.9890661938534279,0.982707468640863,0.06344349524591944,6000.0,193.58961486816406,2.9000091552734375,0.0,0.0022222222221959776
IA,band,0,A,A,ID,7_43,236,354,0.9992099971272623,0.9989683780612861,0.11879900960994477,24000.0,300.4395446777344,4.5,0.0,0.0
IA,band,0,A,AE,OOD,-1_44,107,280,0.9863818424566089,0.955601990780583,0.0021727180651767066,24000.0,392.5108337402344,7.399993896484375,0.0,0.0
IA,band,0,A,AE,OOD,-2_43,98,100,0.9842857142857142,0.9816737128301822,0.15512707437084838,12000.0,340.8281555175781,1.3000030517578125,0.0,0.14333333333353535
IA,band,0,A,AE,OOD,0_39,551,647,0.895079060973865,0.86844273532301,0.03616007671104058,24000.0,287.4937286376953,1.9000244140625,0.0,0.2327777777780074
IA,band,0,A,AE,OOD,0_41,812,248,0.9892390354361988,0.9957290917862456,0.005373113792123841,12000.0,308.40821838378906,0.899993896484375,0.0,0.0
IA,band,0,A,AE,OOD,4_44,156,249,0.9905262073936772,0.9859325670176922,0.056204293135757644,24000.0,353.0902099609375,2.300018310546875,0.0,0.0
IA,band,0,A,AE,OOD,5_43,746,765,0.9956929331160524,0.9958085235928015,0.9288447979367633,12000.0,282.6241760253906,3.5,0.0,0.0
IA,band,0,A,AE,OOD,5_44,238,243,0.9944323408375696,0.994904235600003,0.02938330180893374,24000.0,316.3421936035156,2.800018310546875,0.0,0.0
IA,band,0,A,AE,OOD,6_42,427,663,0.9986329967043565,0.9980024804883549,0.633558194412068,12000.0,254.31983184814453,6.100006103515625,0.0,0.0
IA,band,0,A,AE,OOD,7_38,69,64,0.9807518115942029,0.9777222804254293,0.06344349524591944,6000.0,157.7391357421875,1.3000030517578125,0.0,0.3322222222236791
IA,band,0,A,AE,OOD,7_39,400,311,0.997588424437299,0.9980674812773453,0.06344349524591944,6000.0,183.1881103515625,2.1999969482421875,0.0,0.002222222222226294
IA,band,0,A,AE,OOD,7_43,90,178,0.9989388264669163,0.9980735186920752,0.11879900960994477,24000.0,306.1695556640625,6.0,0.0,0.0
IA,band,0,A,AE,OOD,9_43,92,164,0.9891967126193002,0.9706538070180557,0.039407311739067474,24000.0,183.33197021484375,3.5,0.0,0.08722222222226078
IA,band,0,AE,A,OOD,-1_44,339,371,0.9842568518474345,0.979270937963876,0.0021727180651767066,24000.0,388.017333984375,3.25,0.0,0.0
IA,band,0,AE,A,OOD,-1_45,234,227,0.9968560563274219,0.9971371833499778,0.02004102728824482,24000.0,418.7870788574219,3.70001220703125,0.0,0.0
IA,band,0,AE,A,OOD,0_39,330,132,0.9286042240587695,0.9631464049339931,0.03616007671104058,24000.0,285.4215087890625,1.399993896484375,0.0,0.39666666666689193
IA,band,0,AE,A,OOD,0_41,295,385,0.9860972925379705,0.9680520791691544,0.005373113792123841,12000.0,355.32823181152344,4.5500030517578125,0.0,0.0
IA,band,0,AE,A,OOD,0_44,275,355,0.9954519846350832,0.9946093009454705,0.0021727180651767066,24000.0,432.38014221191406,2.5,0.0,0.0
IA,band,0,AE,A,OOD,0_45,209,261,0.9824928046343655,0.967190158221512,0.02004102728824482,24000.0,452.0368957519531,2.45001220703125,0.0,0.0
IA,band,0,AE,A,OOD,2_45,97,210,0.9835051546391752,0.9785972781860113,0.0011463239351234065,24000.0,378.270751953125,1.20001220703125,0.0,0.0011111111109615647
IA,band,0,AE,A,OOD,4_40,505,350,0.9982347949080622,0.9987749350390989,0.39080310800423634,24000.0,258.7508544921875,4.4000091552734375,0.0,0.0
IA,band,0,AE,A,OOD,4_44,348,374,0.9872149486753949,0.9878623555486201,0.056204293135757644,24000.0,346.8564147949219,1.899993896484375,0.0,0.0
IA,band,0,AE,A,OOD,5_43,495,280,0.9949855699855699,0.9972581228693264,0.9288447979367633,12000.0,276.4352722167969,2.79998779296875,0.0,0.0
IA,band,0,AE,A,OOD,5_44,513,497,0.9927008444428755,0.9933731764689856,0.02938330180893374,24000.0,313.33570861816406,3.100006103515625,0.0,0.0
IA,band,0,AE,A,OOD,5_45,258,294,0.9925249169435215,0.9913483301142414,0.02938330180893374,24000.0,371.96759033203125,2.5999755859375,0.0,0.0
IA,band,0,AE,A,OOD,6_42,335,341,0.9990108110474023,0.999005349862348,0.11282135844776217,24000.0,248.48174285888672,4.5,0.0,0.0
IA,band,0,AE,A,OOD,7_39,235,288,0.9931294326241134,0.9907091146623482,0.06344349524591944,6000.0,193.58961486816406,2.9000091552734375,0.0,0.0022222222221959776
IA,band,0,AE,A,OOD,7_43,236,354,0.9992459063487504,0.9990565362767989,0.11879900960994477,24000.0,300.4395446777344,4.5,0.0,0.0
IA,band,0,AE,AE,ID,-1_44,107,280,0.9862817089452603,0.9584066596330089,0.0021727180651767066,24000.0,392.5108337402344,7.399993896484375,0.0,0.0
IA,band,0,AE,AE,ID,-2_43,98,100,0.9820408163265305,0.9789930468516733,0.15512707437084838,12000.0,340.8281555175781,1.3000030517578125,0.0,0.14333333333353535
IA,band,0,AE,AE,ID,0_39,551,647,0.9110988311262086,0.8861505158743365,0.03616007671104058,24000.0,287.4937286376953,1.9000244140625,0.0,0.2327777777780074
IA,band,0,AE,AE,ID,0_41,812,248,0.9877443190846973,0.9952492520806924,0.005373113792123841,12000.0,308.40821838378906,0.899993896484375,0.0,0.0
IA,band,0,AE,AE,ID,4_44,156,249,0.9885954072701061,0.984924968875548,0.056204293135757644,24000.0,353.0902099609375,2.300018310546875,0.0,0.0
IA,band,0,AE,AE,ID,5_43,746,765,0.9957016944400638,0.995764965964632,0.9288447979367633,12000.0,282.6241760253906,3.5,0.0,0.0
IA,band,0,AE,AE,ID,5_44,238,243,0.9966628626759345,0.9967071061316508,0.02938330180893374,24000.0,316.3421936035156,2.800018310546875,0.0,0.0
IA,band,0,AE,AE,ID,6_42,427,663,0.998541156689662,0.9979284388776504,0.633558194412068,12000.0,254.31983184814453,6.100006103515625,0.0,0.0
IA,band,0,AE,AE,ID,7_38,69,64,0.9762228260869565,0.9695604439086692,0.06344349524591944,6000.0,157.7391357421875,1.3000030517578125,0.0,0.3322222222236791
IA,band,0,AE,AE,ID,7_39,400,311,0.9964630225080386,0.9972620924609507,0.06344349524591944,6000.0,183.1881103515625,2.1999969482421875,0.0,0.002222222222226294
IA,band,0,AE,AE,ID,7_43,90,178,0.9993757802746567,0.9988291230501352,0.11879900960994477,24000.0,306.1695556640625,6.0,0.0,0.0
IA,band,0,AE,AE,ID,9_43,92,164,0.9893955461293744,0.9730847540609853,0.039407311739067474,24000.0,183.33197021484375,3.5,0.0,0.08722222222226078
IA,band,1,A,A,ID,-1_41,64,26,0.9044471153846154,0.9473733720176905,0.005373113792123841,12000.0,308.81385803222656,0.899993896484375,0.0,0.17444444444415783
IA,band,1,A,A,ID,-1_43,286,347,0.9837770298865399,0.9823907422712631,0.15512707437084838,12000.0,357.07525634765625,2.5,0.0,0.0
IA,band,1,A,A,ID,0_42,349,437,0.9996459318222053,0.9995541315432943,0.05083105154200276,24000.0,381.4407196044922,6.149993896484375,0.0,0.0
IA,band,1,A,A,ID,1_41,143,394,0.9999290050051471,0.9998097140954284,0.17030382588183438,24000.0,402.8639831542969,11.4000244140625,0.0,0.0
IA,band,1,A,A,ID,1_44,351,301,0.98741138276022,0.9903092464046478,0.051718550860907486,24000.0,408.0183868408203,1.79998779296875,0.0,0.0
IA,band,1,A,A,ID,2_40,213,381,0.9994578142520917,0.9990562953253369,0.011090254519043646,24000.0,384.00933837890625,8.599990844726562,0.0,0.0
IA,band,1,A,A,ID,2_42,313,382,0.9752270712409882,0.9774029848546137,0.046373166273365095,24000.0,345.75653076171875,1.899993896484375,0.0,0.0
IA,band,1,A,A,ID,2_44,324,367,0.9937262421367781,0.9934220261704783,0.020899868702626036,12000.0,364.5630798339844,1.5,0.0,0.0
IA,band,1,A,A,ID,3_40,334,353,0.9994232498176452,0.9994275545736913,0.39080310800423634,24000.0,297.75958251953125,6.100006103515625,0.0,0.0
IA,band,1,A,A,ID,5_41,371,386,0.9985824616287027,0.9985278378183556,,24000.0,260.5018310546875,4.0,0.0,0.0
IA,band,1,A,A,ID,5_42,439,355,0.9973884308126665,0.9979569569455903,0.11282135844776217,12000.0,272.55860900878906,3.5,0.0,0.0
IA,band,1,A,A,ID,6_40,595,263,0.9952966738026008,0.9979392814897547,0.032074387094047266,24000.0,210.41073608398438,2.399993896484375,0.0,0.0011111111111434635
IA,band,1,A,A,ID,6_41,500,365,0.9982575342465754,0.998778099817923,0.007579137211492923,24000.0,230.75726318359375,3.100006103515625,0.0,0.0
IA,band,1,A,A,ID,6_43,312,251,0.9949816120134845,0.9963660289707904,0.9288447979367633,12000.0,279.75018310546875,2.9000244140625,0.0,0.0
IA,band,1,A,A,ID,6_44,272,342,0.9966890264877881,0.9960676295002692,1.2168297195004665,24000.0,332.9288635253906,3.649993896484375,0.0,0.0
IA,band,1,A,A,ID,6_45,237,274,0.9977209030151837,0.9973625911304526,0.1995875128082358,24000.0,353.7475280761719,4.6999969482421875,0.0,0.0
IA,band,1,A,A,ID,7_41,477,266,0.9942150974921581,0.9967443162478085,0.14172472324779903,24000.0,208.00729370117188,2.3000030517578125,0.0,0.002222222222226294
IA,band,1,A,A,ID,7_44,160,258,0.9840116279069768,0.9838781724704716,0.18806406256780536,24000.0,274.1820373535156,8.550003051757812,0.0,0.0
IA,band,1,A,AE,OOD,-1_41,1201,490,0.8684106781763496,0.9289198263098166,0.005373113792123841,12000.0,308.7401123046875,1.0,0.0,0.06777777777665901
IA,band,1,A,AE,OOD,-1_43,239,630,0.9872949458723517,0.9718279950919487,0.15512707437084838,12000.0,370.534912109375,3.79998779296875,0.0,0.0
IA,band,1,A,AE,OOD,1_41,57,131,0.9998660774072586,0.9996975196612221,0.17030382588183438,24000.0,403.5876007080078,11.399993896484375,0.0,0.0
IA,band,1,A,AE,OOD,1_44,78,215,0.9875372689326178,0.9761983162335182,0.051718550860907486,24000.0,412.28173828125,2.199981689453125,0.0,0.0
IA,band,1,A,AE,OOD,2_44,261,179,0.9950341402855369,0.9964726978358378,0.020899868702626036,12000.0,365.03419494628906,1.5,0.0,0.002222222222211136
IA,band,1,A,AE,OOD,5_42,263,186,0.9987325728770596,0.9990958379054192,0.11282135844776217,12000.0,269.6262512207031,2.9000091552734375,0.0,0.0
IA,band,1,A,AE,OOD,6_40,30,52,0.9993589743589744,0.9989247311827957,0.02614493115691151,24000.0,228.7529754638672,5.8000030517578125,0.0,0.0
IA,band,1,A,AE,OOD,6_41,330,323,0.9962754479782344,0.9964669000686404,0.007579137211492923,24000.0,236.318603515625,3.899993896484375,0.0,0.0
IA,band,1,A,AE,OOD,6_43,875,580,0.998088669950739,0.9987192266138981,0.9288447979367633,12000.0,280.6392517089844,2.70001220703125,0.0,0.0
IA,band,1,A,AE,OOD,6_44,291,60,0.9991981672394044,0.9998337601527074,1.2168297195004665,24000.0,308.5674743652344,1.5,0.0,0.0
IA,band,1,A,AE,OOD,6_45,45,119,0.9986928104575163,0.9966230811655483,0.1995875128082358,24000.0,358.717041015625,7.8000030517578125,0.0,0.0
IA,band,1,A,AE,OOD,7_41,1073,745,0.9961170149552468,0.9973510925670388,0.14172472324779903,24000.0,208.9847640991211,2.3499984741210938,0.0,0.001111111111113147
IA,band,1,A,AE,OOD,7_44,346,303,0.9790915507735745,0.9882258465278309,0.18806406256780536,24000.0,229.61000061035156,4.5999908447265625,0.0,0.0011111111110828306
IA,band,1,A,AE,OOD,8_39,510,496,0.9781230234029096,0.9722752081904764,0.5555917330355646,12000.0,160.04005432128906,1.399993896484375,0.0,0.1905555555546316
IA,band,1,AE,A,OOD,-1_41,64,26,0.8810096153846153,0.8974161544432842,0.005373113792123841,12000.0,308.81385803222656,0.899993896484375,0.0,0.17444444444415783
IA,band,1,AE,A,OOD,-1_43,286,347,0.9940952419338587,0.9936830144650872,0.15512707437084838,12000.0,357.07525634765625,2.5,0.0,0.0
IA,band,1,AE,A,OOD,0_42,349,437,0.9998557500016392,0.9998233010451723,0.05083105154200276,24000.0,381.4407196044922,6.149993896484375,0.0,0.0
IA,band,1,AE,A,OOD,1_41,143,394,0.9996450250257357,0.9990547805512512,0.17030382588183438,24000.0,402.8639831542969,11.4000244140625,0.0,0.0
IA,band,1,AE,A,OOD,1_44,351,301,0.9854142412281947,0.9892340955514853,0.051718550860907486,24000.0,408.0183868408203,1.79998779296875,0.0,0.0
IA,band,1,AE,A,OOD,2_40,213,381,0.9995810382857073,0.9992629742473844,0.011090254519043646,24000.0,384.00933837890625,8.599990844726562,0.0,0.0
IA,band,1,AE,A,OOD,2_42,313,382,0.9734874462639881,0.9745786171053107,0.046373166273365095,24000.0,345.75653076171875,1.899993896484375,0.0,0.0
IA,band,1,AE,A,OOD,2_44,324,367,0.9819524338143775,0.9834615793184786,0.020899868702626036,12000.0,364.5630798339844,1.5,0.0,0.0
IA,band,1,AE,A,OOD,3_40,334,353,0.9995080660209327,0.9994992559825666,0.39080310800423634,24000.0,297.75958251953125,6.100006103515625,0.0,0.0
IA,band,1,AE,A,OOD,5_41,371,386,0.9985894445763446,0.9985061684730326,,24000.0,260.5018310546875,4.0,0.0,0.0
IA,band,1,AE,A,OOD,5_42,439,355,0.998062177163207,0.9984789219332042,0.11282135844776217,12000.0,272.55860900878906,3.5,0.0,0.0
IA,band,1,AE,A,OOD,6_40,595,263,0.9942039173083682,0.9974804942599738,0.032074387094047266,24000.0,210.41073608398438,2.399993896484375,0.0,0.0011111111111434635
IA,band,1,AE,A,OOD,6_41,500,365,0.9976986301369862,0.998402955053571,0.007579137211492923,24000.0,230.75726318359375,3.100006103515625,0.0,0.0
IA,band,1,AE,A,OOD,6_43,312,251,0.9960542445602207,0.9970405060210317,0.9288447979367633,12000.0,279.75018310546875,2.9000244140625,0.0,0.0
IA,band,1,AE,A,OOD,6_44,272,342,0.9952162882696938,0.9944712927489464,1.2168297195004665,24000.0,332.9288635253906,3.649993896484375,0.0,0.0
IA,band,1,AE,A,OOD,6_45,237,274,0.9985062675167082,0.9983349211433491,0.1995875128082358,24000.0,353.7475280761719,4.6999969482421875,0.0,0.0
IA,band,1,AE,A,OOD,7_41,477,266,0.9930092526914771,0.9959910527055647,0.14172472324779903,24000.0,208.00729370117188,2.3000030517578125,0.0,0.002222222222226294
IA,band,1,AE,A,OOD,7_44,160,258,0.9804021317829457,0.9795766164140735,0.18806406256780536,24000.0,274.1820373535156,8.550003051757812,0.0,0.0
IA,band,1,AE,AE,ID,-1_41,1201,490,0.8818484596169858,0.9310836865857037,0.005373113792123841,12000.0,308.7401123046875,1.0,0.0,0.06777777777665901
IA,band,1,AE,AE,ID,-1_43,239,630,0.995118549511855,0.988308287549376,0.15512707437084838,12000.0,370.534912109375,3.79998779296875,0.0,0.0
IA,band,1,AE,AE,ID,1_41,57,131,1.0,1.0000000000000002,0.17030382588183438,24000.0,403.5876007080078,11.399993896484375,0.0,0.0
IA,band,1,AE,AE,ID,1_44,78,215,0.9837209302325581,0.9706157951469991,0.051718550860907486,24000.0,412.28173828125,2.199981689453125,0.0,0.0
IA,band,1,AE,AE,ID,2_44,261,179,0.9909672724159336,0.9942609747155704,0.020899868702626036,12000.0,365.03419494628906,1.5,0.0,0.002222222222211136
IA,band,1,AE,AE,ID,5_42,263,186,0.9994071711844311,0.9995859398070692,0.11282135844776217,12000.0,269.6262512207031,2.9000091552734375,0.0,0.0
IA,band,1,AE,AE,ID,6_40,30,52,1.0,0.9999999999999999,0.02614493115691151,24000.0,228.7529754638672,5.8000030517578125,0.0,0.0
IA,band,1,AE,AE,ID,6_41,330,323,0.9957969790787128,0.9961039392300141,0.007579137211492923,24000.0,236.318603515625,3.899993896484375,0.0,0.0
IA,band,1,AE,AE,ID,6_43,875,580,0.9982403940886699,0.9988307986581654,0.9288447979367633,12000.0,280.6392517089844,2.70001220703125,0.0,0.0
IA,band,1,AE,AE,ID,6_44,291,60,0.9988545246277205,0.9997623794760861,1.2168297195004665,24000.0,308.5674743652344,1.5,0.0,0.0
IA,band,1,AE,AE,ID,6_45,45,119,0.9979458450046685,0.994783142291448,0.1995875128082358,24000.0,358.717041015625,7.8000030517578125,0.0,0.0
IA,band,1,AE,AE,ID,7_41,1073,745,0.9946996753754449,0.9964828001093865,0.14172472324779903,24000.0,208.9847640991211,2.3499984741210938,0.0,0.001111111111113147
IA,band,1,AE,AE,ID,7_44,346,303,0.9708502642171732,0.9854231148027202,0.18806406256780536,24000.0,229.61000061035156,4.5999908447265625,0.0,0.0011111111110828306
IA,band,1,AE,AE,ID,8_39,510,496,0.9885831752055662,0.9869978231293198,0.5555917330355646,12000.0,160.04005432128906,1.399993896484375,0.0,0.1905555555546316
IA,band,2,A,A,ID,-1_42,739,99,0.8865925834802695,0.9784694548501979,0.05083105154200276,12000.0,320.7455596923828,0.600006103515625,0.0,0.0038888888888960146
IA,band,2,A,A,ID,1_40,327,372,0.9985695965275723,0.9983486259564351,0.27566347740744723,24000.0,360.26123046875,5.100006103515625,0.0,0.0
IA,band,2,A,A,ID,1_42,217,380,0.9987994178995877,0.9980171505348934,0.046373166273365095,24000.0,396.72003173828125,5.9000244140625,0.0,0.0
IA,band,2,A,A,ID,1_45,94,191,0.9911997326501059,0.9820408169294068,0.015586677359180472,6000.0,433.510009765625,1.9000244140625,0.0,0.002222222222165661
IA,band,2,A,A,ID,2_41,231,402,0.9974370571385498,0.996408909046469,0.0905846741054211,24000.0,347.0193786621094,5.5,0.0,0.0
IA,band,2,A,A,ID,2_43,209,373,0.9686493836345678,0.9590199507251504,0.08696796350971939,24000.0,353.45176696777344,1.5999755859375,0.0,0.0
IA,band,2,A,A,ID,3_39,336,316,0.9980127335744424,0.9979517511833935,0.011090254519043646,24000.0,315.98065185546875,4.850006103515625,0.0,0.0
IA,band,2,A,A,ID,3_42,149,260,0.9890810531750129,0.9873110041041506,0.1817161963149645,12000.0,305.6663513183594,2.600006103515625,0.0,0.0
IA,band,2,A,A,ID,3_44,310,466,0.9830472103004292,0.9787912244988135,0.01332005366892077,24000.0,365.12574768066406,1.79998779296875,0.0,0.0
IA,band,2,A,A,ID,4_41,530,207,0.998632759092152,0.999499607327551,1.0103819468364637,12000.0,238.26283264160156,3.399993896484375,0.0,0.014444444444410277
IA,band,2,A,A,ID,4_42,372,262,0.993577115652959,0.9958459019604677,0.22498234691207536,24000.0,295.62977600097656,2.29998779296875,0.0,0.0
IA,band,2,A,A,ID,4_43,519,369,0.9862932155333114,0.9911785254797028,0.034712894170315145,24000.0,340.8616485595703,2.0,0.0,0.0
IA,band,2,A,A,ID,4_45,263,244,0.9654833883936921,0.9699089826621738,0.056204293135757644,24000.0,366.68896484375,1.600006103515625,0.0,0.0
IA,band,2,A,A,ID,7_40,342,315,0.996611900120672,0.9969283111274361,0.4513730783381318,24000.0,198.52676391601562,2.70001220703125,0.0,0.0
IA,band,2,A,A,ID,8_43,72,241,0.9931420009220839,0.9749974681198031,0.23995566720095404,24000.0,265.4741516113281,12.5,0.0,0.0
IA,band,2,A,A,ID,9_41,126,40,0.9996031746031746,0.9998759920634919,0.10361666476438457,24000.0,176.9154510498047,1.0,0.0,0.22055555555517165
IA,band,2,A,AE,OOD,-1_42,1007,713,0.8916643801941807,0.9083113751954195,0.05083105154200276,12000.0,322.46324157714844,0.79998779296875,0.0,0.0
IA,band,2,A,AE,OOD,1_40,127,307,0.9982815665957064,0.9961224113942273,0.27566347740744723,24000.0,368.8544616699219,9.800003051757812,0.0,0.0
IA,band,2,A,AE,OOD,1_42,61,156,0.9971626733921817,0.9934337340264329,0.08611904302992898,24000.0,394.0144348144531,6.399993896484375,0.0,0.0
IA,band,2,A,AE,OOD,1_45,471,273,0.9868022989042098,0.9893254282248019,0.015586677359180472,6000.0,427.1400146484375,0.100006103515625,0.0,0.20833333333198722
IA,band,2,A,AE,OOD,2_43,33,62,0.9677419354838709,0.9588540976471117,0.08696796350971939,24000.0,353.35772705078125,1.4000244140625,0.0,0.0
IA,band,2,A,AE,OOD,3_42,178,256,0.9849455758426966,0.9871404434430735,0.1817161963149645,12000.0,301.25982666015625,2.399993896484375,0.0,0.0
IA,band,2,A,AE,OOD,4_41,864,632,0.9975203645100796,0.9983603407309304,1.0103819468364637,12000.0,246.74573516845703,4.100006103515625,0.0,0.0033333333333091246
IA,band,2,A,AE,OOD,4_42,70,274,0.9987486965589155,0.9951481998236925,0.22498234691207536,24000.0,305.6978302001953,3.899993896484375,0.0,0.0
IA,band,2,A,AE,OOD,7_40,352,123,0.9966278640059129,0.9988217803377062,0.4513730783381318,24000.0,181.9407501220703,2.0999908447265625,0.0,0.012222222222183986
IA,band,2,A,AE,OOD,8_43,305,498,0.9946342748041346,0.9904145500224031,0.23995566720095404,24000.0,251.80654907226562,7.9000244140625,0.0,0.0
IA,band,2,A,AE,OOD,8_44,128,83,1.0,1.0,0.18806406256780536,24000.0,186.81781005859375,3.600006103515625,0.0,0.3655555555558
IA,band,2,A,AE,OOD,9_41,315,493,0.9952670723461798,0.9917922091988051,0.10361666476438457,24000.0,183.573974609375,3.0499954223632812,0.0,0.003333333333369758
IA,band,2,AE,A,OOD,-1_42,739,99,0.9294706195924058,0.9878661794440636,0.05083105154200276,12000.0,320.7455596923828,0.600006103515625,0.0,0.0038888888888960146
IA,band,2,AE,A,OOD,1_40,327,372,0.9976242149222322,0.9971541063236522,0.27566347740744723,24000.0,360.26123046875,5.100006103515625,0.0,0.0
IA,band,2,AE,A,OOD,1_42,217,380,0.997077370846471,0.9951470452420553,0.046373166273365095,24000.0,396.72003173828125,5.9000244140625,0.0,0.0
IA,band,2,AE,A,OOD,1_45,94,191,0.9934276484348892,0.9876755493770215,0.015586677359180472,6000.0,433.510009765625,1.9000244140625,0.0,0.002222222222165661
IA,band,2,AE,A,OOD,2_41,231,402,0.998233938532446,0.9969912835273056,0.0905846741054211,24000.0,347.0193786621094,5.5,0.0,0.0
IA,band,2,AE,A,OOD,2_43,209,373,0.9392485601036468,0.9294126791638981,0.08696796350971939,24000.0,353.45176696777344,1.5999755859375,0.0,0.0
IA,band,2,AE,A,OOD,3_39,336,316,0.9977584388185654,0.9978262937910607,0.011090254519043646,24000.0,315.98065185546875,4.850006103515625,0.0,0.0
IA,band,2,AE,A,OOD,3_42,149,260,0.9840216830149716,0.9811678412474438,0.1817161963149645,12000.0,305.6663513183594,2.600006103515625,0.0,0.0
IA,band,2,AE,A,OOD,3_44,310,466,0.9694932853385021,0.9670070540898297,0.01332005366892077,24000.0,365.12574768066406,1.79998779296875,0.0,0.0
IA,band,2,AE,A,OOD,4_41,530,207,0.9976665755172728,0.9991690231066325,1.0103819468364637,12000.0,238.26283264160156,3.399993896484375,0.0,0.014444444444410277
IA,band,2,AE,A,OOD,4_42,372,262,0.9939362226052696,0.9958138833153526,0.22498234691207536,24000.0,295.62977600097656,2.29998779296875,0.0,0.0
IA,band,2,AE,A,OOD,4_43,519,369,0.9877918239683361,0.9921963805442933,0.034712894170315145,24000.0,340.8616485595703,2.0,0.0,0.0
IA,band,2,AE,A,OOD,4_45,263,244,0.9498379355482142,0.958650106099507,0.056204293135757644,24000.0,366.68896484375,1.600006103515625,0.0,0.0
IA,band,2,AE,A,OOD,7_40,342,315,0.9972802376311147,0.9974314372079701,0.4513730783381318,24000.0,198.52676391601562,2.70001220703125,0.0,0.0
IA,band,2,AE,A,OOD,8_43,72,241,0.9894536652835408,0.941845194972216,0.23995566720095404,24000.0,265.4741516113281,12.5,0.0,0.0
IA,band,2,AE,A,OOD,9_41,126,40,0.9988095238095238,0.9996250313700865,0.10361666476438457,24000.0,176.9154510498047,1.0,0.0,0.22055555555517165
IA,band,2,AE,AE,ID,-1_42,1007,713,0.9112802249610371,0.923700302302402,0.05083105154200276,12000.0,322.46324157714844,0.79998779296875,0.0,0.0
IA,band,2,AE,AE,ID,1_40,127,307,0.9971530431660212,0.9937165996945408,0.27566347740744723,24000.0,368.8544616699219,9.800003051757812,0.0,0.0
IA,band,2,AE,AE,ID,1_42,61,156,0.9949558638083228,0.9890497791943875,0.08611904302992898,24000.0,394.0144348144531,6.399993896484375,0.0,0.0
IA,band,2,AE,AE,ID,1_45,471,273,0.9910719146387935,0.9941538154593612,0.015586677359180472,6000.0,427.1400146484375,0.100006103515625,0.0,0.20833333333198722
IA,band,2,AE,AE,ID,2_43,33,62,0.9452590420332356,0.9505773795395919,0.08696796350971939,24000.0,353.35772705078125,1.4000244140625,0.0,0.0
IA,band,2,AE,AE,ID,3_42,178,256,0.9829266151685393,0.9856276686093183,0.1817161963149645,12000.0,301.25982666015625,2.399993896484375,0.0,0.0
IA,band,2,AE,AE,ID,4_41,864,632,0.9968830578996717,0.9975989310564732,1.0103819468364637,12000.0,246.74573516845703,4.100006103515625,0.0,0.0033333333333091246
IA,band,2,AE,AE,ID,4_42,70,274,0.9974973931178311,0.9904351384016762,0.22498234691207536,24000.0,305.6978302001953,3.899993896484375,0.0,0.0
IA,band,2,AE,AE,ID,7_40,352,123,0.9976903178122689,0.9992033441337934,0.4513730783381318,24000.0,181.9407501220703,2.0999908447265625,0.0,0.012222222222183986
IA,band,2,AE,AE,ID,8_43,305,498,0.9949634603989729,0.9897982757740642,0.23995566720095404,24000.0,251.80654907226562,7.9000244140625,0.0,0.0
IA,band,2,AE,AE,ID,8_44,128,83,1.0,1.0,0.18806406256780536,24000.0,186.81781005859375,3.600006103515625,0.0,0.3655555555558
IA,band,2,AE,AE,ID,9_41,315,493,0.9942238964551338,0.9899464365100603,0.10361666476438457,24000.0,183.573974609375,3.0499954223632812,0.0,0.003333333333369758
IA,band,3,A,A,ID,0_40,190,232,0.9937613430127042,0.9920089237782057,0.6289219701150272,24000.0,328.74749755859375,4.5500030517578125,0.0,0.0
IA,band,3,A,A,ID,0_43,276,310,0.9988896680691912,0.9987633370806822,0.0007523959754880558,24000.0,402.2179870605469,4.399993896484375,0.0,0.0
IA,band,3,A,A,ID,1_39,271,325,0.9957876809537326,0.9928905879551795,0.0686128589386193,24000.0,329.3736114501953,5.850006103515625,0.0,0.0
IA,band,3,A,A,ID,1_43,263,420,0.9899420604743798,0.9868933153613728,,24000.0,391.3110046386719,1.899993896484375,0.0,0.0
IA,band,3,A,A,ID,2_39,185,407,0.9961219204462447,0.9863351792494068,0.011090254519043646,24000.0,365.2724609375,8.300003051757812,0.0,0.0
IA,band,3,A,A,ID,3_41,163,225,0.996373551465576,0.9955498350257965,1.0103819468364637,12000.0,277.91944885253906,4.249992370605469,0.0,0.0
IA,band,3,A,A,ID,3_43,284,297,0.9837814767392233,0.9849902075106429,0.08696796350971939,24000.0,340.5185546875,1.399993896484375,0.0,0.0
IA,band,3,A,A,ID,3_45,49,108,0.9933862433862435,0.9867903538358429,0.01332005366892077,6000.0,374.5517578125,2.70001220703125,0.0,0.0
IA,band,3,A,A,ID,4_39,224,352,0.9974381087662337,0.9938784297738593,,24000.0,312.844970703125,5.899993896484375,0.0,0.0
IA,band,3,A,A,ID,5_39,362,386,0.9993916926688232,0.9993651238224184,0.02614493115691151,24000.0,273.6693115234375,5.0,0.0,0.0011111111110828306
IA,band,3,A,A,ID,5_40,510,281,0.9986183797362361,0.9992595115507703,0.02614493115691151,24000.0,219.03538513183594,3.8000030517578125,0.0,0.0022222222221959776
IA,band,3,A,A,ID,6_39,402,360,0.9972014925373135,0.9971932339150515,0.004025427167314958,24000.0,215.80168914794922,4.099998474121094,0.0,0.0
IA,band,3,A,A,ID,7_42,173,193,0.9986522507412621,0.9986071189616544,0.633558194412068,12000.0,250.4766387939453,4.400001525878906,0.0,0.0
IA,band,3,A,A,ID,7_45,94,211,0.9991933044267419,0.9981587316835273,0.015210388566860465,24000.0,282.33770751953125,13.70001220703125,0.0,0.0
IA,band,3,A,A,ID,8_41,390,191,0.996697543294402,0.9983665777382084,0.3329647211407057,24000.0,192.28219604492188,1.5999908447265625,0.0,0.005555555555687002
IA,band,3,A,A,ID,8_42,496,380,0.9977928692699491,0.9983405533379035,0.039407311739067474,24000.0,226.57254028320312,2.1999969482421875,0.0,0.0
IA,band,3,A,A,ID,9_42,157,124,0.9832032052599138,0.986154215143848,0.039407311739067474,12000.0,179.75001525878906,2.100006103515625,0.0,0.18222222222064627
IA,band,3,A,AE,OOD,0_40,1044,1004,0.9939819266993329,0.9934090630573781,0.6289219701150272,24000.0,320.5671081542969,3.5999755859375,0.0,0.0
IA,band,3,A,AE,OOD,0_43,63,173,0.9988072300211028,0.9968940645411233,0.0007523959754880558,24000.0,408.36767578125,10.649993896484375,0.0,0.0
IA,band,3,A,AE,OOD,3_41,1113,1472,0.9965898326106488,0.9961732465137683,1.0103819468364637,12000.0,278.5972595214844,4.600006103515625,0.0,0.002222222221953446
IA,band,3,A,AE,OOD,3_43,39,111,0.9893739893739893,0.9765808735121339,0.08696796350971939,24000.0,342.1315002441406,1.899993896484375,0.0,0.0
IA,band,3,A,AE,OOD,3_45,86,180,0.9962532299741602,0.9923310780157402,0.02426444596149107,6000.0,372.60008239746094,2.70001220703125,0.0,0.0011111111110979888
IA,band,3,A,AE,OOD,5_40,240,233,0.998980686695279,0.9990286186587938,0.02614493115691151,24000.0,227.94183349609375,5.0,0.0,0.0011111111109615647
IA,band,3,A,AE,OOD,7_42,764,1765,0.9988772377378639,0.9975453007287329,0.633558194412068,12000.0,256.40850830078125,6.100006103515625,0.0,0.0
IA,band,3,A,AE,OOD,7_45,587,370,0.9933882775450067,0.9937228364799289,0.015210388566860465,24000.0,191.35475158691406,2.5,0.0,0.33333333333336757
IA,band,3,A,AE,OOD,8_40,984,441,0.9824723927511384,0.9908571894883227,0.4513730783381318,24000.0,164.90261840820312,1.399993896484375,0.0,0.2188888888894114
IA,band,3,A,AE,OOD,8_41,567,796,0.9970598140614891,0.9960312948088752,0.3329647211407057,24000.0,203.50076293945312,2.9000091552734375,0.0,0.0
IA,band,3,A,AE,OOD,9_42,1004,592,0.9897874717346828,0.9928997335338725,0.039407311739067474,24000.0,179.7739715576172,1.9500045776367188,0.0,0.21888888888628877
IA,band,3,AE,A,OOD,0_40,190,232,0.9926950998185118,0.9906394651002091,0.6289219701150272,24000.0,328.74749755859375,4.5500030517578125,0.0,0.0
IA,band,3,AE,A,OOD,0_43,276,310,0.9989831697054699,0.9988024553269057,0.0007523959754880558,24000.0,402.2179870605469,4.399993896484375,0.0,0.0
IA,band,3,AE,A,OOD,1_39,271,325,0.9957309111552655,0.9941440026987776,0.0686128589386193,24000.0,329.3736114501953,5.850006103515625,0.0,0.0
IA,band,3,AE,A,OOD,1_43,263,420,0.979721166032953,0.9749617759146805,,24000.0,391.3110046386719,1.899993896484375,0.0,0.0
IA,band,3,AE,A,OOD,2_39,185,407,0.9950195896141842,0.9841105468481579,0.011090254519043646,24000.0,365.2724609375,8.300003051757812,0.0,0.0
IA,band,3,AE,A,OOD,3_41,163,225,0.9976278118609406,0.9969803317979751,1.0103819468364637,12000.0,277.91944885253906,4.249992370605469,0.0,0.0
IA,band,3,AE,A,OOD,3_43,284,297,0.9728979940247545,0.9789923110530899,0.08696796350971939,24000.0,340.5185546875,1.399993896484375,0.0,0.0
IA,band,3,AE,A,OOD,3_45,49,108,0.9939531368102796,0.9864145279995873,0.01332005366892077,6000.0,374.5517578125,2.70001220703125,0.0,0.0
IA,band,3,AE,A,OOD,4_39,224,352,0.9989092938311689,0.9981299011877913,,24000.0,312.844970703125,5.899993896484375,0.0,0.0
IA,band,3,AE,A,OOD,5_39,362,386,0.999312970543612,0.9993000554049367,0.02614493115691151,24000.0,273.6693115234375,5.0,0.0,0.0011111111110828306
IA,band,3,AE,A,OOD,5_40,510,281,0.9986183797362362,0.9993014775789294,0.02614493115691151,24000.0,219.03538513183594,3.8000030517578125,0.0,0.0022222222221959776
IA,band,3,AE,A,OOD,6_39,402,360,0.9949695964621337,0.9952679617261202,0.004025427167314958,24000.0,215.80168914794922,4.099998474121094,0.0,0.0
IA,band,3,AE,A,OOD,7_42,173,193,0.9986822007247896,0.9985683849178553,0.633558194412068,12000.0,250.4766387939453,4.400001525878906,0.0,0.0
IA,band,3,AE,A,OOD,7_45,94,211,0.9992437229000706,0.9982715007052423,0.015210388566860465,24000.0,282.33770751953125,13.70001220703125,0.0,0.0
IA,band,3,AE,A,OOD,8_41,390,191,0.9966572694321385,0.9983288529321689,0.3329647211407057,24000.0,192.28219604492188,1.5999908447265625,0.0,0.005555555555687002
IA,band,3,AE,A,OOD,8_42,496,380,0.9981642614601018,0.998576746701318,0.039407311739067474,24000.0,226.57254028320312,2.1999969482421875,0.0,0.0
IA,band,3,AE,A,OOD,9_42,157,124,0.9899321964249024,0.9923953877292572,0.039407311739067474,12000.0,179.75001525878906,2.100006103515625,0.0,0.18222222222064627
IA,band,3,AE,AE,ID,0_40,1044,1004,0.9943778525743768,0.9939114005821972,0.6289219701150272,24000.0,320.5671081542969,3.5999755859375,0.0,0.0
IA,band,3,AE,AE,ID,0_43,63,173,0.9991742361684558,0.9978343399142626,0.0007523959754880558,24000.0,408.36767578125,10.649993896484375,0.0,0.0
IA,band,3,AE,AE,ID,3_41,1113,1472,0.9954575862338372,0.9950887069234677,1.0103819468364637,12000.0,278.5972595214844,4.600006103515625,0.0,0.002222222221953446
IA,band,3,AE,AE,ID,3_43,39,111,0.9641949641949642,0.9460859632473346,0.08696796350971939,24000.0,342.1315002441406,1.899993896484375,0.0,0.0
IA,band,3,AE,AE,ID,3_45,86,180,0.9952196382428941,0.990388779240686,0.02426444596149107,6000.0,372.60008239746094,2.70001220703125,0.0,0.0011111111110979888
IA,band,3,AE,AE,ID,5_40,240,233,0.998068669527897,0.9980762460758154,0.02614493115691151,24000.0,227.94183349609375,5.0,0.0,0.0011111111109615647
IA,band,3,AE,AE,ID,7_42,764,1765,0.9984612075997805,0.9966772776835326,0.633558194412068,12000.0,256.40850830078125,6.100006103515625,0.0,0.0
IA,band,3,AE,AE,ID,7_45,587,370,0.9936553248307933,0.9944417112820464,0.015210388566860465,24000.0,191.35475158691406,2.5,0.0,0.33333333333336757
IA,band,3,AE,AE,ID,8_40,984,441,0.9816289659495234,0.9901316134701585,0.4513730783381318,24000.0,164.90261840820312,1.399993896484375,0.0,0.2188888888894114
IA,band,3,AE,AE,ID,8_41,567,796,0.9955930445880194,0.9939776383771173,0.3329647211407057,24000.0,203.50076293945312,2.9000091552734375,0.0,0.0
IA,band,3,AE,AE,ID,9_42,1004,592,0.9912108323462905,0.9943140850514312,0.039407311739067474,24000.0,179.7739715576172,1.9500045776367188,0.0,0.21888888888628877
IA,shadedX,0,A,A,ID,-1_44,339,96,0.8332411504424778,0.948596818803038,0.0021727180651767066,24000.0,372.7432861328125,1.600006103515625,0.0,0.0
IA,shadedX,0,A,A,ID,-1_45,234,87,0.8220355634148738,0.9188726804509963,0.02004102728824482,24000.0,405.08184814453125,2.0,0.0,0.0
IA,shadedX,0,A,A,ID,0_39,330,170,0.845614973262032,0.9155096956843397,0.03616007671104058,24000.0,288.2345733642578,1.199981689453125,0.0,0.3022222222225027
IA,shadedX,0,A,A,ID,0_41,295,335,0.5661320516063748,0.5417723728425133,0.005373113792123841,12000.0,309.0217590332031,0.899993896484375,0.0,0.0
IA,shadedX,0,A,A,ID,0_44,275,78,0.83986013986014,0.950061424566911,0.0021727180651767066,24000.0,417.564697265625,1.0,0.0,0.0
IA,shadedX,0,A,A,ID,0_45,209,74,0.8510280615543773,0.9411257613171498,0.02004102728824482,24000.0,434.7565002441406,1.100006103515625,0.0,0.0
IA,shadedX,0,A,A,ID,2_45,97,40,0.8515463917525774,0.9424095426943903,0.0011463239351234065,24000.0,374.6460266113281,0.399993896484375,0.0,0.013333333333357763
IA,shadedX,0,A,A,ID,4_40,505,95,0.8750807712350183,0.9728345298370017,0.39080310800423634,24000.0,239.02108764648438,1.9000015258789062,0.0,0.0011111111110828306
IA,shadedX,0,A,A,ID,4_44,348,91,0.8760894278135657,0.9642514696950691,0.056204293135757644,24000.0,332.37896728515625,0.600006103515625,0.0,0.0
IA,shadedX,0,A,A,ID,5_43,495,263,0.7559703498866996,0.8812914780123399,0.9288447979367633,12000.0,272.3507080078125,1.699981689453125,0.0,0.0022222222221959776
IA,shadedX,0,A,A,ID,5_44,513,159,0.827393431167016,0.9453485796203032,0.02938330180893374,24000.0,297.84759521484375,1.399993896484375,0.0,0.0
IA,shadedX,0,A,A,ID,5_45,258,59,0.8560635921692287,0.9564162362421573,0.02938330180893374,24000.0,361.78094482421875,1.0,0.0,0.0
IA,shadedX,0,A,A,ID,6_42,335,184,0.866434133679429,0.9035574962257864,0.11282135844776217,24000.0,234.9091033935547,1.9000091552734375,0.0,0.0033333333333697575
IA,shadedX,0,A,A,ID,7_39,235,41,0.8598858329008823,0.9742921358318922,0.06344349524591944,6000.0,158.8304214477539,0.0,0.0,0.3111111111102863
IA,shadedX,0,A,A,ID,7_43,236,80,0.8704978813559321,0.9559269590855326,0.11879900960994477,24000.0,284.6348419189453,1.0999755859375,0.0,0.0
IA,shadedX,0,A,AE,OOD,-1_44,107,152,0.7479094933595671,0.7335681978066684,0.0021727180651767066,24000.0,374.0256042480469,1.899993896484375,0.0,0.0
IA,shadedX,0,A,AE,OOD,0_39,551,174,0.8546529820389261,0.944775257516335,0.03616007671104058,24000.0,287.38446044921875,1.300018310546875,0.0,0.39777777777871776
IA,shadedX,0,A,AE,OOD,0_41,812,452,0.5764663891189676,0.7164760089659026,0.005373113792123841,12000.0,308.2093200683594,0.79998779296875,0.0,0.0
IA,shadedX,0,A,AE,OOD,4_44,156,207,0.8811780007432182,0.875335443323261,0.056204293135757644,24000.0,339.27288818359375,1.100006103515625,0.0,0.0
IA,shadedX,0,A,AE,OOD,5_43,746,324,0.7808931585741237,0.9064231470908661,0.9288447979367633,12000.0,272.19085693359375,1.70001220703125,0.0,0.002222222222286927
IA,shadedX,0,A,AE,OOD,5_44,238,183,0.849451255912201,0.8940938669944803,0.02938330180893374,24000.0,298.51458740234375,1.600006103515625,0.0,0.0
IA,shadedX,0,A,AE,OOD,6_42,427,241,0.8508750619491384,0.899100137884141,0.633558194412068,12000.0,234.3148651123047,1.8000030517578125,0.0,0.004444444444391955
IA,shadedX,0,A,AE,OOD,7_39,400,84,0.8352678571428571,0.9623581907056321,0.06344349524591944,6000.0,160.36720275878906,0.5,0.0,0.17000000000000842
IA,shadedX,0,A,AE,OOD,7_43,90,111,0.8425425425425427,0.8555021025266561,0.11879900960994477,24000.0,288.49249267578125,1.4000244140625,0.0,0.0
IA,shadedX,0,AE,A,OOD,-1_44,339,96,0.8705752212389379,0.9598374927371225,0.0021727180651767066,24000.0,372.7432861328125,1.600006103515625,0.0,0.0
IA,shadedX,0,AE,A,OOD,-1_45,234,87,0.8426662737007565,0.9345477069947695,0.02004102728824482,24000.0,405.08184814453125,2.0,0.0,0.0
IA,shadedX,0,AE,A,OOD,0_39,330,170,0.855614973262032,0.9134030935129902,0.03616007671104058,24000.0,288.2345733642578,1.199981689453125,0.0,0.3022222222225027
IA,shadedX,0,AE,A,OOD,0_41,295,335,0.6776422969896281,0.6444980374474565,0.005373113792123841,12000.0,309.0217590332031,0.899993896484375,0.0,0.0
IA,shadedX,0,AE,A,OOD,0_44,275,78,0.8448018648018648,0.948255811453456,0.0021727180651767066,24000.0,417.564697265625,1.0,0.0,0.0
IA,shadedX,0,AE,A,OOD,0_45,209,74,0.851803957067115,0.9438916215552423,0.02004102728824482,24000.0,434.7565002441406,1.100006103515625,0.0,0.0
IA,shadedX,0,AE,A,OOD,2_45,97,40,0.8590206185567011,0.946492228265589,0.0011463239351234065,24000.0,374.6460266113281,0.399993896484375,0.0,0.013333333333357763
IA,shadedX,0,AE,A,OOD,4_40,505,95,0.7480771235018238,0.9450343412003865,0.39080310800423634,24000.0,239.02108764648438,1.9000015258789062,0.0,0.0011111111110828306
IA,shadedX,0,AE,A,OOD,4_44,348,91,0.8611847922192751,0.9608578300791684,0.056204293135757644,24000.0,332.37896728515625,0.600006103515625,0.0,0.0
IA,shadedX,0,AE,A,OOD,5_43,495,263,0.7862426546837193,0.8937359421008048,0.9288447979367633,12000.0,272.3507080078125,1.699981689453125,0.0,0.0022222222221959776
IA,shadedX,0,AE,A,OOD,5_44,513,159,0.850319369352802,0.9477983632255519,0.02938330180893374,24000.0,297.84759521484375,1.399993896484375,0.0,0.0
IA,shadedX,0,AE,A,OOD,5_45,258,59,0.9145315990014453,0.9787680162115782,0.02938330180893374,24000.0,361.78094482421875,1.0,0.0,0.0
IA,shadedX,0,AE,A,OOD,6_42,335,184,0.8801752109020116,0.921293826269853,0.11282135844776217,24000.0,234.9091033935547,1.9000091552734375,0.0,0.0033333333333697575
IA,shadedX,0,AE,A,OOD,7_39,235,41,0.884898806434873,0.9795013161253132,0.06344349524591944,6000.0,158.8304214477539,0.0,0.0,0.3111111111102863
IA,shadedX,0,AE,A,OOD,7_43,236,80,0.8814618644067796,0.9599588750453563,0.11879900960994477,24000.0,284.6348419189453,1.0999755859375,0.0,0.0
IA,shadedX,0,AE,AE,ID,-1_44,107,152,0.7728726020659125,0.7306699318648906,0.0021727180651767066,24000.0,374.0256042480469,1.899993896484375,0.0,0.0
IA,shadedX,0,AE,AE,ID,0_39,551,174,0.8501992198093331,0.9453006566400217,0.03616007671104058,24000.0,287.38446044921875,1.300018310546875,0.0,0.39777777777871776
IA,shadedX,0,AE,AE,ID,0_41,812,452,0.719375299707921,0.8054180242290289,0.005373113792123841,12000.0,308.2093200683594,0.79998779296875,0.0,0.0
IA,shadedX,0,AE,AE,ID,4_44,156,207,0.8472686733556298,0.8606948508066611,0.056204293135757644,24000.0,339.27288818359375,1.100006103515625,0.0,0.0
IA,shadedX,0,AE,AE,ID,5_43,746,324,0.7796147353788104,0.9057995045280474,0.9288447979367633,12000.0,272.19085693359375,1.70001220703125,0.0,0.002222222222286927
IA,shadedX,0,AE,AE,ID,5_44,238,183,0.889516462322634,0.9234386885272277,0.02938330180893374,24000.0,298.51458740234375,1.600006103515625,0.0,0.0
IA,shadedX,0,AE,AE,ID,6_42,427,241,0.8713692946058093,0.9220156123468491,0.633558194412068,12000.0,234.3148651123047,1.8000030517578125,0.0,0.004444444444391955
IA,shadedX,0,AE,AE,ID,7_39,400,84,0.8638392857142856,0.9704553901119211,0.06344349524591944,6000.0,160.36720275878906,0.5,0.0,0.17000000000000842
IA,shadedX,0,AE,AE,ID,7_43,90,111,0.8449449449449449,0.8454766826031748,0.11879900960994477,24000.0,288.49249267578125,1.4000244140625,0.0,0.0
IA,shadedX,1,A,A,ID,-1_41,64,684,0.7146153143274854,0.40982478684032475,0.005373113792123841,12000.0,310.5743408203125,0.79998779296875,0.0,0.0
IA,shadedX,1,A,A,ID,-1_43,286,277,0.8809169170180001,0.8968544535659037,0.15512707437084838,12000.0,343.0635070800781,1.70001220703125,0.0,0.0
IA,shadedX,1,A,A,ID,0_42,349,185,0.8166498877100596,0.8942144247930698,0.05083105154200276,24000.0,333.71636962890625,1.29998779296875,0.0,0.0
IA,shadedX,1,A,A,ID,1_41,143,484,0.7139368895567242,0.5131127118946168,0.17030382588183438,24000.0,376.63165283203125,1.5,0.0,0.0
IA,shadedX,1,A,A,ID,1_44,351,194,0.840103386495139,0.9153404046101531,0.051718550860907486,24000.0,402.38092041015625,1.29998779296875,0.0,0.0
IA,shadedX,1,A,A,ID,2_40,213,149,0.7600907458171848,0.8448772922490639,0.011090254519043646,24000.0,360.0658416748047,2.199981689453125,0.0,0.0
IA,shadedX,1,A,A,ID,2_42,313,46,0.8858869287401028,0.9823099432360183,0.046373166273365095,24000.0,337.7337341308594,1.300018310546875,0.0,0.0
IA,shadedX,1,A,A,ID,2_44,324,121,0.8001734516886031,0.9064686789858716,0.020899868702626036,12000.0,360.2426452636719,1.0,0.0,0.018888888889014452
IA,shadedX,1,A,A,ID,3_40,334,98,0.7256812904802639,0.9003202590906121,0.39080310800423634,24000.0,270.6556701660156,2.399993896484375,0.0,0.0
IA,shadedX,1,A,A,ID,5_41,371,55,0.886939475618721,0.9819521648634364,,24000.0,241.2068099975586,1.5999755859375,0.0,0.0
IA,shadedX,1,A,A,ID,5_42,439,48,0.8809320425208808,0.9837328713672959,0.11282135844776217,12000.0,262.2274475097656,1.399993896484375,0.0,0.0
IA,shadedX,1,A,A,ID,6_40,595,71,0.9696295419576281,0.9961403081701161,0.032074387094047266,24000.0,201.66332244873047,1.399993896484375,0.0,0.006111111111137468
IA,shadedX,1,A,A,ID,6_41,500,105,0.8285333333333333,0.9357899751540389,0.007579137211492923,24000.0,221.63711547851562,1.5,0.0,0.002222222222226294
IA,shadedX,1,A,A,ID,6_43,312,197,0.845714564623194,0.9086268084980877,0.9288447979367633,12000.0,256.4698486328125,1.699981689453125,0.0,0.009999999999351363
IA,shadedX,1,A,A,ID,6_44,272,35,0.8632352941176471,0.9776855064102001,1.2168297195004665,24000.0,307.3415832519531,1.399993896484375,0.0,0.0
IA,shadedX,1,A,A,ID,7_41,477,268,0.8594683813636221,0.9284062170916074,0.14172472324779903,24000.0,198.50518798828125,1.20001220703125,0.0,0.01888888888889318
IA,shadedX,1,A,AE,OOD,-1_41,1201,748,0.7369315677220853,0.8300687139194161,0.005373113792123841,12000.0,309.6163330078125,0.899993896484375,0.0,0.011111111111192104
IA,shadedX,1,A,AE,OOD,-1_43,239,270,0.8900821323415467,0.8862651118582472,0.15512707437084838,12000.0,340.6334533691406,1.79998779296875,0.0,0.0
IA,shadedX,1,A,AE,OOD,1_41,57,438,0.6596170792277498,0.27836681135770247,0.17030382588183438,24000.0,379.8643493652344,1.699981689453125,0.0,0.0
IA,shadedX,1,A,AE,OOD,1_44,78,189,0.854633021299688,0.7948964929844852,0.051718550860907486,24000.0,407.31005859375,1.5,0.0,0.0
IA,shadedX,1,A,AE,OOD,2_44,261,153,0.7821851601432399,0.8550916465410571,0.020899868702626036,12000.0,359.52076721191406,0.9000091552734375,0.0,0.012222222222214302
IA,shadedX,1,A,AE,OOD,5_42,263,45,0.8913392479932404,0.9801492736584239,0.11282135844776217,12000.0,261.8157653808594,1.4000167846679688,0.0,0.0094444444445527
IA,shadedX,1,A,AE,OOD,6_40,30,71,0.9450704225352112,0.8822818633548788,0.02614493115691151,24000.0,194.79481506347656,1.899993896484375,0.0,0.014444444443834267
IA,shadedX,1,A,AE,OOD,6_41,330,130,0.8080652680652681,0.8696313870145859,0.007579137211492923,24000.0,222.98954010009766,1.5999984741210938,0.0,0.001111111111113147
IA,shadedX,1,A,AE,OOD,6_43,875,253,0.859193675889328,0.953555411003626,0.9288447979367633,12000.0,257.1531066894531,1.4000167846679688,0.0,0.014444444444592178
IA,shadedX,1,A,AE,OOD,6_44,291,39,0.8621023878755838,0.9774290432201028,1.2168297195004665,24000.0,306.5696716308594,1.199981689453125,0.0,0.0
IA,shadedX,1,A,AE,OOD,7_41,1073,284,0.8719005552419832,0.9637139201278035,0.14172472324779903,24000.0,198.60653686523438,1.100006103515625,0.0,0.03555555555571166
IA,shadedX,1,A,AE,OOD,7_44,346,35,0.9132947976878613,0.9908220480754946,0.18806406256780536,24000.0,189.58999633789062,0.1999969482421875,0.0,0.25111111111169265
IA,shadedX,1,AE,A,OOD,-1_41,64,684,0.7772523757309941,0.46050939756436804,0.005373113792123841,12000.0,310.5743408203125,0.79998779296875,0.0,0.0
IA,shadedX,1,AE,A,OOD,-1_43,286,277,0.8785312160763423,0.897086232394628,0.15512707437084838,12000.0,343.0635070800781,1.70001220703125,0.0,0.0
IA,shadedX,1,AE,A,OOD,0_42,349,185,0.7795554867188105,0.8697128424205367,0.05083105154200276,24000.0,333.71636962890625,1.29998779296875,0.0,0.0
IA,shadedX,1,AE,A,OOD,1_41,143,484,0.7769028492168988,0.6443242496020305,0.17030382588183438,24000.0,376.63165283203125,1.5,0.0,0.0
IA,shadedX,1,AE,A,OOD,1_44,351,194,0.8101594854172174,0.8976779192018756,0.051718550860907486,24000.0,402.38092041015625,1.29998779296875,0.0,0.0
IA,shadedX,1,AE,A,OOD,2_40,213,149,0.5952358445977881,0.7074884655898073,0.011090254519043646,24000.0,360.0658416748047,2.199981689453125,0.0,0.0
IA,shadedX,1,AE,A,OOD,2_42,313,46,0.8472704542297542,0.9731393496942325,0.046373166273365095,24000.0,337.7337341308594,1.300018310546875,0.0,0.0
IA,shadedX,1,AE,A,OOD,2_44,324,121,0.824074074074074,0.9177852114474324,0.020899868702626036,12000.0,360.2426452636719,1.0,0.0,0.018888888889014452
IA,shadedX,1,AE,A,OOD,3_40,334,98,0.6931137724550898,0.8938046550898054,0.39080310800423634,24000.0,270.6556701660156,2.399993896484375,0.0,0.0
IA,shadedX,1,AE,A,OOD,5_41,371,55,0.8602793432982112,0.9751419722693988,,24000.0,241.2068099975586,1.5999755859375,0.0,0.0
IA,shadedX,1,AE,A,OOD,5_42,439,48,0.8726746393318147,0.9841614494057309,0.11282135844776217,12000.0,262.2274475097656,1.399993896484375,0.0,0.0
IA,shadedX,1,AE,A,OOD,6_40,595,71,0.9577701503136465,0.9945585855010636,0.032074387094047266,24000.0,201.66332244873047,1.399993896484375,0.0,0.006111111111137468
IA,shadedX,1,AE,A,OOD,6_41,500,105,0.8021714285714285,0.9318769939209753,0.007579137211492923,24000.0,221.63711547851562,1.5,0.0,0.002222222222226294
IA,shadedX,1,AE,A,OOD,6_43,312,197,0.8616751269035533,0.9216755857740019,0.9288447979367633,12000.0,256.4698486328125,1.699981689453125,0.0,0.009999999999351363
IA,shadedX,1,AE,A,OOD,6_44,272,35,0.8513655462184874,0.9780299434025401,1.2168297195004665,24000.0,307.3415832519531,1.399993896484375,0.0,0.0
IA,shadedX,1,AE,A,OOD,7_41,477,268,0.8259879846052756,0.9075831809655539,0.14172472324779903,24000.0,198.50518798828125,1.20001220703125,0.0,0.01888888888889318
IA,shadedX,1,AE,AE,ID,-1_41,1201,748,0.7664958345763557,0.8509066744698923,0.005373113792123841,12000.0,309.6163330078125,0.899993896484375,0.0,0.011111111111192104
IA,shadedX,1,AE,AE,ID,-1_43,239,270,0.8880520688052069,0.8912345422726791,0.15512707437084838,12000.0,340.6334533691406,1.79998779296875,0.0,0.0
IA,shadedX,1,AE,AE,ID,1_41,57,438,0.7931987503004085,0.48417822309561254,0.17030382588183438,24000.0,379.8643493652344,1.699981689453125,0.0,0.0
IA,shadedX,1,AE,AE,ID,1_44,78,189,0.8298059964726631,0.757161644880443,0.051718550860907486,24000.0,407.31005859375,1.5,0.0,0.0
IA,shadedX,1,AE,AE,ID,2_44,261,153,0.7904239601332232,0.8490593299429088,0.020899868702626036,12000.0,359.52076721191406,0.9000091552734375,0.0,0.012222222222214302
IA,shadedX,1,AE,AE,ID,5_42,263,45,0.8515420363329109,0.9715808374798574,0.11282135844776217,12000.0,261.8157653808594,1.4000167846679688,0.0,0.0094444444445527
IA,shadedX,1,AE,AE,ID,6_40,30,71,0.9497652582159625,0.9137457081741487,0.02614493115691151,24000.0,194.79481506347656,1.899993896484375,0.0,0.014444444443834267
IA,shadedX,1,AE,AE,ID,6_41,330,130,0.8171561771561772,0.8801666833731796,0.007579137211492923,24000.0,222.98954010009766,1.5999984741210938,0.0,0.001111111111113147
IA,shadedX,1,AE,AE,ID,6_43,875,253,0.891202710333145,0.9669387134291114,0.9288447979367633,12000.0,257.1531066894531,1.4000167846679688,0.0,0.014444444444592178
IA,shadedX,1,AE,AE,ID,6_44,291,39,0.864745792580844,0.9796909225176744,1.2168297195004665,24000.0,306.5696716308594,1.199981689453125,0.0,0.0
IA,shadedX,1,AE,AE,ID,7_41,1073,284,0.8356457477389969,0.9514183001605016,0.14172472324779903,24000.0,198.60653686523438,1.100006103515625,0.0,0.03555555555571166
IA,shadedX,1,AE,AE,ID,7_44,346,35,0.9028075970272502,0.9897100219848772,0.18806406256780536,24000.0,189.58999633789062,0.1999969482421875,0.0,0.25111111111169265
IA,shadedX,2,A,A,ID,-1_42,739,1074,0.8176785277805075,0.7144302102821631,0.05083105154200276,12000.0,320.22296142578125,0.699981689453125,0.0,0.002222222222165661
IA,shadedX,2,A,A,ID,1_40,327,416,0.5855828040461067,0.5748409726389307,0.27566347740744723,24000.0,339.5298156738281,1.79998779296875,0.0,0.0
IA,shadedX,2,A,A,ID,1_42,217,195,0.8515656386624127,0.8656815538329463,0.046373166273365095,24000.0,378.8601379394531,1.300018310546875,0.0,0.0
IA,shadedX,2,A,A,ID,1_45,94,88,0.9504352030947776,0.9635698808591375,0.015586677359180472,6000.0,426.32733154296875,0.600006103515625,0.0,0.046666666666691566
IA,shadedX,2,A,A,ID,2_41,231,112,0.8146645021645023,0.9108835372153163,0.0905846741054211,24000.0,326.8479309082031,1.600006103515625,0.0,0.0
IA,shadedX,2,A,A,ID,2_43,209,200,0.8158133971291865,0.8055278589681634,0.08696796350971939,24000.0,352.56488037109375,0.79998779296875,0.0,0.0
IA,shadedX,2,A,A,ID,3_39,336,105,0.6839852607709751,0.8762970746707137,0.011090254519043646,24000.0,296.0913391113281,1.800018310546875,0.0,0.0
IA,shadedX,2,A,A,ID,3_42,149,78,0.8291171915332988,0.9131219411046265,0.1817161963149645,12000.0,278.094970703125,1.4000244140625,0.0,0.0
IA,shadedX,2,A,A,ID,3_44,310,206,0.8136078922643283,0.8771716332586028,0.01332005366892077,24000.0,362.85435485839844,1.0,0.0,0.0
IA,shadedX,2,A,A,ID,4_41,530,108,0.8384171907756813,0.9576726395195307,1.0103819468364637,12000.0,236.16204833984375,2.20001220703125,0.0,0.07888888888918508
IA,shadedX,2,A,A,ID,4_42,372,46,0.8405212716222534,0.9759256256815652,0.22498234691207536,24000.0,282.62042236328125,1.0999755859375,0.0,0.0
IA,shadedX,2,A,A,ID,4_43,519,45,0.8560479554699209,0.9859326281325178,0.034712894170315145,24000.0,329.9048614501953,1.199981689453125,0.0,0.0
IA,shadedX,2,A,A,ID,4_45,263,38,0.7458475085051031,0.9543315226702808,0.056204293135757644,24000.0,362.9395446777344,0.79998779296875,0.0,0.0
IA,shadedX,2,A,A,ID,7_40,342,49,0.8277837450769782,0.9716143131376951,0.4513730783381318,24000.0,178.76290893554688,1.5,0.0,0.05333333333355235
IA,shadedX,2,A,A,ID,9_41,126,63,0.9577979339884102,0.9825173117781902,0.10361666476438457,24000.0,177.0990447998047,0.899993896484375,0.0,0.16888888888810696
IA,shadedX,2,A,AE,OOD,-1_42,1007,1210,0.8175289502408759,0.7709300349936647,0.05083105154200276,12000.0,320.22100830078125,0.699981689453125,0.0,0.0022222222221959776
IA,shadedX,2,A,AE,OOD,1_40,127,424,0.6277856187787847,0.43830977914933367,0.27566347740744723,24000.0,340.27264404296875,1.899993896484375,0.0,0.0
IA,shadedX,2,A,AE,OOD,1_42,61,255,0.8801028608164577,0.7160007831866814,0.08611904302992898,24000.0,385.22154235839844,1.45001220703125,0.0,0.0
IA,shadedX,2,A,AE,OOD,1_45,471,126,0.9382435210460689,0.9829153028961504,0.015586677359180472,6000.0,425.6499938964844,0.0,0.0,0.5322222222212846
IA,shadedX,2,A,AE,OOD,2_43,33,36,0.9065656565656566,0.8877808412246926,0.08696796350971939,24000.0,354.2296142578125,1.0,0.0,0.0
IA,shadedX,2,A,AE,OOD,3_42,178,97,0.8598401482682729,0.917615652157885,0.1817161963149645,12000.0,278.01068115234375,1.5,0.0,0.0
IA,shadedX,2,A,AE,OOD,4_41,864,59,0.8954017576898933,0.992152284626582,1.0103819468364637,12000.0,235.5732879638672,2.20001220703125,0.0,0.14555555555642863
IA,shadedX,2,A,AE,OOD,4_42,70,33,0.8597402597402598,0.9292187224060193,0.22498234691207536,24000.0,291.8673095703125,1.100006103515625,0.0,0.0
IA,shadedX,2,A,AE,OOD,7_40,352,30,0.8749999999999999,0.9887825966945247,0.4513730783381318,24000.0,179.58150482177734,1.5500030517578125,0.0,0.06666666666684949
IA,shadedX,2,A,AE,OOD,8_43,305,32,0.9397540983606558,0.9935289938791009,0.23995566720095404,24000.0,184.72439575195312,0.0,0.0,0.40111111111042
IA,shadedX,2,A,AE,OOD,9_41,315,100,0.9746031746031746,0.9922165920493428,0.10361666476438457,24000.0,175.70721435546875,1.0,0.0,0.19777777777829186
IA,shadedX,2,AE,A,OOD,-1_42,739,1074,0.8543718800634005,0.7970786859987171,0.05083105154200276,12000.0,320.22296142578125,0.699981689453125,0.0,0.002222222222165661
IA,shadedX,2,AE,A,OOD,1_40,327,416,0.7055472241825452,0.7078713991570627,0.27566347740744723,24000.0,339.5298156738281,1.79998779296875,0.0,0.0
IA,shadedX,2,AE,A,OOD,1_42,217,195,0.8264681555004135,0.8553928019676322,0.046373166273365095,24000.0,378.8601379394531,1.300018310546875,0.0,0.0
IA,shadedX,2,AE,A,OOD,1_45,94,88,0.9702611218568666,0.9775625099257083,0.015586677359180472,6000.0,426.32733154296875,0.600006103515625,0.0,0.046666666666691566
IA,shadedX,2,AE,A,OOD,2_41,231,112,0.7260745207173779,0.86580565694568,0.0905846741054211,24000.0,326.8479309082031,1.600006103515625,0.0,0.0
IA,shadedX,2,AE,A,OOD,2_43,209,200,0.7523444976076555,0.7356570206940123,0.08696796350971939,24000.0,352.56488037109375,0.79998779296875,0.0,0.0
IA,shadedX,2,AE,A,OOD,3_39,336,105,0.6322278911564626,0.8538823251987026,0.011090254519043646,24000.0,296.0913391113281,1.800018310546875,0.0,0.0
IA,shadedX,2,AE,A,OOD,3_42,149,78,0.8523489932885907,0.9256236344070483,0.1817161963149645,12000.0,278.094970703125,1.4000244140625,0.0,0.0
IA,shadedX,2,AE,A,OOD,3_44,310,206,0.7591606639523958,0.8298779514717197,0.01332005366892077,24000.0,362.85435485839844,1.0,0.0,0.0
IA,shadedX,2,AE,A,OOD,4_41,530,108,0.8616701607267645,0.967291838784903,1.0103819468364637,12000.0,236.16204833984375,2.20001220703125,0.0,0.07888888888918508
IA,shadedX,2,AE,A,OOD,4_42,372,46,0.763908368396447,0.9579650476679429,0.22498234691207536,24000.0,282.62042236328125,1.0999755859375,0.0,0.0
IA,shadedX,2,AE,A,OOD,4_43,519,45,0.8670092057375294,0.9870240146076565,0.034712894170315145,24000.0,329.9048614501953,1.199981689453125,0.0,0.0
IA,shadedX,2,AE,A,OOD,4_45,263,38,0.7380428256954172,0.9474893281345039,0.056204293135757644,24000.0,362.9395446777344,0.79998779296875,0.0,0.0
IA,shadedX,2,AE,A,OOD,7_40,342,49,0.881907148824442,0.9810073544020674,0.4513730783381318,24000.0,178.76290893554688,1.5,0.0,0.05333333333355235
IA,shadedX,2,AE,A,OOD,9_41,126,63,0.9604434366339127,0.9827707681584097,0.10361666476438457,24000.0,177.0990447998047,0.899993896484375,0.0,0.16888888888810696
IA,shadedX,2,AE,AE,ID,-1_42,1007,1210,0.8501694748331924,0.8217770203803726,0.05083105154200276,12000.0,320.22100830078125,0.699981689453125,0.0,0.0022222222221959776
IA,shadedX,2,AE,AE,ID,1_40,127,424,0.731689199227455,0.5947564532117797,0.27566347740744723,24000.0,340.27264404296875,1.899993896484375,0.0,0.0
IA,shadedX,2,AE,AE,ID,1_42,61,255,0.8426229508196721,0.6859254075304964,0.08611904302992898,24000.0,385.22154235839844,1.45001220703125,0.0,0.0
IA,shadedX,2,AE,AE,ID,1_45,471,126,0.9427931115829205,0.9850913676068831,0.015586677359180472,6000.0,425.6499938964844,0.0,0.0,0.5322222222212846
IA,shadedX,2,AE,AE,ID,2_43,33,36,0.8535353535353535,0.8534671279691496,0.08696796350971939,24000.0,354.2296142578125,1.0,0.0,0.0
IA,shadedX,2,AE,AE,ID,3_42,178,97,0.8909417352021313,0.9294110946781204,0.1817161963149645,12000.0,278.01068115234375,1.5,0.0,0.0
IA,shadedX,2,AE,AE,ID,4_41,864,59,0.9103892027620841,0.9931548310225449,1.0103819468364637,12000.0,235.5732879638672,2.20001220703125,0.0,0.14555555555642863
IA,shadedX,2,AE,AE,ID,4_42,70,33,0.7419913419913419,0.8600331632340448,0.22498234691207536,24000.0,291.8673095703125,1.100006103515625,0.0,0.0
IA,shadedX,2,AE,AE,ID,7_40,352,30,0.8895833333333333,0.9899874101893962,0.4513730783381318,24000.0,179.58150482177734,1.5500030517578125,0.0,0.06666666666684949
IA,shadedX,2,AE,AE,ID,8_43,305,32,0.9241803278688525,0.9918999800392274,0.23995566720095404,24000.0,184.72439575195312,0.0,0.0,0.40111111111042
IA,shadedX,2,AE,AE,ID,9_41,315,100,0.9686031746031746,0.9908061877599201,0.10361666476438457,24000.0,175.70721435546875,1.0,0.0,0.19777777777829186
IA,shadedX,3,A,A,ID,0_40,190,624,0.7631494601889338,0.47381030427257226,0.6289219701150272,24000.0,293.68218994140625,1.0,0.0,0.19000000000065134
IA,shadedX,3,A,A,ID,0_43,276,130,0.8197045707915274,0.9020085601842704,0.0007523959754880558,24000.0,371.35755920410156,1.600006103515625,0.0,0.0
IA,shadedX,3,A,A,ID,1_39,271,414,0.7563149544538924,0.7011605917385816,0.0686128589386193,24000.0,310.524658203125,1.899993896484375,0.0,0.0
IA,shadedX,3,A,A,ID,1_43,263,242,0.8142067058416869,0.8456954882181523,,24000.0,389.5997314453125,1.0,0.0,0.0
IA,shadedX,3,A,A,ID,2_39,185,277,0.7693628646697239,0.7059037279629276,0.011090254519043646,24000.0,332.21275329589844,1.899993896484375,0.0,0.0
IA,shadedX,3,A,A,ID,3_41,163,75,0.8891615541922291,0.9518423117718418,1.0103819468364637,12000.0,255.30572509765625,1.79998779296875,0.0,0.055555555555232956
IA,shadedX,3,A,A,ID,3_43,284,70,0.8764084507042254,0.9672688620894043,0.08696796350971939,24000.0,338.92372131347656,0.79998779296875,0.0,0.0
IA,shadedX,3,A,A,ID,3_45,49,32,0.8501275510204082,0.9135955324701064,0.01332005366892077,6000.0,367.86505126953125,1.4000244140625,0.0,0.002222222222165661
IA,shadedX,3,A,A,ID,4_39,224,133,0.8617749731471535,0.9203365083713814,,24000.0,284.8878479003906,2.600006103515625,0.0,0.0033333333332181752
IA,shadedX,3,A,A,ID,5_39,362,264,0.7517579105976897,0.8265766651951754,0.02614493115691151,24000.0,256.06536865234375,1.5,0.0,0.0
IA,shadedX,3,A,A,ID,5_40,510,168,0.8993347338935573,0.9624475862365467,0.02614493115691151,24000.0,210.01897430419922,2.1999969482421875,0.0,0.01555555555567501
IA,shadedX,3,A,A,ID,6_39,402,81,0.8968736564093115,0.9766257266541306,0.004025427167314958,24000.0,195.72625732421875,1.6999969482421875,0.0,0.001111111111113147
IA,shadedX,3,A,A,ID,7_42,173,199,0.8890405786156215,0.8951890264721707,0.633558194412068,12000.0,231.7490234375,1.9000091552734375,0.0,0.01222222222233557
IA,shadedX,3,A,A,ID,8_41,390,84,0.8725885225885225,0.9714264780430947,0.3329647211407057,24000.0,191.51632690429688,1.0999908447265625,0.0,0.058888888888784616
IA,shadedX,3,A,A,ID,8_42,496,85,0.8179791271347249,0.9626864685531705,0.039407311739067474,24000.0,214.90377807617188,0.899993896484375,0.0,0.0
IA,shadedX,3,A,A,ID,9_42,157,55,0.9664157498552404,0.9894685120770719,0.039407311739067474,12000.0,179.46627807617188,1.0,0.0,0.27111111111066816
IA,shadedX,3,A,AE,OOD,0_40,1044,739,0.7282078401484868,0.7689756074029934,0.6289219701150272,24000.0,299.8632507324219,1.20001220703125,0.0,0.19555555555588375
IA,shadedX,3,A,AE,OOD,0_43,63,85,0.7811391223155929,0.7665144419689989,0.0007523959754880558,24000.0,377.13050842285156,2.0,0.0,0.0
IA,shadedX,3,A,AE,OOD,3_41,1113,103,0.8889208733502558,0.9883167006725155,1.0103819468364637,12000.0,254.75,1.1999969482421875,0.0,0.11833333333383816
IA,shadedX,3,A,AE,OOD,3_43,39,174,0.9089301503094607,0.7579024014501177,0.08696796350971939,24000.0,342.344970703125,0.70001220703125,0.0,0.0
IA,shadedX,3,A,AE,OOD,3_45,86,52,0.8615831842576028,0.9196030759672764,0.02426444596149107,6000.0,367.16424560546875,1.399993896484375,0.0,0.002222222222105028
IA,shadedX,3,A,AE,OOD,5_40,240,87,0.8829022988505747,0.954074408879126,0.02614493115691151,24000.0,209.9332733154297,2.4000091552734375,0.0,0.026666666666776154
IA,shadedX,3,A,AE,OOD,7_42,764,293,0.8839903150295731,0.9541706970173521,0.633558194412068,12000.0,235.41131591796875,1.79998779296875,0.0,0.010000000000200224
IA,shadedX,3,A,AE,OOD,7_45,587,47,0.917249628475117,0.99268648441425,0.015210388566860465,24000.0,191.0,0.399993896484375,0.0,0.6500000000000029
IA,shadedX,3,A,AE,OOD,8_41,567,122,0.8883829184375632,0.9729519520587138,0.3329647211407057,24000.0,190.72500610351562,0.8000030517578125,0.0,0.04888888888919071
IA,shadedX,3,A,AE,OOD,9_42,1004,93,0.9629010838366963,0.99661145923273,0.039407311739067474,24000.0,179.3459930419922,0.8000030517578125,0.0,0.4599999999978096
IA,shadedX,3,AE,A,OOD,0_40,190,624,0.8899460188933873,0.7383953368234611,0.6289219701150272,24000.0,293.68218994140625,1.0,0.0,0.19000000000065134
IA,shadedX,3,AE,A,OOD,0_43,276,130,0.8108695652173915,0.8989699299416472,0.0007523959754880558,24000.0,371.35755920410156,1.600006103515625,0.0,0.0
IA,shadedX,3,AE,A,OOD,1_39,271,414,0.788821149081056,0.7425707661763347,0.0686128589386193,24000.0,310.524658203125,1.899993896484375,0.0,0.0
IA,shadedX,3,AE,A,OOD,1_43,263,242,0.8386858561417841,0.8648619387547931,,24000.0,389.5997314453125,1.0,0.0,0.0
IA,shadedX,3,AE,A,OOD,2_39,185,277,0.8328032003122254,0.7831073110200615,0.011090254519043646,24000.0,332.21275329589844,1.899993896484375,0.0,0.0
IA,shadedX,3,AE,A,OOD,3_41,163,75,0.9217177914110429,0.9647123227566914,1.0103819468364637,12000.0,255.30572509765625,1.79998779296875,0.0,0.055555555555232956
IA,shadedX,3,AE,A,OOD,3_43,284,70,0.830281690140845,0.9519150105722946,0.08696796350971939,24000.0,338.92372131347656,0.79998779296875,0.0,0.0
IA,shadedX,3,AE,A,OOD,3_45,49,32,0.8399234693877551,0.9052441931742915,0.01332005366892077,6000.0,367.86505126953125,1.4000244140625,0.0,0.002222222222165661
IA,shadedX,3,AE,A,OOD,4_39,224,133,0.8330759935553169,0.905551519799265,,24000.0,284.8878479003906,2.600006103515625,0.0,0.0033333333332181752
IA,shadedX,3,AE,A,OOD,5_39,362,264,0.6611418047882136,0.7626137627216287,0.02614493115691151,24000.0,256.06536865234375,1.5,0.0,0.0
IA,shadedX,3,AE,A,OOD,5_40,510,168,0.8757936507936509,0.9535684415318485,0.02614493115691151,24000.0,210.01897430419922,2.1999969482421875,0.0,0.01555555555567501
IA,shadedX,3,AE,A,OOD,6_39,402,81,0.8264848596523555,0.9597931848028223,0.004025427167314958,24000.0,195.72625732421875,1.6999969482421875,0.0,0.001111111111113147
IA,shadedX,3,AE,A,OOD,7_42,173,199,0.8794550788625206,0.8890937604747644,0.633558194412068,12000.0,231.7490234375,1.9000091552734375,0.0,0.01222222222233557
IA,shadedX,3,AE,A,OOD,8_41,390,84,0.876862026862027,0.972018872339818,0.3329647211407057,24000.0,191.51632690429688,1.0999908447265625,0.0,0.058888888888784616
IA,shadedX,3,AE,A,OOD,8_42,496,85,0.8020398481973434,0.9582582013344967,0.039407311739067474,24000.0,214.90377807617188,0.899993896484375,0.0,0.0
IA,shadedX,3,AE,A,OOD,9_42,157,55,0.9513607411696583,0.9848321789898116,0.039407311739067474,12000.0,179.46627807617188,1.0,0.0,0.27111111111066816
IA,shadedX,3,AE,AE,ID,0_40,1044,739,0.8616736399504352,0.8906975207139358,0.6289219701150272,24000.0,299.8632507324219,1.20001220703125,0.0,0.19555555555588375
IA,shadedX,3,AE,AE,ID,0_43,63,85,0.7633986928104576,0.7412801656344697,0.0007523959754880558,24000.0,377.13050842285156,2.0,0.0,0.0
IA,shadedX,3,AE,AE,ID,3_41,1113,103,0.9182389937106918,0.9918744630621052,1.0103819468364637,12000.0,254.75,1.1999969482421875,0.0,0.11833333333383816
IA,shadedX,3,AE,AE,ID,3_43,39,174,0.8188918361332155,0.5845479602781879,0.08696796350971939,24000.0,342.344970703125,0.70001220703125,0.0,0.0
IA,shadedX,3,AE,AE,ID,3_45,86,52,0.8611359570661897,0.9221343419596101,0.02426444596149107,6000.0,367.16424560546875,1.399993896484375,0.0,0.002222222222105028
IA,shadedX,3,AE,AE,ID,5_40,240,87,0.8744252873563219,0.9506026735239949,0.02614493115691151,24000.0,209.9332733154297,2.4000091552734375,0.0,0.026666666666776154
IA,shadedX,3,AE,AE,ID,7_42,764,293,0.8690965459321336,0.9490216590886291,0.633558194412068,12000.0,235.41131591796875,1.79998779296875,0.0,0.010000000000200224
IA,shadedX,3,AE,AE,ID,7_45,587,47,0.9085867555909964,0.9922131688111345,0.015210388566860465,24000.0,191.0,0.399993896484375,0.0,0.6500000000000029
IA,shadedX,3,AE,AE,ID,8_41,567,122,0.8948448839159222,0.9738671469070985,0.3329647211407057,24000.0,190.72500610351562,0.8000030517578125,0.0,0.04888888888919071
IA,shadedX,3,AE,AE,ID,9_42,1004,93,0.9567964700338432,0.9960238026715458,0.039407311739067474,24000.0,179.3459930419922,0.8000030517578125,0.0,0.4599999999978096
LA,band,0,A,A,ID,10_16,417,58,0.8956007607706938,0.984132529280908,0.44870070534596246,24000.0,0.43261873722076416,0.6000000238418579,0.0,0.0011111111110828306
LA,band,0,A,A,ID,4_16,152,336,0.941376879699248,0.9033797079450072,0.3462774653438387,12000.0,13.925848960876465,2.6999998092651367,0.0,0.0
LA,band,0,A,A,ID,4_17,109,251,0.9520815819291641,0.8888742398583838,0.09101352766134223,24000.0,36.9920711517334,4.5,0.0,0.0
LA,band,0,A,A,ID,4_18,28,103,0.9833564493758669,0.9399586808858665,0.09101352766134223,24000.0,74.93854522705078,7.099998474121094,0.0,0.0
LA,band,0,A,A,ID,4_22,126,196,0.9687398769031421,0.9375831111040548,0.4228108094448711,24000.0,66.21116638183594,3.5999984741210938,0.0,0.0
LA,band,0,A,A,ID,5_15,70,91,0.906436420722135,0.9099887902906669,0.3462774653438387,24000.0,3.1147754192352295,0.6999998092651367,0.0,0.02444444444458018
LA,band,0,A,A,ID,5_20,119,268,0.9399849492035621,0.8426157022578153,0.12962288091346452,24000.0,54.84965133666992,7.100002288818359,0.0,0.0
LA,band,0,A,A,ID,6_15,546,74,0.8692951192951193,0.9807295914315948,0.10270103710982625,24000.0,1.0633913278579712,0.44999998807907104,0.0,0.3822222222222696
LA,band,0,A,A,ID,6_20,421,567,0.9931505988513114,0.9872621893511648,0.39967522708043823,24000.0,60.00139236450195,6.099998474121094,0.0,0.0
LA,band,0,A,A,ID,7_16,577,376,0.9063663851911944,0.9442586782802791,0.16376364468695728,24000.0,7.297880172729492,0.8000001907348633,0.0,0.009999999999927374
LA,band,0,A,A,ID,7_19,354,318,0.9386170628575489,0.9254160603753027,0.0007057584701401872,24000.0,36.229881286621094,3.0999984741210938,0.0,0.0
LA,band,0,A,A,ID,8_20,548,398,0.9220509481715145,0.9331017388143565,0.1462774695704643,12000.0,21.558066368103027,0.8999996185302734,0.0,0.0
LA,band,0,A,A,ID,9_17,191,507,0.9362330514162975,0.845493106676856,0.5899850248691425,12000.0,51.80829620361328,4.299999237060547,0.0,0.0
LA,band,0,A,AE,OOD,10_16,1083,673,0.8653703939993881,0.9217621674235708,0.44870070534596246,24000.0,0.3753978759050369,0.30000007152557373,0.0,0.007777777777852662
LA,band,0,A,AE,OOD,4_15,1337,573,0.8647671782180155,0.9351610557325868,0.3462774653438387,24000.0,0.4742814004421234,0.30000007152557373,0.0,0.2099999999999756
LA,band,0,A,AE,OOD,4_16,328,675,0.937457091237579,0.8992349465368796,0.3462774653438387,12000.0,14.137282371520996,2.8000011444091797,0.0,0.0
LA,band,0,A,AE,OOD,4_17,165,414,0.946376811594203,0.8787295097713029,0.09101352766134223,24000.0,36.206459045410156,4.5,0.0,0.0
LA,band,0,A,AE,OOD,5_15,1690,323,0.9240386905307124,0.9844810477656749,0.3462774653438387,24000.0,0.5272948741912842,0.40000009536743164,0.0,0.19000000000068168
LA,band,0,A,AE,OOD,6_15,1419,112,0.8944427665357897,0.9909912762563811,0.10270103710982625,24000.0,0.7672192454338074,0.40000003576278687,0.0,0.3755555555567277
LA,band,0,A,AE,OOD,7_16,360,230,0.9025241545893719,0.9421893239860468,0.16376364468695728,24000.0,7.097001314163208,0.75,0.0,0.008333333333212178
LA,band,0,A,AE,OOD,7_19,110,156,0.9424242424242424,0.9063784680725055,0.0007057584701401872,24000.0,40.29665946960449,3.700002670288086,0.0,0.0
LA,band,0,A,AE,OOD,8_20,30,93,0.921146953405018,0.7567182493536063,0.08282445172719691,12000.0,22.757591247558594,0.7999992370605469,0.0,0.0
LA,band,0,A,AE,OOD,9_13,115,133,1.0,0.9999999999999999,0.004301663046834955,24000.0,0.0,0.30000007152557373,0.0,1.0
LA,band,0,A,AE,OOD,9_17,238,846,0.9284373323797604,0.7861537363511861,0.5899850248691425,12000.0,51.637969970703125,4.600002288818359,0.0,0.0
LA,band,0,A,AE,OOD,9_21,115,262,0.8818121473614338,0.7907823514339942,0.25635144250203756,12000.0,26.426774978637695,1.0,0.0,0.2577777777769771
LA,band,0,AE,A,OOD,10_16,417,58,0.9740345654510875,0.9963595340193707,0.44870070534596246,24000.0,0.43261873722076416,0.6000000238418579,0.0,0.0011111111110828306
LA,band,0,AE,A,OOD,4_16,152,336,0.931625939849624,0.8714883805350231,0.3462774653438387,12000.0,13.925848960876465,2.6999998092651367,0.0,0.0
LA,band,0,AE,A,OOD,4_17,109,251,0.9531781132351329,0.8870860233946094,0.09101352766134223,24000.0,36.9920711517334,4.5,0.0,0.0
LA,band,0,AE,A,OOD,4_18,28,103,0.9809292649098474,0.9282538130108583,0.09101352766134223,24000.0,74.93854522705078,7.099998474121094,0.0,0.0
LA,band,0,AE,A,OOD,4_22,126,196,0.9602769679300293,0.931146897164959,0.4228108094448711,24000.0,66.21116638183594,3.5999984741210938,0.0,0.0
LA,band,0,AE,A,OOD,5_15,70,91,0.9499215070643642,0.9568680613217623,0.3462774653438387,24000.0,3.1147754192352295,0.6999998092651367,0.0,0.02444444444458018
LA,band,0,AE,A,OOD,5_20,119,268,0.9302332873447887,0.8189883610008013,0.12962288091346452,24000.0,54.84965133666992,7.100002288818359,0.0,0.0
LA,band,0,AE,A,OOD,6_15,546,74,0.8611771111771113,0.9804281842321498,0.10270103710982625,24000.0,1.0633913278579712,0.44999998807907104,0.0,0.3822222222222696
LA,band,0,AE,A,OOD,6_20,421,567,0.9900840779700637,0.9861448321203402,0.39967522708043823,24000.0,60.00139236450195,6.099998474121094,0.0,0.0
LA,band,0,AE,A,OOD,7_16,577,376,0.8916257974114089,0.934669859099806,0.16376364468695728,24000.0,7.297880172729492,0.8000001907348633,0.0,0.009999999999927374
LA,band,0,AE,A,OOD,7_19,354,318,0.918052446434282,0.8816224405472964,0.0007057584701401872,24000.0,36.229881286621094,3.0999984741210938,0.0,0.0
LA,band,0,AE,A,OOD,8_20,548,398,0.9015332135128197,0.9184996757786679,0.1462774695704643,12000.0,21.558066368103027,0.8999996185302734,0.0,0.0
LA,band,0,AE,A,OOD,9_17,191,507,0.937947272220329,0.8541281630423629,0.5899850248691425,12000.0,51.80829620361328,4.299999237060547,0.0,0.0
LA,band,0,AE,AE,ID,10_16,1083,673,0.9529950237288694,0.9724306736600756,0.44870070534596246,24000.0,0.3753978759050369,0.30000007152557373,0.0,0.007777777777852662
LA,band,0,AE,AE,ID,4_15,1337,573,0.9512035619324345,0.980825639466349,0.3462774653438387,24000.0,0.4742814004421234,0.30000007152557373,0.0,0.2099999999999756
LA,band,0,AE,AE,ID,4_16,328,675,0.9275067750677507,0.8784021983830199,0.3462774653438387,12000.0,14.137282371520996,2.8000011444091797,0.0,0.0
LA,band,0,AE,AE,ID,4_17,165,414,0.9397599180207876,0.8443755541387683,0.09101352766134223,24000.0,36.206459045410156,4.5,0.0,0.0
LA,band,0,AE,AE,ID,5_15,1690,323,0.9583893601040541,0.9921762898961204,0.3462774653438387,24000.0,0.5272948741912842,0.40000009536743164,0.0,0.19000000000068168
LA,band,0,AE,AE,ID,6_15,1419,112,0.8858036343501459,0.9904610441424258,0.10270103710982625,24000.0,0.7672192454338074,0.40000003576278687,0.0,0.3755555555567277
LA,band,0,AE,AE,ID,7_16,360,230,0.8843840579710145,0.9322638228479192,0.16376364468695728,24000.0,7.097001314163208,0.75,0.0,0.008333333333212178
LA,band,0,AE,AE,ID,7_19,110,156,0.9146270396270396,0.8247157449179522,0.0007057584701401872,24000.0,40.29665946960449,3.700002670288086,0.0,0.0
LA,band,0,AE,AE,ID,8_20,30,93,0.8953405017921148,0.7324121208751432,0.08282445172719691,12000.0,22.757591247558594,0.7999992370605469,0.0,0.0
LA,band,0,AE,AE,ID,9_13,115,133,1.0,0.9999999999999997,0.004301663046834955,24000.0,0.0,0.30000007152557373,0.0,1.0
LA,band,0,AE,AE,ID,9_17,238,846,0.9274191946282059,0.7839452410761806,0.5899850248691425,12000.0,51.637969970703125,4.600002288818359,0.0,0.0
LA,band,0,AE,AE,ID,9_21,115,262,0.8875871224692997,0.778114509749014,0.25635144250203756,12000.0,26.426774978637695,1.0,0.0,0.2577777777769771
LA,band,1,A,A,ID,10_17,468,165,0.9024087024087024,0.9572772088551496,0.44870070534596246,24000.0,42.615718841552734,3.3999996185302734,0.0,0.0
LA,band,1,A,A,ID,11_17,428,192,0.9545244353582555,0.9684265167058603,0.46664877285943646,24000.0,36.81979751586914,3.5,0.0,0.002777777777722235
LA,band,1,A,A,ID,3_19,80,83,0.9581325301204819,0.9536431366893973,0.11591315198935502,24000.0,60.67863464355469,3.5999984741210938,0.0,0.004444444444452588
LA,band,1,A,A,ID,3_20,73,192,0.9838755707762556,0.9685363657976428,0.5395444685683043,12000.0,84.48291015625,5.099998474121094,0.0,0.0
LA,band,1,A,A,ID,6_17,285,436,0.9215032995332367,0.8851557750962145,0.012874005057204367,24000.0,32.69685363769531,3.3999996185302734,0.0,0.0
LA,band,1,A,A,ID,6_21,203,338,0.9937039088232723,0.9896217875917991,0.14155907997257983,24000.0,53.878807067871094,7.700002670288086,0.0,0.0
LA,band,1,A,A,ID,7_18,414,70,0.8792960662525879,0.9524982680641852,0.0007057584701401872,24000.0,13.480159282684326,0.5,0.0,0.061666666666552336
LA,band,1,A,A,ID,8_16,1442,166,0.9137075347158398,0.9872672570687313,0.057796562272770254,24000.0,4.138896465301514,0.9000000953674316,0.0,0.0
LA,band,1,A,A,ID,8_19,62,68,0.9397533206831119,0.8889943497362464,0.01937143388392951,24000.0,18.514718055725098,1.0000004768371582,0.0,0.021111111111255902
LA,band,1,A,A,ID,8_22,124,74,0.9524847428073235,0.9695331448953923,0.006052485638403184,24000.0,29.505712509155273,1.0500001907348633,0.0,0.07555555555567889
LA,band,1,A,A,ID,9_16,289,139,0.9066241816235593,0.9530332793479857,0.674017668749505,12000.0,5.6992576122283936,1.0999999046325684,0.0,0.0
LA,band,1,A,A,ID,9_20,151,39,0.8921718458142298,0.9584979849527807,0.25635144250203756,12000.0,23.973529815673828,1.1999988555908203,0.0,0.1594444444450247
LA,band,1,A,AE,OOD,10_17,169,140,0.9142011834319527,0.9270090407090281,0.44870070534596246,24000.0,45.23823928833008,4.500001907348633,0.0,0.0
LA,band,1,A,AE,OOD,11_15,802,173,0.9244807057500756,0.980255849441693,0.022792898746793685,24000.0,0.29229119420051575,0.2999999523162842,0.0,0.32333333333383435
LA,band,1,A,AE,OOD,11_17,95,77,0.9271360218728639,0.8981961985472517,0.46664877285943646,24000.0,39.92124557495117,3.200000286102295,0.0,0.0005555555554807824
LA,band,1,A,AE,OOD,5_14,186,376,1.0,1.0,,24000.0,0.0,0.5,0.0,1.0
LA,band,1,A,AE,OOD,6_17,110,139,0.954807063440157,0.9439443105523128,0.09101352766134223,24000.0,31.22904396057129,2.700000762939453,0.0,0.0
LA,band,1,A,AE,OOD,6_21,257,772,0.9939466946230924,0.9841948202436541,0.14155907997257983,24000.0,58.01660919189453,9.39999771118164,0.0,0.0
LA,band,1,A,AE,OOD,7_18,25,40,0.874,0.6996520732861554,0.0007057584701401872,24000.0,13.786988258361816,0.7999992370605469,0.0,0.016666666666788156
LA,band,1,A,AE,OOD,8_16,186,141,0.92389232059788,0.9299737615162276,0.057796562272770254,24000.0,4.954659938812256,1.0,0.0,0.0
LA,band,1,A,AE,OOD,9_16,1407,556,0.8991054491161867,0.9584084012319205,0.674017668749505,12000.0,5.447235107421875,1.0999999046325684,0.0,0.0022222222221959776
LA,band,1,A,AE,OOD,9_20,198,380,0.8971424774056354,0.7878090127968003,0.25635144250203756,12000.0,24.40554904937744,1.8000011444091797,0.0,0.2294444444435311
LA,band,1,AE,A,OOD,10_17,468,165,0.8683501683501683,0.938956883736286,0.44870070534596246,24000.0,42.615718841552734,3.3999996185302734,0.0,0.0
LA,band,1,AE,A,OOD,11_17,428,192,0.9490483839563864,0.9635802240370135,0.46664877285943646,24000.0,36.81979751586914,3.5,0.0,0.002777777777722235
LA,band,1,AE,A,OOD,3_19,80,83,0.9099397590361445,0.8504380608286559,0.11591315198935502,24000.0,60.67863464355469,3.5999984741210938,0.0,0.004444444444452588
LA,band,1,AE,A,OOD,3_20,73,192,0.985445205479452,0.9617553095786098,0.5395444685683043,12000.0,84.48291015625,5.099998474121094,0.0,0.0
LA,band,1,AE,A,OOD,6_17,285,436,0.9135119909866408,0.8677357673073348,0.012874005057204367,24000.0,32.69685363769531,3.3999996185302734,0.0,0.0
LA,band,1,AE,A,OOD,6_21,203,338,0.991605211764363,0.9866529485525706,0.14155907997257983,24000.0,53.878807067871094,7.700002670288086,0.0,0.0
LA,band,1,AE,A,OOD,7_18,414,70,0.8755003450655625,0.9414981292491971,0.0007057584701401872,24000.0,13.480159282684326,0.5,0.0,0.061666666666552336
LA,band,1,AE,A,OOD,8_16,1442,166,0.9125503400564811,0.9857411810121607,0.057796562272770254,24000.0,4.138896465301514,0.9000000953674316,0.0,0.0
LA,band,1,AE,A,OOD,8_19,62,68,0.9335863377609108,0.9078212503166643,0.01937143388392951,24000.0,18.514718055725098,1.0000004768371582,0.0,0.021111111111255902
LA,band,1,AE,A,OOD,8_22,124,74,0.9376634699215345,0.951957728647739,0.006052485638403184,24000.0,29.505712509155273,1.0500001907348633,0.0,0.07555555555567889
LA,band,1,AE,A,OOD,9_16,289,139,0.9339324388240273,0.9687345344023339,0.674017668749505,12000.0,5.6992576122283936,1.0999999046325684,0.0,0.0
LA,band,1,AE,A,OOD,9_20,151,39,0.9167940227542877,0.9750705738310719,0.25635144250203756,12000.0,23.973529815673828,1.1999988555908203,0.0,0.1594444444450247
LA,band,1,AE,AE,ID,10_17,169,140,0.904945054945055,0.9150370481211855,0.44870070534596246,24000.0,45.23823928833008,4.500001907348633,0.0,0.0
LA,band,1,AE,AE,ID,11_15,802,173,0.926765456301443,0.9806518821458861,0.022792898746793685,24000.0,0.29229119420051575,0.2999999523162842,0.0,0.32333333333383435
LA,band,1,AE,AE,ID,11_17,95,77,0.9212576896787422,0.8972693323624312,0.46664877285943646,24000.0,39.92124557495117,3.200000286102295,0.0,0.0005555555554807824
LA,band,1,AE,AE,ID,5_14,186,376,1.0,1.0,,24000.0,0.0,0.5,0.0,1.0
LA,band,1,AE,AE,ID,6_17,110,139,0.9600392413342054,0.9505006449332426,0.09101352766134223,24000.0,31.22904396057129,2.700000762939453,0.0,0.0
LA,band,1,AE,AE,ID,6_21,257,772,0.9925807947420415,0.9803947715878023,0.14155907997257983,24000.0,58.01660919189453,9.39999771118164,0.0,0.0
LA,band,1,AE,AE,ID,7_18,25,40,0.883,0.6852846032948464,0.0007057584701401872,24000.0,13.786988258361816,0.7999992370605469,0.0,0.016666666666788156
LA,band,1,AE,AE,ID,8_16,186,141,0.9354076107679401,0.9329487893595956,0.057796562272770254,24000.0,4.954659938812256,1.0,0.0,0.0
LA,band,1,AE,AE,ID,9_16,1407,556,0.9286097774232639,0.9707350997860522,0.674017668749505,12000.0,5.447235107421875,1.0999999046325684,0.0,0.0022222222221959776
LA,band,1,AE,AE,ID,9_20,198,380,0.8988304093567252,0.816412256681907,0.25635144250203756,12000.0,24.40554904937744,1.8000011444091797,0.0,0.2294444444435311
LA,band,2,A,A,ID,10_15,161,61,0.9646675491294165,0.9864235724461996,0.018841894152012283,24000.0,0.3701231926679611,0.4999999403953552,0.0,0.0
LA,band,2,A,A,ID,3_22,42,57,0.9987468671679198,0.9983508554937127,0.5395444685683043,24000.0,67.52301025390625,4.299999237060547,0.0,0.0
LA,band,2,A,A,ID,4_19,292,475,0.9690627253064168,0.9376161678021531,0.11591315198935502,24000.0,73.83956146240234,5.6999969482421875,0.0,0.0
LA,band,2,A,A,ID,4_21,762,523,0.934320470935397,0.9543107588871309,0.4228108094448711,24000.0,58.32637405395508,3.5,0.0,0.0
LA,band,2,A,A,ID,5_17,552,882,0.99113715534523,0.9864655712037744,0.1856343303374686,24000.0,55.248159408569336,4.90000057220459,0.0,0.0
LA,band,2,A,A,ID,5_21,73,299,0.9924405552755761,0.9674362702620579,0.07651941013880387,24000.0,82.94392776489258,9.700000762939453,0.0,0.0
LA,band,2,A,A,ID,6_16,741,632,0.8535463537129093,0.8914066605170786,0.13422304854056127,24000.0,11.448606491088867,1.1000003814697266,0.0,0.15444444444448494
LA,band,2,A,A,ID,7_15,254,198,0.8755666905273205,0.9169410383217664,0.014404710858029255,24000.0,3.5645066499710083,0.6000000238418579,0.0,0.026111111110977053
LA,band,2,A,A,ID,7_21,799,380,0.9421316118832752,0.9702095545993717,0.14155907997257983,24000.0,22.711380004882812,1.5,0.0,0.005555555555535419
LA,band,2,A,A,ID,8_15,1374,171,0.9503732645539126,0.993735949075444,0.02005463282532235,24000.0,1.3491346836090088,0.5,0.0,0.0733333333326492
LA,band,2,A,A,ID,8_17,470,235,0.9580443639655953,0.9691638790444852,0.011087172746083968,12000.0,15.574552536010742,1.3999996185302734,0.0,0.08333333333315256
LA,band,2,A,A,ID,8_21,430,280,0.8861129568106313,0.9047363743814236,0.1462774695704643,12000.0,26.566377639770508,0.6000003814697266,0.0,0.003333333333324283
LA,band,2,A,AE,OOD,10_15,474,714,0.9567392357786997,0.9435514238765211,0.018841894152012283,24000.0,0.4633958041667938,0.5,0.0,0.0
LA,band,2,A,AE,OOD,11_14,479,86,0.8421129290673399,0.9639941677722597,0.022792898746793685,24000.0,-0.02469998225569725,0.2999999523162842,0.0,0.6788888888895813
LA,band,2,A,AE,OOD,4_21,132,206,0.9574507208002354,0.9423702690615008,0.4228108094448711,24000.0,64.14559555053711,3.700000762939453,0.0,0.0
LA,band,2,A,AE,OOD,6_14,537,200,1.0,1.0,0.014404710858029255,24000.0,0.16960333287715912,0.3999999761581421,0.0,0.6155555555560724
LA,band,2,A,AE,OOD,6_16,104,215,0.8379695885509838,0.7959497197282934,0.13422304854056127,24000.0,12.364001274108887,1.0,0.0,0.2177777777776009
LA,band,2,A,AE,OOD,7_15,674,584,0.8608466119263444,0.8966968628439485,0.014404710858029255,24000.0,3.842312812805176,0.5999999046325684,0.0,0.03444444444453787
LA,band,2,A,AE,OOD,7_21,207,105,0.942765125373821,0.9671958934574263,0.14155907997257983,24000.0,22.468870162963867,1.8000001907348633,0.0,0.003333333333339441
LA,band,2,A,AE,OOD,8_15,395,224,0.9498304701627487,0.9747881601379434,0.02005463282532235,24000.0,1.9208903312683105,0.5999999046325684,0.0,0.007777777777640448
LA,band,2,A,AE,OOD,8_17,142,226,0.9579022809422909,0.9149570974329968,0.011087172746083968,12000.0,15.365085124969482,2.3000001907348633,0.0,0.01111111111114663
LA,band,2,A,AE,OOD,8_21,67,94,0.8243886948237537,0.7763716057999899,0.03580428790604329,12000.0,26.58633041381836,0.6000003814697266,0.0,0.001111111111113147
LA,band,2,A,AE,OOD,9_14,1493,48,0.8726836347398973,0.9928785306683537,0.004301663046834955,24000.0,0.3758048415184021,0.30000007152557373,0.0,0.14000000000104476
LA,band,2,AE,A,OOD,10_15,161,61,0.9593727726300784,0.9839511625533497,0.018841894152012283,24000.0,0.3701231926679611,0.4999999403953552,0.0,0.0
LA,band,2,AE,A,OOD,3_22,42,57,0.9849624060150376,0.9744816043418633,0.5395444685683043,24000.0,67.52301025390625,4.299999237060547,0.0,0.0
LA,band,2,AE,A,OOD,4_19,292,475,0.9636481614996396,0.932841600605528,0.11591315198935502,24000.0,73.83956146240234,5.6999969482421875,0.0,0.0
LA,band,2,AE,A,OOD,4_21,762,523,0.9271114055293757,0.9525524679520332,0.4228108094448711,24000.0,58.32637405395508,3.5,0.0,0.0
LA,band,2,AE,A,OOD,5_17,552,882,0.9880418350915245,0.9834634540526974,0.1856343303374686,24000.0,55.248159408569336,4.90000057220459,0.0,0.0
LA,band,2,AE,A,OOD,5_21,73,299,0.9898749255509232,0.9580240175695031,0.07651941013880387,24000.0,82.94392776489258,9.700000762939453,0.0,0.0
LA,band,2,AE,A,OOD,6_16,741,632,0.8521455781615676,0.8923933461528201,0.13422304854056127,24000.0,11.448606491088867,1.1000003814697266,0.0,0.15444444444448494
LA,band,2,AE,A,OOD,7_15,254,198,0.8740753996659507,0.9177488486740655,0.014404710858029255,24000.0,3.5645066499710083,0.6000000238418579,0.0,0.026111111110977053
LA,band,2,AE,A,OOD,7_21,799,380,0.935043804755945,0.966155015856571,0.14155907997257983,24000.0,22.711380004882812,1.5,0.0,0.005555555555535419
LA,band,2,AE,A,OOD,8_15,1374,171,0.9473173472254144,0.9933834797606113,0.02005463282532235,24000.0,1.3491346836090088,0.5,0.0,0.0733333333326492
LA,band,2,AE,A,OOD,8_17,470,235,0.9488546853779991,0.9542445607938915,0.011087172746083968,12000.0,15.574552536010742,1.3999996185302734,0.0,0.08333333333315256
LA,band,2,AE,A,OOD,8_21,430,280,0.8736794019933556,0.9121535883776112,0.1462774695704643,12000.0,26.566377639770508,0.6000003814697266,0.0,0.003333333333324283
LA,band,2,AE,AE,ID,10_15,474,714,0.9430143365363023,0.9218087538100413,0.018841894152012283,24000.0,0.4633958041667938,0.5,0.0,0.0
LA,band,2,AE,AE,ID,11_14,479,86,0.982060494246735,0.9969689195724025,0.022792898746793685,24000.0,-0.02469998225569725,0.2999999523162842,0.0,0.6788888888895813
LA,band,2,AE,AE,ID,4_21,132,206,0.9563842306560753,0.9403029332359591,0.4228108094448711,24000.0,64.14559555053711,3.700000762939453,0.0,0.0
LA,band,2,AE,AE,ID,6_14,537,200,1.0,1.0,0.014404710858029255,24000.0,0.16960333287715912,0.3999999761581421,0.0,0.6155555555560724
LA,band,2,AE,AE,ID,6_16,104,215,0.8490608228980322,0.8064497615980064,0.13422304854056127,24000.0,12.364001274108887,1.0,0.0,0.2177777777776009
LA,band,2,AE,AE,ID,7_15,674,584,0.856276167635462,0.8901549942802452,0.014404710858029255,24000.0,3.842312812805176,0.5999999046325684,0.0,0.03444444444453787
LA,band,2,AE,AE,ID,7_21,207,105,0.9439613526570048,0.970492049055111,0.14155907997257983,24000.0,22.468870162963867,1.8000001907348633,0.0,0.003333333333339441
LA,band,2,AE,AE,ID,8_15,395,224,0.938641500904159,0.9699032202112773,0.02005463282532235,24000.0,1.9208903312683105,0.5999999046325684,0.0,0.007777777777640448
LA,band,2,AE,AE,ID,8_17,142,226,0.9546615979060202,0.9030455934558542,0.011087172746083968,12000.0,15.365085124969482,2.3000001907348633,0.0,0.01111111111114663
LA,band,2,AE,AE,ID,8_21,67,94,0.8270879644331534,0.796076363577013,0.03580428790604329,12000.0,26.58633041381836,0.6000003814697266,0.0,0.001111111111113147
LA,band,2,AE,AE,ID,9_14,1493,48,0.9749525563741906,0.9991522494252556,0.004301663046834955,24000.0,0.3758048415184021,0.30000007152557373,0.0,0.14000000000104476
LA,band,3,A,A,ID,3_21,187,280,0.9748663101604278,0.9557122573814246,0.5395444685683043,24000.0,63.21879577636719,3.799999237060547,0.0,0.0
LA,band,3,A,A,ID,4_20,422,443,0.9496164667872006,0.9264550402546394,0.4228108094448711,24000.0,50.124855041503906,3.200000762939453,0.0,0.002222222222286927
LA,band,3,A,A,ID,5_16,681,591,0.9159343157643656,0.9326991628179032,0.2558808670699087,24000.0,10.666236400604248,2.299999713897705,0.0,0.0
LA,band,3,A,A,ID,5_18,429,557,0.9816993299937645,0.9769337833223003,0.12962288091346452,24000.0,76.84933090209961,5.700004577636719,0.0,0.0
LA,band,3,A,A,ID,5_19,950,377,0.9868965517241379,0.9943229091711676,0.12962288091346452,24000.0,35.46816635131836,2.8999977111816406,0.0,0.0011111111110828306
LA,band,3,A,A,ID,6_18,77,220,0.9644628099173554,0.8741057819669849,0.31469618693986984,12000.0,39.4799919128418,4.100002288818359,0.0,0.0
LA,band,3,A,A,ID,6_19,648,549,0.9944989768153094,0.995154035508249,0.31469618693986984,24000.0,34.890098571777344,4.5,0.0,0.0
LA,band,3,A,A,ID,6_22,88,223,0.9895536078271504,0.9706264326795255,0.14155907997257983,24000.0,52.022735595703125,7.299999237060547,0.0,0.0
LA,band,3,A,A,ID,7_17,440,181,0.817340532395781,0.9054042344013992,0.16376364468695728,24000.0,11.369499206542969,1.3000001907348633,0.0,0.00444444444427069
LA,band,3,A,A,ID,7_20,1019,228,0.964313998932562,0.9917607782241034,0.040599694722148943,12000.0,18.68965721130371,1.2000007629394531,0.0,0.03555555555531754
LA,band,3,A,A,ID,7_22,225,124,0.9662007168458782,0.9799788631081489,0.14155907997257983,24000.0,24.372997283935547,2.299999237060547,0.0,0.005555555555565736
LA,band,3,A,A,ID,9_15,1042,217,0.8686680170179645,0.9606908914216762,0.023715270041224697,24000.0,0.6063743829727173,0.4999999403953552,0.0,0.0011111111111434635
LA,band,3,A,AE,OOD,10_14,1017,496,0.7943984521204047,0.88543702539543,0.004301663046834955,24000.0,0.3402521014213562,0.5999999046325684,0.0,0.08999999999913415
LA,band,3,A,AE,OOD,3_21,146,194,0.9862660641152381,0.9816389463252949,0.5395444685683043,24000.0,62.04768371582031,2.6000022888183594,0.0,0.0
LA,band,3,A,AE,OOD,4_14,323,398,0.9815719464194035,0.9716853254345678,,24000.0,0.2548627257347107,0.30000007152557373,0.0,0.5255555555560307
LA,band,3,A,AE,OOD,4_20,265,547,0.9610430823358974,0.9088008417610612,0.4228108094448711,24000.0,57.811031341552734,4.25,0.0,0.001111111111113147
LA,band,3,A,AE,OOD,5_16,229,235,0.9072191768094399,0.9147131019404571,0.2558808670699087,24000.0,12.760729312896729,2.500000238418579,0.0,0.0
LA,band,3,A,AE,OOD,5_18,170,54,0.9773420479302832,0.9903814482750204,0.12962288091346452,24000.0,61.91694450378418,3.3999977111816406,0.0,0.0
LA,band,3,A,AE,OOD,5_19,154,78,0.9761072261072261,0.9879761642093837,0.12962288091346452,24000.0,35.76326370239258,3.450000762939453,0.0,0.001111111111113147
LA,band,3,A,AE,OOD,6_18,230,302,0.9699683270947307,0.9404424880481731,0.31469618693986984,12000.0,29.219311714172363,2.59999942779541,0.0,0.0
LA,band,3,A,AE,OOD,6_19,37,101,0.9949157077869949,0.9874879031855774,0.31469618693986984,24000.0,45.68148612976074,5.850000381469727,0.0,0.0
LA,band,3,A,AE,OOD,7_17,105,47,0.7841945288753799,0.8889817838615225,0.16376364468695728,24000.0,10.328930854797363,1.0,0.0,0.0011111111110373559
LA,band,3,A,AE,OOD,7_20,304,91,0.9737565066512435,0.9913754820556144,0.040599694722148943,12000.0,18.81000328063965,1.2000007629394531,0.0,0.028888888888456754
LA,band,3,A,AE,OOD,9_15,745,446,0.8877569446534446,0.9185768755852055,0.023715270041224697,24000.0,0.7634674310684204,0.5,0.0,0.0
LA,band,3,AE,A,OOD,3_21,187,280,0.969022154316272,0.9329188336536842,0.5395444685683043,24000.0,63.21879577636719,3.799999237060547,0.0,0.0
LA,band,3,AE,A,OOD,4_20,422,443,0.9523445272966525,0.9467433149587128,0.4228108094448711,24000.0,50.124855041503906,3.200000762939453,0.0,0.002222222222286927
LA,band,3,AE,A,OOD,5_16,681,591,0.9097897736731342,0.9254944630858564,0.2558808670699087,24000.0,10.666236400604248,2.299999713897705,0.0,0.0
LA,band,3,AE,A,OOD,5_18,429,557,0.9840470720183466,0.9811887923399245,0.12962288091346452,24000.0,76.84933090209961,5.700004577636719,0.0,0.0
LA,band,3,AE,A,OOD,5_19,950,377,0.9847270696635488,0.9936883133058402,0.12962288091346452,24000.0,35.46816635131836,2.8999977111816406,0.0,0.0011111111110828306
LA,band,3,AE,A,OOD,6_18,77,220,0.9576741440377804,0.8601887638247766,0.31469618693986984,12000.0,39.4799919128418,4.100002288818359,0.0,0.0
LA,band,3,AE,A,OOD,6_19,648,549,0.9922783287233803,0.9935045612646939,0.31469618693986984,24000.0,34.890098571777344,4.5,0.0,0.0
LA,band,3,AE,A,OOD,6_22,88,223,0.9897574398695475,0.9743859825664414,0.14155907997257983,24000.0,52.022735595703125,7.299999237060547,0.0,0.0
LA,band,3,AE,A,OOD,7_17,440,181,0.7950778503264692,0.8884787913253392,0.16376364468695728,24000.0,11.369499206542969,1.3000001907348633,0.0,0.00444444444427069
LA,band,3,AE,A,OOD,7_20,1019,228,0.9403052528278497,0.985646083540366,0.040599694722148943,12000.0,18.68965721130371,1.2000007629394531,0.0,0.03555555555531754
LA,band,3,AE,A,OOD,7_22,225,124,0.9592114695340501,0.973022051572628,0.14155907997257983,24000.0,24.372997283935547,2.299999237060547,0.0,0.005555555555565736
LA,band,3,AE,A,OOD,9_15,1042,217,0.889369963823558,0.9683671089474204,0.023715270041224697,24000.0,0.6063743829727173,0.4999999403953552,0.0,0.0011111111111434635
LA,band,3,AE,AE,ID,10_14,1017,496,0.7047768579312971,0.7519387424439972,0.004301663046834955,24000.0,0.3402521014213562,0.5999999046325684,0.0,0.08999999999913415
LA,band,3,AE,AE,ID,3_21,146,194,0.9780398248834911,0.962436257979217,0.5395444685683043,24000.0,62.04768371582031,2.6000022888183594,0.0,0.0
LA,band,3,AE,AE,ID,4_14,323,398,0.9998522021874077,0.9998196747841572,,24000.0,0.2548627257347107,0.30000007152557373,0.0,0.5255555555560307
LA,band,3,AE,AE,ID,4_20,265,547,0.9638577489565726,0.9245720522981762,0.4228108094448711,24000.0,57.811031341552734,4.25,0.0,0.001111111111113147
LA,band,3,AE,AE,ID,5_16,229,235,0.8971662175973242,0.9018766737731643,0.2558808670699087,24000.0,12.760729312896729,2.500000238418579,0.0,0.0
LA,band,3,AE,AE,ID,5_18,170,54,0.9892156862745098,0.996650409382612,0.12962288091346452,24000.0,61.91694450378418,3.3999977111816406,0.0,0.0
LA,band,3,AE,AE,ID,5_19,154,78,0.9679487179487181,0.9840232421836579,0.12962288091346452,24000.0,35.76326370239258,3.450000762939453,0.0,0.001111111111113147
LA,band,3,AE,AE,ID,6_18,230,302,0.9687733947595738,0.9490875186756472,0.31469618693986984,12000.0,29.219311714172363,2.59999942779541,0.0,0.0
LA,band,3,AE,AE,ID,6_19,37,101,0.9887610382659888,0.9780104902746412,0.31469618693986984,24000.0,45.68148612976074,5.850000381469727,0.0,0.0
LA,band,3,AE,AE,ID,7_17,105,47,0.7390070921985816,0.8618786474696429,0.16376364468695728,24000.0,10.328930854797363,1.0,0.0,0.0011111111110373559
LA,band,3,AE,AE,ID,7_20,304,91,0.9600563909774437,0.9864422494239986,0.040599694722148943,12000.0,18.81000328063965,1.2000007629394531,0.0,0.028888888888456754
LA,band,3,AE,AE,ID,9_15,745,446,0.9063502573208536,0.9341109185815685,0.023715270041224697,24000.0,0.7634674310684204,0.5,0.0,0.0
LA,shadedX,0,A,A,ID,10_16,417,472,0.8612618379872373,0.8769502650646115,0.44870070534596246,24000.0,2.8026115894317627,0.9000003337860107,0.0,0.0
LA,shadedX,0,A,A,ID,4_16,152,670,0.8603004713275726,0.6286560753241206,0.3462774653438387,12000.0,7.283317804336548,2.0999996662139893,0.0,0.0
LA,shadedX,0,A,A,ID,4_17,109,56,0.7568807339449543,0.8698722169787302,0.09101352766134223,24000.0,29.730375289916992,3.59999942779541,0.0,0.0
LA,shadedX,0,A,A,ID,5_15,70,1666,0.8064911678957297,0.3915317703740876,0.3462774653438387,24000.0,2.6742457151412964,0.7999999523162842,0.0,0.006666666666603091
LA,shadedX,0,A,A,ID,5_20,119,25,0.8057142857142857,0.9458664039187352,0.12962288091346452,24000.0,38.82068061828613,4.700000762939453,0.0,0.0
LA,shadedX,0,A,A,ID,6_15,546,1261,0.6618112260459603,0.5292957547135337,0.10270103710982625,24000.0,2.0153191089630127,0.5,0.0,0.3033333333323733
LA,shadedX,0,A,A,ID,6_20,421,131,0.8429946873130133,0.9464901522418993,0.39967522708043823,24000.0,43.69512939453125,3.250001907348633,0.0,0.0
LA,shadedX,0,A,A,ID,7_16,577,191,0.9413195169090893,0.9797013677410962,0.16376364468695728,24000.0,6.604172945022583,0.8999996185302734,0.0,0.01111111111114663
LA,shadedX,0,A,A,ID,7_19,354,253,0.9128871619660124,0.9341314190228573,0.0007057584701401872,24000.0,19.616979598999023,1.3000011444091797,0.0,0.003333333333278808
LA,shadedX,0,A,A,ID,8_20,548,92,0.9750476039352588,0.9959173105828643,0.1462774695704643,12000.0,19.73532485961914,1.0,0.0,0.0011111111110979888
LA,shadedX,0,A,A,ID,9_17,191,158,0.7594605341639604,0.7747497207422192,0.5899850248691425,12000.0,31.457929611206055,2.200000762939453,0.0,0.002222222222226294
LA,shadedX,0,A,AE,OOD,10_16,1083,329,0.8440389888495033,0.9519298795615989,0.44870070534596246,24000.0,1.504813313484192,0.7999999523162842,0.0,0.0
LA,shadedX,0,A,AE,OOD,4_15,1337,653,0.7893365984736462,0.8995684173973264,0.3462774653438387,24000.0,0.7315252423286438,0.5,0.0,0.050555555555708856
LA,shadedX,0,A,AE,OOD,4_16,328,559,0.8350386142501857,0.7562482745668206,0.3462774653438387,12000.0,7.49950647354126,2.1000001430511475,0.0,0.0
LA,shadedX,0,A,AE,OOD,4_17,165,50,0.7635151515151516,0.9149866025364735,0.09101352766134223,24000.0,29.928625106811523,3.5,0.0,0.0
LA,shadedX,0,A,AE,OOD,5_15,1690,1615,0.8655467418982541,0.8973453347867878,0.3462774653438387,24000.0,2.0505459308624268,0.5000002384185791,0.0,0.06333333333341912
LA,shadedX,0,A,AE,OOD,6_15,1419,1018,0.7019574370284838,0.7796190128739793,0.10270103710982625,24000.0,1.7122217416763306,0.5,0.0,0.36333333333442247
LA,shadedX,0,A,AE,OOD,7_16,360,129,0.9334840654608096,0.9749938729313707,0.16376364468695728,24000.0,6.4629364013671875,0.7999992370605469,0.0,0.008888888888662646
LA,shadedX,0,A,AE,OOD,7_19,110,205,0.8735698447893572,0.8324915427592962,0.0007057584701401872,24000.0,19.60493278503418,1.6000003814697266,0.0,0.006666666666618249
LA,shadedX,0,A,AE,OOD,8_20,30,69,0.9927536231884058,0.9832233994244507,0.08282445172719691,12000.0,19.76641273498535,1.7000007629394531,0.0,0.0
LA,shadedX,0,A,AE,OOD,9_17,238,108,0.7424525365701836,0.8555016737390251,0.5899850248691425,12000.0,31.092321395874023,2.1000003814697266,0.0,0.002222222222226294
LA,shadedX,0,AE,A,OOD,10_16,417,472,0.876956062268829,0.8888562465547225,0.44870070534596246,24000.0,2.8026115894317627,0.9000003337860107,0.0,0.0
LA,shadedX,0,AE,A,OOD,4_16,152,670,0.8069226237234878,0.5106787455346476,0.3462774653438387,12000.0,7.283317804336548,2.0999996662139893,0.0,0.0
LA,shadedX,0,AE,A,OOD,4_17,109,56,0.716743119266055,0.8559999351423403,0.09101352766134223,24000.0,29.730375289916992,3.59999942779541,0.0,0.0
LA,shadedX,0,AE,A,OOD,5_15,70,1666,0.8689332876007546,0.5417422401617943,0.3462774653438387,24000.0,2.6742457151412964,0.7999999523162842,0.0,0.006666666666603091
LA,shadedX,0,AE,A,OOD,5_20,119,25,0.7922689075630253,0.9434892468286669,0.12962288091346452,24000.0,38.82068061828613,4.700000762939453,0.0,0.0
LA,shadedX,0,AE,A,OOD,6_15,546,1261,0.7364089782805088,0.6699377293937118,0.10270103710982625,24000.0,2.0153191089630127,0.5,0.0,0.3033333333323733
LA,shadedX,0,AE,A,OOD,6_20,421,131,0.8254791390908596,0.939049752846618,0.39967522708043823,24000.0,43.69512939453125,3.250001907348633,0.0,0.0
LA,shadedX,0,AE,A,OOD,7_16,577,191,0.925031985264094,0.9735720562421176,0.16376364468695728,24000.0,6.604172945022583,0.8999996185302734,0.0,0.01111111111114663
LA,shadedX,0,AE,A,OOD,7_19,354,253,0.908119514972868,0.9291971243108353,0.0007057584701401872,24000.0,19.616979598999023,1.3000011444091797,0.0,0.003333333333278808
LA,shadedX,0,AE,A,OOD,8_20,548,92,0.9698310060298317,0.9944889341921951,0.1462774695704643,12000.0,19.73532485961914,1.0,0.0,0.0011111111110979888
LA,shadedX,0,AE,A,OOD,9_17,191,158,0.7965736629332626,0.7807581817701057,0.5899850248691425,12000.0,31.457929611206055,2.200000762939453,0.0,0.002222222222226294
LA,shadedX,0,AE,AE,ID,10_16,1083,329,0.8564243756086745,0.9550207764085118,0.44870070534596246,24000.0,1.504813313484192,0.7999999523162842,0.0,0.0
LA,shadedX,0,AE,AE,ID,4_15,1337,653,0.9121103794580219,0.9655649498149561,0.3462774653438387,24000.0,0.7315252423286438,0.5,0.0,0.050555555555708856
LA,shadedX,0,AE,AE,ID,4_16,328,559,0.7882870107770845,0.6734679482372486,0.3462774653438387,12000.0,7.49950647354126,2.1000001430511475,0.0,0.0
LA,shadedX,0,AE,AE,ID,4_17,165,50,0.6953939393939393,0.889602333465419,0.09101352766134223,24000.0,29.928625106811523,3.5,0.0,0.0
LA,shadedX,0,AE,AE,ID,5_15,1690,1615,0.8935460824005715,0.9247801898863837,0.3462774653438387,24000.0,2.0505459308624268,0.5000002384185791,0.0,0.06333333333341912
LA,shadedX,0,AE,AE,ID,6_15,1419,1018,0.7649933335271664,0.8522289628415973,0.10270103710982625,24000.0,1.7122217416763306,0.5,0.0,0.36333333333442247
LA,shadedX,0,AE,AE,ID,7_16,360,129,0.9124461670973298,0.9640069678856725,0.16376364468695728,24000.0,6.4629364013671875,0.7999992370605469,0.0,0.008888888888662646
LA,shadedX,0,AE,AE,ID,7_19,110,205,0.859290465631929,0.8125837316848431,0.0007057584701401872,24000.0,19.60493278503418,1.6000003814697266,0.0,0.006666666666618249
LA,shadedX,0,AE,AE,ID,8_20,30,69,0.9971014492753624,0.993669734047932,0.08282445172719691,12000.0,19.76641273498535,1.7000007629394531,0.0,0.0
LA,shadedX,0,AE,AE,ID,9_17,238,108,0.7761437908496732,0.8617986977523098,0.5899850248691425,12000.0,31.092321395874023,2.1000003814697266,0.0,0.002222222222226294
LA,shadedX,1,A,A,ID,10_17,468,47,0.6881251136570286,0.9565480944468979,0.44870070534596246,24000.0,40.75295639038086,2.700000762939453,0.0,0.0
LA,shadedX,1,A,A,ID,11_17,428,81,0.9226952809507326,0.9855907746396076,0.46664877285943646,24000.0,37.270381927490234,3.5,0.0,0.002222222222226294
LA,shadedX,1,A,A,ID,6_21,203,60,0.7568144499178983,0.9061017093811699,0.14155907997257983,24000.0,28.75779151916504,2.6000003814697266,0.0,0.0033333333333091246
LA,shadedX,1,A,A,ID,8_19,62,121,0.9590775793121835,0.9471996779297935,0.01937143388392951,24000.0,19.411598205566406,1.2999992370605469,0.0,0.003333333333339441
LA,shadedX,1,A,A,ID,9_16,289,380,0.8703605900564559,0.8798165164819634,0.674017668749505,12000.0,14.861368179321289,1.5999999046325684,0.0,0.0
LA,shadedX,1,A,AE,OOD,10_17,169,54,0.6988823142669297,0.8887332467695098,0.44870070534596246,24000.0,40.23329544067383,3.0999984741210938,0.0,0.0
LA,shadedX,1,A,AE,OOD,11_15,802,2310,0.8785649512582181,0.723847049832636,0.022792898746793685,24000.0,-0.08025120198726654,0.7000001668930054,2.0,0.02888888888912372
LA,shadedX,1,A,AE,OOD,11_17,95,61,0.8208800690250216,0.8943377633446243,0.46664877285943646,24000.0,38.21108818054199,3.9000015258789062,0.0,0.0
LA,shadedX,1,A,AE,OOD,6_21,257,32,0.8251459143968872,0.9693006522675728,0.14155907997257983,24000.0,28.339401245117188,1.7999992370605469,0.0,0.007777777777822347
LA,shadedX,1,A,AE,OOD,8_14,317,146,0.9819368220906616,0.9921396174824765,0.02005463282532235,24000.0,0.5323867201805115,0.3999999761581421,0.0,0.0277777777778893
LA,shadedX,1,A,AE,OOD,9_16,1407,300,0.8534328358208955,0.9662205655224579,0.674017668749505,12000.0,8.031734466552734,1.1000001430511475,0.0,0.003333333333400074
LA,shadedX,1,AE,A,OOD,10_17,468,47,0.7409529005273685,0.9635936276913455,0.44870070534596246,24000.0,40.75295639038086,2.700000762939453,0.0,0.0
LA,shadedX,1,AE,A,OOD,11_17,428,81,0.8791681089188879,0.9731334572711947,0.46664877285943646,24000.0,37.270381927490234,3.5,0.0,0.002222222222226294
LA,shadedX,1,AE,A,OOD,6_21,203,60,0.8589490968801314,0.9605501927506377,0.14155907997257983,24000.0,28.75779151916504,2.6000003814697266,0.0,0.0033333333333091246
LA,shadedX,1,AE,A,OOD,8_19,62,121,0.9114902692615302,0.8959950563274305,0.01937143388392951,24000.0,19.411598205566406,1.2999992370605469,0.0,0.003333333333339441
LA,shadedX,1,AE,A,OOD,9_16,289,380,0.8493625933345476,0.8624681129131375,0.674017668749505,12000.0,14.861368179321289,1.5999999046325684,0.0,0.0
LA,shadedX,1,AE,AE,ID,10_17,169,54,0.7919132149901381,0.9148969470837901,0.44870070534596246,24000.0,40.23329544067383,3.0999984741210938,0.0,0.0
LA,shadedX,1,AE,AE,ID,11_15,802,2310,0.9231418207727434,0.8427796124494101,0.022792898746793685,24000.0,-0.08025120198726654,0.7000001668930054,2.0,0.02888888888912372
LA,shadedX,1,AE,AE,ID,11_17,95,61,0.7696289905090595,0.857523706353884,0.46664877285943646,24000.0,38.21108818054199,3.9000015258789062,0.0,0.0
LA,shadedX,1,AE,AE,ID,6_21,257,32,0.8640564202334631,0.9825851202509945,0.14155907997257983,24000.0,28.339401245117188,1.7999992370605469,0.0,0.007777777777822347
LA,shadedX,1,AE,AE,ID,8_14,317,146,0.977421027613327,0.9905894407923379,0.02005463282532235,24000.0,0.5323867201805115,0.3999999761581421,0.0,0.0277777777778893
LA,shadedX,1,AE,AE,ID,9_16,1407,300,0.8315185974887468,0.9620254178573855,0.674017668749505,12000.0,8.031734466552734,1.1000001430511475,0.0,0.003333333333400074
LA,shadedX,2,A,A,ID,10_15,161,682,0.9618312963334,0.9231185042303749,0.018841894152012283,24000.0,1.7439591884613037,0.7999999523162842,0.0,0.0
LA,shadedX,2,A,A,ID,4_21,762,62,0.858754550842435,0.986839445238919,0.4228108094448711,24000.0,52.71343421936035,2.299999237060547,0.0,0.004444444444482905
LA,shadedX,2,A,A,ID,6_16,741,51,0.9100050276520865,0.9932551538365025,0.13422304854056127,24000.0,10.199048519134521,1.200000524520874,0.0,0.048333333333452244
LA,shadedX,2,A,A,ID,7_15,254,1756,0.8402776532204546,0.6219850722395135,0.014404710858029255,24000.0,3.309694290161133,0.6999998688697815,0.0,0.014444444444501228
LA,shadedX,2,A,A,ID,7_21,799,1441,0.8606889771131334,0.8185177659923842,0.14155907997257983,24000.0,22.738207817077637,1.9000015258789062,0.0,0.008888888888935492
LA,shadedX,2,A,A,ID,8_15,1374,1029,0.8842964509571765,0.9284818833495465,0.02005463282532235,24000.0,2.0705580711364746,0.5999999046325684,0.0,0.011111111111192104
LA,shadedX,2,A,A,ID,8_21,430,26,0.7556350626118068,0.9740449237910387,0.1462774695704643,12000.0,25.903830528259277,0.5,0.0,0.005555555555641527
LA,shadedX,2,A,A,ID,9_14,57,565,0.8351187703772706,0.38462071645914636,0.004301663046834955,24000.0,1.0928266048431396,0.7000001668930054,0.0,0.027777777777707402
LA,shadedX,2,A,AE,OOD,10_15,474,1442,0.9623223137110319,0.9252739052512213,0.018841894152012283,24000.0,1.6624634265899658,0.7000000476837158,0.0,0.0
LA,shadedX,2,A,AE,OOD,6_16,104,42,0.9402472527472527,0.9776700659542248,0.13422304854056127,24000.0,9.929999828338623,1.3000001907348633,0.0,0.04666666666685831
LA,shadedX,2,A,AE,OOD,7_15,674,1357,0.824483008206705,0.7660816852005142,0.014404710858029255,24000.0,3.1484246253967285,0.6999998092651367,0.0,0.02444444444470145
LA,shadedX,2,A,AE,OOD,7_21,207,1062,0.8672589317394033,0.6698511420197144,0.14155907997257983,24000.0,23.159879684448242,2.200000762939453,0.0,0.006666666666800148
LA,shadedX,2,A,AE,OOD,8_15,395,836,0.8767882018048573,0.855290337039461,0.02005463282532235,24000.0,2.2924721240997314,0.6999998092651367,0.0,0.0
LA,shadedX,2,A,AE,OOD,8_21,67,28,0.7670575692963754,0.8559160645412384,0.03580428790604329,12000.0,26.965421676635742,0.6000003814697266,0.0,0.003333333333400074
LA,shadedX,2,A,AE,OOD,9_14,1493,466,0.8926018127513519,0.9559745845736637,0.004301663046834955,24000.0,0.44708728790283203,0.3999999761581421,0.0,0.09888888888785745
LA,shadedX,2,AE,A,OOD,10_15,161,682,0.9630061383217062,0.9255491970315418,0.018841894152012283,24000.0,1.7439591884613037,0.7999999523162842,0.0,0.0
LA,shadedX,2,AE,A,OOD,4_21,762,62,0.7829565659131318,0.9774690010657652,0.4228108094448711,24000.0,52.71343421936035,2.299999237060547,0.0,0.004444444444482905
LA,shadedX,2,AE,A,OOD,6_16,741,51,0.9398798655764601,0.9950477424419214,0.13422304854056127,24000.0,10.199048519134521,1.200000524520874,0.0,0.048333333333452244
LA,shadedX,2,AE,A,OOD,7_15,254,1756,0.8051225942998583,0.5668826902930368,0.014404710858029255,24000.0,3.309694290161133,0.6999998688697815,0.0,0.014444444444501228
LA,shadedX,2,AE,A,OOD,7_21,799,1441,0.809765676908766,0.763021658436181,0.14155907997257983,24000.0,22.738207817077637,1.9000015258789062,0.0,0.008888888888935492
LA,shadedX,2,AE,A,OOD,8_15,1374,1029,0.9163098385538453,0.9477010387988973,0.02005463282532235,24000.0,2.0705580711364746,0.5999999046325684,0.0,0.011111111111192104
LA,shadedX,2,AE,A,OOD,8_21,430,26,0.779427549194991,0.9816804995945124,0.1462774695704643,12000.0,25.903830528259277,0.5,0.0,0.005555555555641527
LA,shadedX,2,AE,A,OOD,9_14,57,565,0.9509703462195311,0.8542242096326094,0.004301663046834955,24000.0,1.0928266048431396,0.7000001668930054,0.0,0.027777777777707402
LA,shadedX,2,AE,AE,ID,10_15,474,1442,0.9666821748977334,0.9358714459835974,0.018841894152012283,24000.0,1.6624634265899658,0.7000000476837158,0.0,0.0
LA,shadedX,2,AE,AE,ID,6_16,104,42,0.9391025641025641,0.9548616060382853,0.13422304854056127,24000.0,9.929999828338623,1.3000001907348633,0.0,0.04666666666685831
LA,shadedX,2,AE,AE,ID,7_15,674,1357,0.776956062531024,0.7162626003108842,0.014404710858029255,24000.0,3.1484246253967285,0.6999998092651367,0.0,0.02444444444470145
LA,shadedX,2,AE,AE,ID,7_21,207,1062,0.829316666211778,0.640611002736707,0.14155907997257983,24000.0,23.159879684448242,2.200000762939453,0.0,0.006666666666800148
LA,shadedX,2,AE,AE,ID,8_15,395,836,0.9204015504814972,0.8964617989575093,0.02005463282532235,24000.0,2.2924721240997314,0.6999998092651367,0.0,0.0
LA,shadedX,2,AE,AE,ID,8_21,67,28,0.7942430703624733,0.8848795836085682,0.03580428790604329,12000.0,26.965421676635742,0.6000003814697266,0.0,0.003333333333400074
LA,shadedX,2,AE,AE,ID,9_14,1493,466,0.9757839876505235,0.9925738444808868,0.004301663046834955,24000.0,0.44708728790283203,0.3999999761581421,0.0,0.09888888888785745
LA,shadedX,3,A,A,ID,3_21,187,28,0.7412146676852559,0.9578134630232588,0.5395444685683043,24000.0,53.01377868652344,0.7999992370605469,0.0,0.05333333333340077
LA,shadedX,3,A,A,ID,4_20,422,101,0.9085214208624655,0.97554243115658,0.4228108094448711,24000.0,45.514251708984375,1.7000007629394531,0.0,0.01888888888919635
LA,shadedX,3,A,A,ID,5_16,681,480,0.9329662261380325,0.9613337005577515,0.2558808670699087,24000.0,5.3805437088012695,1.899999976158142,0.0,0.0033333333333091246
LA,shadedX,3,A,A,ID,5_18,429,144,0.50247668997669,0.7912666902865071,0.12962288091346452,24000.0,32.49369812011719,2.799999237060547,0.0,0.0
LA,shadedX,3,A,A,ID,5_19,950,297,0.7774339890129365,0.9223287029639209,0.12962288091346452,24000.0,33.25808334350586,1.9000015258789062,0.0,0.008888888888935492
LA,shadedX,3,A,A,ID,6_18,77,471,0.6936609038519865,0.36164748866608504,0.31469618693986984,12000.0,28.324606895446777,1.6000003814697266,0.0,0.0011111111111737802
LA,shadedX,3,A,A,ID,6_19,648,450,0.8613923182441701,0.9087272802161774,0.31469618693986984,24000.0,27.34512710571289,3.1000003814697266,0.0,0.0
LA,shadedX,3,A,A,ID,7_20,1019,947,0.8840488998365793,0.9046801870502903,0.040599694722148943,12000.0,19.611672401428223,1.3999996185302734,0.0,0.01388888888882339
LA,shadedX,3,A,A,ID,9_15,1042,796,0.9045274356427049,0.9323706779159399,0.023715270041224697,24000.0,1.041805386543274,0.6000003814697266,0.0,0.0033333333333091246
LA,shadedX,3,A,AE,OOD,10_14,1017,245,0.897465534886521,0.9758936182469022,0.004301663046834955,24000.0,0.44318336248397827,0.6000000238418579,0.0,0.04555555555559357
LA,shadedX,3,A,AE,OOD,3_21,146,31,0.8124171453822361,0.9579833951615346,0.5395444685683043,24000.0,52.4067268371582,0.5,0.0,0.10666666666677115
LA,shadedX,3,A,AE,OOD,4_20,265,82,0.8938334100322136,0.9641697262450821,0.4228108094448711,24000.0,45.71799850463867,1.7999992370605469,0.0,0.02000000000006696
LA,shadedX,3,A,AE,OOD,5_16,229,404,0.9203921483851443,0.9123441021016057,0.2558808670699087,24000.0,5.059344291687012,1.9000000953674316,0.0,0.003333333333339441
LA,shadedX,3,A,AE,OOD,5_18,170,83,0.62537207654146,0.7822788224664573,0.12962288091346452,24000.0,32.2396125793457,3.0,0.0,0.0011111111111434635
LA,shadedX,3,A,AE,OOD,5_19,154,199,0.7076290543627228,0.7031301662757472,0.12962288091346452,24000.0,33.32196807861328,3.0,0.0,0.006666666666678882
LA,shadedX,3,A,AE,OOD,6_18,230,394,0.6578128448466123,0.5809806842675108,0.31469618693986984,12000.0,27.882476806640625,1.3999996185302734,0.0,0.0022222222221959776
LA,shadedX,3,A,AE,OOD,6_19,37,279,0.881332945849075,0.6439846479907774,0.31469618693986984,24000.0,27.93069076538086,4.549999237060547,0.0,0.0
LA,shadedX,3,A,AE,OOD,7_20,304,734,0.8899863760217984,0.82962346383251,0.040599694722148943,12000.0,19.819785118103027,1.3999996185302734,0.0,0.006666666666618249
LA,shadedX,3,A,AE,OOD,9_15,745,630,0.8879535527857676,0.9151346576516535,0.023715270041224697,24000.0,1.0379685163497925,0.6000000238418579,0.0,0.002222222222226294
LA,shadedX,3,AE,A,OOD,3_21,187,28,0.5977845683728037,0.9248219279940749,0.5395444685683043,24000.0,53.01377868652344,0.7999992370605469,0.0,0.05333333333340077
LA,shadedX,3,AE,A,OOD,4_20,422,101,0.8996762235465252,0.9755855736497123,0.4228108094448711,24000.0,45.514251708984375,1.7000007629394531,0.0,0.01888888888919635
LA,shadedX,3,AE,A,OOD,5_16,681,480,0.9345447870778267,0.9546197734495795,0.2558808670699087,24000.0,5.3805437088012695,1.899999976158142,0.0,0.0033333333333091246
LA,shadedX,3,AE,A,OOD,5_18,429,144,0.6089257964257964,0.8328527510658276,0.12962288091346452,24000.0,32.49369812011719,2.799999237060547,0.0,0.0
LA,shadedX,3,AE,A,OOD,5_19,950,297,0.6892752082225766,0.8839595516038067,0.12962288091346452,24000.0,33.25808334350586,1.9000015258789062,0.0,0.008888888888935492
LA,shadedX,3,AE,A,OOD,6_18,77,471,0.8572255769707999,0.6082787595606312,0.31469618693986984,12000.0,28.324606895446777,1.6000003814697266,0.0,0.0011111111111737802
LA,shadedX,3,AE,A,OOD,6_19,648,450,0.9001646090534979,0.9333740928696794,0.31469618693986984,24000.0,27.34512710571289,3.1000003814697266,0.0,0.0
LA,shadedX,3,AE,A,OOD,7_20,1019,947,0.8703337744418871,0.8948682262813994,0.040599694722148943,12000.0,19.611672401428223,1.3999996185302734,0.0,0.01388888888882339
LA,shadedX,3,AE,A,OOD,9_15,1042,796,0.9212461057687671,0.9439503501439765,0.023715270041224697,24000.0,1.041805386543274,0.6000003814697266,0.0,0.0033333333333091246
LA,shadedX,3,AE,AE,ID,10_14,1017,245,0.8535428330624285,0.9653783027867044,0.004301663046834955,24000.0,0.44318336248397827,0.6000000238418579,0.0,0.04555555555559357
LA,shadedX,3,AE,AE,ID,3_21,146,31,0.7054794520547946,0.928881776991918,0.5395444685683043,24000.0,52.4067268371582,0.5,0.0,0.10666666666677115
LA,shadedX,3,AE,AE,ID,4_20,265,82,0.8824206166589968,0.9624664057113437,0.4228108094448711,24000.0,45.71799850463867,1.7999992370605469,0.0,0.02000000000006696
LA,shadedX,3,AE,AE,ID,5_16,229,404,0.9180682260365775,0.8948626946074686,0.2558808670699087,24000.0,5.059344291687012,1.9000000953674316,0.0,0.003333333333339441
LA,shadedX,3,AE,AE,ID,5_18,170,83,0.7420269312544295,0.8588730342130503,0.12962288091346452,24000.0,32.2396125793457,3.0,0.0,0.0011111111111434635
LA,shadedX,3,AE,AE,ID,5_19,154,199,0.6132611107485479,0.6026927604256307,0.12962288091346452,24000.0,33.32196807861328,3.0,0.0,0.006666666666678882
LA,shadedX,3,AE,AE,ID,6_18,230,394,0.8077245641138823,0.7949770022291542,0.31469618693986984,12000.0,27.882476806640625,1.3999996185302734,0.0,0.0022222222221959776
LA,shadedX,3,AE,AE,ID,6_19,37,279,0.9029351932577738,0.7486042062921602,0.31469618693986984,24000.0,27.93069076538086,4.549999237060547,0.0,0.0
LA,shadedX,3,AE,AE,ID,7_20,304,734,0.8775903484870214,0.8154807784437156,0.040599694722148943,12000.0,19.819785118103027,1.3999996185302734,0.0,0.006666666666618249
LA,shadedX,3,AE,AE,ID,9_15,745,630,0.90806860551827,0.9302855429586518,0.023715270041224697,24000.0,1.0379685163497925,0.6000000238418579,0.0,0.002222222222226294
NC,band,0,A,A,ID,23_29,32,172,0.993640988372093,0.9372113227172146,13.093514330193022,6000.0,958.8297424316406,69.69998168945312,0.0,0.0
NC,band,0,A,A,ID,24_29,26,55,0.9965034965034965,0.9922829421909689,7.351360798381983,6000.0,659.0543823242188,14.79998779296875,0.0,0.0
NC,band,0,A,A,ID,33_28,392,233,0.8978387492335991,0.9181622049035896,0.49159818596598437,12000.0,16.127296447753906,1.2999992370605469,0.0,0.0
NC,band,0,A,A,ID,34_29,945,506,0.8006587615283267,0.8784275364519516,0.30243749976989937,12000.0,10.980870246887207,1.0,0.0,0.0
NC,band,0,A,AE,OOD,24_29,28,108,0.9986772486772487,0.9950207860922147,12.922192759780073,6000.0,675.3761596679688,25.75,0.0,0.0
NC,band,0,A,AE,OOD,26_30,72,220,0.9990530303030303,0.9973847555266128,3.889687987437446,6000.0,298.1195068359375,14.04998779296875,0.0,0.0
NC,band,0,A,AE,OOD,26_31,39,127,0.9850595598627094,0.9572248873192384,5.496727717566666,6000.0,366.3773651123047,19.95001220703125,0.0,0.0
NC,band,0,A,AE,OOD,27_30,165,207,0.9930903235251062,0.9914823026712286,4.030580935056885,6000.0,227.8822021484375,6.899993896484375,0.0,0.0
NC,band,0,A,AE,OOD,27_31,46,149,0.9894951852932594,0.969980093475422,4.999933140555266,6000.0,269.2291564941406,14.29998779296875,0.0,0.0
NC,band,0,A,AE,OOD,29_31,35,183,0.986104605776737,0.9643911089781535,1.306768924699442,6000.0,196.33303833007812,9.75,0.0,0.002222222222317244
NC,band,0,A,AE,OOD,29_32,56,138,0.9922360248447204,0.9821724670059688,4.03315965132689,6000.0,172.31973266601562,11.250007629394531,0.0,0.0033333333333091246
NC,band,0,A,AE,OOD,30_32,34,87,0.9918864097363084,0.9812749636236108,1.0629626303469595,6000.0,144.12265014648438,5.1999969482421875,0.0,0.004444444444210056
NC,band,0,A,AE,OOD,31_28,349,189,0.8847349191188733,0.932182587899369,1.1172946344537114,12000.0,20.260693550109863,1.7000007629394531,0.0,0.0
NC,band,0,A,AE,OOD,31_30,192,255,0.9904411764705883,0.9878641894479534,0.5064871712112988,12000.0,48.310020446777344,3.799999237060547,0.0,0.002222222222165661
NC,band,0,A,AE,OOD,33_28,77,49,0.9268486615425391,0.9500660647781723,0.49159818596598437,6000.0,15.988419532775879,1.3999996185302734,0.0,0.0
NC,band,0,A,AE,OOD,33_32,343,321,0.9661680426509722,0.9703317581901668,0.9173947156636018,12000.0,11.440747737884521,2.5,0.0,0.0
NC,band,0,A,AE,OOD,34_29,182,117,0.8377007607776839,0.8893701640646856,0.30243749976989937,12000.0,10.890000343322754,1.3000001907348633,0.0,0.0
NC,band,0,A,AE,OOD,35_32,743,203,0.9304178904587314,0.9801776909295628,0.14473767451744618,12000.0,0.3881627768278122,0.5999999046325684,0.0,0.0
NC,band,0,AE,A,OOD,23_29,32,172,0.9981831395348837,0.9903806489383347,13.093514330193022,6000.0,958.8297424316406,69.69998168945312,0.0,0.0
NC,band,0,AE,A,OOD,24_29,26,55,1.0,1.0,7.351360798381983,6000.0,659.0543823242188,14.79998779296875,0.0,0.0
NC,band,0,AE,A,OOD,33_28,392,233,0.9200096347551897,0.9466771902501451,0.49159818596598437,12000.0,16.127296447753906,1.2999992370605469,0.0,0.0
NC,band,0,AE,A,OOD,34_29,945,506,0.8315013488926533,0.9074772781375894,0.30243749976989937,12000.0,10.980870246887207,1.0,0.0,0.0
NC,band,0,AE,AE,ID,24_29,28,108,0.9993386243386243,0.9974929627023222,12.922192759780073,6000.0,675.3761596679688,25.75,0.0,0.0
NC,band,0,AE,AE,ID,26_30,72,220,0.9988636363636363,0.9970942299709421,3.889687987437446,6000.0,298.1195068359375,14.04998779296875,0.0,0.0
NC,band,0,AE,AE,ID,26_31,39,127,0.9917221885725822,0.9764510645586266,5.496727717566666,6000.0,366.3773651123047,19.95001220703125,0.0,0.0
NC,band,0,AE,AE,ID,27_30,165,207,0.9974235104669886,0.9967639374800326,4.030580935056885,6000.0,227.8822021484375,6.899993896484375,0.0,0.0
NC,band,0,AE,AE,ID,27_31,46,149,0.98978698570178,0.9741581135466355,4.999933140555266,6000.0,269.2291564941406,14.29998779296875,0.0,0.0
NC,band,0,AE,AE,ID,29_31,35,183,0.9850117096018736,0.9716322892793481,1.306768924699442,6000.0,196.33303833007812,9.75,0.0,0.002222222222317244
NC,band,0,AE,AE,ID,29_32,56,138,0.9939182194616978,0.9868642580636933,4.03315965132689,6000.0,172.31973266601562,11.250007629394531,0.0,0.0033333333333091246
NC,band,0,AE,AE,ID,30_32,34,87,0.9942528735632185,0.9845856574502351,1.0629626303469595,6000.0,144.12265014648438,5.1999969482421875,0.0,0.004444444444210056
NC,band,0,AE,AE,ID,31_28,349,189,0.9160412971301223,0.9475886985922748,1.1172946344537114,12000.0,20.260693550109863,1.7000007629394531,0.0,0.0
NC,band,0,AE,AE,ID,31_30,192,255,0.998406862745098,0.998068921791994,0.5064871712112988,12000.0,48.310020446777344,3.799999237060547,0.0,0.002222222222165661
NC,band,0,AE,AE,ID,33_28,77,49,0.9668698648290486,0.9801520765926076,0.49159818596598437,6000.0,15.988419532775879,1.3999996185302734,0.0,0.0
NC,band,0,AE,AE,ID,33_32,343,321,0.9785836898177162,0.9823167702936542,0.9173947156636018,12000.0,11.440747737884521,2.5,0.0,0.0
NC,band,0,AE,AE,ID,34_29,182,117,0.8653141730064807,0.902990901729248,0.30243749976989937,12000.0,10.890000343322754,1.3000001907348633,0.0,0.0
NC,band,0,AE,AE,ID,35_32,743,203,0.9552937432456624,0.9861722953679548,0.14473767451744618,12000.0,0.3881627768278122,0.5999999046325684,0.0,0.0
NC,band,1,A,A,ID,21_28,158,762,0.9924582212033622,0.9523843818399836,3.4838274444705886,6000.0,859.1845092773438,94.10000610351562,0.0,0.0
NC,band,1,A,A,ID,22_28,63,526,0.9954432977246666,0.9614809185893138,3.4838274444705886,6000.0,1002.9171142578125,84.9000244140625,0.0,0.0
NC,band,1,A,A,ID,28_31,58,370,0.9129077353215285,0.7339957944043486,4.813302647447513,6000.0,256.40699768066406,12.70001220703125,0.0,0.002222222222226294
NC,band,1,A,AE,OOD,21_28,40,77,0.9870129870129869,0.9736103465275588,3.4838274444705886,6000.0,870.0890502929688,59.0,0.0,0.0
NC,band,1,A,AE,OOD,22_28,43,128,0.997093023255814,0.9910928379082385,3.4838274444705886,6000.0,944.9121704101562,59.699951171875,0.0,0.0
NC,band,1,A,AE,OOD,26_29,105,174,0.9910235358511221,0.9914909905706657,4.111934435633611,6000.0,232.93800354003906,8.5,0.0,0.0
NC,band,1,A,AE,OOD,28_31,47,142,0.8975127359904105,0.8268579779992214,4.813302647447513,6000.0,255.64749145507812,12.199996948242188,0.0,0.0011111111110828306
NC,band,1,A,AE,OOD,30_27,78,62,0.9716708023159637,0.9756970186238803,1.207553608644703,6000.0,22.150880813598633,0.5999984741210938,0.0,0.0
NC,band,1,A,AE,OOD,32_30,207,284,0.9676804790093215,0.9604784754479414,0.2562620824838175,12000.0,25.6055908203125,3.09999942779541,0.0,0.0
NC,band,1,A,AE,OOD,32_31,134,265,0.9363841171500986,0.8940366374003876,2.3362897635028457,6000.0,28.997116088867188,3.499998092651367,0.0,0.0
NC,band,1,A,AE,OOD,34_30,461,272,0.8325052634936838,0.9055589201033929,0.012694899179263225,12000.0,0.46046963334083557,0.4000000059604645,0.0,0.05888888888899684
NC,band,1,A,AE,OOD,35_30,196,109,0.7924780003744617,0.9010257388556695,0.019844731987217024,12000.0,0.0,0.30000007152557373,0.0,1.0
NC,band,1,A,AE,OOD,35_33,489,53,0.7316819076281976,0.9581826079773417,0.1783077397375132,12000.0,0.284329816699028,0.5,0.0,0.25666666666540916
NC,band,1,A,AE,OOD,36_31,72,65,0.9451923076923077,0.9580276947823072,,12000.0,0.0,0.8000000715255737,0.0,0.9877777777775737
NC,band,1,A,AE,OOD,36_32,122,78,0.9031630937368642,0.9531680071534501,,6000.0,0.0,0.40000009536743164,0.0,0.945555555555927
NC,band,1,AE,A,OOD,21_28,158,762,0.9911126615502176,0.9440999996814561,3.4838274444705886,6000.0,859.1845092773438,94.10000610351562,0.0,0.0
NC,band,1,AE,A,OOD,22_28,63,526,0.9985515118594966,0.9879355137980443,3.4838274444705886,6000.0,1002.9171142578125,84.9000244140625,0.0,0.0
NC,band,1,AE,A,OOD,28_31,58,370,0.9048928238583411,0.7398792411034126,4.813302647447513,6000.0,256.40699768066406,12.70001220703125,0.0,0.002222222222226294
NC,band,1,AE,AE,ID,21_28,40,77,0.9837662337662337,0.9540499353690495,3.4838274444705886,6000.0,870.0890502929688,59.0,0.0,0.0
NC,band,1,AE,AE,ID,22_28,43,128,0.9960029069767442,0.9902601441209378,3.4838274444705886,6000.0,944.9121704101562,59.699951171875,0.0,0.0
NC,band,1,AE,AE,ID,26_29,105,174,0.9968253968253968,0.9953343701179923,4.111934435633611,6000.0,232.93800354003906,8.5,0.0,0.0
NC,band,1,AE,AE,ID,28_31,47,142,0.9044051543302367,0.8451899319258943,4.813302647447513,6000.0,255.64749145507812,12.199996948242188,0.0,0.0011111111110828306
NC,band,1,AE,AE,ID,30_27,78,62,0.9869727047146402,0.9883157070825421,1.207553608644703,6000.0,22.150880813598633,0.5999984741210938,0.0,0.0
NC,band,1,AE,AE,ID,32_30,207,284,0.980608287405593,0.9756445627742766,0.2562620824838175,12000.0,25.6055908203125,3.09999942779541,0.0,0.0
NC,band,1,AE,AE,ID,32_31,134,265,0.9675302731624895,0.9434744397173687,2.3362897635028457,6000.0,28.997116088867188,3.499998092651367,0.0,0.0
NC,band,1,AE,AE,ID,34_30,461,272,0.883309940028072,0.9307741344956115,0.012694899179263225,12000.0,0.46046963334083557,0.4000000059604645,0.0,0.05888888888899684
NC,band,1,AE,AE,ID,35_30,196,109,0.8064032952630594,0.9129385951514795,0.019844731987217024,12000.0,0.0,0.30000007152557373,0.0,1.0
NC,band,1,AE,AE,ID,35_33,489,53,0.8143689470231895,0.9778128177416353,0.1783077397375132,12000.0,0.284329816699028,0.5,0.0,0.25666666666540916
NC,band,1,AE,AE,ID,36_31,72,65,0.9944444444444444,0.9956802563030542,,12000.0,0.0,0.8000000715255737,0.0,0.9877777777775737
NC,band,1,AE,AE,ID,36_32,122,78,0.9360550651534258,0.9673252621015245,,6000.0,0.0,0.40000009536743164,0.0,0.945555555555927
NC,band,2,A,A,ID,23_28,59,364,0.9955298938349786,0.9686426696052126,5.965482005905395,6000.0,904.4656372070312,49.10003662109375,0.0,0.0
NC,band,2,A,A,ID,24_30,27,206,0.998022294138799,0.9854398278830776,14.796329129531344,6000.0,929.163330078125,102.39996337890625,0.0,0.0
NC,band,2,A,A,ID,34_33,2779,1009,0.8230445600962335,0.9259438042994097,0.1783077397375132,12000.0,4.752627372741699,1.3000001907348633,0.0,0.0
NC,band,2,A,A,ID,35_31,278,81,0.7968292033040235,0.9316024782570237,,12000.0,0.5783991813659668,0.2000001072883606,0.0,0.0011111111110828306
NC,band,2,A,AE,OOD,28_29,143,240,0.9907634032634033,0.984961673130386,3.486911576263529,12000.0,115.48053741455078,8.199996948242188,0.0,0.0
NC,band,2,A,AE,OOD,28_30,104,200,0.9984134615384614,0.9971211340261545,4.129235868456288,12000.0,213.00469970703125,8.800003051757812,0.0,0.0011111111111434635
NC,band,2,A,AE,OOD,28_32,31,63,0.9795186891961085,0.9578258289315522,4.497029349877356,12000.0,185.07415008544922,10.350006103515625,0.0,0.003888888888805065
NC,band,2,A,AE,OOD,29_28,59,115,0.9789240972733972,0.9533937200046855,4.203306390071603,12000.0,74.85197067260742,5.80000114440918,0.0,0.0
NC,band,2,A,AE,OOD,29_30,74,191,0.9896702985708221,0.9743028536435121,5.362523000263733,12000.0,137.66226196289062,8.79998779296875,0.0,0.0
NC,band,2,A,AE,OOD,30_30,132,179,0.9779922126290841,0.9733420215325033,3.1098374872704957,12000.0,80.44453430175781,5.200000762939453,0.0,0.004444444444361638
NC,band,2,A,AE,OOD,32_29,248,235,0.955662319835278,0.9637262154816743,1.627550791347032,12000.0,23.004194259643555,2.5,0.0,0.0
NC,band,2,A,AE,OOD,32_32,236,242,0.9524093010225522,0.9538361111043039,1.8177685744405327,6000.0,27.315138816833496,3.5,0.0,0.0
NC,band,2,A,AE,OOD,33_31,325,208,0.9103846153846155,0.9442842907657991,1.0001120599879603,12000.0,9.705687522888184,1.3000000715255737,0.0,0.0
NC,band,2,A,AE,OOD,33_33,173,115,0.936516712741895,0.9346356468176245,1.1372252673781142,6000.0,4.601718187332153,1.299999475479126,0.0,0.0
NC,band,2,A,AE,OOD,34_31,396,163,0.7347245460742393,0.8785903899542634,0.04529855977336601,12000.0,0.7859174013137817,0.3999999761581421,0.0,0.0
NC,band,2,A,AE,OOD,34_33,98,92,0.8336291038154392,0.856292325133196,0.1783077397375132,12000.0,4.613507509231567,1.0999996662139893,0.0,0.0
NC,band,2,A,AE,OOD,35_29,92,41,0.8711558854718983,0.94706161567889,0.019844731987217024,12000.0,1.2061818838119507,0.30000007152557373,0.0,0.0
NC,band,2,A,AE,OOD,35_31,986,88,0.7454706804351835,0.9698863274162329,,12000.0,0.5273154973983765,0.19999992847442627,0.0,0.003333333333339441
NC,band,2,AE,A,OOD,23_28,59,364,0.9952505121996648,0.9669944211667196,5.965482005905395,6000.0,904.4656372070312,49.10003662109375,0.0,0.0
NC,band,2,AE,A,OOD,24_30,27,206,0.9992808342322905,0.9949245541838134,14.796329129531344,6000.0,929.163330078125,102.39996337890625,0.0,0.0
NC,band,2,AE,A,OOD,34_33,2779,1009,0.8157171993975773,0.9155851144154694,0.1783077397375132,12000.0,4.752627372741699,1.3000001907348633,0.0,0.0
NC,band,2,AE,A,OOD,35_31,278,81,0.7699173994138024,0.9040061118257805,,12000.0,0.5783991813659668,0.2000001072883606,0.0,0.0011111111110828306
NC,band,2,AE,AE,ID,28_29,143,240,0.9917249417249417,0.9865865854969724,3.486911576263529,12000.0,115.48053741455078,8.199996948242188,0.0,0.0
NC,band,2,AE,AE,ID,28_30,104,200,0.9999038461538462,0.9998159692871231,4.129235868456288,12000.0,213.00469970703125,8.800003051757812,0.0,0.0011111111111434635
NC,band,2,AE,AE,ID,28_32,31,63,0.9805427547363031,0.937205665444784,4.497029349877356,12000.0,185.07415008544922,10.350006103515625,0.0,0.003888888888805065
NC,band,2,AE,AE,ID,29_28,59,115,0.9778924097273398,0.9308887510341848,4.203306390071603,12000.0,74.85197067260742,5.80000114440918,0.0,0.0
NC,band,2,AE,AE,ID,29_30,74,191,0.9953304089429744,0.9883517183644196,5.362523000263733,12000.0,137.66226196289062,8.79998779296875,0.0,0.0
NC,band,2,AE,AE,ID,30_30,132,179,0.9886575249703742,0.9854841397484784,3.1098374872704957,12000.0,80.44453430175781,5.200000762939453,0.0,0.004444444444361638
NC,band,2,AE,AE,ID,32_29,248,235,0.9752745367192861,0.9780060259258255,1.627550791347032,12000.0,23.004194259643555,2.5,0.0,0.0
NC,band,2,AE,AE,ID,32_32,236,242,0.9797240509875333,0.9808940284908273,1.8177685744405327,6000.0,27.315138816833496,3.5,0.0,0.0
NC,band,2,AE,AE,ID,33_31,325,208,0.9281656804733727,0.9619963860100589,1.0001120599879603,12000.0,9.705687522888184,1.3000000715255737,0.0,0.0
NC,band,2,AE,AE,ID,33_33,173,115,0.9486303091228951,0.9518938856160598,1.1372252673781142,6000.0,4.601718187332153,1.299999475479126,0.0,0.0
NC,band,2,AE,AE,ID,34_31,396,163,0.7191547375596455,0.8553552768988332,0.04529855977336601,12000.0,0.7859174013137817,0.3999999761581421,0.0,0.0
NC,band,2,AE,AE,ID,34_33,98,92,0.8542590949423248,0.8540309720495357,0.1783077397375132,12000.0,4.613507509231567,1.0999996662139893,0.0,0.0
NC,band,2,AE,AE,ID,35_29,92,41,0.9011134676564158,0.9597410269692621,0.019844731987217024,12000.0,1.2061818838119507,0.30000007152557373,0.0,0.0
NC,band,2,AE,AE,ID,35_31,986,88,0.7280794763046283,0.9607477469648243,,12000.0,0.5273154973983765,0.19999992847442627,0.0,0.003333333333339441
NC,band,3,A,A,ID,29_29,55,332,0.9737677984665936,0.8878637108177098,4.368841609432139,12000.0,127.93029022216797,10.800003051757812,0.0,0.0
NC,band,3,A,A,ID,30_29,283,706,0.9553499034024365,0.862681681040499,4.368841609432139,12000.0,76.93716430664062,5.600006103515625,0.0,0.0
NC,band,3,A,A,ID,31_27,555,293,0.7562524982320205,0.8618943603534518,0.26462800059615643,12000.0,14.695001125335693,1.400001049041748,0.0,0.0
NC,band,3,A,A,ID,32_27,2888,1274,0.7252176493866245,0.8500779356790419,0.26462800059615643,12000.0,17.35890293121338,1.6000003814697266,0.0,0.0
NC,band,3,A,A,ID,32_28,239,887,0.8430514215092006,0.6891229531810861,0.38927940853280446,6000.0,19.077043533325195,1.6999988555908203,0.0,0.0
NC,band,3,A,A,ID,33_29,1119,804,0.9143135973394866,0.9216327507379731,0.49159818596598437,12000.0,16.228425979614258,1.3000001907348633,0.0,0.0
NC,band,3,A,AE,OOD,25_30,64,101,0.9976794554455446,0.9967500901875902,4.098878892258944,6000.0,377.2005615234375,16.0,0.0,0.0
NC,band,3,A,AE,OOD,27_29,69,111,0.9959524742133439,0.9937484645836848,3.044998252129163,6000.0,209.10016632080078,6.1999969482421875,0.0,0.0022222222222566105
NC,band,3,A,AE,OOD,28_28,39,121,0.9821996185632549,0.937325074583617,3.395625442827538,12000.0,119.52733993530273,8.5,0.0,0.0
NC,band,3,A,AE,OOD,29_29,80,267,0.9624063670411985,0.9000591752294982,4.368841609432139,12000.0,123.75103759765625,9.699996948242188,0.0,0.0
NC,band,3,A,AE,OOD,30_28,258,286,0.9666612457310132,0.9661513510412043,1.207553608644703,6000.0,44.409217834472656,1.0,0.0,0.0
NC,band,3,A,AE,OOD,30_29,77,200,0.9628571428571429,0.8798031459017045,4.368841609432139,12000.0,77.5219497680664,6.599998474121094,0.0,0.0
NC,band,3,A,AE,OOD,30_31,100,118,0.9951694915254238,0.9948458436254269,0.18280132388969056,6000.0,96.16272354125977,4.0500030517578125,0.0,0.006111111110879778
NC,band,3,A,AE,OOD,31_27,399,175,0.7631793770139633,0.8814772771099211,0.26462800059615643,12000.0,14.310184955596924,1.3999996185302734,0.0,0.0
NC,band,3,A,AE,OOD,31_29,118,269,0.9542561905361981,0.942517917893356,1.5774431716855581,12000.0,40.059635162353516,2.6000003814697266,0.0,0.0
NC,band,3,A,AE,OOD,31_31,61,248,0.9843997884717081,0.9381024136065313,3.4709437643218224,6000.0,80.48699951171875,7.600002288818359,0.0,0.0033333333334000744
NC,band,3,A,AE,OOD,31_32,115,137,0.9933354490637893,0.9895547784385332,1.331872887249211,12000.0,90.44999694824219,3.8000011444091797,0.0,0.006666666666709199
NC,band,3,A,AE,OOD,32_27,132,97,0.8166979069040925,0.8626826488641732,0.26462800059615643,12000.0,16.600257873535156,1.7000007629394531,0.0,0.0
NC,band,3,A,AE,OOD,32_28,290,177,0.8350282485875706,0.8998556180360311,0.38927940853280446,6000.0,17.048309326171875,1.2999992370605469,0.0,0.0
NC,band,3,A,AE,OOD,33_29,157,210,0.889353958143767,0.8377284224737849,0.49159818596598437,12000.0,16.297183990478516,1.3000001907348633,0.0,0.0
NC,band,3,A,AE,OOD,33_30,247,321,0.9268101958706976,0.9273161821836821,0.30243749976989937,12000.0,8.833725452423096,1.8000001907348633,0.0,0.0
NC,band,3,A,AE,OOD,34_32,306,235,0.9503685162008065,0.9603566877012459,0.1101992641173575,12000.0,0.43718990683555603,0.7999999523162842,0.0,0.0
NC,band,3,AE,A,OOD,29_29,55,332,0.9850492880613362,0.9152659689043526,4.368841609432139,12000.0,127.93029022216797,10.800003051757812,0.0,0.0
NC,band,3,AE,A,OOD,30_29,283,706,0.9731378692479404,0.8881703645047032,4.368841609432139,12000.0,76.93716430664062,5.600006103515625,0.0,0.0
NC,band,3,AE,A,OOD,31_27,555,293,0.7939796451741844,0.8928537506270156,0.26462800059615643,12000.0,14.695001125335693,1.400001049041748,0.0,0.0
NC,band,3,AE,A,OOD,32_27,2888,1274,0.6998966111055546,0.8256494036973115,0.26462800059615643,12000.0,17.35890293121338,1.6000003814697266,0.0,0.0
NC,band,3,AE,A,OOD,32_28,239,887,0.8183619270447609,0.6732072627726142,0.38927940853280446,6000.0,19.077043533325195,1.6999988555908203,0.0,0.0
NC,band,3,AE,A,OOD,33_29,1119,804,0.8441783486499583,0.8574271474232406,0.49159818596598437,12000.0,16.228425979614258,1.3000001907348633,0.0,0.0
NC,band,3,AE,AE,ID,25_30,64,101,0.9987623762376238,0.998111831872172,4.098878892258944,6000.0,377.2005615234375,16.0,0.0,0.0
NC,band,3,AE,AE,ID,27_29,69,111,0.9988249118683901,0.998079234366966,3.044998252129163,6000.0,209.10016632080078,6.1999969482421875,0.0,0.0022222222222566105
NC,band,3,AE,AE,ID,28_28,39,121,0.9923712650985378,0.9736025869759538,3.395625442827538,12000.0,119.52733993530273,8.5,0.0,0.0
NC,band,3,AE,AE,ID,29_29,80,267,0.9833333333333334,0.9450730469606291,4.368841609432139,12000.0,123.75103759765625,9.699996948242188,0.0,0.0
NC,band,3,AE,AE,ID,30_28,258,286,0.9716485065322275,0.9683516588067579,1.207553608644703,6000.0,44.409217834472656,1.0,0.0,0.0
NC,band,3,AE,AE,ID,30_29,77,200,0.9744805194805195,0.8946582793715158,4.368841609432139,12000.0,77.5219497680664,6.599998474121094,0.0,0.0
NC,band,3,AE,AE,ID,30_31,100,118,0.9969491525423728,0.9965185326729339,0.18280132388969056,6000.0,96.16272354125977,4.0500030517578125,0.0,0.006111111110879778
NC,band,3,AE,AE,ID,31_27,399,175,0.8168564267812388,0.9197746124807081,0.26462800059615643,12000.0,14.310184955596924,1.3999996185302734,0.0,0.0
NC,band,3,AE,AE,ID,31_29,118,269,0.9661016949152542,0.9553842503970366,1.5774431716855581,12000.0,40.059635162353516,2.6000003814697266,0.0,0.0
NC,band,3,AE,AE,ID,31_31,61,248,0.9920015864621893,0.9750913856679267,3.4709437643218224,6000.0,80.48699951171875,7.600002288818359,0.0,0.0033333333334000744
NC,band,3,AE,AE,ID,31_32,115,137,0.9927642018406855,0.9899063326978089,1.331872887249211,12000.0,90.44999694824219,3.8000011444091797,0.0,0.006666666666709199
NC,band,3,AE,AE,ID,32_27,132,97,0.7845985629490785,0.8398144506116818,0.26462800059615643,12000.0,16.600257873535156,1.7000007629394531,0.0,0.0
NC,band,3,AE,AE,ID,32_28,290,177,0.8275862068965518,0.8944438433539996,0.38927940853280446,6000.0,17.048309326171875,1.2999992370605469,0.0,0.0
NC,band,3,AE,AE,ID,33_29,157,210,0.8452532605398848,0.7497889520784353,0.49159818596598437,12000.0,16.297183990478516,1.3000001907348633,0.0,0.0
NC,band,3,AE,AE,ID,33_30,247,321,0.9511269186625803,0.9493037535363359,0.30243749976989937,12000.0,8.833725452423096,1.8000001907348633,0.0,0.0
NC,band,3,AE,AE,ID,34_32,306,235,0.962119315811431,0.9692106662213658,0.1101992641173575,12000.0,0.43718990683555603,0.7999999523162842,0.0,0.0
NC,shadedX,0,A,A,ID,33_28,392,230,0.9752440106477374,0.9866022132151278,0.49159818596598437,12000.0,14.250137329101562,1.0,0.0,0.0
NC,shadedX,0,A,A,ID,34_29,945,208,0.937891737891738,0.9873442834400195,0.30243749976989937,12000.0,10.890000343322754,0.9000000953674316,0.0,0.0
NC,shadedX,0,A,AE,OOD,31_30,192,107,0.8530471183800623,0.9268793522747206,0.5064871712112988,12000.0,33.49550247192383,2.6999969482421875,0.0,0.005555555555656686
NC,shadedX,0,A,AE,OOD,33_28,77,96,0.9767316017316018,0.9801814333094861,0.49159818596598437,6000.0,4.628752708435059,1.1000003814697266,0.0,0.0
NC,shadedX,0,A,AE,OOD,33_32,343,145,0.8798029556650246,0.9485719939324504,0.9173947156636018,12000.0,8.750526428222656,2.549999952316284,0.0,0.0
NC,shadedX,0,A,AE,OOD,34_29,182,675,0.9254456654456655,0.8810139715240177,0.30243749976989937,12000.0,2.489349603652954,1.0999999046325684,0.0,0.0
NC,shadedX,0,A,AE,OOD,35_32,743,340,0.9120655530045126,0.9580418353159578,0.14473767451744618,12000.0,0.6104589104652405,0.6999999284744263,0.0,0.0
NC,shadedX,0,AE,A,OOD,33_28,392,230,0.9917701863354038,0.9956325962432254,0.49159818596598437,12000.0,14.250137329101562,1.0,0.0,0.0
NC,shadedX,0,AE,A,OOD,34_29,945,208,0.9343253968253968,0.9844812817279867,0.30243749976989937,12000.0,10.890000343322754,0.9000000953674316,0.0,0.0
NC,shadedX,0,AE,AE,ID,31_30,192,107,0.9708430685358256,0.9838358346753413,0.5064871712112988,12000.0,33.49550247192383,2.6999969482421875,0.0,0.005555555555656686
NC,shadedX,0,AE,AE,ID,33_28,77,96,0.9875541125541125,0.9913039001242464,0.49159818596598437,6000.0,4.628752708435059,1.1000003814697266,0.0,0.0
NC,shadedX,0,AE,AE,ID,33_32,343,145,0.8931537146878455,0.9448974580334281,0.9173947156636018,12000.0,8.750526428222656,2.549999952316284,0.0,0.0
NC,shadedX,0,AE,AE,ID,34_29,182,675,0.9191290191290191,0.7870561883718704,0.30243749976989937,12000.0,2.489349603652954,1.0999999046325684,0.0,0.0
NC,shadedX,0,AE,AE,ID,35_32,743,340,0.9124614044810386,0.9605779347184753,0.14473767451744618,12000.0,0.6104589104652405,0.6999999284744263,0.0,0.0
NC,shadedX,1,A,A,ID,28_31,58,35,0.5935960591133005,0.7660749034346508,4.813302647447513,6000.0,225.3634796142578,3.899993896484375,0.0,0.002222222222317244
NC,shadedX,1,A,AE,OOD,32_30,207,256,0.8132170893719808,0.8245928045257127,0.2562620824838175,12000.0,16.352792739868164,2.3999996185302734,0.0,0.0
NC,shadedX,1,A,AE,OOD,32_31,134,379,0.8138660260701769,0.6690940007754673,2.3362897635028457,6000.0,15.38976764678955,2.59999942779541,0.0,0.0
NC,shadedX,1,A,AE,OOD,34_30,461,728,0.746862410907964,0.7040841287951931,0.012694899179263225,12000.0,1.7091169357299805,0.7999999523162842,0.0,0.0
NC,shadedX,1,A,AE,OOD,35_30,196,37,0.9500827357970214,0.9907462145914392,0.019844731987217024,12000.0,0.25959426164627075,0.2999999523162842,0.0,0.5433333333322343
NC,shadedX,1,A,AE,OOD,35_33,489,209,0.9495699650688348,0.9791523171161708,0.1783077397375132,12000.0,0.4441899508237839,0.5,0.0,0.021111111111210425
NC,shadedX,1,A,AE,OOD,36_31,72,82,0.8462059620596205,0.858366818097628,,12000.0,1.075664758682251,0.9000000357627869,0.0,0.08888888888938527
NC,shadedX,1,AE,A,OOD,28_31,58,35,0.674384236453202,0.7896249995714024,4.813302647447513,6000.0,225.3634796142578,3.899993896484375,0.0,0.002222222222317244
NC,shadedX,1,AE,AE,ID,32_30,207,256,0.778551479468599,0.78365676636455,0.2562620824838175,12000.0,16.352792739868164,2.3999996185302734,0.0,0.0
NC,shadedX,1,AE,AE,ID,32_31,134,379,0.7495766549836569,0.6139548466558586,2.3362897635028457,6000.0,15.38976764678955,2.59999942779541,0.0,0.0
NC,shadedX,1,AE,AE,ID,34_30,461,728,0.8107256084479512,0.7956433092951527,0.012694899179263225,12000.0,1.7091169357299805,0.7999999523162842,0.0,0.0
NC,shadedX,1,AE,AE,ID,35_30,196,37,0.9553226696083839,0.9917555572696514,0.019844731987217024,12000.0,0.25959426164627075,0.2999999523162842,0.0,0.5433333333322343
NC,shadedX,1,AE,AE,ID,35_33,489,209,0.9544329311846264,0.9820504157666803,0.1783077397375132,12000.0,0.4441899508237839,0.5,0.0,0.021111111111210425
NC,shadedX,1,AE,AE,ID,36_31,72,82,0.8629742547425474,0.8856878109935713,,12000.0,1.075664758682251,0.9000000357627869,0.0,0.08888888888938527
NC,shadedX,2,A,A,ID,34_33,2779,206,0.8735523360012856,0.9885792035175711,0.1783077397375132,12000.0,4.824980735778809,1.4000005722045898,0.0,0.0
NC,shadedX,2,A,A,ID,35_31,278,382,0.7775339937474104,0.7895781324433757,,12000.0,1.0200533866882324,0.39999985694885254,0.0,0.0
NC,shadedX,2,A,AE,OOD,30_30,132,71,0.8173282116944088,0.9090340701912494,3.1098374872704957,12000.0,51.16946792602539,2.0,0.0,0.03222222222234189
NC,shadedX,2,A,AE,OOD,32_29,248,134,0.6721533461723639,0.8316483278148706,1.627550791347032,12000.0,10.416155815124512,1.9000005722045898,0.0,0.0
NC,shadedX,2,A,AE,OOD,32_32,236,728,0.7654009126466754,0.5163771017156706,1.8177685744405327,6000.0,17.070725440979004,2.90000057220459,0.0,0.0
NC,shadedX,2,A,AE,OOD,33_31,325,220,0.6963216783216784,0.8261128599388184,1.0001120599879603,12000.0,5.328029632568359,1.2000007629394531,0.0,0.0
NC,shadedX,2,A,AE,OOD,33_33,173,38,0.8160937024642532,0.954271082710466,1.1372252673781142,6000.0,1.6700366735458374,0.8999996185302734,0.0,0.0
NC,shadedX,2,A,AE,OOD,34_31,396,630,0.7710517877184543,0.7700466006038821,0.04529855977336601,12000.0,1.3752970099449158,0.7000000476837158,0.0,0.0
NC,shadedX,2,A,AE,OOD,34_33,98,104,0.8836342229199372,0.8821970828567902,0.1783077397375132,12000.0,3.3718711137771606,1.200000286102295,0.0,0.0
NC,shadedX,2,A,AE,OOD,35_29,92,481,0.676444002530959,0.5191110052064166,0.019844731987217024,12000.0,1.8607232570648193,0.2999999523162842,0.0,0.0
NC,shadedX,2,A,AE,OOD,35_31,986,649,0.7613569948461825,0.8607296636266331,,12000.0,0.8779908418655396,0.2999999523162842,0.0,0.0
NC,shadedX,2,AE,A,OOD,34_33,2779,206,0.9119226375346303,0.992772903337668,0.1783077397375132,12000.0,4.824980735778809,1.4000005722045898,0.0,0.0
NC,shadedX,2,AE,A,OOD,35_31,278,382,0.830436174620513,0.8351643527163513,,12000.0,1.0200533866882324,0.39999985694885254,0.0,0.0
NC,shadedX,2,AE,AE,ID,30_30,132,71,0.9285104566794709,0.9606264456945196,3.1098374872704957,12000.0,51.16946792602539,2.0,0.0,0.03222222222234189
NC,shadedX,2,AE,AE,ID,32_29,248,134,0.8388902262879152,0.9243823017352975,1.627550791347032,12000.0,10.416155815124512,1.9000005722045898,0.0,0.0
NC,shadedX,2,AE,AE,ID,32_32,236,728,0.8419398398211958,0.7008134504828987,1.8177685744405327,6000.0,17.070725440979004,2.90000057220459,0.0,0.0
NC,shadedX,2,AE,AE,ID,33_31,325,220,0.8880699300699301,0.9319206515601139,1.0001120599879603,12000.0,5.328029632568359,1.2000007629394531,0.0,0.0
NC,shadedX,2,AE,AE,ID,33_33,173,38,0.9003650745360511,0.9769514006130723,1.1372252673781142,6000.0,1.6700366735458374,0.8999996185302734,0.0,0.0
NC,shadedX,2,AE,AE,ID,34_31,396,630,0.8427008177008177,0.8425509314931904,0.04529855977336601,12000.0,1.3752970099449158,0.7000000476837158,0.0,0.0
NC,shadedX,2,AE,AE,ID,34_33,98,104,0.921605180533752,0.9299835056561911,0.1783077397375132,12000.0,3.3718711137771606,1.200000286102295,0.0,0.0
NC,shadedX,2,AE,AE,ID,35_29,92,481,0.7580448341317906,0.6159286081891469,0.019844731987217024,12000.0,1.8607232570648193,0.2999999523162842,0.0,0.0
NC,shadedX,2,AE,AE,ID,35_31,986,649,0.8176958153751911,0.894455129706947,,12000.0,0.8779908418655396,0.2999999523162842,0.0,0.0
NC,shadedX,3,A,A,ID,30_29,283,1270,0.35085556884894686,0.1511274354202908,4.368841609432139,12000.0,28.35343360900879,2.1999988555908203,0.0,0.0
NC,shadedX,3,A,A,ID,31_27,555,148,0.44773557341124914,0.8019996014929455,0.26462800059615643,12000.0,13.224535942077637,1.1999998092651367,0.0,0.0
NC,shadedX,3,A,A,ID,32_27,2888,441,0.5966623953367127,0.9032806065510031,0.26462800059615643,12000.0,17.90400505065918,1.500000238418579,0.0,0.0
NC,shadedX,3,A,A,ID,32_28,239,568,0.4772968354057399,0.3700084874304592,0.38927940853280446,6000.0,6.517562389373779,1.0999999046325684,0.0,0.0
NC,shadedX,3,A,A,ID,33_29,1119,203,0.9742204730648846,0.9950519075674612,0.49159818596598437,12000.0,16.140652656555176,1.0,0.0,0.0
NC,shadedX,3,A,AE,OOD,30_28,258,195,0.7547604849930432,0.8448741394551926,1.207553608644703,6000.0,42.32927322387695,0.7000007629394531,0.0,0.0
NC,shadedX,3,A,AE,OOD,30_29,77,655,0.3709923664122137,0.0831097858957629,4.368841609432139,12000.0,27.73855686187744,2.3000006675720215,0.0,0.0
NC,shadedX,3,A,AE,OOD,31_27,399,36,0.5285435811751601,0.9393243933473863,0.26462800059615643,12000.0,13.23471450805664,1.2999992370605469,0.0,0.0
NC,shadedX,3,A,AE,OOD,31_29,118,176,0.7889060092449923,0.7784069230905986,1.5774431716855581,12000.0,30.08320903778076,2.5000009536743164,0.0,0.0
NC,shadedX,3,A,AE,OOD,32_27,132,231,0.6567296340023613,0.5384206965489108,0.26462800059615643,12000.0,4.451690196990967,1.8000001907348633,0.0,0.0
NC,shadedX,3,A,AE,OOD,32_28,290,278,0.4349789134209873,0.5385860106081822,0.38927940853280446,6000.0,6.455298900604248,1.0,0.0,0.0
NC,shadedX,3,A,AE,OOD,33_29,157,91,0.9621334079932806,0.9787514270577652,0.49159818596598437,12000.0,15.369412899017334,1.099999725818634,0.0,0.0
NC,shadedX,3,A,AE,OOD,33_30,247,283,0.814237278436646,0.8341264703725397,0.30243749976989937,12000.0,4.881359815597534,1.5,0.0,0.0
NC,shadedX,3,A,AE,OOD,34_32,306,201,0.8857022079146749,0.9282960610675011,0.1101992641173575,12000.0,0.7912673354148865,0.5999999046325684,0.0,0.0
NC,shadedX,3,AE,A,OOD,30_29,283,1270,0.9136390195041874,0.7480205148598112,4.368841609432139,12000.0,28.35343360900879,2.1999988555908203,0.0,0.0
NC,shadedX,3,AE,A,OOD,31_27,555,148,0.42493304114925734,0.8006858719284822,0.26462800059615643,12000.0,13.224535942077637,1.1999998092651367,0.0,0.0
NC,shadedX,3,AE,A,OOD,32_27,2888,441,0.7606005929610995,0.9495448224486159,0.26462800059615643,12000.0,17.90400505065918,1.500000238418579,0.0,0.0
NC,shadedX,3,AE,A,OOD,32_28,239,568,0.858175201838647,0.7457189243986159,0.38927940853280446,6000.0,6.517562389373779,1.0999999046325684,0.0,0.0
NC,shadedX,3,AE,A,OOD,33_29,1119,203,0.9679692899624488,0.9935156390672404,0.49159818596598437,12000.0,16.140652656555176,1.0,0.0,0.0
NC,shadedX,3,AE,AE,ID,30_28,258,195,0.8739415623136553,0.8854377098616394,1.207553608644703,6000.0,42.32927322387695,0.7000007629394531,0.0,0.0
NC,shadedX,3,AE,AE,ID,30_29,77,655,0.9220184395756914,0.6732152938767961,4.368841609432139,12000.0,27.73855686187744,2.3000006675720215,0.0,0.0
NC,shadedX,3,AE,AE,ID,31_27,399,36,0.4672793093845725,0.930662768325069,0.26462800059615643,12000.0,13.23471450805664,1.2999992370605469,0.0,0.0
NC,shadedX,3,AE,AE,ID,31_29,118,176,0.869270030816641,0.8077662307774307,1.5774431716855581,12000.0,30.08320903778076,2.5000009536743164,0.0,0.0
NC,shadedX,3,AE,AE,ID,32_27,132,231,0.7595434868162141,0.6347152052397905,0.26462800059615643,12000.0,4.451690196990967,1.8000001907348633,0.0,0.0
NC,shadedX,3,AE,AE,ID,32_28,290,278,0.8673406102704042,0.8810705905815376,0.38927940853280446,6000.0,6.455298900604248,1.0,0.0,0.0
NC,shadedX,3,AE,AE,ID,33_29,157,91,0.9633233009029187,0.9763738148051,0.49159818596598437,12000.0,15.369412899017334,1.099999725818634,0.0,0.0
NC,shadedX,3,AE,AE,ID,33_30,247,283,0.857455544269753,0.8679976418579819,0.30243749976989937,12000.0,4.881359815597534,1.5,0.0,0.0
NC,shadedX,3,AE,AE,ID,34_32,306,201,0.8965141612200436,0.9399488778481879,0.1101992641173575,12000.0,0.7912673354148865,0.5999999046325684,0.0,0.0
TX,band,0,A,A,ID,-1_17,130,173,0.9714984437527789,0.9569603481417878,0.8211815482051558,24000.0,96.83939361572266,4.099998474121094,0.0,0.002222222222286927
TX,band,0,A,A,ID,-1_20,322,114,0.9941157240928408,0.9979512683104685,0.18025986218507156,24000.0,100.04495239257812,1.100006103515625,0.0,0.03277777777768625
TX,band,0,A,A,ID,-1_22,267,196,0.9911908583658182,0.9930452761813682,0.3843476335796477,24000.0,163.97767639160156,2.20001220703125,0.0,0.0011111111110828306
TX,band,0,A,A,ID,-2_19,196,206,0.9853378244501683,0.9837267205211434,0.0561175275849968,24000.0,150.4374237060547,2.8999977111816406,0.0,0.0
TX,band,0,A,A,ID,-2_22,28,35,0.9897959183673469,0.9870943646875323,0.9067629512043742,12000.0,179.13037109375,4.100006103515625,0.0,0.003333333333400074
TX,band,0,A,A,ID,-3_22,86,134,0.9959215550156195,0.9939363942647302,0.9067629512043742,12000.0,210.46260833740234,4.900001525878906,0.0,0.001111111111113147
TX,band,0,A,A,ID,-4_10,207,162,0.9168604997912565,0.9415918801319145,0.33723016680691564,24000.0,20.744726181030273,0.7999992370605469,0.0,0.0
TX,band,0,A,A,ID,-4_11,183,202,0.8731537088135042,0.9064423382065543,0.1974473779072853,24000.0,40.1534538269043,1.2999992370605469,0.0,0.0
TX,band,0,A,A,ID,-4_14,59,61,0.9936093359266464,0.9928090819378781,0.0852606922069036,12000.0,126.58404922485352,4.299999237060547,0.0,0.0011111111110373559
TX,band,0,A,A,ID,-4_20,65,179,0.9963902019767942,0.9914437424753548,0.4338820496821554,12000.0,274.32972717285156,7.3000030517578125,0.0,0.001111111111158622
TX,band,0,A,A,ID,-4_21,53,129,0.990931695187948,0.9824663387398581,0.693051068414272,24000.0,262.00140380859375,7.600006103515625,0.0,0.0022222222221959776
TX,band,0,A,A,ID,-4_22,153,190,0.9836257309941521,0.980956860760978,0.0736244787499385,24000.0,278.16986083984375,4.6999969482421875,0.0,0.0022222222221959776
TX,band,0,A,A,ID,-5_11,61,89,0.5944004420703628,0.5228786980965151,0.29256857670927144,24000.0,74.39947128295898,2.8999996185302734,0.0,0.0
TX,band,0,A,A,ID,-5_12,149,92,0.8579661511526115,0.9316796875027438,0.052717885987575715,24000.0,82.0593032836914,2.0,0.0,0.0
TX,band,0,A,A,ID,-6_11,41,51,0.9282639885222381,0.8843068888781287,0.0896597991349496,24000.0,97.56962966918945,2.0,0.0,0.0
TX,band,0,A,A,ID,-6_14,50,47,0.9974468085106384,0.9975804073839027,0.280901987198336,12000.0,287.0467224121094,3.899993896484375,0.0,0.0
TX,band,0,A,A,ID,-6_24,113,103,0.969069507689664,0.9625399290571799,0.5357706860943819,24000.0,325.1853332519531,2.0,0.0,0.001111111111113147
TX,band,0,A,A,ID,-6_8,45,61,0.9781420765027322,0.96877321989465,,24000.0,129.94122314453125,2.5999984741210938,0.0,0.0
TX,band,0,A,A,ID,-7_13,125,105,0.9789714285714286,0.9794472856584557,0.280901987198336,24000.0,242.5298843383789,2.899993896484375,0.0,0.0
TX,band,0,A,A,ID,-7_9,203,158,0.9786743156450708,0.9812672879555276,0.0896597991349496,24000.0,146.78463745117188,2.1999969482421875,0.0,0.0
TX,band,0,A,A,ID,-8_20,91,167,0.946634204119234,0.9120285598067766,1.0795279339873436,24000.0,616.3738403320312,4.10003662109375,0.0,0.0
TX,band,0,A,A,ID,-8_21,89,157,0.9870464467186718,0.9810722183059624,0.04550883590675438,24000.0,526.2431945800781,1.8999786376953125,0.0,0.0
TX,band,0,A,A,ID,0_14,28,52,0.9848901098901099,0.976458580150749,0.5852358062240963,12000.0,28.83983325958252,0.7000007629394531,0.0,0.0011111111110979888
TX,band,0,A,A,ID,0_18,341,209,0.981001557479409,0.9890033318402712,0.07969397991502329,24000.0,72.0071907043457,2.8500003814697266,0.0,0.003888888888789907
TX,band,0,A,A,ID,0_23,229,193,0.9794103672194945,0.9826275236458585,0.10808237823365237,24000.0,153.69435119628906,2.8000030517578125,0.0,0.002222222222286927
TX,band,0,A,A,ID,1_16,190,171,0.9874115112342259,0.9884593617318387,0.6611532877954029,24000.0,47.77280807495117,3.0,0.0,0.0
TX,band,0,A,A,ID,1_19,228,176,0.993421052631579,0.9955238480446844,0.025785680885581704,24000.0,91.10540390014648,5.799999237060547,0.0,0.0
TX,band,0,A,A,ID,1_20,124,122,0.9958355367530407,0.9960530953326378,0.5570202060414942,24000.0,121.97837829589844,4.799999237060547,0.0,0.0022222222220292373
TX,band,0,A,A,ID,1_21,301,165,0.992831974227323,0.9958175915548606,0.008607358929335448,24000.0,108.69377136230469,4.400001525878906,0.0,0.002222222221953446
TX,band,0,A,A,ID,2_18,304,144,0.988075657894737,0.9940372321907394,0.13776484014257676,24000.0,63.97307586669922,3.950000762939453,0.0,0.0
TX,band,0,A,A,ID,2_21,169,126,0.9632290786136939,0.9604307765855694,0.03673246479221591,24000.0,83.91567993164062,5.099998474121094,0.0,0.0011111111111737802
TX,band,0,A,A,ID,2_23,163,80,0.9757668711656442,0.985666230949969,0.09985463981085638,24000.0,101.74955749511719,2.0999984741210938,0.0,0.002222222222226294
TX,band,0,A,A,ID,3_15,112,81,0.8682760141093474,0.881626927556102,0.12838553163766414,24000.0,4.717413902282715,1.0,0.0,0.0
TX,band,0,A,A,ID,3_16,371,243,0.9103080319013233,0.9364265893936574,0.36863214942429345,24000.0,16.80530071258545,3.099998950958252,0.0,0.0
TX,band,0,A,A,ID,3_18,107,49,0.9534617585351897,0.970047397326983,0.13776484014257676,24000.0,49.90283393859863,0.0,0.0,0.4833333333336562
TX,band,0,A,A,ID,3_22,304,127,0.9623653128885206,0.9749094466992416,0.09985463981085638,24000.0,73.8296890258789,3.1999969482421875,0.0,0.0033333333333091246
TX,band,0,A,A,ID,4_16,111,58,0.9375582479030754,0.9571820397980617,0.3834248919071823,24000.0,12.591757774353027,2.59999942779541,0.0,0.0
TX,band,0,A,AE,OOD,-1_11,77,144,0.9465187590187589,0.9142391036977923,0.006102594196427266,24000.0,0.0,0.7000000476837158,0.0,1.0
TX,band,0,A,AE,OOD,-1_17,90,68,0.9905228758169935,0.9931497706840161,0.8211815482051558,24000.0,92.43954467773438,3.8999977111816406,0.0,0.003333333333400074
TX,band,0,A,AE,OOD,-1_20,498,116,0.9889558232931727,0.9974774092636736,0.18025986218507156,24000.0,99.12004852294922,1.0,0.0,0.04611111111128656
TX,band,0,A,AE,OOD,-1_22,64,59,0.9960275423728814,0.9966571773636991,0.3843476335796477,24000.0,161.4799346923828,3.100006103515625,0.0,0.001111111111113147
TX,band,0,A,AE,OOD,-2_21,513,517,0.9955207166853304,0.9958749326936521,2.104235609209174,12000.0,139.2109603881836,3.3000030517578125,0.0,0.004444444444422272
TX,band,0,A,AE,OOD,-2_22,440,218,0.9975187656380317,0.9988261306143066,0.9067629512043742,12000.0,163.00135040283203,1.6999969482421875,0.0,0.16055555555503126
TX,band,0,A,AE,OOD,-2_24,106,39,0.7960812772133528,0.8640568324279769,0.27514034840674395,24000.0,188.5,0.0,0.0,0.9944444444443737
TX,band,0,A,AE,OOD,-3_22,242,177,0.995003968809824,0.9963957881342037,0.9067629512043742,12000.0,199.9493408203125,2.899993896484375,0.0,0.002222222222317244
TX,band,0,A,AE,OOD,-3_6,237,139,0.828704125307349,0.8692465958737947,0.024854139406446513,24000.0,2.1044039726257324,0.6000003814697266,0.0,0.14333333333321704
TX,band,0,A,AE,OOD,-4_10,270,348,0.9116432524478502,0.9115973899462512,0.33723016680691564,24000.0,21.302536964416504,0.8000001907348633,0.0,0.0
TX,band,0,A,AE,OOD,-4_11,58,140,0.7881773399014778,0.7493107699381387,0.1974473779072853,24000.0,48.46809005737305,2.25,0.0,0.0
TX,band,0,A,AE,OOD,-4_14,219,374,0.9947378702414964,0.9917533975375239,0.0852606922069036,12000.0,133.69586181640625,4.70001220703125,0.0,0.0
TX,band,0,A,AE,OOD,-4_16,190,259,0.9940662466978256,0.9924285074714616,1.6761314313008995,12000.0,217.80877685546875,9.399993896484375,0.0,0.0
TX,band,0,A,AE,OOD,-4_20,52,69,0.9963768115942029,0.99517740663714,0.25800963683493217,12000.0,253.34600830078125,5.600006103515625,0.0,0.0011111111111737802
TX,band,0,A,AE,OOD,-4_21,91,194,0.9913334088591821,0.9815913406346288,0.693051068414272,24000.0,266.17645263671875,6.600006103515625,0.0,0.0022222222221959776
TX,band,0,A,AE,OOD,-6_14,44,104,0.9956293706293706,0.9896744199959846,0.280901987198336,24000.0,288.63343811035156,5.8000030517578125,0.0,0.0
TX,band,0,A,AE,OOD,-7_13,26,35,0.9945054945054945,0.9931722173101483,0.280901987198336,24000.0,253.55992126464844,3.399993896484375,0.0,0.0
TX,band,0,A,AE,OOD,0_14,788,580,0.9241816908804481,0.942016300101058,0.5852358062240963,12000.0,26.153810501098633,0.8999996185302734,0.0,0.002222222222241452
TX,band,0,A,AE,OOD,0_15,359,979,0.9031869823394345,0.8613675551925298,1.2497878760366823,24000.0,54.3223934173584,1.9000015258789062,0.0,0.002222222222286927
TX,band,0,A,AE,OOD,0_23,39,26,0.9792899408284024,0.9886862742222317,0.10808237823365237,24000.0,152.80018615722656,2.6999969482421875,0.0,0.0033333333333091246
TX,band,0,A,AE,OOD,1_16,154,427,0.9870129870129869,0.9776732179754721,0.6611532877954029,24000.0,59.50456619262695,4.100002288818359,0.0,0.0
TX,band,0,A,AE,OOD,1_20,35,160,0.9985714285714286,0.9940620782726046,0.5570202060414942,24000.0,144.09677124023438,10.300003051757812,0.0,0.0
TX,band,0,A,AE,OOD,3_15,324,269,0.8871563633025839,0.8757631589652412,0.12838553163766414,24000.0,4.956191062927246,1.3000001907348633,0.0,0.0
TX,band,0,A,AE,OOD,3_16,101,79,0.9388394535656097,0.9521518576235569,0.36863214942429345,24000.0,16.596924781799316,2.950000762939453,0.0,0.0
TX,band,0,A,AE,OOD,4_16,300,154,0.9484632034632035,0.9690452820485562,0.3834248919071823,24000.0,12.661899089813232,2.6999998092651367,0.0,0.0
TX,band,0,AE,A,OOD,-1_17,130,173,0.9730102267674522,0.9610135821465638,0.8211815482051558,24000.0,96.83939361572266,4.099998474121094,0.0,0.002222222222286927
TX,band,0,AE,A,OOD,-1_20,322,114,0.9973302822273074,0.9990676098727413,0.18025986218507156,24000.0,100.04495239257812,1.100006103515625,0.0,0.03277777777768625
TX,band,0,AE,A,OOD,-1_22,267,196,0.9937132156233279,0.995571294902738,0.3843476335796477,24000.0,163.97767639160156,2.20001220703125,0.0,0.0011111111110828306
TX,band,0,AE,A,OOD,-2_19,196,206,0.984842480681593,0.98350958220535,0.0561175275849968,24000.0,150.4374237060547,2.8999977111816406,0.0,0.0
TX,band,0,AE,A,OOD,-2_22,28,35,0.9948979591836734,0.9936471597185882,0.9067629512043742,12000.0,179.13037109375,4.100006103515625,0.0,0.003333333333400074
TX,band,0,AE,A,OOD,-3_22,86,134,0.9940992710864284,0.9909536211928525,0.9067629512043742,12000.0,210.46260833740234,4.900001525878906,0.0,0.001111111111113147
TX,band,0,AE,A,OOD,-4_10,207,162,0.9191268563249239,0.9473634262634352,0.33723016680691564,24000.0,20.744726181030273,0.7999992370605469,0.0,0.0
TX,band,0,AE,A,OOD,-4_11,183,202,0.9050208299518476,0.9192449867693151,0.1974473779072853,24000.0,40.1534538269043,1.2999992370605469,0.0,0.0
TX,band,0,AE,A,OOD,-4_14,59,61,0.9974993053626007,0.9974144977948143,0.0852606922069036,12000.0,126.58404922485352,4.299999237060547,0.0,0.0011111111110373559
TX,band,0,AE,A,OOD,-4_20,65,179,0.9946712505371724,0.9902906502427047,0.4338820496821554,12000.0,274.32972717285156,7.3000030517578125,0.0,0.001111111111158622
TX,band,0,AE,A,OOD,-4_21,53,129,0.9899078543220711,0.9826484134772728,0.693051068414272,24000.0,262.00140380859375,7.600006103515625,0.0,0.0022222222221959776
TX,band,0,AE,A,OOD,-4_22,153,190,0.9825593395252838,0.9805517018635965,0.0736244787499385,24000.0,278.16986083984375,4.6999969482421875,0.0,0.0022222222221959776
TX,band,0,AE,A,OOD,-5_11,61,89,0.6923927058390127,0.5727567148778296,0.29256857670927144,24000.0,74.39947128295898,2.8999996185302734,0.0,0.0
TX,band,0,AE,A,OOD,-5_12,149,92,0.8879486431281004,0.9429972542851037,0.052717885987575715,24000.0,82.0593032836914,2.0,0.0,0.0
TX,band,0,AE,A,OOD,-6_11,41,51,0.9086561453849833,0.8711906289513571,0.0896597991349496,24000.0,97.56962966918945,2.0,0.0,0.0
TX,band,0,AE,A,OOD,-6_14,50,47,0.9953191489361702,0.9956069697486102,0.280901987198336,12000.0,287.0467224121094,3.899993896484375,0.0,0.0
TX,band,0,AE,A,OOD,-6_24,113,103,0.9720766388865023,0.953474954167893,0.5357706860943819,24000.0,325.1853332519531,2.0,0.0,0.001111111111113147
TX,band,0,AE,A,OOD,-6_8,45,61,0.9876138433515482,0.9779741592344057,,24000.0,129.94122314453125,2.5999984741210938,0.0,0.0
TX,band,0,AE,A,OOD,-7_13,125,105,0.9769904761904762,0.9749277858260249,0.280901987198336,24000.0,242.5298843383789,2.899993896484375,0.0,0.0
TX,band,0,AE,A,OOD,-7_9,203,158,0.9728128702375757,0.979215006550203,0.0896597991349496,24000.0,146.78463745117188,2.1999969482421875,0.0,0.0
TX,band,0,AE,A,OOD,-8_20,91,167,0.9495295124037639,0.9001809320169781,1.0795279339873436,24000.0,616.3738403320312,4.10003662109375,0.0,0.0
TX,band,0,AE,A,OOD,-8_21,89,157,0.9781006226293567,0.9711108743493813,0.04550883590675438,24000.0,526.2431945800781,1.8999786376953125,0.0,0.0
TX,band,0,AE,A,OOD,0_14,28,52,0.9375,0.921117117998771,0.5852358062240963,12000.0,28.83983325958252,0.7000007629394531,0.0,0.0011111111110979888
TX,band,0,AE,A,OOD,0_18,341,209,0.9772411567441665,0.986869539956214,0.07969397991502329,24000.0,72.0071907043457,2.8500003814697266,0.0,0.003888888888789907
TX,band,0,AE,A,OOD,0_23,229,193,0.9781885648347173,0.9825126367131641,0.10808237823365237,24000.0,153.69435119628906,2.8000030517578125,0.0,0.002222222222286927
TX,band,0,AE,A,OOD,1_16,190,171,0.9892582333025546,0.9894579414059671,0.6611532877954029,24000.0,47.77280807495117,3.0,0.0,0.0
TX,band,0,AE,A,OOD,1_19,228,176,0.9924990031897928,0.9952665235765736,0.025785680885581704,24000.0,91.10540390014648,5.799999237060547,0.0,0.0
TX,band,0,AE,A,OOD,1_20,124,122,0.9927287149656266,0.9944213808493503,0.5570202060414942,24000.0,121.97837829589844,4.799999237060547,0.0,0.0022222222220292373
TX,band,0,AE,A,OOD,1_21,301,165,0.993073593073593,0.9961096721357724,0.008607358929335448,24000.0,108.69377136230469,4.400001525878906,0.0,0.002222222221953446
TX,band,0,AE,A,OOD,2_18,304,144,0.9862938596491228,0.9933004966108201,0.13776484014257676,24000.0,63.97307586669922,3.950000762939453,0.0,0.0
TX,band,0,AE,A,OOD,2_21,169,126,0.9629473091011553,0.9633779307505586,0.03673246479221591,24000.0,83.91567993164062,5.099998474121094,0.0,0.0011111111111737802
TX,band,0,AE,A,OOD,2_23,163,80,0.9629601226993865,0.9717988385102982,0.09985463981085638,24000.0,101.74955749511719,2.0999984741210938,0.0,0.002222222222226294
TX,band,0,AE,A,OOD,3_15,112,81,0.9247134038800706,0.9418464198481298,0.12838553163766414,24000.0,4.717413902282715,1.0,0.0,0.0
TX,band,0,AE,A,OOD,3_16,371,243,0.9040630927423379,0.9325800578978679,0.36863214942429345,24000.0,16.80530071258545,3.099998950958252,0.0,0.0
TX,band,0,AE,A,OOD,3_18,107,49,0.9542246805264162,0.9756724203241305,0.13776484014257676,24000.0,49.90283393859863,0.0,0.0,0.4833333333336562
TX,band,0,AE,A,OOD,3_22,304,127,0.9552683381682553,0.9671445753407689,0.09985463981085638,24000.0,73.8296890258789,3.1999969482421875,0.0,0.0033333333333091246
TX,band,0,AE,A,OOD,4_16,111,58,0.9479652065858962,0.9686353438481818,0.3834248919071823,24000.0,12.591757774353027,2.59999942779541,0.0,0.0
TX,band,0,AE,AE,ID,-1_11,77,144,0.9963023088023087,0.9934606321344897,0.006102594196427266,24000.0,0.0,0.7000000476837158,0.0,1.0
TX,band,0,AE,AE,ID,-1_17,90,68,0.9887254901960785,0.9919387499241277,0.8211815482051558,24000.0,92.43954467773438,3.8999977111816406,0.0,0.003333333333400074
TX,band,0,AE,AE,ID,-1_20,498,116,0.9892327932419334,0.997550554641806,0.18025986218507156,24000.0,99.12004852294922,1.0,0.0,0.04611111111128656
TX,band,0,AE,AE,ID,-1_22,64,59,0.994968220338983,0.9955976951521024,0.3843476335796477,24000.0,161.4799346923828,3.100006103515625,0.0,0.001111111111113147
TX,band,0,AE,AE,ID,-2_21,513,517,0.9945667952386877,0.995147264338565,2.104235609209174,12000.0,139.2109603881836,3.3000030517578125,0.0,0.004444444444422272
TX,band,0,AE,AE,ID,-2_22,440,218,0.9969974979149291,0.9986262595249865,0.9067629512043742,12000.0,163.00135040283203,1.6999969482421875,0.0,0.16055555555503126
TX,band,0,AE,AE,ID,-2_24,106,39,0.7791485244315434,0.8482455882451274,0.27514034840674395,24000.0,188.5,0.0,0.0,0.9944444444443737
TX,band,0,AE,AE,ID,-3_22,242,177,0.9946304337675678,0.9962316676037152,0.9067629512043742,12000.0,199.9493408203125,2.899993896484375,0.0,0.002222222222317244
TX,band,0,AE,AE,ID,-3_6,237,139,0.7874206963543089,0.8646374833062275,0.024854139406446513,24000.0,2.1044039726257324,0.6000003814697266,0.0,0.14333333333321704
TX,band,0,AE,AE,ID,-4_10,270,348,0.9097807577692635,0.9161970274000635,0.33723016680691564,24000.0,21.302536964416504,0.8000001907348633,0.0,0.0
TX,band,0,AE,AE,ID,-4_11,58,140,0.8416256157635469,0.7902485649826534,0.1974473779072853,24000.0,48.46809005737305,2.25,0.0,0.0
TX,band,0,AE,AE,ID,-4_14,219,374,0.9945791517104974,0.9917172890276813,0.0852606922069036,12000.0,133.69586181640625,4.70001220703125,0.0,0.0
TX,band,0,AE,AE,ID,-4_16,190,259,0.9961999593578541,0.9950983003420589,1.6761314313008995,12000.0,217.80877685546875,9.399993896484375,0.0,0.0
TX,band,0,AE,AE,ID,-4_20,52,69,0.9988851727982162,0.9985408528960565,0.25800963683493217,12000.0,253.34600830078125,5.600006103515625,0.0,0.0011111111111737802
TX,band,0,AE,AE,ID,-4_21,91,194,0.9922397190438428,0.9849173573147918,0.693051068414272,24000.0,266.17645263671875,6.600006103515625,0.0,0.0022222222221959776
TX,band,0,AE,AE,ID,-6_14,44,104,0.9925699300699301,0.9862665894856982,0.280901987198336,24000.0,288.63343811035156,5.8000030517578125,0.0,0.0
TX,band,0,AE,AE,ID,-7_13,26,35,0.9967032967032967,0.9960212201591511,0.280901987198336,24000.0,253.55992126464844,3.399993896484375,0.0,0.0
TX,band,0,AE,AE,ID,0_14,788,580,0.9084872221249781,0.9375561692043946,0.5852358062240963,12000.0,26.153810501098633,0.8999996185302734,0.0,0.002222222222241452
TX,band,0,AE,AE,ID,0_15,359,979,0.920844702541676,0.8735135462871676,1.2497878760366823,24000.0,54.3223934173584,1.9000015258789062,0.0,0.002222222222286927
TX,band,0,AE,AE,ID,0_23,39,26,0.980276134122288,0.9872377410898489,0.10808237823365237,24000.0,152.80018615722656,2.6999969482421875,0.0,0.0033333333333091246
TX,band,0,AE,AE,ID,1_16,154,427,0.9859636850269169,0.9740660856552941,0.6611532877954029,24000.0,59.50456619262695,4.100002288818359,0.0,0.0
TX,band,0,AE,AE,ID,1_20,35,160,0.9957142857142858,0.9814294792698478,0.5570202060414942,24000.0,144.09677124023438,10.300003051757812,0.0,0.0
TX,band,0,AE,AE,ID,3_15,324,269,0.9112396163201616,0.9215417795954481,0.12838553163766414,24000.0,4.956191062927246,1.3000001907348633,0.0,0.0
TX,band,0,AE,AE,ID,3_16,101,79,0.9227973430254418,0.9396663656453643,0.36863214942429345,24000.0,16.596924781799316,2.950000762939453,0.0,0.0
TX,band,0,AE,AE,ID,4_16,300,154,0.9523160173160173,0.974463795889074,0.3834248919071823,24000.0,12.661899089813232,2.6999998092651367,0.0,0.0
TX,band,1,A,A,ID,-10_15,99,45,0.9921436588103254,0.9962983274408868,0.04988885389311448,24000.0,515.5481262207031,3.75,0.0,0.0
TX,band,1,A,A,ID,-11_15,66,42,0.9938672438672439,0.9963645788039444,0.04988885389311448,24000.0,476.7355041503906,4.79998779296875,0.0,0.0
TX,band,1,A,A,ID,-1_21,160,103,0.9890776699029127,0.9931112886512501,0.26029550095384685,24000.0,132.43968200683594,1.9000091552734375,0.0,0.004444444444513221
TX,band,1,A,A,ID,-2_12,66,65,0.9149184149184149,0.9333944015007213,0.6166045886430126,24000.0,8.336747169494629,0.5999984741210938,0.0,0.002222222222226294
TX,band,1,A,A,ID,-2_14,189,203,0.9871764797873173,0.9872285961234347,0.47116008280994875,24000.0,75.01765441894531,3.4000015258789062,0.0,0.002222222222165661
TX,band,1,A,A,ID,-2_16,314,190,0.9894401609118337,0.9936700236716409,0.05387530172405497,24000.0,95.87759399414062,2.6500015258789062,0.0,0.003333333333324283
TX,band,1,A,A,ID,-2_17,229,58,0.974777894895347,0.9905630848761285,0.05086570327176242,24000.0,89.86067962646484,1.5,0.0,0.003333333333339441
TX,band,1,A,A,ID,-2_18,103,102,0.9521225966114601,0.9316796697463694,0.24308123984103097,24000.0,139.55087280273438,2.6999969482421875,0.0,0.0
TX,band,1,A,A,ID,-3_15,82,144,0.9868733062330624,0.9824515930751799,0.22339885732867895,24000.0,138.21588897705078,6.849998474121094,0.0,0.0
TX,band,1,A,A,ID,-3_20,97,155,0.9857665447289659,0.9801988541713522,0.037571021465512576,24000.0,221.25963592529297,5.3000030517578125,0.0,0.0011111111110828306
TX,band,1,A,A,ID,-4_13,228,203,0.9788479820240256,0.9811557953630514,0.04507314658154439,24000.0,108.42240905761719,2.5999984741210938,0.0,0.0
TX,band,1,A,A,ID,-4_18,109,192,0.9956039755351682,0.9923224742015657,0.20245035219114538,24000.0,287.229736328125,7.399993896484375,0.0,0.0
TX,band,1,A,A,ID,-4_19,69,108,0.9931561996779388,0.9901412348055206,0.01929682070233386,24000.0,306.1669921875,6.79998779296875,0.0,0.0
TX,band,1,A,A,ID,-4_6,25,35,0.9977142857142857,0.9970370370370372,0.024854139406446513,24000.0,14.357840061187744,0.5999994277954102,0.0,0.03277777777779235
TX,band,1,A,A,ID,-4_9,86,125,0.8508837209302326,0.8708547628295302,0.023051612207734686,24000.0,14.211772918701172,0.7999992370605469,0.0,0.0
TX,band,1,A,A,ID,-5_13,128,155,0.9902217741935484,0.988415572570725,0.21605698632701414,24000.0,148.20677185058594,3.9000015258789062,0.0,0.0
TX,band,1,A,A,ID,-5_20,70,208,0.9950549450549451,0.9850079992165502,0.08213722398770898,24000.0,420.4813690185547,8.550003051757812,0.0,0.0
TX,band,1,A,A,ID,-5_23,96,134,0.9665733830845771,0.9445999250675629,,24000.0,309.0547790527344,2.75,0.0,0.0011111111111434635
TX,band,1,A,A,ID,-5_9,137,181,0.9444287615437351,0.9346881062567504,0.04567738930688834,24000.0,60.49808120727539,1.2000007629394531,0.0,0.0
TX,band,1,A,A,ID,-6_10,177,247,0.9810837393353005,0.9749148041426405,0.0896597991349496,24000.0,165.24148559570312,2.900005340576172,0.0,0.0
TX,band,1,A,A,ID,-6_13,117,148,0.9793254793254793,0.9766557807337016,0.280901987198336,24000.0,196.47628784179688,3.0,0.0,0.0
TX,band,1,A,A,ID,-6_23,55,140,0.9671428571428572,0.9328529841877718,0.11824950185716863,24000.0,340.4188232421875,2.600006103515625,0.0,0.0022222222220443953
TX,band,1,A,A,ID,-7_11,65,92,0.9774247491638797,0.9676153396590663,0.0896597991349496,24000.0,169.01885986328125,2.6999969482421875,0.0,0.0
TX,band,1,A,A,ID,-9_12,132,193,0.9861830742659758,0.9756790148656204,0.03649678472424436,24000.0,231.4755096435547,3.0,0.0,0.0
TX,band,1,A,A,ID,-9_18,31,118,0.9879715691634774,0.9578725003309649,0.8802179590413254,24000.0,605.5974731445312,4.4000244140625,0.0,0.0
TX,band,1,A,A,ID,0_12,52,29,0.9575596816976127,0.9646013197397403,0.14106475041179814,24000.0,2.0355193614959717,0.5000001192092896,0.0,0.003333333333400074
TX,band,1,A,A,ID,0_13,198,99,0.8635853484338333,0.9239860141254008,0.44333833380286547,12000.0,11.813889503479004,1.0999994277954102,0.0,0.0
TX,band,1,A,A,ID,2_15,171,116,0.9496874369832627,0.9703324338569066,0.6611532877954029,24000.0,11.420501708984375,1.4000000953674316,0.0,0.0033333333333091246
TX,band,1,A,A,ID,2_22,264,166,0.9754244249726177,0.9729796265091832,0.03673246479221591,24000.0,82.32501983642578,3.2000045776367188,0.0,0.0044444444440887906
TX,band,1,A,A,ID,3_20,37,44,0.934889434889435,0.9055038489199438,0.05429929455607937,24000.0,82.94190216064453,4.5,0.0,0.001111111111113147
TX,band,1,A,AE,OOD,-1_21,387,256,0.9862322351421189,0.991999591439192,0.3843476335796477,24000.0,132.43907165527344,1.9000015258789062,0.0,0.004444444444452588
TX,band,1,A,AE,OOD,-2_11,526,467,0.8772481904560295,0.8901729762057727,0.006102594196427266,24000.0,1.3837839365005493,0.5999999046325684,0.0,0.1588888888893013
TX,band,1,A,AE,OOD,-2_12,670,465,0.9287048627828599,0.9555469334045488,0.6166045886430126,24000.0,8.687268257141113,0.6999988555908203,0.0,0.006666666666557616
TX,band,1,A,AE,OOD,-2_14,169,56,0.9960904480135249,0.9987324933656319,0.47116008280994875,24000.0,66.56214141845703,2.0,0.0,0.002222222222226294
TX,band,1,A,AE,OOD,-3_15,215,227,0.9805757606802582,0.9811069873808804,0.22339885732867895,24000.0,126.84564590454102,4.849998474121094,0.0,0.0
TX,band,1,A,AE,OOD,-3_9,115,195,0.7292976588628763,0.6252026390081845,0.023051612207734686,24000.0,0.7691677808761597,0.5999999642372131,0.0,0.5622222222230215
TX,band,1,A,AE,OOD,-4_9,26,88,0.7207167832167832,0.6658558817227364,0.023051612207734686,24000.0,15.111907958984375,0.7000007629394531,0.0,0.0
TX,band,1,A,AE,OOD,-5_13,70,108,0.9695767195767195,0.9601074194185698,0.21605698632701414,24000.0,144.53589630126953,3.9500045776367188,0.0,0.0
TX,band,1,A,AE,OOD,-5_15,120,189,0.9958112874779541,0.9932294011063654,1.3806433655571346,12000.0,342.8446350097656,11.20001220703125,0.0,0.0
TX,band,1,A,AE,OOD,-5_17,181,186,0.9978613437889859,0.9978146768340519,0.3151627136180798,24000.0,310.17999267578125,3.100006103515625,0.0,0.006666666666254452
TX,band,1,A,AE,OOD,-6_13,55,55,0.9580165289256198,0.9638881067266487,0.280901987198336,24000.0,190.19677734375,3.9499969482421875,0.0,0.0
TX,band,1,A,AE,OOD,-6_17,25,41,1.0,1.0,0.3151627136180798,24000.0,385.83538818359375,6.3000030517578125,0.0,0.0
TX,band,1,A,AE,OOD,-9_18,243,335,0.9705669184939499,0.9603678308371624,0.8802179590413254,24000.0,596.4118347167969,3.800018310546875,0.0,0.0
TX,band,1,A,AE,OOD,-9_19,46,110,0.9952569169960475,0.9899374035741455,0.8802179590413254,24000.0,617.5231628417969,3.45001220703125,0.0,0.0
TX,band,1,A,AE,OOD,0_12,488,184,0.9395157697790448,0.9723018815633615,0.14106475041179814,24000.0,2.337902307510376,0.6999998092651367,0.0,0.0011111111111283053
TX,band,1,A,AE,OOD,0_13,1001,362,0.8374388042896331,0.9235893663889715,0.44333833380286547,12000.0,11.500678062438965,0.8999996185302734,0.0,0.0
TX,band,1,A,AE,OOD,1_15,602,1077,0.9611292596328548,0.9475411078121679,1.2497878760366823,12000.0,23.912105560302734,1.5,0.0,0.001111111111113147
TX,band,1,A,AE,OOD,2_15,736,408,0.9309429614236998,0.9653360986722517,0.6611532877954029,24000.0,10.750623226165771,1.4499998092651367,0.0,0.004444444444028158
TX,band,1,A,AE,OOD,3_14,83,113,0.8555283079219533,0.748013290705774,0.20223583098689696,24000.0,2.075604796409607,0.5,0.0,0.00777777777786782
TX,band,1,A,AE,OOD,4_15,234,159,0.86722571628232,0.8783699818583399,0.12838553163766414,24000.0,1.5286238193511963,0.7000000476837158,0.0,0.0366666666666429
TX,band,1,AE,A,OOD,-10_15,99,45,0.9912457912457913,0.9957403847742261,0.04988885389311448,24000.0,515.5481262207031,3.75,0.0,0.0
TX,band,1,AE,A,OOD,-11_15,66,42,0.9913419913419913,0.9952512572304238,0.04988885389311448,24000.0,476.7355041503906,4.79998779296875,0.0,0.0
TX,band,1,AE,A,OOD,-1_21,160,103,0.9902912621359223,0.9939611287120533,0.26029550095384685,24000.0,132.43968200683594,1.9000091552734375,0.0,0.004444444444513221
TX,band,1,AE,A,OOD,-2_12,66,65,0.9247086247086247,0.9311105443488047,0.6166045886430126,24000.0,8.336747169494629,0.5999984741210938,0.0,0.002222222222226294
TX,band,1,AE,A,OOD,-2_14,189,203,0.9861599812338728,0.9869267022213627,0.47116008280994875,24000.0,75.01765441894531,3.4000015258789062,0.0,0.002222222222165661
TX,band,1,AE,A,OOD,-2_16,314,190,0.9895574924572578,0.9938329224405873,0.05387530172405497,24000.0,95.87759399414062,2.6500015258789062,0.0,0.003333333333324283
TX,band,1,AE,A,OOD,-2_17,229,58,0.974552025297395,0.9921400830088882,0.05086570327176242,24000.0,89.86067962646484,1.5,0.0,0.003333333333339441
TX,band,1,AE,A,OOD,-2_18,103,102,0.9598324766799924,0.9523629038558447,0.24308123984103097,24000.0,139.55087280273438,2.6999969482421875,0.0,0.0
TX,band,1,AE,A,OOD,-3_15,82,144,0.98340108401084,0.9780274740049985,0.22339885732867895,24000.0,138.21588897705078,6.849998474121094,0.0,0.0
TX,band,1,AE,A,OOD,-3_20,97,155,0.9891586298636514,0.9837122537014769,0.037571021465512576,24000.0,221.25963592529297,5.3000030517578125,0.0,0.0011111111110828306
TX,band,1,AE,A,OOD,-4_13,228,203,0.9698167833376545,0.9723385851667793,0.04507314658154439,24000.0,108.42240905761719,2.5999984741210938,0.0,0.0
TX,band,1,AE,A,OOD,-4_18,109,192,0.9965596330275229,0.9934842395642046,0.20245035219114538,24000.0,287.229736328125,7.399993896484375,0.0,0.0
TX,band,1,AE,A,OOD,-4_19,69,108,0.9899355877616747,0.9866749589471786,0.01929682070233386,24000.0,306.1669921875,6.79998779296875,0.0,0.0
TX,band,1,AE,A,OOD,-4_6,25,35,0.9897142857142858,0.9872222222222224,0.024854139406446513,24000.0,14.357840061187744,0.5999994277954102,0.0,0.03277777777779235
TX,band,1,AE,A,OOD,-4_9,86,125,0.9247441860465117,0.9261873988658127,0.023051612207734686,24000.0,14.211772918701172,0.7999992370605469,0.0,0.0
TX,band,1,AE,A,OOD,-5_13,128,155,0.9869455645161291,0.9856087555095776,0.21605698632701414,24000.0,148.20677185058594,3.9000015258789062,0.0,0.0
TX,band,1,AE,A,OOD,-5_20,70,208,0.9920329670329671,0.9769884216584764,0.08213722398770898,24000.0,420.4813690185547,8.550003051757812,0.0,0.0
TX,band,1,AE,A,OOD,-5_23,96,134,0.9614427860696518,0.9259794817911289,,24000.0,309.0547790527344,2.75,0.0,0.0011111111111434635
TX,band,1,AE,A,OOD,-5_9,137,181,0.9092632173246763,0.9032060459026426,0.04567738930688834,24000.0,60.49808120727539,1.2000007629394531,0.0,0.0
TX,band,1,AE,A,OOD,-6_10,177,247,0.9723689928863881,0.9696085089243032,0.0896597991349496,24000.0,165.24148559570312,2.900005340576172,0.0,0.0
TX,band,1,AE,A,OOD,-6_13,117,148,0.9831947331947333,0.981044748299184,0.280901987198336,24000.0,196.47628784179688,3.0,0.0,0.0
TX,band,1,AE,A,OOD,-6_23,55,140,0.9716883116883116,0.9394653716908554,0.11824950185716863,24000.0,340.4188232421875,2.600006103515625,0.0,0.0022222222220443953
TX,band,1,AE,A,OOD,-7_11,65,92,0.9635451505016722,0.9505392544149668,0.0896597991349496,24000.0,169.01885986328125,2.6999969482421875,0.0,0.0
TX,band,1,AE,A,OOD,-9_12,132,193,0.9733474642801068,0.9523072844084931,0.03649678472424436,24000.0,231.4755096435547,3.0,0.0,0.0
TX,band,1,AE,A,OOD,-9_18,31,118,0.9945325314379442,0.9805735198778939,0.8802179590413254,24000.0,605.5974731445312,4.4000244140625,0.0,0.0
TX,band,1,AE,A,OOD,0_12,52,29,0.9748010610079575,0.982246410832343,0.14106475041179814,24000.0,2.0355193614959717,0.5000001192092896,0.0,0.003333333333400074
TX,band,1,AE,A,OOD,0_13,198,99,0.8250688705234162,0.8957187766725896,0.44333833380286547,12000.0,11.813889503479004,1.0999994277954102,0.0,0.0
TX,band,1,AE,A,OOD,2_15,171,116,0.9423270820729985,0.9645409841240451,0.6611532877954029,24000.0,11.420501708984375,1.4000000953674316,0.0,0.0033333333333091246
TX,band,1,AE,A,OOD,2_22,264,166,0.9690580503833516,0.9744391786527434,0.03673246479221591,24000.0,82.32501983642578,3.2000045776367188,0.0,0.0044444444440887906
TX,band,1,AE,A,OOD,3_20,37,44,0.9305896805896806,0.8926420596836591,0.05429929455607937,24000.0,82.94190216064453,4.5,0.0,0.001111111111113147
TX,band,1,AE,AE,ID,-1_21,387,256,0.9824672965116279,0.9897406852384317,0.3843476335796477,24000.0,132.43907165527344,1.9000015258789062,0.0,0.004444444444452588
TX,band,1,AE,AE,ID,-2_11,526,467,0.9653357324887437,0.9694934695513104,0.006102594196427266,24000.0,1.3837839365005493,0.5999999046325684,0.0,0.1588888888893013
TX,band,1,AE,AE,ID,-2_12,670,465,0.9402664098860536,0.9627673575017768,0.6166045886430126,24000.0,8.687268257141113,0.6999988555908203,0.0,0.006666666666557616
TX,band,1,AE,AE,ID,-2_14,169,56,0.9920752324598479,0.9974215349535561,0.47116008280994875,24000.0,66.56214141845703,2.0,0.0,0.002222222222226294
TX,band,1,AE,AE,ID,-3_15,215,227,0.9812929003175904,0.9832694059871704,0.22339885732867895,24000.0,126.84564590454102,4.849998474121094,0.0,0.0
TX,band,1,AE,AE,ID,-3_9,115,195,0.8958751393534002,0.7679477736062287,0.023051612207734686,24000.0,0.7691677808761597,0.5999999642372131,0.0,0.5622222222230215
TX,band,1,AE,AE,ID,-4_9,26,88,0.8505244755244755,0.8078230121081056,0.023051612207734686,24000.0,15.111907958984375,0.7000007629394531,0.0,0.0
TX,band,1,AE,AE,ID,-5_13,70,108,0.967989417989418,0.9585277750276614,0.21605698632701414,24000.0,144.53589630126953,3.9500045776367188,0.0,0.0
TX,band,1,AE,AE,ID,-5_15,120,189,0.9942239858906525,0.9904128247345501,1.3806433655571346,12000.0,342.8446350097656,11.20001220703125,0.0,0.0
TX,band,1,AE,AE,ID,-5_17,181,186,0.9956929840194855,0.9953800436137441,0.3151627136180798,24000.0,310.17999267578125,3.100006103515625,0.0,0.006666666666254452
TX,band,1,AE,AE,ID,-6_13,55,55,0.9682644628099173,0.9739060752962715,0.280901987198336,24000.0,190.19677734375,3.9499969482421875,0.0,0.0
TX,band,1,AE,AE,ID,-6_17,25,41,1.0,1.0,0.3151627136180798,24000.0,385.83538818359375,6.3000030517578125,0.0,0.0
TX,band,1,AE,AE,ID,-9_18,243,335,0.9688716909280757,0.9606989178077552,0.8802179590413254,24000.0,596.4118347167969,3.800018310546875,0.0,0.0
TX,band,1,AE,AE,ID,-9_19,46,110,0.9980237154150198,0.995541067088461,0.8802179590413254,24000.0,617.5231628417969,3.45001220703125,0.0,0.0
TX,band,1,AE,AE,ID,0_12,488,184,0.9574460976478975,0.9805198064146221,0.14106475041179814,24000.0,2.337902307510376,0.6999998092651367,0.0,0.0011111111111283053
TX,band,1,AE,AE,ID,0_13,1001,362,0.8347508844746414,0.9220647017877575,0.44333833380286547,12000.0,11.500678062438965,0.8999996185302734,0.0,0.0
TX,band,1,AE,AE,ID,1_15,602,1077,0.9523917489519613,0.9400395497051424,1.2497878760366823,12000.0,23.912105560302734,1.5,0.0,0.001111111111113147
TX,band,1,AE,AE,ID,2_15,736,408,0.9226209505541347,0.9607377374831403,0.6611532877954029,24000.0,10.750623226165771,1.4499998092651367,0.0,0.004444444444028158
TX,band,1,AE,AE,ID,3_14,83,113,0.8471052350996908,0.7534432216419408,0.20223583098689696,24000.0,2.075604796409607,0.5,0.0,0.00777777777786782
TX,band,1,AE,AE,ID,4_15,234,159,0.8777616513465569,0.8787840356522143,0.12838553163766414,24000.0,1.5286238193511963,0.7000000476837158,0.0,0.0366666666666429
TX,band,2,A,A,ID,-11_27,96,104,0.9771634615384615,0.9804427093789503,0.08309217072999632,24000.0,1077.8743286132812,3.0999755859375,0.0,0.0
TX,band,2,A,A,ID,-1_13,130,186,0.8831265508684863,0.875708482878665,0.7140324417418822,24000.0,22.819052696228027,0.5,0.0,0.0
TX,band,2,A,A,ID,-1_14,163,159,0.9708299571709689,0.9734906825251703,0.47116008280994875,24000.0,43.435997009277344,1.0,0.0,0.006111111111152626
TX,band,2,A,A,ID,-1_16,444,112,0.9871299871299871,0.9968436115617054,0.8211815482051558,24000.0,62.87516212463379,1.9000015258789062,0.0,0.006666666666587932
TX,band,2,A,A,ID,-1_18,139,158,0.9754576085966671,0.9635821390061852,0.008169576163218183,24000.0,121.00176239013672,3.2000045776367188,0.0,0.002222222221953446
TX,band,2,A,A,ID,-1_19,172,63,0.9452750092284976,0.9708689133855344,0.0561175275849968,24000.0,95.9000015258789,0.5999984741210938,0.0,0.15222222222241028
TX,band,2,A,A,ID,-1_23,150,168,0.9604761904761905,0.9562070584266273,0.033231223476314416,24000.0,179.97735595703125,3.5499954223632812,0.0,0.001111111111113147
TX,band,2,A,A,ID,-2_13,135,137,0.9869694512030278,0.9877312062892944,0.9903119111809097,24000.0,27.529004096984863,0.8000011444091797,0.0,0.0
TX,band,2,A,A,ID,-2_15,139,212,0.974446857608253,0.95860417893388,0.5350548754278291,24000.0,108.6868896484375,4.200004577636719,0.0,0.002222222222226294
TX,band,2,A,A,ID,-2_20,195,135,0.9888698955365622,0.9926974937671721,0.43834047911542673,24000.0,143.2850112915039,2.1999969482421875,0.0,0.0
TX,band,2,A,A,ID,-2_23,57,114,0.9724530624807632,0.9250152734577068,0.27514034840674395,24000.0,218.10418701171875,5.1999969482421875,0.0,0.005555555555474786
TX,band,2,A,A,ID,-3_11,90,184,0.9563405797101451,0.9313538794023096,0.16931448268318428,24000.0,11.074426174163818,0.899999737739563,0.0,0.0
TX,band,2,A,A,ID,-3_13,286,182,0.9954084377161301,0.9971755685338912,0.004743415522716003,24000.0,67.61456298828125,3.049999237060547,0.0,0.0
TX,band,2,A,A,ID,-3_16,119,187,0.9849009122365524,0.9695897186029455,0.43446448208958116,24000.0,161.70125579833984,3.5,0.0,0.0
TX,band,2,A,A,ID,-3_18,56,79,0.9873417721518987,0.9827733081791176,0.24308123984103097,24000.0,187.21751403808594,5.100006103515625,0.0,0.0
TX,band,2,A,A,ID,-3_19,203,162,0.9923371647509579,0.9939946195523688,0.037571021465512576,24000.0,168.39418029785156,3.399993896484375,0.0,0.0011111111111434635
TX,band,2,A,A,ID,-3_23,78,169,0.9852829616143225,0.966644062532577,0.265226287496481,24000.0,258.8849792480469,5.9000091552734375,0.0,0.0011111111110828306
TX,band,2,A,A,ID,-4_24,28,30,0.95,0.9561912061828721,0.10209516944045487,24000.0,242.3050537109375,2.6500015258789062,0.0,0.0011111111110828306
TX,band,2,A,A,ID,-5_10,177,206,0.97452141956009,0.9727732445961041,0.29256857670927144,24000.0,96.82683563232422,1.8000030517578125,0.0,0.0
TX,band,2,A,A,ID,-5_24,46,84,0.9710144927536232,0.9627788869534829,0.5357706860943819,24000.0,305.2606506347656,2.75,0.0,0.0022222222221353447
TX,band,2,A,A,ID,-6_12,51,98,0.9939975990396159,0.987209629627953,0.052717885987575715,24000.0,127.1268081665039,3.100006103515625,0.0,0.0
TX,band,2,A,A,ID,-6_18,25,38,0.9621052631578947,0.9410516738018013,0.15574499207801415,24000.0,413.4471740722656,6.0,0.0,0.0022222222221959776
TX,band,2,A,A,ID,-6_19,180,182,0.9828144078144078,0.9833599972886361,0.15574499207801415,24000.0,450.05149841308594,3.5,0.0,0.001111111111113147
TX,band,2,A,A,ID,-6_22,133,87,0.9140091608331173,0.9130782123870367,0.11824950185716863,24000.0,352.05340576171875,2.20001220703125,0.0,0.0011111111110828306
TX,band,2,A,A,ID,-6_7,145,131,0.9507765201368781,0.9609255210730632,,24000.0,74.08222198486328,1.5999984741210938,0.0,0.0
TX,band,2,A,A,ID,-6_9,49,58,0.9841660802251935,0.9835651717131111,0.00963270037322776,24000.0,169.33157348632812,2.399993896484375,0.0,0.0
TX,band,2,A,A,ID,-7_10,250,152,0.9759736842105263,0.9863430189691007,0.0896597991349496,24000.0,162.21287536621094,2.0,0.0,0.0
TX,band,2,A,A,ID,-7_8,214,70,0.9912550066755674,0.9968936632807291,,24000.0,97.73696517944336,2.0,0.0,0.024999999999682006
TX,band,2,A,A,ID,-8_10,85,106,0.9928967813540511,0.9909364634207765,0.0896597991349496,24000.0,167.6279296875,3.0,0.0,0.0
TX,band,2,A,A,ID,-8_11,132,119,0.9789279348102877,0.9797450375085778,0.0896597991349496,24000.0,201.88699340820312,2.600006103515625,0.0,0.0
TX,band,2,A,A,ID,-8_14,130,141,0.9754500818330606,0.9734795627402077,0.03862698887566409,24000.0,413.8412780761719,5.29998779296875,0.0,0.0
TX,band,2,A,A,ID,-9_13,86,122,0.9855127716355317,0.9877613399561972,0.03649678472424436,24000.0,258.9499969482422,1.7999954223632812,0.0,0.0
TX,band,2,A,A,ID,0_16,103,123,0.9940011050595943,0.9938361560337191,1.923049698885933,24000.0,85.6411361694336,4.1999969482421875,0.0,0.0022222222221959776
TX,band,2,A,A,ID,0_20,157,169,0.9930652395130593,0.9930952827562,0.18025986218507156,24000.0,130.03671264648438,4.650005340576172,0.0,0.004444444444391955
TX,band,2,A,A,ID,0_21,380,135,0.9866276803118909,0.9951888595667309,0.03782900683971566,24000.0,125.18766784667969,2.0999908447265625,0.0,0.007777777778004247
TX,band,2,A,A,ID,0_24,55,49,0.9907235621521336,0.9915965586430888,0.10808237823365237,24000.0,130.73007202148438,2.549999237060547,0.0,0.004444444444482904
TX,band,2,A,A,ID,1_17,178,114,0.9861028976936723,0.98847734196236,0.17348902393621626,24000.0,44.06833267211914,1.5999984741210938,0.0,0.014444444444182906
TX,band,2,A,A,ID,1_18,180,209,0.983732057416268,0.9818175097425473,0.01010813986489359,24000.0,91.09158325195312,5.1999969482421875,0.0,0.0
TX,band,2,A,A,ID,1_23,86,64,0.9763808139534884,0.9818834528669157,0.10808237823365237,24000.0,128.21146392822266,2.8499984741210938,0.0,0.0
TX,band,2,A,A,ID,2_20,238,167,0.9879736325667992,0.9872577847232775,0.09653944470682342,24000.0,98.48152923583984,4.6999969482421875,0.0,0.004444444444422272
TX,band,2,A,A,ID,3_17,277,268,0.9738536559081846,0.9721313445736814,0.04706592827097104,24000.0,53.81273651123047,4.5,0.0,0.0
TX,band,2,A,A,ID,3_23,112,49,0.9748542274052479,0.986671053896277,0.09985463981085638,24000.0,88.29217529296875,2.6999969482421875,0.0,0.0
TX,band,2,A,AE,OOD,-1_13,598,376,0.8545550772077136,0.914832845256817,0.7140324417418822,24000.0,24.191328048706055,0.5,0.0,0.0
TX,band,2,A,AE,OOD,-1_14,744,316,0.9578314277936573,0.9825855408117172,0.47116008280994875,24000.0,41.5886287689209,1.0,0.0,0.006666666666587933
TX,band,2,A,AE,OOD,-1_16,240,101,0.9842409240924093,0.9931846860326172,0.05387530172405497,24000.0,66.44808197021484,2.200000762939453,0.0,0.005555555555262571
TX,band,2,A,AE,OOD,-1_23,92,56,0.9563276397515528,0.9727679981150993,0.033231223476314416,24000.0,173.96746826171875,2.6999969482421875,0.0,0.001111111111113147
TX,band,2,A,AE,OOD,-2_13,197,428,0.9730774704682386,0.9580000822490137,0.9903119111809097,24000.0,28.645387649536133,0.8999996185302734,0.0,0.0
TX,band,2,A,AE,OOD,-2_15,187,78,0.9915672562731387,0.9964286040558543,0.5350548754278291,24000.0,88.62258911132812,2.6999969482421875,0.0,0.0011111111111737802
TX,band,2,A,AE,OOD,-2_20,85,113,0.9929203539823008,0.9928238053158878,0.43834047911542673,24000.0,149.97691345214844,3.7499961853027344,0.0,0.0
TX,band,2,A,AE,OOD,-2_23,279,174,0.9872286079182631,0.9917733800570705,0.27514034840674395,24000.0,197.08482360839844,2.5,0.0,0.02222222222217199
TX,band,2,A,AE,OOD,-3_11,126,275,0.9685714285714285,0.9499310885416424,0.16931448268318428,24000.0,11.150200843811035,0.8000011444091797,0.0,0.0
TX,band,2,A,AE,OOD,-3_16,108,112,0.9810681216931216,0.9800065946252464,0.43446448208958116,24000.0,159.33234405517578,3.6999969482421875,0.0,0.0011111111110979888
TX,band,2,A,AE,OOD,-3_18,171,125,0.9828304093567252,0.986753066306316,0.24308123984103097,24000.0,179.5,3.8000030517578125,0.0,0.00277777777767676
TX,band,2,A,AE,OOD,-5_14,144,391,0.9920964762716681,0.9883311767564142,1.3806433655571346,12000.0,204.44139099121094,5.9000091552734375,0.0,0.0
TX,band,2,A,AE,OOD,-5_24,52,118,0.9708279009126467,0.9092115215671623,0.5357706860943819,24000.0,311.37831115722656,3.300018310546875,0.0,0.0011111111111434635
TX,band,2,A,AE,OOD,0_16,247,352,0.9960664335664335,0.994968619866738,1.923049698885933,24000.0,86.48175048828125,5.400001525878906,0.0,0.003333333333278808
TX,band,2,A,AE,OOD,1_13,1031,421,0.8647762590110379,0.9322171192447117,0.44333833380286547,12000.0,2.713078498840332,0.6999998092651367,0.0,0.01111111111114663
TX,band,2,A,AE,OOD,1_14,301,719,0.802272443731835,0.7007964349722174,0.44333833380286547,12000.0,10.816656589508057,0.9000005722045898,10.5,0.003333333333400074
TX,band,2,A,AE,OOD,2_14,602,253,0.9110737594054075,0.9519800061104179,0.20223583098689696,12000.0,0.906999945640564,0.49999988079071045,0.0,0.08666666666558252
TX,band,2,AE,A,OOD,-11_27,96,104,0.9705528846153846,0.9749178294189703,0.08309217072999632,24000.0,1077.8743286132812,3.0999755859375,0.0,0.0
TX,band,2,AE,A,OOD,-1_13,130,186,0.9126964433416046,0.9033673540197706,0.7140324417418822,24000.0,22.819052696228027,0.5,0.0,0.0
TX,band,2,AE,A,OOD,-1_14,163,159,0.9795501022494888,0.9815979671214472,0.47116008280994875,24000.0,43.435997009277344,1.0,0.0,0.006111111111152626
TX,band,2,AE,A,OOD,-1_16,444,112,0.9839325933075933,0.9959427354295263,0.8211815482051558,24000.0,62.87516212463379,1.9000015258789062,0.0,0.006666666666587932
TX,band,2,AE,A,OOD,-1_18,139,158,0.9760950733084418,0.9656078765297587,0.008169576163218183,24000.0,121.00176239013672,3.2000045776367188,0.0,0.002222222221953446
TX,band,2,AE,A,OOD,-1_19,172,63,0.9434293097083795,0.9606785179902915,0.0561175275849968,24000.0,95.9000015258789,0.5999984741210938,0.0,0.15222222222241028
TX,band,2,AE,A,OOD,-1_23,150,168,0.9507936507936507,0.9472202177812549,0.033231223476314416,24000.0,179.97735595703125,3.5499954223632812,0.0,0.001111111111113147
TX,band,2,AE,A,OOD,-2_13,135,137,0.9850229791835631,0.9868166566187351,0.9903119111809097,24000.0,27.529004096984863,0.8000011444091797,0.0,0.0
TX,band,2,AE,A,OOD,-2_15,139,212,0.9695262657798289,0.9558707956735266,0.5350548754278291,24000.0,108.6868896484375,4.200004577636719,0.0,0.002222222222226294
TX,band,2,AE,A,OOD,-2_20,195,135,0.9909591642924976,0.9940007153468032,0.43834047911542673,24000.0,143.2850112915039,2.1999969482421875,0.0,0.0
TX,band,2,AE,A,OOD,-2_23,57,114,0.9809172052939367,0.9574044590684678,0.27514034840674395,24000.0,218.10418701171875,5.1999969482421875,0.0,0.005555555555474786
TX,band,2,AE,A,OOD,-3_11,90,184,0.9873792270531401,0.9775148769456095,0.16931448268318428,24000.0,11.074426174163818,0.899999737739563,0.0,0.0
TX,band,2,AE,A,OOD,-3_13,286,182,0.9948128794282641,0.9966693580410917,0.004743415522716003,24000.0,67.61456298828125,3.049999237060547,0.0,0.0
TX,band,2,AE,A,OOD,-3_16,119,187,0.9887206219386151,0.9777118600593687,0.43446448208958116,24000.0,161.70125579833984,3.5,0.0,0.0
TX,band,2,AE,A,OOD,-3_18,56,79,0.9859855334538878,0.9816616333345963,0.24308123984103097,24000.0,187.21751403808594,5.100006103515625,0.0,0.0
TX,band,2,AE,A,OOD,-3_19,203,162,0.9932189989661254,0.9948647784900455,0.037571021465512576,24000.0,168.39418029785156,3.399993896484375,0.0,0.0011111111111434635
TX,band,2,AE,A,OOD,-3_23,78,169,0.983007130936125,0.9659699744565651,0.265226287496481,24000.0,258.8849792480469,5.9000091552734375,0.0,0.0011111111110828306
TX,band,2,AE,A,OOD,-4_24,28,30,0.9642857142857143,0.9679242206097528,0.10209516944045487,24000.0,242.3050537109375,2.6500015258789062,0.0,0.0011111111110828306
TX,band,2,AE,A,OOD,-5_10,177,206,0.9579562284021721,0.9600275877283491,0.29256857670927144,24000.0,96.82683563232422,1.8000030517578125,0.0,0.0
TX,band,2,AE,A,OOD,-5_24,46,84,0.9787784679089027,0.9741813853631869,0.5357706860943819,24000.0,305.2606506347656,2.75,0.0,0.0022222222221353447
TX,band,2,AE,A,OOD,-6_12,51,98,0.9911964785914367,0.9825444178393942,0.052717885987575715,24000.0,127.1268081665039,3.100006103515625,0.0,0.0
TX,band,2,AE,A,OOD,-6_18,25,38,0.9536842105263158,0.9289036531870205,0.15574499207801415,24000.0,413.4471740722656,6.0,0.0,0.0022222222221959776
TX,band,2,AE,A,OOD,-6_19,180,182,0.9807387057387058,0.981410272662448,0.15574499207801415,24000.0,450.05149841308594,3.5,0.0,0.001111111111113147
TX,band,2,AE,A,OOD,-6_22,133,87,0.9060582490709532,0.9112156761516651,0.11824950185716863,24000.0,352.05340576171875,2.20001220703125,0.0,0.0011111111110828306
TX,band,2,AE,A,OOD,-6_7,145,131,0.9437220321137141,0.9551770250018339,,24000.0,74.08222198486328,1.5999984741210938,0.0,0.0
TX,band,2,AE,A,OOD,-6_9,49,58,0.9693877551020408,0.973331149889112,0.00963270037322776,24000.0,169.33157348632812,2.399993896484375,0.0,0.0
TX,band,2,AE,A,OOD,-7_10,250,152,0.9656315789473685,0.9799544365063143,0.0896597991349496,24000.0,162.21287536621094,2.0,0.0,0.0
TX,band,2,AE,A,OOD,-7_8,214,70,0.982977303070761,0.9948161931992836,,24000.0,97.73696517944336,2.0,0.0,0.024999999999682006
TX,band,2,AE,A,OOD,-8_10,85,106,0.9864594894561598,0.9851240158757395,0.0896597991349496,24000.0,167.6279296875,3.0,0.0,0.0
TX,band,2,AE,A,OOD,-8_11,132,119,0.9678507766743061,0.9732600714759334,0.0896597991349496,24000.0,201.88699340820312,2.600006103515625,0.0,0.0
TX,band,2,AE,A,OOD,-8_14,130,141,0.9661211129296237,0.9616888241739945,0.03862698887566409,24000.0,413.8412780761719,5.29998779296875,0.0,0.0
TX,band,2,AE,A,OOD,-9_13,86,122,0.9837971788028974,0.9827612061519724,0.03649678472424436,24000.0,258.9499969482422,1.7999954223632812,0.0,0.0
TX,band,2,AE,A,OOD,0_16,103,123,0.9913173889020443,0.9925602523725399,1.923049698885933,24000.0,85.6411361694336,4.1999969482421875,0.0,0.0022222222221959776
TX,band,2,AE,A,OOD,0_20,157,169,0.9915199939697734,0.9917034120627619,0.18025986218507156,24000.0,130.03671264648438,4.650005340576172,0.0,0.004444444444391955
TX,band,2,AE,A,OOD,0_21,380,135,0.9836062378167642,0.994197705395315,0.03782900683971566,24000.0,125.18766784667969,2.0999908447265625,0.0,0.007777777778004247
TX,band,2,AE,A,OOD,0_24,55,49,0.9818181818181819,0.9837395910758395,0.10808237823365237,24000.0,130.73007202148438,2.549999237060547,0.0,0.004444444444482904
TX,band,2,AE,A,OOD,1_17,178,114,0.9834910309481568,0.9853182820227215,0.17348902393621626,24000.0,44.06833267211914,1.5999984741210938,0.0,0.014444444444182906
TX,band,2,AE,A,OOD,1_18,180,209,0.9781765018607125,0.9758600508255235,0.01010813986489359,24000.0,91.09158325195312,5.1999969482421875,0.0,0.0
TX,band,2,AE,A,OOD,1_23,86,64,0.9718386627906976,0.9802221905302573,0.10808237823365237,24000.0,128.21146392822266,2.8499984741210938,0.0,0.0
TX,band,2,AE,A,OOD,2_20,238,167,0.9871685201026518,0.9876068776415263,0.09653944470682342,24000.0,98.48152923583984,4.6999969482421875,0.0,0.004444444444422272
TX,band,2,AE,A,OOD,3_17,277,268,0.9726817177649658,0.9703337023628703,0.04706592827097104,24000.0,53.81273651123047,4.5,0.0,0.0
TX,band,2,AE,A,OOD,3_23,112,49,0.9794096209912536,0.9850644088268125,0.09985463981085638,24000.0,88.29217529296875,2.6999969482421875,0.0,0.0
TX,band,2,AE,AE,ID,-1_13,598,376,0.8740126663345904,0.9257458042472868,0.7140324417418822,24000.0,24.191328048706055,0.5,0.0,0.0
TX,band,2,AE,AE,ID,-1_14,744,316,0.954569041785763,0.9818978750801892,0.47116008280994875,24000.0,41.5886287689209,1.0,0.0,0.006666666666587933
TX,band,2,AE,AE,ID,-1_16,240,101,0.9821782178217822,0.9918699416015133,0.05387530172405497,24000.0,66.44808197021484,2.200000762939453,0.0,0.005555555555262571
TX,band,2,AE,AE,ID,-1_23,92,56,0.9576863354037267,0.9659721555709303,0.033231223476314416,24000.0,173.96746826171875,2.6999969482421875,0.0,0.001111111111113147
TX,band,2,AE,AE,ID,-2_13,197,428,0.9718440153707482,0.9609300375575517,0.9903119111809097,24000.0,28.645387649536133,0.8999996185302734,0.0,0.0
TX,band,2,AE,AE,ID,-2_15,187,78,0.9892362539421363,0.9957558044008462,0.5350548754278291,24000.0,88.62258911132812,2.6999969482421875,0.0,0.0011111111111737802
TX,band,2,AE,AE,ID,-2_20,85,113,0.9945861530452889,0.9946476672801361,0.43834047911542673,24000.0,149.97691345214844,3.7499961853027344,0.0,0.0
TX,band,2,AE,AE,ID,-2_23,279,174,0.9863840481193095,0.9919319006495323,0.27514034840674395,24000.0,197.08482360839844,2.5,0.0,0.02222222222217199
TX,band,2,AE,AE,ID,-3_11,126,275,0.984184704184704,0.9724899640073428,0.16931448268318428,24000.0,11.150200843811035,0.8000011444091797,0.0,0.0
TX,band,2,AE,AE,ID,-3_16,108,112,0.9820601851851851,0.9818039413886283,0.43446448208958116,24000.0,159.33234405517578,3.6999969482421875,0.0,0.0011111111110979888
TX,band,2,AE,AE,ID,-3_18,171,125,0.9827368421052631,0.9868223675812494,0.24308123984103097,24000.0,179.5,3.8000030517578125,0.0,0.00277777777767676
TX,band,2,AE,AE,ID,-5_14,144,391,0.9934640522875817,0.9879895160439625,1.3806433655571346,12000.0,204.44139099121094,5.9000091552734375,0.0,0.0
TX,band,2,AE,AE,ID,-5_24,52,118,0.9639830508474576,0.8935631706819152,0.5357706860943819,24000.0,311.37831115722656,3.300018310546875,0.0,0.0011111111111434635
TX,band,2,AE,AE,ID,0_16,247,352,0.9940651453809348,0.9925015681037511,1.923049698885933,24000.0,86.48175048828125,5.400001525878906,0.0,0.003333333333278808
TX,band,2,AE,AE,ID,1_13,1031,421,0.8541784260374933,0.9199166418120964,0.44333833380286547,12000.0,2.713078498840332,0.6999998092651367,0.0,0.01111111111114663
TX,band,2,AE,AE,ID,1_14,301,719,0.812622736451051,0.7458678622578265,0.44333833380286547,12000.0,10.816656589508057,0.9000005722045898,10.5,0.003333333333400074
TX,band,2,AE,AE,ID,2_14,602,253,0.937921027405355,0.9668629380733996,0.20223583098689696,12000.0,0.906999945640564,0.49999988079071045,0.0,0.08666666666558252
TX,band,3,A,A,ID,-10_14,166,118,0.9845823973861548,0.9889322291160549,0.04988885389311448,24000.0,339.66693115234375,2.850006103515625,0.0,0.0
TX,band,3,A,A,ID,-11_20,33,118,0.9922958397534669,0.9511830151593921,0.18886389121410688,24000.0,765.2764892578125,3.5,0.0,0.0
TX,band,3,A,A,ID,-1_15,340,261,0.9882578318683795,0.9915402423289478,0.20624010429247697,24000.0,55.959510803222656,2.9000015258789062,0.0,0.002222222222165661
TX,band,3,A,A,ID,-3_12,228,214,0.97661501885555,0.9798181959520744,0.16931448268318428,24000.0,32.23451805114746,1.799999713897705,0.0,0.0
TX,band,3,A,A,ID,-3_14,198,208,0.982201825951826,0.9809463902090051,0.027137219308491237,24000.0,100.58349609375,3.4000015258789062,0.0,0.0011111111110828306
TX,band,3,A,A,ID,-3_24,38,62,0.9910865874363327,0.9853801135525018,0.265226287496481,24000.0,227.7855224609375,4.0500030517578125,0.0,0.001111111111113147
TX,band,3,A,A,ID,-4_12,199,196,0.9847195159470824,0.9858523000028689,0.04507314658154439,24000.0,86.76497650146484,3.1999969482421875,0.0,0.0
TX,band,3,A,A,ID,-4_15,58,65,0.9891246684350132,0.9895774068062588,1.6761314313008995,12000.0,169.0477294921875,4.4000091552734375,0.0,0.0
TX,band,3,A,A,ID,-5_21,79,160,0.9960443037974683,0.9929544041477248,0.014368272478283923,24000.0,327.037109375,8.79998779296875,0.0,0.0011111111110828306
TX,band,3,A,A,ID,-5_22,121,169,0.9866008117756369,0.9809073201936619,0.11824950185716863,24000.0,341.3673858642578,5.3000030517578125,0.0,0.001111111111113147
TX,band,3,A,A,ID,-5_8,70,146,0.6358121330724071,0.5228928755909403,0.04567738930688834,24000.0,41.31412887573242,0.7999992370605469,0.0,0.0
TX,band,3,A,A,ID,-6_15,32,108,0.9840856481481481,0.9619073116174931,0.5340272686963157,24000.0,496.3929443359375,20.20001220703125,0.0,0.0
TX,band,3,A,A,ID,-7_14,134,228,0.9846491228070176,0.9707763874508761,0.280901987198336,24000.0,367.3301696777344,5.899993896484375,0.0,0.0
TX,band,3,A,A,ID,-7_15,25,83,0.984578313253012,0.9443447662335664,0.584661374661343,24000.0,601.2156982421875,16.14996337890625,0.0,0.0
TX,band,3,A,A,ID,-7_21,35,60,0.9528571428571428,0.9084819155881069,0.04550883590675438,24000.0,499.0369873046875,2.699981689453125,0.0,0.0
TX,band,3,A,A,ID,-7_7,41,47,0.9937727036844837,0.9919083981529769,,24000.0,83.55000305175781,3.3500022888183594,0.0,0.0005555555555414153
TX,band,3,A,A,ID,-8_13,80,140,0.9881249999999999,0.9704155377981429,0.03862698887566409,24000.0,280.73390197753906,3.4499969482421875,0.0,0.0
TX,band,3,A,A,ID,-9_11,26,58,0.996684350132626,0.9928652828652828,0.0896597991349496,24000.0,194.594482421875,6.0500030517578125,0.0,0.0
TX,band,3,A,A,ID,0_17,275,177,0.9834206471494606,0.9850509466866609,0.04739613046442509,24000.0,58.59052848815918,2.5,0.0,0.002222222222271769
TX,band,3,A,A,ID,0_19,261,163,0.9905742425310863,0.9928159284969378,0.02620899336360759,24000.0,92.82447814941406,3.5,0.0,0.004444444444513222
TX,band,3,A,A,ID,0_22,241,223,0.9788437563961818,0.9764732645915936,0.09921212486424458,24000.0,147.51153564453125,2.899993896484375,0.0,0.001111111111113147
TX,band,3,A,A,ID,1_22,172,188,0.9625185551707076,0.9456513026425519,0.010373985038142635,24000.0,111.9262580871582,2.950000762939453,0.0,0.004444444444422272
TX,band,3,A,A,ID,2_16,128,132,0.9335345643939394,0.9309963869002791,0.6611532877954029,24000.0,27.63284206390381,3.299999237060547,0.0,0.0
TX,band,3,A,A,ID,2_17,280,225,0.9856984126984127,0.9862731693668717,0.13776484014257676,24000.0,61.618255615234375,4.700000762939453,0.0,0.0
TX,band,3,A,A,ID,2_19,154,174,0.9883191521122556,0.988075814872024,0.09653944470682342,24000.0,111.80223846435547,6.0,0.0,0.0
TX,band,3,A,A,ID,3_21,98,119,0.9616703824386897,0.9357256014182321,0.05429929455607937,24000.0,70.70382690429688,4.0,0.0,0.0
TX,band,3,A,A,ID,4_17,92,168,0.9613742236024845,0.9028617318920118,0.3834248919071823,24000.0,36.21579933166504,5.699999809265137,0.0,0.0
TX,band,3,A,AE,OOD,-1_12,391,433,0.9060087535365587,0.9033384336759342,0.14106475041179814,24000.0,5.174772500991821,0.6999998092651367,0.0,0.0011111111111283053
TX,band,3,A,AE,OOD,-1_15,42,54,0.9775132275132274,0.9744134376164033,0.8988762379744726,24000.0,65.49928665161133,5.0,0.0,0.0022222222221959776
TX,band,3,A,AE,OOD,-2_10,46,68,1.0,0.9999999999999999,,24000.0,0.0,0.8499999046325684,0.0,1.0
TX,band,3,A,AE,OOD,-3_10,214,519,0.8413015684367854,0.6294757208992727,0.33723016680691564,12000.0,4.284660816192627,0.6999998092651367,0.0,0.03444444444393154
TX,band,3,A,AE,OOD,-3_12,150,152,0.9878947368421054,0.9884441107860324,0.02705343705224563,24000.0,33.00575065612793,1.8500003814697266,0.0,0.0
TX,band,3,A,AE,OOD,-3_14,118,89,0.986954865739859,0.9908444562578226,0.027137219308491237,24000.0,97.80030059814453,3.0,0.0,0.001111111111113147
TX,band,3,A,AE,OOD,-3_17,267,247,0.9893402477672141,0.9892879519790263,1.3443590752827872,24000.0,157.33109283447266,2.7500076293945312,0.0,0.0011111111110828306
TX,band,3,A,AE,OOD,-3_21,215,266,0.9976044763070466,0.9975276524084243,2.427675033519717,12000.0,200.1717529296875,4.9000091552734375,0.0,0.004444444444391955
TX,band,3,A,AE,OOD,-3_7,312,140,0.8775641025641026,0.9180370127666587,0.024854139406446513,24000.0,0.799195796251297,0.6000001430511475,0.0,0.39777777777774764
TX,band,3,A,AE,OOD,-4_15,157,362,0.9920646092127952,0.9822503086344683,0.5742858882114332,12000.0,188.9479522705078,6.800010681152344,0.0,0.0
TX,band,3,A,AE,OOD,-4_17,44,68,0.9966577540106951,0.995338491295938,1.3443590752827872,24000.0,250.22307586669922,6.549995422363281,0.0,0.0
TX,band,3,A,AE,OOD,-5_16,102,187,0.9905630701478452,0.9860148432068303,0.5229608295165853,12000.0,277.5608215332031,8.600021362304688,0.0,0.0
TX,band,3,A,AE,OOD,-5_21,87,57,0.9967735430530349,0.9979365095181489,0.014368272478283923,24000.0,303.7040100097656,1.9499969482421875,0.0,0.005555555555641527
TX,band,3,A,AE,OOD,-5_22,63,56,0.9795918367346939,0.9816801557840471,0.11824950185716863,24000.0,342.81243896484375,5.20001220703125,0.0,0.002222222222286927
TX,band,3,A,AE,OOD,-7_15,26,120,0.9907051282051282,0.9569133414368522,0.584661374661343,24000.0,612.2294921875,19.149993896484375,0.0,0.0
TX,band,3,A,AE,OOD,-7_21,42,79,0.9810126582278481,0.9573339245474133,0.04550883590675438,24000.0,499.31939697265625,1.899993896484375,0.0,0.0011111111111434635
TX,band,3,A,AE,OOD,2_13,26,49,0.9748822605965463,0.9787798408488063,0.07028572506164021,6000.0,0.0,1.499999761581421,0.0,1.0
TX,band,3,A,AE,OOD,2_16,387,123,0.9471439675637066,0.9799339580768378,0.6611532877954029,24000.0,19.047317504882812,3.40000057220459,0.0,0.0
TX,band,3,A,AE,OOD,4_17,199,190,0.9618354932557525,0.9621349294656543,0.3834248919071823,24000.0,31.859453201293945,5.200000762939453,0.0,0.0
TX,band,3,AE,A,OOD,-10_14,166,118,0.9862160506432509,0.9891315914100647,0.04988885389311448,24000.0,339.66693115234375,2.850006103515625,0.0,0.0
TX,band,3,AE,A,OOD,-11_20,33,118,0.9881869542886492,0.9316762727722805,0.18886389121410688,24000.0,765.2764892578125,3.5,0.0,0.0
TX,band,3,AE,A,OOD,-1_15,340,261,0.980009015100293,0.9852331769820928,0.20624010429247697,24000.0,55.959510803222656,2.9000015258789062,0.0,0.002222222222165661
TX,band,3,AE,A,OOD,-3_12,228,214,0.9799352352844728,0.9829455800218277,0.16931448268318428,24000.0,32.23451805114746,1.799999713897705,0.0,0.0
TX,band,3,AE,A,OOD,-3_14,198,208,0.9754516317016317,0.9689960062777513,0.027137219308491237,24000.0,100.58349609375,3.4000015258789062,0.0,0.0011111111110828306
TX,band,3,AE,A,OOD,-3_24,38,62,0.9927843803056027,0.9889974920160678,0.265226287496481,24000.0,227.7855224609375,4.0500030517578125,0.0,0.001111111111113147
TX,band,3,AE,A,OOD,-4_12,199,196,0.9861809045226131,0.986290811551357,0.04507314658154439,24000.0,86.76497650146484,3.1999969482421875,0.0,0.0
TX,band,3,AE,A,OOD,-4_15,58,65,0.9901856763925729,0.9901799456606811,1.6761314313008995,12000.0,169.0477294921875,4.4000091552734375,0.0,0.0
TX,band,3,AE,A,OOD,-5_21,79,160,0.9965981012658228,0.9941153891411538,0.014368272478283923,24000.0,327.037109375,8.79998779296875,0.0,0.0011111111110828306
TX,band,3,AE,A,OOD,-5_22,121,169,0.9874810504181133,0.9827329903537271,0.11824950185716863,24000.0,341.3673858642578,5.3000030517578125,0.0,0.001111111111113147
TX,band,3,AE,A,OOD,-5_8,70,146,0.4063600782778865,0.32437143344142433,0.04567738930688834,24000.0,41.31412887573242,0.7999992370605469,0.0,0.0
TX,band,3,AE,A,OOD,-6_15,32,108,0.984375,0.9566254749017191,0.5340272686963157,24000.0,496.3929443359375,20.20001220703125,0.0,0.0
TX,band,3,AE,A,OOD,-7_14,134,228,0.9743388321550144,0.9364450917766345,0.280901987198336,24000.0,367.3301696777344,5.899993896484375,0.0,0.0
TX,band,3,AE,A,OOD,-7_15,25,83,0.9850602409638554,0.9399902068721105,0.584661374661343,24000.0,601.2156982421875,16.14996337890625,0.0,0.0
TX,band,3,AE,A,OOD,-7_21,35,60,0.9552380952380952,0.9109513977688027,0.04550883590675438,24000.0,499.0369873046875,2.699981689453125,0.0,0.0
TX,band,3,AE,A,OOD,-7_7,41,47,0.9859885832900882,0.9844106161548417,,24000.0,83.55000305175781,3.3500022888183594,0.0,0.0005555555555414153
TX,band,3,AE,A,OOD,-8_13,80,140,0.9815178571428571,0.9634383971963018,0.03862698887566409,24000.0,280.73390197753906,3.4499969482421875,0.0,0.0
TX,band,3,AE,A,OOD,-9_11,26,58,0.9761273209549071,0.9440050980580026,0.0896597991349496,24000.0,194.594482421875,6.0500030517578125,0.0,0.0
TX,band,3,AE,A,OOD,0_17,275,177,0.9799486389316897,0.9846132640968784,0.04739613046442509,24000.0,58.59052848815918,2.5,0.0,0.002222222222271769
TX,band,3,AE,A,OOD,0_19,261,163,0.9887878146816161,0.9898578342667692,0.02620899336360759,24000.0,92.82447814941406,3.5,0.0,0.004444444444513222
TX,band,3,AE,A,OOD,0_22,241,223,0.9768900135831643,0.9739562378392026,0.09921212486424458,24000.0,147.51153564453125,2.899993896484375,0.0,0.001111111111113147
TX,band,3,AE,A,OOD,1_22,172,188,0.9521895101434934,0.9253221591689779,0.010373985038142635,24000.0,111.9262580871582,2.950000762939453,0.0,0.004444444444422272
TX,band,3,AE,A,OOD,2_16,128,132,0.9446022727272727,0.9285572111911721,0.6611532877954029,24000.0,27.63284206390381,3.299999237060547,0.0,0.0
TX,band,3,AE,A,OOD,2_17,280,225,0.9848888888888889,0.9834813534651272,0.13776484014257676,24000.0,61.618255615234375,4.700000762939453,0.0,0.0
TX,band,3,AE,A,OOD,2_19,154,174,0.9850350798626661,0.9855286872750533,0.09653944470682342,24000.0,111.80223846435547,6.0,0.0,0.0
TX,band,3,AE,A,OOD,3_21,98,119,0.9573829531812725,0.9358978356174904,0.05429929455607937,24000.0,70.70382690429688,4.0,0.0,0.0
TX,band,3,AE,A,OOD,4_17,92,168,0.9653856107660455,0.9300367849624614,0.3834248919071823,24000.0,36.21579933166504,5.699999809265137,0.0,0.0
TX,band,3,AE,AE,ID,-1_12,391,433,0.9199246321683607,0.9275181685628985,0.14106475041179814,24000.0,5.174772500991821,0.6999998092651367,0.0,0.0011111111111283053
TX,band,3,AE,AE,ID,-1_15,42,54,0.9766313932980599,0.9708488228473201,0.8988762379744726,24000.0,65.49928665161133,5.0,0.0,0.0022222222221959776
TX,band,3,AE,AE,ID,-2_10,46,68,1.0,0.9999999999999999,,24000.0,0.0,0.8499999046325684,0.0,1.0
TX,band,3,AE,AE,ID,-3_10,214,519,0.8626762465561018,0.685504922305209,0.33723016680691564,12000.0,4.284660816192627,0.6999998092651367,0.0,0.03444444444393154
TX,band,3,AE,AE,ID,-3_12,150,152,0.9833771929824562,0.9848567337051689,0.02705343705224563,24000.0,33.00575065612793,1.8500003814697266,0.0,0.0
TX,band,3,AE,AE,ID,-3_14,118,89,0.9821938678346982,0.9873491377047652,0.027137219308491237,24000.0,97.80030059814453,3.0,0.0,0.001111111111113147
TX,band,3,AE,AE,ID,-3_17,267,247,0.9904623269496124,0.9903260809588581,1.3443590752827872,24000.0,157.33109283447266,2.7500076293945312,0.0,0.0011111111110828306
TX,band,3,AE,AE,ID,-3_21,215,266,0.9974121349886343,0.9972877207222123,2.427675033519717,12000.0,200.1717529296875,4.9000091552734375,0.0,0.004444444444391955
TX,band,3,AE,AE,ID,-3_7,312,140,0.8721153846153846,0.9358146716301702,0.024854139406446513,24000.0,0.799195796251297,0.6000001430511475,0.0,0.39777777777774764
TX,band,3,AE,AE,ID,-4_15,157,362,0.994334377309357,0.9883401408860528,0.5742858882114332,12000.0,188.9479522705078,6.800010681152344,0.0,0.0
TX,band,3,AE,AE,ID,-4_17,44,68,0.9963235294117647,0.9954545454545455,1.3443590752827872,24000.0,250.22307586669922,6.549995422363281,0.0,0.0
TX,band,3,AE,AE,ID,-5_16,102,187,0.9930271573870191,0.9896641188587223,0.5229608295165853,12000.0,277.5608215332031,8.600021362304688,0.0,0.0
TX,band,3,AE,AE,ID,-5_21,87,57,0.9969751966122202,0.998021141976629,0.014368272478283923,24000.0,303.7040100097656,1.9499969482421875,0.0,0.005555555555641527
TX,band,3,AE,AE,ID,-5_22,63,56,0.9844104308390023,0.9860253184457157,0.11824950185716863,24000.0,342.81243896484375,5.20001220703125,0.0,0.002222222222286927
TX,band,3,AE,AE,ID,-7_15,26,120,0.9884615384615384,0.937133854139865,0.584661374661343,24000.0,612.2294921875,19.149993896484375,0.0,0.0
TX,band,3,AE,AE,ID,-7_21,42,79,0.9837251356238698,0.9249357723187236,0.04550883590675438,24000.0,499.31939697265625,1.899993896484375,0.0,0.0011111111111434635
TX,band,3,AE,AE,ID,2_13,26,49,1.0,0.9999999999999999,0.07028572506164021,6000.0,0.0,1.499999761581421,0.0,1.0
TX,band,3,AE,AE,ID,2_16,387,123,0.9559883195731183,0.9820688210638098,0.6611532877954029,24000.0,19.047317504882812,3.40000057220459,0.0,0.0
TX,band,3,AE,AE,ID,4_17,199,190,0.9687119809574187,0.9693539543473066,0.3834248919071823,24000.0,31.859453201293945,5.200000762939453,0.0,0.0
TX,shadedX,0,A,A,ID,-2_22,28,52,0.9141483516483517,0.8576723226214746,0.9067629512043742,12000.0,161.33794403076172,4.149993896484375,0.0,0.058333333333121934
TX,shadedX,0,A,A,ID,-4_10,207,151,0.8548165210992738,0.889003750606275,0.33723016680691564,24000.0,14.45632791519165,0.7000007629394531,0.0,0.001111111111113147
TX,shadedX,0,A,A,ID,-4_11,183,56,0.8022053083528493,0.9145437957108331,0.1974473779072853,24000.0,27.799999237060547,0.7000007629394531,0.0,0.0
TX,shadedX,0,A,A,ID,-4_14,59,186,0.813103699653727,0.606802650980777,0.0852606922069036,12000.0,138.8699188232422,2.8000030517578125,0.0,0.001111111111113147
TX,shadedX,0,A,A,ID,-4_20,65,29,0.8875331564986737,0.956475760508531,0.4338820496821554,12000.0,211.1470489501953,1.100006103515625,0.0,0.08777777777784768
TX,shadedX,0,A,A,ID,-6_14,50,100,0.8182,0.7763988220455733,0.280901987198336,12000.0,253.34689331054688,2.0,0.0,0.0
TX,shadedX,0,A,A,ID,0_14,28,249,0.8851118760757315,0.5051553726469459,0.5852358062240963,12000.0,25.215988159179688,0.8999996185302734,34.0,0.002222222222286927
TX,shadedX,0,A,A,ID,1_16,190,105,0.9117794486215538,0.9572856184969265,0.6611532877954029,24000.0,40.971290588378906,2.1000022888183594,0.0,0.0011111111110828306
TX,shadedX,0,A,A,ID,3_15,112,366,0.761685206869633,0.5381044720701772,0.12838553163766414,24000.0,6.113615036010742,1.6999998092651367,0.0,0.0
TX,shadedX,0,A,A,ID,4_16,111,106,0.7665306816250212,0.7875500486478014,0.3834248919071823,24000.0,10.574475288391113,2.6999998092651367,0.0,0.0
TX,shadedX,0,A,AE,OOD,-1_11,77,60,0.8835497835497835,0.9205563075122993,0.006102594196427266,24000.0,2.2233200073242188,1.000000238418579,0.0,0.04999999999903057
TX,shadedX,0,A,AE,OOD,-2_21,513,63,0.9203564466722362,0.9897330071738446,2.104235609209174,12000.0,124.53092575073242,1.399993896484375,0.0,0.11888888888904611
TX,shadedX,0,A,AE,OOD,-3_6,237,788,0.6561342072008395,0.3402070199122889,0.024854139406446513,24000.0,2.7571518421173096,0.7999999523162842,0.0,0.07555555555563341
TX,shadedX,0,A,AE,OOD,-4_10,270,106,0.8264150943396227,0.9218586666276731,0.33723016680691564,24000.0,13.975910186767578,0.8000001907348633,0.0,0.0027777777776161272
TX,shadedX,0,A,AE,OOD,-4_14,219,81,0.7826258526410733,0.8932999760527237,0.0852606922069036,12000.0,120.75019836425781,2.200000762939453,0.0,0.0022222222221959776
TX,shadedX,0,A,AE,OOD,-4_16,190,54,0.8560428849902534,0.958206098504564,1.6761314313008995,12000.0,207.9600067138672,1.5,0.0,0.2772222222212447
TX,shadedX,0,A,AE,OOD,-6_14,44,87,0.7340647857889238,0.7157348423171143,0.280901987198336,24000.0,254.19512939453125,2.1999969482421875,0.0,0.0
TX,shadedX,0,A,AE,OOD,0_14,788,355,0.8700686351612211,0.9331608933737108,0.5852358062240963,12000.0,24.69388198852539,1.0,0.0,0.007777777777792031
TX,shadedX,0,A,AE,OOD,0_15,359,303,0.729832593287184,0.7778272692998627,1.2497878760366823,24000.0,47.69637870788574,1.5,0.0,0.004444444444467746
TX,shadedX,0,A,AE,OOD,1_16,154,87,0.8896103896103896,0.937523786439416,0.6611532877954029,24000.0,42.40098571777344,1.8999977111816406,0.0,0.0022222222221959776
TX,shadedX,0,A,AE,OOD,3_15,324,301,0.7585414872236578,0.7910880324070458,0.12838553163766414,24000.0,5.51841402053833,1.5,0.0,0.0
TX,shadedX,0,A,AE,OOD,4_16,300,92,0.7733695652173912,0.9204861094021363,0.3834248919071823,24000.0,11.124402046203613,2.6000001430511475,0.0,0.0
TX,shadedX,0,AE,A,OOD,-2_22,28,52,0.945054945054945,0.9126291618457616,0.9067629512043742,12000.0,161.33794403076172,4.149993896484375,0.0,0.058333333333121934
TX,shadedX,0,AE,A,OOD,-4_10,207,151,0.8902645807339156,0.9266286015265167,0.33723016680691564,24000.0,14.45632791519165,0.7000007629394531,0.0,0.001111111111113147
TX,shadedX,0,AE,A,OOD,-4_11,183,56,0.8387978142076503,0.9485618038966278,0.1974473779072853,24000.0,27.799999237060547,0.7000007629394531,0.0,0.0
TX,shadedX,0,AE,A,OOD,-4_14,59,186,0.8359759431383269,0.6655904880300803,0.0852606922069036,12000.0,138.8699188232422,2.8000030517578125,0.0,0.001111111111113147
TX,shadedX,0,AE,A,OOD,-4_20,65,29,0.8907161803713527,0.9528521731289816,0.4338820496821554,12000.0,211.1470489501953,1.100006103515625,0.0,0.08777777777784768
TX,shadedX,0,AE,A,OOD,-6_14,50,100,0.8654000000000001,0.7888470971331494,0.280901987198336,12000.0,253.34689331054688,2.0,0.0,0.0
TX,shadedX,0,AE,A,OOD,0_14,28,249,0.8985943775100401,0.5657246282296925,0.5852358062240963,12000.0,25.215988159179688,0.8999996185302734,34.0,0.002222222222286927
TX,shadedX,0,AE,A,OOD,1_16,190,105,0.9181954887218046,0.9578342297788652,0.6611532877954029,24000.0,40.971290588378906,2.1000022888183594,0.0,0.0011111111110828306
TX,shadedX,0,AE,A,OOD,3_15,112,366,0.8063524590163935,0.6474797229431293,0.12838553163766414,24000.0,6.113615036010742,1.6999998092651367,0.0,0.0
TX,shadedX,0,AE,A,OOD,4_16,111,106,0.763810980792113,0.7978481224001686,0.3834248919071823,24000.0,10.574475288391113,2.6999998092651367,0.0,0.0
TX,shadedX,0,AE,AE,ID,-1_11,77,60,0.9225108225108225,0.9487719348684629,0.006102594196427266,24000.0,2.2233200073242188,1.000000238418579,0.0,0.04999999999903057
TX,shadedX,0,AE,AE,ID,-2_21,513,63,0.9120641108945203,0.9881565321844228,2.104235609209174,12000.0,124.53092575073242,1.399993896484375,0.0,0.11888888888904611
TX,shadedX,0,AE,AE,ID,-3_6,237,788,0.6914476643320696,0.46502542713467676,0.024854139406446513,24000.0,2.7571518421173096,0.7999999523162842,0.0,0.07555555555563341
TX,shadedX,0,AE,AE,ID,-4_10,270,106,0.8693920335429769,0.9462879242428571,0.33723016680691564,24000.0,13.975910186767578,0.8000001907348633,0.0,0.0027777777776161272
TX,shadedX,0,AE,AE,ID,-4_14,219,81,0.8034838491459495,0.9110768969833373,0.0852606922069036,12000.0,120.75019836425781,2.200000762939453,0.0,0.0022222222221959776
TX,shadedX,0,AE,AE,ID,-4_16,190,54,0.807504873294347,0.9364490657498259,1.6761314313008995,12000.0,207.9600067138672,1.5,0.0,0.2772222222212447
TX,shadedX,0,AE,AE,ID,-6_14,44,87,0.8539707419017762,0.8066208279872567,0.280901987198336,24000.0,254.19512939453125,2.1999969482421875,0.0,0.0
TX,shadedX,0,AE,AE,ID,0_14,788,355,0.885146922141989,0.9408880277269953,0.5852358062240963,12000.0,24.69388198852539,1.0,0.0,0.007777777777792031
TX,shadedX,0,AE,AE,ID,0_15,359,303,0.7865725291192072,0.8093208301203638,1.2497878760366823,24000.0,47.69637870788574,1.5,0.0,0.004444444444467746
TX,shadedX,0,AE,AE,ID,1_16,154,87,0.8868487834005075,0.9411470731724347,0.6611532877954029,24000.0,42.40098571777344,1.8999977111816406,0.0,0.0022222222221959776
TX,shadedX,0,AE,AE,ID,3_15,324,301,0.7912206226159715,0.8283440301116671,0.12838553163766414,24000.0,5.51841402053833,1.5,0.0,0.0
TX,shadedX,0,AE,AE,ID,4_16,300,92,0.7702898550724637,0.9245261518912599,0.3834248919071823,24000.0,11.124402046203613,2.6000001430511475,0.0,0.0
TX,shadedX,1,A,A,ID,-2_12,66,46,0.825098814229249,0.8965540103005046,0.6166045886430126,24000.0,4.307405471801758,0.5999999046325684,0.0,0.018333333333366925
TX,shadedX,1,A,A,ID,-2_14,189,136,0.7100451291627763,0.805354901635005,0.47116008280994875,24000.0,64.83545684814453,2.4000015258789062,0.0,0.0022222222221959776
TX,shadedX,1,A,A,ID,-3_15,82,586,0.8744277033214019,0.6654379960552834,0.22339885732867895,24000.0,114.30932998657227,2.7000045776367188,0.0,0.003333333333324283
TX,shadedX,1,A,A,ID,-3_9,27,398,0.8642285501581983,0.5972874386537208,0.023051612207734686,24000.0,2.1397128105163574,0.8999998569488525,0.0,0.12444444444309599
TX,shadedX,1,A,A,ID,-4_6,25,346,0.9440462427745665,0.8699807495372013,0.024854139406446513,24000.0,12.516068458557129,0.6000003814697266,0.0,0.023333333333588297
TX,shadedX,1,A,A,ID,-4_9,86,220,0.8604122621564483,0.7705462420865391,0.023051612207734686,24000.0,2.529052495956421,1.0,0.0,0.047777777777410595
TX,shadedX,1,A,A,ID,-5_20,70,28,0.8566326530612245,0.9361945707140261,0.08213722398770898,24000.0,368.0585632324219,1.699981689453125,0.0,0.0
TX,shadedX,1,A,A,ID,-9_18,31,270,0.8906810035842294,0.6708195851616428,0.8802179590413254,24000.0,596.233642578125,2.9000244140625,0.0,0.0
TX,shadedX,1,A,A,ID,0_12,52,1058,0.8165079249672821,0.37324888011203905,0.14106475041179814,24000.0,4.306267738342285,1.1000003814697266,0.0,0.0
TX,shadedX,1,A,A,ID,0_13,198,722,0.7562117015025601,0.4673425889946768,0.44333833380286547,12000.0,12.575059413909912,0.8000001907348633,0.0,0.0
TX,shadedX,1,A,A,ID,2_15,171,888,0.867973236394289,0.6697072268386679,0.6611532877954029,24000.0,10.295792579650879,1.0,0.0,0.0011111111111737802
TX,shadedX,1,A,A,ID,4_15,73,536,0.8012676344305867,0.5526256974677117,0.12838553163766414,24000.0,3.099250316619873,1.1999998092651367,0.0,0.0011111111111434635
TX,shadedX,1,A,AE,OOD,-2_11,526,716,0.776746075578308,0.7505098851772604,0.006102594196427266,24000.0,2.220448851585388,0.6999998092651367,0.0,0.013333333333327447
TX,shadedX,1,A,AE,OOD,-2_12,670,243,0.8586634727596586,0.9453843184320156,0.6166045886430126,24000.0,4.09456729888916,0.5999999046325684,0.0,0.04111111111094392
TX,shadedX,1,A,AE,OOD,-2_14,169,64,0.7901257396449703,0.9165788749363184,0.47116008280994875,24000.0,65.08552551269531,1.7000007629394531,0.0,0.0033333333332484917
TX,shadedX,1,A,AE,OOD,-3_15,215,379,0.8563416579738602,0.8161148347174254,0.22339885732867895,24000.0,113.31525802612305,2.399993896484375,0.0,0.001111111111113147
TX,shadedX,1,A,AE,OOD,-3_9,115,328,0.8475609756097562,0.808478132795687,0.023051612207734686,24000.0,2.079753875732422,0.7000000476837158,0.0,0.14444444444470916
TX,shadedX,1,A,AE,OOD,-4_9,26,178,0.8567415730337079,0.7118302809616727,0.023051612207734686,24000.0,2.5187898874282837,1.2000001668930054,0.0,0.05777777777797464
TX,shadedX,1,A,AE,OOD,-5_15,120,29,0.9186781609195401,0.9778081950150559,1.3806433655571346,12000.0,277.29998779296875,1.29998779296875,0.0,0.3700000000000405
TX,shadedX,1,A,AE,OOD,-9_18,243,196,0.8680818006214831,0.8985988008172716,0.8802179590413254,24000.0,589.6986083984375,2.5999755859375,0.0,0.0
TX,shadedX,1,A,AE,OOD,0_12,488,762,0.7932344778623985,0.7473505301046046,0.14106475041179814,24000.0,3.863483428955078,0.8000001907348633,0.0,0.0
TX,shadedX,1,A,AE,OOD,0_13,1001,576,0.7904283216783217,0.8575345523211745,0.44333833380286547,12000.0,10.128722190856934,0.8999996185302734,0.0,0.0
TX,shadedX,1,A,AE,OOD,1_15,602,1065,0.7095955578431831,0.689026475648827,1.2497878760366823,12000.0,24.230939865112305,1.6999998092651367,0.0,0.0022222222222566105
TX,shadedX,1,A,AE,OOD,2_15,736,721,0.8398284387625883,0.8590685676909655,0.6611532877954029,24000.0,9.752583503723145,1.2999992370605469,0.0,0.00555555555562637
TX,shadedX,1,A,AE,OOD,3_14,83,185,0.7819602735265386,0.756116484215245,0.20223583098689696,24000.0,3.4446457624435425,0.5,0.0,0.0011111111110979888
TX,shadedX,1,A,AE,OOD,4_15,234,415,0.8158068170116363,0.7463067691344307,0.12838553163766414,24000.0,2.974006175994873,1.100000023841858,0.0,0.005555555555505102
TX,shadedX,1,AE,A,OOD,-2_12,66,46,0.8297101449275363,0.8951643536453131,0.6166045886430126,24000.0,4.307405471801758,0.5999999046325684,0.0,0.018333333333366925
TX,shadedX,1,AE,A,OOD,-2_14,189,136,0.7740429505135387,0.8348249279317868,0.47116008280994875,24000.0,64.83545684814453,2.4000015258789062,0.0,0.0022222222221959776
TX,shadedX,1,AE,A,OOD,-3_15,82,586,0.8981520019978357,0.7028886652873634,0.22339885732867895,24000.0,114.30932998657227,2.7000045776367188,0.0,0.003333333333324283
TX,shadedX,1,AE,A,OOD,-3_9,27,398,0.7587009119672437,0.5516544831566462,0.023051612207734686,24000.0,2.1397128105163574,0.8999998569488525,0.0,0.12444444444309599
TX,shadedX,1,AE,A,OOD,-4_6,25,346,0.9877456647398845,0.8719440383326997,0.024854139406446513,24000.0,12.516068458557129,0.6000003814697266,0.0,0.023333333333588297
TX,shadedX,1,AE,A,OOD,-4_9,86,220,0.7792811839323468,0.6217100864777673,0.023051612207734686,24000.0,2.529052495956421,1.0,0.0,0.047777777777410595
TX,shadedX,1,AE,A,OOD,-5_20,70,28,0.7892857142857143,0.8848414239637107,0.08213722398770898,24000.0,368.0585632324219,1.699981689453125,0.0,0.0
TX,shadedX,1,AE,A,OOD,-9_18,31,270,0.8722819593787337,0.6059002249636921,0.8802179590413254,24000.0,596.233642578125,2.9000244140625,0.0,0.0
TX,shadedX,1,AE,A,OOD,0_12,52,1058,0.863548785807765,0.6060078306270769,0.14106475041179814,24000.0,4.306267738342285,1.1000003814697266,0.0,0.0
TX,shadedX,1,AE,A,OOD,0_13,198,722,0.7000965331990263,0.3923310809339633,0.44333833380286547,12000.0,12.575059413909912,0.8000001907348633,0.0,0.0
TX,shadedX,1,AE,A,OOD,2_15,171,888,0.8877759338285651,0.7345546032225204,0.6611532877954029,24000.0,10.295792579650879,1.0,0.0,0.0011111111111737802
TX,shadedX,1,AE,A,OOD,4_15,73,536,0.808040278061746,0.5281118545269723,0.12838553163766414,24000.0,3.099250316619873,1.1999998092651367,0.0,0.0011111111111434635
TX,shadedX,1,AE,AE,ID,-2_11,526,716,0.8428505427278713,0.8407330981357605,0.006102594196427266,24000.0,2.220448851585388,0.6999998092651367,0.0,0.013333333333327447
TX,shadedX,1,AE,AE,ID,-2_12,670,243,0.8659971746207236,0.9520523468344368,0.6166045886430126,24000.0,4.09456729888916,0.5999999046325684,0.0,0.04111111111094392
TX,shadedX,1,AE,AE,ID,-2_14,169,64,0.8205436390532544,0.925385964531558,0.47116008280994875,24000.0,65.08552551269531,1.7000007629394531,0.0,0.0033333333332484917
TX,shadedX,1,AE,AE,ID,-3_15,215,379,0.8817696508559858,0.8490352108938367,0.22339885732867895,24000.0,113.31525802612305,2.399993896484375,0.0,0.001111111111113147
TX,shadedX,1,AE,AE,ID,-3_9,115,328,0.7410392364793212,0.6930838855296535,0.023051612207734686,24000.0,2.079753875732422,0.7000000476837158,0.0,0.14444444444470916
TX,shadedX,1,AE,AE,ID,-4_9,26,178,0.803370786516854,0.5678088754055652,0.023051612207734686,24000.0,2.5187898874282837,1.2000001668930054,0.0,0.05777777777797464
TX,shadedX,1,AE,AE,ID,-5_15,120,29,0.9232758620689655,0.9801384633896836,1.3806433655571346,12000.0,277.29998779296875,1.29998779296875,0.0,0.3700000000000405
TX,shadedX,1,AE,AE,ID,-9_18,243,196,0.8258377425044092,0.8775211613156177,0.8802179590413254,24000.0,589.6986083984375,2.5999755859375,0.0,0.0
TX,shadedX,1,AE,AE,ID,0_12,488,762,0.8270728454025215,0.8125898177423886,0.14106475041179814,24000.0,3.863483428955078,0.8000001907348633,0.0,0.0
TX,shadedX,1,AE,AE,ID,0_13,1001,576,0.7406100843600842,0.8273523483053693,0.44333833380286547,12000.0,10.128722190856934,0.8999996185302734,0.0,0.0
TX,shadedX,1,AE,AE,ID,1_15,602,1065,0.7703180322243539,0.7539712008622457,1.2497878760366823,12000.0,24.230939865112305,1.6999998092651367,0.0,0.0022222222222566105
TX,shadedX,1,AE,AE,ID,2_15,736,721,0.8588727914128927,0.8806747725376828,0.6611532877954029,24000.0,9.752583503723145,1.2999992370605469,0.0,0.00555555555562637
TX,shadedX,1,AE,AE,ID,3_14,83,185,0.9139693910778247,0.8688792916213021,0.20223583098689696,24000.0,3.4446457624435425,0.5,0.0,0.0011111111110979888
TX,shadedX,1,AE,AE,ID,4_15,234,415,0.8241581711461229,0.7695042025989682,0.12838553163766414,24000.0,2.974006175994873,1.100000023841858,0.0,0.005555555555505102
TX,shadedX,2,A,A,ID,-11_27,96,42,0.9665178571428572,0.986433332025723,0.08309217072999632,24000.0,1037.1552734375,1.89996337890625,0.0,0.001111111111113147
TX,shadedX,2,A,A,ID,-1_13,130,1263,0.7288202692003167,0.20264118302635942,0.7140324417418822,24000.0,23.159339904785156,0.6000003814697266,0.0,0.0
TX,shadedX,2,A,A,ID,-1_14,163,585,0.7556184783178648,0.5449253166081689,0.47116008280994875,24000.0,40.531843185424805,1.2000007629394531,0.0,0.0011111111111434635
TX,shadedX,2,A,A,ID,-2_15,139,194,0.8018986872357784,0.819441142200212,0.5350548754278291,24000.0,80.9154052734375,1.8000030517578125,0.0,0.002222222222226294
TX,shadedX,2,A,A,ID,-2_23,57,25,0.9726315789473684,0.989081789343971,0.27514034840674395,24000.0,194.63957977294922,1.5,0.0,0.28999999999798465
TX,shadedX,2,A,A,ID,-3_11,90,321,0.8686050536517826,0.7594960143162359,0.16931448268318428,24000.0,2.671316385269165,1.0,0.0,0.0011111111110828306
TX,shadedX,2,A,A,ID,-3_18,56,109,0.8704128440366974,0.8471411757871369,0.24308123984103097,24000.0,122.94383239746094,3.100006103515625,0.0,0.03888888888896015
TX,shadedX,2,A,A,ID,-5_10,177,107,0.9892813770526427,0.9936880128537905,0.29256857670927144,24000.0,62.914655685424805,0.9000015258789062,0.0,0.0
TX,shadedX,2,A,A,ID,-5_24,46,125,0.9450434782608697,0.8764187443840835,0.5357706860943819,24000.0,291.3031311035156,1.600006103515625,0.0,0.002222222222165661
TX,shadedX,2,A,AE,OOD,-1_13,598,926,0.6820701835491957,0.5603709517109792,0.7140324417418822,24000.0,23.754356384277344,0.6000003814697266,0.0,0.0
TX,shadedX,2,A,AE,OOD,-1_14,744,443,0.7555098424719047,0.8437738415855031,0.47116008280994875,24000.0,40.702430725097656,1.1000022888183594,0.0,0.005555555555474786
TX,shadedX,2,A,AE,OOD,-2_15,187,142,0.8215334789485577,0.8925489453219344,0.5350548754278291,24000.0,81.32635498046875,1.9000015258789062,0.0,0.0011111111111737802
TX,shadedX,2,A,AE,OOD,-3_11,126,166,0.9291929623254925,0.9278884463486722,0.16931448268318428,24000.0,2.6534913778305054,0.949999988079071,0.0,0.0011111111110828306
TX,shadedX,2,A,AE,OOD,-3_18,171,89,0.8080031539522964,0.9133570865380277,0.24308123984103097,24000.0,140.64776611328125,1.7499961853027344,0.0,0.06444444444397139
TX,shadedX,2,A,AE,OOD,-5_14,144,71,0.912460876369327,0.9570422134224813,1.3806433655571346,12000.0,186.66310119628906,2.0,0.0,0.0
TX,shadedX,2,A,AE,OOD,-5_24,52,59,0.9579530638852674,0.959755910956051,0.5357706860943819,24000.0,292.6293640136719,1.800018310546875,0.0,0.0011111111111737802
TX,shadedX,2,A,AE,OOD,1_13,1031,1275,0.7537650482113312,0.7593944179253614,0.44333833380286547,12000.0,4.169740200042725,0.7000000476837158,0.0,0.005555555555474786
TX,shadedX,2,A,AE,OOD,1_14,301,1620,0.6939338009105451,0.5036557106663494,0.44333833380286547,12000.0,6.703056335449219,0.9000015258789062,35.0,0.003333333333278808
TX,shadedX,2,A,AE,OOD,2_14,602,691,0.8481809309056642,0.8824350866321746,0.20223583098689696,12000.0,3.4061994552612305,0.5,0.0,0.01333333333308492
TX,shadedX,2,AE,A,OOD,-11_27,96,42,0.7403273809523809,0.8881966382503466,0.08309217072999632,24000.0,1037.1552734375,1.89996337890625,0.0,0.001111111111113147
TX,shadedX,2,AE,A,OOD,-1_13,130,1263,0.7096412692612218,0.23264151822703386,0.7140324417418822,24000.0,23.159339904785156,0.6000003814697266,0.0,0.0
TX,shadedX,2,AE,A,OOD,-1_14,163,585,0.8200094384143464,0.626448775179909,0.47116008280994875,24000.0,40.531843185424805,1.2000007629394531,0.0,0.0011111111111434635
TX,shadedX,2,AE,A,OOD,-2_15,139,194,0.8273752132314767,0.8126045368519184,0.5350548754278291,24000.0,80.9154052734375,1.8000030517578125,0.0,0.002222222222226294
TX,shadedX,2,AE,A,OOD,-2_23,57,25,0.8547368421052631,0.9446398209331623,0.27514034840674395,24000.0,194.63957977294922,1.5,0.0,0.28999999999798465
TX,shadedX,2,AE,A,OOD,-3_11,90,321,0.9061613014884043,0.7870074592249657,0.16931448268318428,24000.0,2.671316385269165,1.0,0.0,0.0011111111110828306
TX,shadedX,2,AE,A,OOD,-3_18,56,109,0.8238859764089121,0.7792009342149124,0.24308123984103097,24000.0,122.94383239746094,3.100006103515625,0.0,0.03888888888896015
TX,shadedX,2,AE,A,OOD,-5_10,177,107,0.9345266381540736,0.9571064397274953,0.29256857670927144,24000.0,62.914655685424805,0.9000015258789062,0.0,0.0
TX,shadedX,2,AE,A,OOD,-5_24,46,125,0.8706086956521739,0.7437282731715438,0.5357706860943819,24000.0,291.3031311035156,1.600006103515625,0.0,0.002222222222165661
TX,shadedX,2,AE,AE,ID,-1_13,598,926,0.6893659209604369,0.5921357275735665,0.7140324417418822,24000.0,23.754356384277344,0.6000003814697266,0.0,0.0
TX,shadedX,2,AE,AE,ID,-1_14,744,443,0.8087362557343625,0.8831686035539815,0.47116008280994875,24000.0,40.702430725097656,1.1000022888183594,0.0,0.005555555555474786
TX,shadedX,2,AE,AE,ID,-2_15,187,142,0.8464638095955412,0.8918513546478071,0.5350548754278291,24000.0,81.32635498046875,1.9000015258789062,0.0,0.0011111111111737802
TX,shadedX,2,AE,AE,ID,-3_11,126,166,0.9168579078217631,0.9079393349673665,0.16931448268318428,24000.0,2.6534913778305054,0.949999988079071,0.0,0.0011111111110828306
TX,shadedX,2,AE,AE,ID,-3_18,171,89,0.8200933044221038,0.9160356596461648,0.24308123984103097,24000.0,140.64776611328125,1.7499961853027344,0.0,0.06444444444397139
TX,shadedX,2,AE,AE,ID,-5_14,144,71,0.9103090766823162,0.9489846154875109,1.3806433655571346,12000.0,186.66310119628906,2.0,0.0,0.0
TX,shadedX,2,AE,AE,ID,-5_24,52,59,0.8650586701434159,0.8827714885007318,0.5357706860943819,24000.0,292.6293640136719,1.800018310546875,0.0,0.0011111111111737802
TX,shadedX,2,AE,AE,ID,1_13,1031,1275,0.7978174625815408,0.8214666020202872,0.44333833380286547,12000.0,4.169740200042725,0.7000000476837158,0.0,0.005555555555474786
TX,shadedX,2,AE,AE,ID,1_14,301,1620,0.7026988228538615,0.4117062801474731,0.44333833380286547,12000.0,6.703056335449219,0.9000015258789062,35.0,0.003333333333278808
TX,shadedX,2,AE,AE,ID,2_14,602,691,0.9009909082604537,0.9105617845161803,0.20223583098689696,12000.0,3.4061994552612305,0.5,0.0,0.01333333333308492
TX,shadedX,3,A,A,ID,-1_15,340,37,0.9465818759936407,0.9940621012874366,0.20624010429247697,24000.0,46.860511779785156,1.5,0.0,0.0022222222221959776
TX,shadedX,3,A,A,ID,-3_14,198,33,0.8053259871441689,0.9631732765468527,0.027137219308491237,24000.0,87.55858612060547,1.8000030517578125,0.0,0.0011111111111737802
TX,shadedX,3,A,A,ID,-4_15,58,238,0.8909011880614315,0.7499926079786453,1.6761314313008995,12000.0,134.2608413696289,3.100006103515625,0.0,0.006666666666739516
TX,shadedX,3,A,A,ID,-5_21,79,68,0.9020848845867462,0.9361292790415975,0.014368272478283923,24000.0,275.6520080566406,1.699981689453125,0.0,0.024444444444398285
TX,shadedX,3,A,A,ID,-6_15,32,66,0.8139204545454545,0.7176219087818165,0.5340272686963157,24000.0,455.43727111816406,3.399993896484375,0.0,0.002222222222286927
TX,shadedX,3,A,A,ID,-7_14,134,41,0.7903167091372406,0.9325399359163737,0.280901987198336,24000.0,327.004150390625,2.0,0.0,0.0
TX,shadedX,3,A,A,ID,-7_15,25,44,0.8954545454545455,0.873977392190764,0.584661374661343,24000.0,527.571044921875,3.899993896484375,0.0,0.0022222222220747117
TX,shadedX,3,A,A,ID,2_16,128,43,0.787063953488372,0.9215868454464538,0.6611532877954029,24000.0,19.13753318786621,3.0999984741210938,0.0,0.0
TX,shadedX,3,A,AE,OOD,-1_12,391,1486,0.76474718859397,0.5955496368157343,0.14106475041179814,24000.0,3.608344316482544,0.8999996185302734,0.0,0.0011111111110828306
TX,shadedX,3,A,AE,OOD,-1_15,42,30,0.9174603174603174,0.9363480165295319,0.8988762379744726,24000.0,41.0449333190918,1.2000007629394531,0.0,0.0
TX,shadedX,3,A,AE,OOD,-2_10,46,31,0.876577840112202,0.9232160150052736,,24000.0,1.5172309875488281,1.0999999046325684,0.0,0.08888888888765721
TX,shadedX,3,A,AE,OOD,-3_10,214,433,0.5643521616196499,0.5156350835014754,0.33723016680691564,12000.0,3.1844398975372314,0.8999999761581421,0.0,0.02666666666683679
TX,shadedX,3,A,AE,OOD,-3_21,215,55,0.9144186046511629,0.9785691376873538,2.427675033519717,12000.0,197.61549377441406,0.399993896484375,0.0,0.28833333333357347
TX,shadedX,3,A,AE,OOD,-3_7,312,598,0.8988133521996399,0.8604288441061528,0.024854139406446513,24000.0,1.9676603078842163,0.7999999523162842,0.0,0.1677777777781156
TX,shadedX,3,A,AE,OOD,-4_15,157,190,0.8878310425745893,0.9000316233564246,0.5742858882114332,12000.0,136.89105224609375,2.9000091552734375,0.0,0.0033333333333091246
TX,shadedX,3,A,AE,OOD,-5_16,102,81,0.8087630113773905,0.8724829637127774,0.5229608295165853,12000.0,250.1699981689453,3.70001220703125,0.0,0.16777777777835806
TX,shadedX,3,A,AE,OOD,-5_21,87,37,0.8872320596458527,0.9588117548233202,0.014368272478283923,24000.0,303.7040100097656,0.09999847412109375,0.0,0.12888888888927663
TX,shadedX,3,A,AE,OOD,-7_15,26,52,0.9171597633136094,0.9022361389006854,0.584661374661343,24000.0,544.9692993164062,3.0,0.0,0.0005555555554959406
TX,shadedX,3,A,AE,OOD,2_16,387,25,0.6749354005167959,0.9703552895826535,0.6611532877954029,24000.0,17.61483669281006,3.1000003814697266,0.0,0.0
TX,shadedX,3,AE,A,OOD,-1_15,340,37,0.9418918918918919,0.9933052191687208,0.20624010429247697,24000.0,46.860511779785156,1.5,0.0,0.0022222222221959776
TX,shadedX,3,AE,A,OOD,-3_14,198,33,0.8210896847260485,0.9669263657216906,0.027137219308491237,24000.0,87.55858612060547,1.8000030517578125,0.0,0.0011111111111737802
TX,shadedX,3,AE,A,OOD,-4_15,58,238,0.8906114169805853,0.735170194800343,1.6761314313008995,12000.0,134.2608413696289,3.100006103515625,0.0,0.006666666666739516
TX,shadedX,3,AE,A,OOD,-5_21,79,68,0.9439687267311988,0.9566981525392362,0.014368272478283923,24000.0,275.6520080566406,1.699981689453125,0.0,0.024444444444398285
TX,shadedX,3,AE,A,OOD,-6_15,32,66,0.8162878787878789,0.7428033827627261,0.5340272686963157,24000.0,455.43727111816406,3.399993896484375,0.0,0.002222222222286927
TX,shadedX,3,AE,A,OOD,-7_14,134,41,0.7775755369493993,0.9319611270716417,0.280901987198336,24000.0,327.004150390625,2.0,0.0,0.0
TX,shadedX,3,AE,A,OOD,-7_15,25,44,0.9272727272727272,0.8884333356964543,0.584661374661343,24000.0,527.571044921875,3.899993896484375,0.0,0.0022222222220747117
TX,shadedX,3,AE,A,OOD,2_16,128,43,0.7525436046511629,0.8991283645681816,0.6611532877954029,24000.0,19.13753318786621,3.0999984741210938,0.0,0.0
TX,shadedX,3,AE,AE,ID,-1_12,391,1486,0.8263141408473975,0.6697660575776752,0.14106475041179814,24000.0,3.608344316482544,0.8999996185302734,0.0,0.0011111111110828306
TX,shadedX,3,AE,AE,ID,-1_15,42,30,0.8904761904761904,0.9041379116251316,0.8988762379744726,24000.0,41.0449333190918,1.2000007629394531,0.0,0.0
TX,shadedX,3,AE,AE,ID,-2_10,46,31,0.820476858345021,0.899837288196665,,24000.0,1.5172309875488281,1.0999999046325684,0.0,0.08888888888765721
TX,shadedX,3,AE,AE,ID,-3_10,214,433,0.6338628564028403,0.574470563186253,0.33723016680691564,12000.0,3.1844398975372314,0.8999999761581421,0.0,0.02666666666683679
TX,shadedX,3,AE,AE,ID,-3_21,215,55,0.904186046511628,0.9753919989311243,2.427675033519717,12000.0,197.61549377441406,0.399993896484375,0.0,0.28833333333357347
TX,shadedX,3,AE,AE,ID,-3_7,312,598,0.7922401595060458,0.758550963195403,0.024854139406446513,24000.0,1.9676603078842163,0.7999999523162842,0.0,0.1677777777781156
TX,shadedX,3,AE,AE,ID,-4_15,157,190,0.8608447871270533,0.8517057395430353,0.5742858882114332,12000.0,136.89105224609375,2.9000091552734375,0.0,0.0033333333333091246
TX,shadedX,3,AE,AE,ID,-5_16,102,81,0.8121520213023481,0.8816411595146414,0.5229608295165853,12000.0,250.1699981689453,3.70001220703125,0.0,0.16777777777835806
TX,shadedX,3,AE,AE,ID,-5_21,87,37,0.9356943150046598,0.976445651612192,0.014368272478283923,24000.0,303.7040100097656,0.09999847412109375,0.0,0.12888888888927663
TX,shadedX,3,AE,AE,ID,-7_15,26,52,0.8594674556213019,0.7841129964212395,0.584661374661343,24000.0,544.9692993164062,3.0,0.0,0.0005555555554959406
TX,shadedX,3,AE,AE,ID,2_16,387,25,0.6616020671834626,0.9695409350465519,0.6611532877954029,24000.0,17.61483669281006,3.1000003814697266,0.0,0.0
FL,band,0,A,A,ID,16_18,42,229,0.9891869411520067,0.9451460831234445,0.2084060214673994,12000.0,70.89791870117188,6.099998474121094,0.0,0.0
FL,band,0,A,A,ID,20_18,144,252,0.9674823633156966,0.9388309089070154,0.37957578035541106,12000.0,36.61347007751465,3.1000022888183594,0.0,0.0
FL,band,0,A,A,ID,21_17,578,140,0.8747404844290657,0.9656022928516639,0.17417833267239485,24000.0,23.70985698699951,2.0,0.0,0.0
FL,band,0,A,A,ID,23_18,94,132,0.9508381689232752,0.9094749991820699,0.17492219653502322,24000.0,32.12836456298828,5.25,0.0,0.0
FL,band,0,A,A,ID,25_16,197,462,0.9459423824906058,0.8939962698454069,0.16729524407643967,12000.0,17.266569137573242,1.5,0.0,0.0
FL,band,0,A,A,ID,25_18,660,149,0.43266219239373604,0.778039731865525,0.16729524407643967,12000.0,37.95450973510742,0.3999977111816406,0.0,0.0
FL,band,0,A,A,ID,26_15,125,432,0.9233703703703704,0.8499951375075631,0.032736793066972275,12000.0,23.504623413085938,3.1000003814697266,0.0,0.0
FL,band,0,A,A,ID,26_18,406,404,0.799450080476028,0.769240317986087,0.1690305949906459,12000.0,34.64120101928711,1.0,0.0,0.0
FL,band,0,A,A,ID,29_10,323,183,0.9018931127239507,0.9462106806923114,0.20628257277623194,24000.0,5.8739869594573975,0.6999998092651367,0.0,0.0
FL,band,0,A,A,ID,30_12,467,158,0.8313772260320387,0.9383888031971014,0.1275874707130689,24000.0,7.111000061035156,0.8000004291534424,0.0,0.001111111111113147
FL,band,0,A,A,ID,31_10,65,53,0.4119013062409289,0.5037265950759315,0.018654058711205707,6000.0,4.622437953948975,0.6000001430511475,0.0,0.226666666666976
FL,band,0,A,AE,OOD,16_18,60,68,0.9950980392156863,0.9948055141971668,0.2084060214673994,12000.0,49.060218811035156,4.349999904632568,0.0,0.002222222222271769
FL,band,0,A,AE,OOD,20_18,58,47,0.9486426999266324,0.9605520364321574,0.37957578035541106,12000.0,30.63372039794922,2.700000762939453,0.0,0.0
FL,band,0,A,AE,OOD,21_17,229,99,0.8521018040668695,0.9261629516757433,0.17417833267239485,24000.0,24.719161987304688,2.1000003814697266,0.0,0.0
FL,band,0,A,AE,OOD,21_18,96,98,0.888499149659864,0.8517500116989613,0.37957578035541106,12000.0,25.903992652893066,3.4499998092651367,0.0,0.016666666666666892
FL,band,0,A,AE,OOD,23_16,127,87,0.9893203004796813,0.9923565992139418,0.031565413329493905,12000.0,1.2760536670684814,1.1999998092651367,0.0,0.0
FL,band,0,A,AE,OOD,23_18,87,28,0.9786535303776682,0.9927662987025817,0.2211789203462979,24000.0,27.27505874633789,3.8999996185302734,0.0,0.0
FL,band,0,A,AE,OOD,25_16,134,474,0.9404716921720511,0.8678704286929396,0.17568605152900577,12000.0,17.681472778320312,1.7000007629394531,0.0,0.0
FL,band,0,A,AE,OOD,25_18,27,32,0.4305555555555555,0.40815412423971087,0.16729524407643967,12000.0,37.855804443359375,0.40000152587890625,0.0,0.0
FL,band,0,A,AE,OOD,26_11,48,177,0.9819915254237288,0.9351035505439192,0.32978745236974377,6000.0,0.0,1.1000001430511475,0.0,1.0
FL,band,0,A,AE,OOD,26_12,295,598,0.9378323224307012,0.8942078703325571,0.9910530477501255,6000.0,2.030184030532837,1.7000000476837158,0.0,0.04777777777713774
FL,band,0,A,AE,OOD,26_18,37,89,0.8821743091406014,0.7370231123849396,0.1690305949906459,12000.0,35.31260299682617,1.0999984741210938,0.0,0.0
FL,band,0,A,AE,OOD,27_10,469,413,0.9593437172491056,0.962066151001667,0.1428175559815026,6000.0,0.46363066136837006,0.5000004768371582,0.0,0.09777777777798727
FL,band,0,A,AE,OOD,27_13,262,72,0.8651929601357082,0.9519324636664774,0.15984675710927612,24000.0,30.755491256713867,2.1999988555908203,0.0,0.0
FL,band,0,A,AE,OOD,29_10,373,98,0.8637905564370522,0.9619693457573668,0.20628257277623194,24000.0,5.5106611251831055,0.5,0.0,0.0011111111110828306
FL,band,0,A,AE,OOD,30_12,406,178,0.8825067803177062,0.9489258489821301,0.1275874707130689,24000.0,7.111000061035156,0.6999998092651367,0.0,0.0011111111111737802
FL,band,0,A,AE,OOD,31_10,111,212,0.4814295427502975,0.3718216709139476,0.018654058711205707,6000.0,4.633453369140625,0.5,0.0,0.18222222222322307
FL,band,0,AE,A,OOD,16_18,42,229,0.9946974422956956,0.9719763713123813,0.2084060214673994,12000.0,70.89791870117188,6.099998474121094,0.0,0.0
FL,band,0,AE,A,OOD,20_18,144,252,0.9632109788359788,0.9366359326749545,0.37957578035541106,12000.0,36.61347007751465,3.1000022888183594,0.0,0.0
FL,band,0,AE,A,OOD,21_17,578,140,0.8528917449332675,0.9577376441015064,0.17417833267239485,24000.0,23.70985698699951,2.0,0.0,0.0
FL,band,0,AE,A,OOD,23_18,94,132,0.9557543520309478,0.9270769183937128,0.17492219653502322,24000.0,32.12836456298828,5.25,0.0,0.0
FL,band,0,AE,A,OOD,25_16,197,462,0.9700815259190894,0.9418859238087756,0.16729524407643967,12000.0,17.266569137573242,1.5,0.0,0.0
FL,band,0,AE,A,OOD,25_18,660,149,0.4942342892007322,0.802224060008922,0.16729524407643967,12000.0,37.95450973510742,0.3999977111816406,0.0,0.0
FL,band,0,AE,A,OOD,26_15,125,432,0.9568148148148148,0.9138427638562143,0.032736793066972275,12000.0,23.504623413085938,3.1000003814697266,0.0,0.0
FL,band,0,AE,A,OOD,26_18,406,404,0.7863361459298639,0.7664700424322561,0.1690305949906459,12000.0,34.64120101928711,1.0,0.0,0.0
FL,band,0,AE,A,OOD,29_10,323,183,0.8835710297924174,0.9302240132888236,0.20628257277623194,24000.0,5.8739869594573975,0.6999998092651367,0.0,0.0
FL,band,0,AE,A,OOD,30_12,467,158,0.8447266419103895,0.9457897869474227,0.1275874707130689,24000.0,7.111000061035156,0.8000004291534424,0.0,0.001111111111113147
FL,band,0,AE,A,OOD,31_10,65,53,0.4812772133526851,0.558914299503003,0.018654058711205707,6000.0,4.622437953948975,0.6000001430511475,0.0,0.226666666666976
FL,band,0,AE,AE,ID,16_18,60,68,0.9887254901960784,0.9907333466150892,0.2084060214673994,12000.0,49.060218811035156,4.349999904632568,0.0,0.002222222222271769
FL,band,0,AE,AE,ID,20_18,58,47,0.9424064563462949,0.9591621024519893,0.37957578035541106,12000.0,30.63372039794922,2.700000762939453,0.0,0.0
FL,band,0,AE,AE,ID,21_17,229,99,0.8504697631335185,0.9295713543059916,0.17417833267239485,24000.0,24.719161987304688,2.1000003814697266,0.0,0.0
FL,band,0,AE,AE,ID,21_18,96,98,0.8586309523809523,0.7960002448711312,0.37957578035541106,12000.0,25.903992652893066,3.4499998092651367,0.0,0.016666666666666892
FL,band,0,AE,AE,ID,23_16,127,87,0.9876911937731921,0.9916480577588798,0.031565413329493905,12000.0,1.2760536670684814,1.1999998092651367,0.0,0.0
FL,band,0,AE,AE,ID,23_18,87,28,0.9807060755336617,0.9935076999109491,0.2211789203462979,24000.0,27.27505874633789,3.8999996185302734,0.0,0.0
FL,band,0,AE,AE,ID,25_16,134,474,0.9633950500661251,0.9197035439794876,0.17568605152900577,12000.0,17.681472778320312,1.7000007629394531,0.0,0.0
FL,band,0,AE,AE,ID,25_18,27,32,0.5706018518518519,0.4835540202062111,0.16729524407643967,12000.0,37.855804443359375,0.40000152587890625,0.0,0.0
FL,band,0,AE,AE,ID,26_11,48,177,0.9659839924670433,0.8835654871442413,0.32978745236974377,6000.0,0.0,1.1000001430511475,0.0,1.0
FL,band,0,AE,AE,ID,26_12,295,598,0.9490845190181962,0.9102555364100703,0.9910530477501255,6000.0,2.030184030532837,1.7000000476837158,0.0,0.04777777777713774
FL,band,0,AE,AE,ID,26_18,37,89,0.8730640753112664,0.7647895548044432,0.1690305949906459,12000.0,35.31260299682617,1.0999984741210938,0.0,0.0
FL,band,0,AE,AE,ID,27_10,469,413,0.9347589276034219,0.9333320947926543,0.1428175559815026,6000.0,0.46363066136837006,0.5000004768371582,0.0,0.09777777777798727
FL,band,0,AE,AE,ID,27_13,262,72,0.8479643765903309,0.9433312440184218,0.15984675710927612,24000.0,30.755491256713867,2.1999988555908203,0.0,0.0
FL,band,0,AE,AE,ID,29_10,373,98,0.853011982272802,0.9569861063055276,0.20628257277623194,24000.0,5.5106611251831055,0.5,0.0,0.0011111111110828306
FL,band,0,AE,AE,ID,30_12,406,178,0.8737200420656446,0.9460729882288792,0.1275874707130689,24000.0,7.111000061035156,0.6999998092651367,0.0,0.0011111111111737802
FL,band,0,AE,AE,ID,31_10,111,212,0.4946030936596974,0.38004214035799155,0.018654058711205707,6000.0,4.633453369140625,0.5,0.0,0.18222222222322307
FL,band,1,A,A,ID,19_16,25,61,0.9986885245901639,0.9968615384615387,0.11239476929864274,6000.0,0.0,0.0,0.0,1.0
FL,band,1,A,A,ID,20_16,573,97,0.9987405768158183,0.9997779137241907,0.1904464320677894,12000.0,4.078956365585327,0.8999996185302734,0.0,0.0
FL,band,1,A,A,ID,24_16,1067,32,0.8326792408622306,0.9933476637071926,0.044001914831197315,12000.0,10.694158554077148,1.599998950958252,0.0,0.0
FL,band,1,A,A,ID,25_15,541,112,0.9752442566675469,0.9945456632438785,0.07843489770263268,12000.0,4.319013595581055,0.9000004529953003,0.0,0.0
FL,band,1,A,A,ID,26_17,579,457,0.9021704213482085,0.9275426238092864,0.1544154920774841,12000.0,42.6242618560791,0.7000007629394531,0.0,0.0
FL,band,1,A,A,ID,27_12,240,166,0.825878514056225,0.868270742384416,0.15984675710927612,24000.0,33.9202880859375,2.549999713897705,0.0,0.05333333333296117
FL,band,1,A,A,ID,27_14,338,44,0.9948224852071006,0.9993344434648235,0.05096279107270798,12000.0,25.916592597961426,1.299999713897705,0.0,0.05388888888844196
FL,band,1,A,A,ID,27_17,163,159,0.7824208048771077,0.7201690516237975,0.5346385850465465,12000.0,6.318850755691528,0.9999999403953552,0.0,0.0005555555554959406
FL,band,1,A,A,ID,28_10,194,569,0.7683401880673274,0.6070075621453869,0.20628257277623194,24000.0,10.440266609191895,0.7999992370605469,0.0,0.003333333333369758
FL,band,1,A,A,ID,29_11,815,158,0.7294012580570008,0.9357592578392866,0.053495674986241436,12000.0,8.770461082458496,0.5999999046325684,0.0,0.001111111111113147
FL,band,1,A,A,ID,29_12,596,100,0.8121308724832215,0.9621316705061647,0.11288208201785273,24000.0,17.31742572784424,0.6000003814697266,0.0,0.003333333333400074
FL,band,1,A,A,ID,29_14,149,279,0.8345721777200453,0.7720139678351973,0.25825670222051667,24000.0,3.364120602607727,0.6999999284744263,0.0,0.009999999999988008
FL,band,1,A,A,ID,30_10,195,74,0.47532917532917535,0.7529330893163215,0.018654058711205707,24000.0,2.6542160511016846,0.2999999523162842,0.0,0.064444444444987
FL,band,1,A,A,ID,30_11,383,240,0.7936031331592691,0.8034542287221569,0.018892666494895346,24000.0,3.139446258544922,0.0,0.0,1.0
FL,band,1,A,A,ID,30_8,416,54,0.4256143162393162,0.8776596779828838,0.4495251317805067,24000.0,1.374000072479248,0.20000004768371582,0.0,0.6305555555555842
FL,band,1,A,A,ID,30_9,119,145,0.467864387134164,0.48774293329229934,0.4495251317805067,24000.0,3.2762258052825928,0.3000001907348633,0.0,0.2627777777776226
FL,band,1,A,AE,OOD,20_16,439,91,0.9836291271370997,0.9955578074398952,0.1904464320677894,12000.0,3.9098381996154785,1.0,0.0,0.0
FL,band,1,A,AE,OOD,22_16,91,91,0.994807390411786,0.9935081712919275,0.017150084265593363,24000.0,0.32310929894447327,2.0999999046325684,0.0,0.3049999999997399
FL,band,1,A,AE,OOD,24_15,256,65,0.8901442307692308,0.9695879577862472,0.044001914831197315,6000.0,1.5874496698379517,1.1999999284744263,0.0,0.0
FL,band,1,A,AE,OOD,24_16,153,78,0.8885537120831238,0.9412473658973806,0.044001914831197315,12000.0,6.660220146179199,1.6999998092651367,0.0,0.0
FL,band,1,A,AE,OOD,25_15,469,40,0.9708955223880597,0.9968782260636442,0.07843489770263268,12000.0,4.100703239440918,0.6999998092651367,0.0,0.0
FL,band,1,A,AE,OOD,26_17,56,70,0.8466836734693878,0.8477328275446737,0.1544154920774841,12000.0,42.58845138549805,0.8999996185302734,0.0,0.0
FL,band,1,A,AE,OOD,27_12,82,119,0.7794630047140807,0.7020495827019341,0.15984675710927612,24000.0,36.74105453491211,2.700000762939453,0.0,0.141111111110915
FL,band,1,A,AE,OOD,27_14,444,73,0.9857768727631742,0.9975373292979917,0.05096279107270798,12000.0,24.557723999023438,1.6999988555908203,0.0,0.024444444444458917
FL,band,1,A,AE,OOD,27_17,211,171,0.8539951775172528,0.797063223518693,0.5346385850465465,12000.0,7.9456071853637695,1.4000002145767212,0.0,0.0
FL,band,1,A,AE,OOD,28_10,123,229,0.7151986367025243,0.6166099390793154,0.1428175559815026,24000.0,9.081667423248291,0.7000001668930054,0.0,0.003333333333339441
FL,band,1,A,AE,OOD,29_11,301,53,0.741051839779352,0.9460277350456132,0.053495674986241436,12000.0,8.839279651641846,0.5999994277954102,0.0,0.0011111111110828306
FL,band,1,A,AE,OOD,29_14,743,328,0.8555830023306963,0.9343747240919201,0.25825670222051667,24000.0,2.7964773178100586,0.5,0.0,0.04444444444461686
FL,band,1,A,AE,OOD,30_10,840,293,0.452478465789046,0.7455376664136022,0.018654058711205707,24000.0,2.67698073387146,0.39999985694885254,0.0,0.07222222222229396
FL,band,1,A,AE,OOD,30_11,92,62,0.7307152875175316,0.7435303997776348,0.018892666494895346,24000.0,3.139446258544922,0.0,0.0,1.0
FL,band,1,A,AE,OOD,30_8,637,45,0.5051805337519623,0.938989977014564,0.4495251317805067,24000.0,1.3544779419898987,0.20000004768371582,0.0,0.5672222222223179
FL,band,1,A,AE,OOD,30_9,73,66,0.4202988792029888,0.512230907533558,0.4495251317805067,24000.0,3.212381362915039,0.3000001907348633,0.0,0.27666666666559714
FL,band,1,A,AE,OOD,31_9,319,135,0.717798676419366,0.8489683482950512,0.029188088072685917,6000.0,1.3787514567375183,0.5999999046325684,28.0,0.10611111111148745
FL,band,1,AE,A,OOD,19_16,25,61,1.0,1.0,0.11239476929864274,6000.0,0.0,0.0,0.0,1.0
FL,band,1,AE,A,OOD,20_16,573,97,0.99843471689966,0.9997222664313307,0.1904464320677894,12000.0,4.078956365585327,0.8999996185302734,0.0,0.0
FL,band,1,AE,A,OOD,24_16,1067,32,0.8371602624179943,0.9934790040611959,0.044001914831197315,12000.0,10.694158554077148,1.599998950958252,0.0,0.0
FL,band,1,AE,A,OOD,25_15,541,112,0.9756733562186427,0.9912985501815315,0.07843489770263268,12000.0,4.319013595581055,0.9000004529953003,0.0,0.0
FL,band,1,AE,A,OOD,26_17,579,457,0.927767258874616,0.947451696115734,0.1544154920774841,12000.0,42.6242618560791,0.7000007629394531,0.0,0.0
FL,band,1,AE,A,OOD,27_12,240,166,0.8513052208835341,0.8935607941029784,0.15984675710927612,24000.0,33.9202880859375,2.549999713897705,0.0,0.05333333333296117
FL,band,1,AE,A,OOD,27_14,338,44,0.9605970952124798,0.9931867364304898,0.05096279107270798,12000.0,25.916592597961426,1.299999713897705,0.0,0.05388888888844196
FL,band,1,AE,A,OOD,27_17,163,159,0.7956553613458348,0.7431678741043671,0.5346385850465465,12000.0,6.318850755691528,0.9999999403953552,0.0,0.0005555555554959406
FL,band,1,AE,A,OOD,28_10,194,569,0.7724802058232022,0.6067539936037122,0.20628257277623194,24000.0,10.440266609191895,0.7999992370605469,0.0,0.003333333333369758
FL,band,1,AE,A,OOD,29_11,815,158,0.7362351479381843,0.9381414400018375,0.053495674986241436,12000.0,8.770461082458496,0.5999999046325684,0.0,0.001111111111113147
FL,band,1,AE,A,OOD,29_12,596,100,0.7726006711409397,0.9543269311993623,0.11288208201785273,24000.0,17.31742572784424,0.6000003814697266,0.0,0.003333333333400074
FL,band,1,AE,A,OOD,29_14,149,279,0.8428952875802843,0.7854131261384153,0.25825670222051667,24000.0,3.364120602607727,0.6999999284744263,0.0,0.009999999999988008
FL,band,1,AE,A,OOD,30_10,195,74,0.5524601524601526,0.7777428762641284,0.018654058711205707,24000.0,2.6542160511016846,0.2999999523162842,0.0,0.064444444444987
FL,band,1,AE,A,OOD,30_11,383,240,0.8592308529155787,0.8992229246385894,0.018892666494895346,24000.0,3.139446258544922,0.0,0.0,1.0
FL,band,1,AE,A,OOD,30_8,416,54,0.3253205128205128,0.8653226988880185,0.4495251317805067,24000.0,1.374000072479248,0.20000004768371582,0.0,0.6305555555555842
FL,band,1,AE,A,OOD,30_9,119,145,0.25552013909011884,0.3217942009170572,0.4495251317805067,24000.0,3.2762258052825928,0.3000001907348633,0.0,0.2627777777776226
FL,band,1,AE,AE,ID,20_16,439,91,0.9914140529174699,0.9979288591820844,0.1904464320677894,12000.0,3.9098381996154785,1.0,0.0,0.0
FL,band,1,AE,AE,ID,22_16,91,91,0.9969810409370848,0.996582343951072,0.017150084265593363,24000.0,0.32310929894447327,2.0999999046325684,0.0,0.3049999999997399
FL,band,1,AE,AE,ID,24_15,256,65,0.8885216346153846,0.9669680395814877,0.044001914831197315,6000.0,1.5874496698379517,1.1999999284744263,0.0,0.0
FL,band,1,AE,AE,ID,24_16,153,78,0.8759007876654936,0.9201817309939984,0.044001914831197315,12000.0,6.660220146179199,1.6999998092651367,0.0,0.0
FL,band,1,AE,AE,ID,25_15,469,40,0.9609808102345416,0.9896410822214814,0.07843489770263268,12000.0,4.100703239440918,0.6999998092651367,0.0,0.0
FL,band,1,AE,AE,ID,26_17,56,70,0.9025510204081633,0.8991775835115935,0.1544154920774841,12000.0,42.58845138549805,0.8999996185302734,0.0,0.0
FL,band,1,AE,AE,ID,27_12,82,119,0.8136913301906129,0.7661138670072347,0.15984675710927612,24000.0,36.74105453491211,2.700000762939453,0.0,0.141111111110915
FL,band,1,AE,AE,ID,27_14,444,73,0.9655991608046403,0.9910265663485828,0.05096279107270798,12000.0,24.557723999023438,1.6999988555908203,0.0,0.024444444444458917
FL,band,1,AE,AE,ID,27_17,211,171,0.8490064022615781,0.8232121772467491,0.5346385850465465,12000.0,7.9456071853637695,1.4000002145767212,0.0,0.0
FL,band,1,AE,AE,ID,28_10,123,229,0.7133880072425178,0.6075013575773923,0.1428175559815026,24000.0,9.081667423248291,0.7000001668930054,0.0,0.003333333333339441
FL,band,1,AE,AE,ID,29_11,301,53,0.7569736099793143,0.9500106003172826,0.053495674986241436,12000.0,8.839279651641846,0.5999994277954102,0.0,0.0011111111110828306
FL,band,1,AE,AE,ID,29_14,743,328,0.8798911794636116,0.946009151594957,0.25825670222051667,24000.0,2.7964773178100586,0.5,0.0,0.04444444444461686
FL,band,1,AE,AE,ID,30_10,840,293,0.5431537461400943,0.7836665490907895,0.018654058711205707,24000.0,2.67698073387146,0.39999985694885254,0.0,0.07222222222229396
FL,band,1,AE,AE,ID,30_11,92,62,0.7927769985974755,0.8448665832275535,0.018892666494895346,24000.0,3.139446258544922,0.0,0.0,1.0
FL,band,1,AE,AE,ID,30_8,637,45,0.3372754229897087,0.9194320377050875,0.4495251317805067,24000.0,1.3544779419898987,0.20000004768371582,0.0,0.5672222222223179
FL,band,1,AE,AE,ID,30_9,73,66,0.36488169364881695,0.44200000845012444,0.4495251317805067,24000.0,3.212381362915039,0.3000001907348633,0.0,0.27666666666559714
FL,band,1,AE,AE,ID,31_9,319,135,0.5875304771856497,0.7407261976747641,0.029188088072685917,6000.0,1.3787514567375183,0.5999999046325684,28.0,0.10611111111148745
FL,band,2,A,A,ID,18_18,101,298,0.9766097415110637,0.9377347405827677,0.2859889626143453,12000.0,65.2738037109375,7.5,0.0,0.0
FL,band,2,A,A,ID,20_17,202,84,0.9622819424799623,0.9851284052187299,0.6825807301436665,12000.0,19.70164680480957,3.0,0.0,0.0
FL,band,2,A,A,ID,21_16,900,69,0.9590660225442834,0.9960794547344458,0.07975562019792173,24000.0,4.437525749206543,1.2000000476837158,0.0,0.0
FL,band,2,A,A,ID,22_17,480,138,0.8694293478260869,0.956593757416244,0.18539784796927666,24000.0,10.53068494796753,2.0,0.0,0.0
FL,band,2,A,A,ID,22_18,104,116,0.9818468169761273,0.9790234342852576,0.18539784796927666,12000.0,40.21282386779785,6.550000190734863,0.0,0.003888888888805065
FL,band,2,A,A,ID,24_17,452,109,0.9354550621092798,0.985364433927303,0.11678587080871551,12000.0,25.082683563232422,1.2999992370605469,0.0,0.0
FL,band,2,A,A,ID,24_18,30,48,0.8944444444444444,0.8124785705742245,0.13683805302577387,12000.0,27.157628059387207,2.3000001907348633,0.0,0.0
FL,band,2,A,A,ID,26_13,43,38,0.9222766217870257,0.9360449738343712,0.453343921918634,6000.0,10.382599830627441,2.3999996185302734,0.0,0.0
FL,band,2,A,A,ID,26_19,81,54,0.9574759945130316,0.9714351405474493,0.03668747818753617,12000.0,4.604562759399414,2.4000000953674316,0.0,0.0
FL,band,2,A,A,ID,27_11,298,525,0.8420389900926812,0.7956349507725988,0.2623886226362189,12000.0,11.466715812683105,0.9000005722045898,0.0,0.0
FL,band,2,A,A,ID,27_15,374,344,0.9870196492973511,0.9892668608969942,0.032736793066972275,12000.0,18.794620513916016,3.450000286102295,0.0,0.0
FL,band,2,A,A,ID,27_16,516,364,0.9683746486072067,0.9782704412364113,0.06725932869430318,12000.0,7.842007160186768,2.3000006675720215,0.0,0.0
FL,band,2,A,A,ID,28_11,371,91,0.9534373981813334,0.9866593621842061,0.2463294231968003,12000.0,22.65881633758545,0.900001049041748,0.0,0.0
FL,band,2,A,A,ID,28_16,291,385,0.7485607176328826,0.6987225425878179,0.2785330128915243,12000.0,6.564226388931274,0.7500002384185791,0.0,0.0
FL,band,2,A,AE,OOD,20_15,47,100,0.9774468085106383,0.9408451024914527,0.1904464320677894,12000.0,0.0,0.9000000953674316,0.0,1.0
FL,band,2,A,AE,OOD,21_16,551,86,0.9497108850715401,0.9900523215665089,0.07975562019792173,24000.0,4.1797003746032715,1.2000001668930054,0.0,0.0
FL,band,2,A,AE,OOD,22_17,171,81,0.8922099487401632,0.9473493782016942,0.18539784796927666,24000.0,10.738409519195557,2.1000003814697266,0.0,0.0
FL,band,2,A,AE,OOD,24_17,127,352,0.9748568360773086,0.955514251936641,0.11678587080871551,12000.0,23.484689712524414,1.9999990463256836,0.0,0.0
FL,band,2,A,AE,OOD,24_18,67,185,0.9311012505042355,0.8145965217979548,0.13683805302577387,12000.0,27.04065704345703,3.09999942779541,0.0,0.0
FL,band,2,A,AE,OOD,26_13,270,93,0.9404619673436879,0.9779755184893195,0.453343921918634,6000.0,9.896856307983398,2.0,0.0,0.0011111111109918812
FL,band,2,A,AE,OOD,27_11,93,73,0.8046840477242598,0.857482958315789,0.2623886226362189,12000.0,11.209413051605225,0.8999996185302734,0.0,0.0011111111110373559
FL,band,2,A,AE,OOD,27_15,242,68,0.9916140009722898,0.9976378231537639,0.032736793066972275,12000.0,15.635388851165771,1.950000286102295,0.0,0.008888888888526222
FL,band,2,A,AE,OOD,27_16,334,103,0.9688971571420266,0.9898872313439305,0.06725932869430318,12000.0,7.5287957191467285,1.7000000476837158,0.0,0.0
FL,band,2,A,AE,OOD,27_9,127,104,0.9999999999999999,1.0,0.3039534517150772,12000.0,0.11687959730625153,0.6999999284744263,0.0,0.33888888888914537
FL,band,2,A,AE,OOD,28_16,204,240,0.7476511437908497,0.7210087726646124,0.2785330128915243,12000.0,6.275692462921143,0.8000001907348633,0.0,0.0
FL,band,2,A,AE,OOD,28_9,224,194,0.9547358247422681,0.9583015593880755,0.3039534517150772,6000.0,0.46771861612796783,0.7000000476837158,0.0,0.11166666666687128
FL,band,2,A,AE,OOD,29_5,76,124,0.9948005093378608,0.993229143962234,,6000.0,0.0,0.5999999344348907,0.0,1.0
FL,band,2,A,AE,OOD,29_6,25,25,1.0,1.0000000000000002,,6000.0,0.0,1.6999999284744263,0.0,0.9944444444444344
FL,band,2,A,AE,OOD,30_7,1141,248,0.8221919086257103,0.9481939204716074,,24000.0,0.10000000149011612,0.2999999523162842,0.0,0.26666666666536676
FL,band,2,A,AE,OOD,31_11,41,132,0.7087952697708796,0.39129002745500924,0.3742745554838165,12000.0,5.089451789855957,0.6999998092651367,0.0,0.043333333333230854
FL,band,2,AE,A,OOD,18_18,101,298,0.9785367798524819,0.9498081880624882,0.2859889626143453,12000.0,65.2738037109375,7.5,0.0,0.0
FL,band,2,AE,A,OOD,20_17,202,84,0.9428335690711929,0.9783917854957406,0.6825807301436665,12000.0,19.70164680480957,3.0,0.0,0.0
FL,band,2,AE,A,OOD,21_16,900,69,0.9535265700483091,0.9948168743678596,0.07975562019792173,24000.0,4.437525749206543,1.2000000476837158,0.0,0.0
FL,band,2,AE,A,OOD,22_17,480,138,0.9552234299516909,0.9863374319561236,0.18539784796927666,24000.0,10.53068494796753,2.0,0.0,0.0
FL,band,2,AE,A,OOD,22_18,104,116,0.9799403183023874,0.9765439984911601,0.18539784796927666,12000.0,40.21282386779785,6.550000190734863,0.0,0.003888888888805065
FL,band,2,AE,A,OOD,24_17,452,109,0.9436957051230007,0.9870073250214546,0.11678587080871551,12000.0,25.082683563232422,1.2999992370605469,0.0,0.0
FL,band,2,AE,A,OOD,24_18,30,48,0.8895833333333333,0.7733934002843224,0.13683805302577387,12000.0,27.157628059387207,2.3000001907348633,0.0,0.0
FL,band,2,AE,A,OOD,26_13,43,38,0.923500611995104,0.9435184039873648,0.453343921918634,6000.0,10.382599830627441,2.3999996185302734,0.0,0.0
FL,band,2,AE,A,OOD,26_19,81,54,0.9071787837219936,0.9262774998423899,0.03668747818753617,12000.0,4.604562759399414,2.4000000953674316,0.0,0.0
FL,band,2,AE,A,OOD,27_11,298,525,0.7268200703100032,0.6474076349466024,0.2623886226362189,12000.0,11.466715812683105,0.9000005722045898,0.0,0.0
FL,band,2,AE,A,OOD,27_15,374,344,0.9845634871284666,0.9877409834865603,0.032736793066972275,12000.0,18.794620513916016,3.450000286102295,0.0,0.0
FL,band,2,AE,A,OOD,27_16,516,364,0.9644134934832609,0.9753085397057792,0.06725932869430318,12000.0,7.842007160186768,2.3000006675720215,0.0,0.0
FL,band,2,AE,A,OOD,28_11,371,91,0.9334735345517018,0.9807472373690709,0.2463294231968003,12000.0,22.65881633758545,0.900001049041748,0.0,0.0
FL,band,2,AE,A,OOD,28_16,291,385,0.786254295532646,0.7482464825725289,0.2785330128915243,12000.0,6.564226388931274,0.7500002384185791,0.0,0.0
FL,band,2,AE,AE,ID,20_15,47,100,0.97,0.9111197525033268,0.1904464320677894,12000.0,0.0,0.9000000953674316,0.0,1.0
FL,band,2,AE,AE,ID,21_16,551,86,0.9326805385556914,0.9855704926081665,0.07975562019792173,24000.0,4.1797003746032715,1.2000001668930054,0.0,0.0
FL,band,2,AE,AE,ID,22_17,171,81,0.9745144754891343,0.988408445018133,0.18539784796927666,24000.0,10.738409519195557,2.1000003814697266,0.0,0.0
FL,band,2,AE,AE,ID,24_17,127,352,0.9752594846098783,0.9565939561357797,0.11678587080871551,12000.0,23.484689712524414,1.9999990463256836,0.0,0.0
FL,band,2,AE,AE,ID,24_18,67,185,0.9383622428398548,0.7999886322027858,0.13683805302577387,12000.0,27.04065704345703,3.09999942779541,0.0,0.0
FL,band,2,AE,AE,ID,26_13,270,93,0.9505774591796097,0.9825058165969124,0.453343921918634,6000.0,9.896856307983398,2.0,0.0,0.0011111111109918812
FL,band,2,AE,AE,ID,27_11,93,73,0.682132861982619,0.7654770124152197,0.2623886226362189,12000.0,11.209413051605225,0.8999996185302734,0.0,0.0011111111110373559
FL,band,2,AE,AE,ID,27_15,242,68,0.989365580943121,0.9971642816799042,0.032736793066972275,12000.0,15.635388851165771,1.950000286102295,0.0,0.008888888888526222
FL,band,2,AE,AE,ID,27_16,334,103,0.9611941166211266,0.9870704737497036,0.06725932869430318,12000.0,7.5287957191467285,1.7000000476837158,0.0,0.0
FL,band,2,AE,AE,ID,27_9,127,104,1.0,1.0,0.3039534517150772,12000.0,0.11687959730625153,0.6999999284744263,0.0,0.33888888888914537
FL,band,2,AE,AE,ID,28_16,204,240,0.8074754901960784,0.7963164876228517,0.2785330128915243,12000.0,6.275692462921143,0.8000001907348633,0.0,0.0
FL,band,2,AE,AE,ID,28_9,224,194,0.9662877393225332,0.9695401912223478,0.3039534517150772,6000.0,0.46771861612796783,0.7000000476837158,0.0,0.11166666666687128
FL,band,2,AE,AE,ID,29_5,76,124,0.9961799660441427,0.9947234306502042,,6000.0,0.0,0.5999999344348907,0.0,1.0
FL,band,2,AE,AE,ID,29_6,25,25,1.0,1.0,,6000.0,0.0,1.6999999284744263,0.0,0.9944444444444344
FL,band,2,AE,AE,ID,30_7,1141,248,0.8416782109637839,0.9563298286566032,,24000.0,0.10000000149011612,0.2999999523162842,0.0,0.26666666666536676
FL,band,2,AE,AE,ID,31_11,41,132,0.7718033998521803,0.5615985040854049,0.3742745554838165,12000.0,5.089451789855957,0.6999998092651367,0.0,0.043333333333230854
FL,band,3,A,A,ID,16_17,62,366,0.969460602855632,0.9044217098788222,0.2084060214673994,12000.0,27.97267246246338,5.1000001430511475,0.0,0.0
FL,band,3,A,A,ID,17_17,60,283,0.9845111896348646,0.9327962660752925,0.7830257529484034,12000.0,38.56755828857422,4.349999904632568,0.0,0.0
FL,band,3,A,A,ID,17_18,50,360,0.9765555555555556,0.8947067118931302,0.8215066262225971,24000.0,57.438615798950195,8.10000228881836,0.0,0.0
FL,band,3,A,A,ID,18_17,42,282,0.9889395474501858,0.941880746157953,0.2859889626143453,12000.0,33.229766845703125,4.599998474121094,0.0,0.0
FL,band,3,A,A,ID,19_17,326,141,0.9854457642605404,0.9935477145617702,0.2859889626143453,12000.0,10.039474487304688,1.5,0.0,0.0
FL,band,3,A,A,ID,19_18,119,34,0.9943153732081067,0.9983542676856301,0.8183753064621511,12000.0,24.37411117553711,2.8000001907348633,0.0,0.0
FL,band,3,A,A,ID,25_17,330,182,0.9792041292041291,0.9874925451527276,0.16729524407643967,12000.0,33.030134201049805,1.0,0.0,0.0
FL,band,3,A,A,ID,26_14,53,26,0.9586357039187228,0.9815492267153921,0.1440938771548217,6000.0,11.635262489318848,2.299999952316284,0.0,0.0
FL,band,3,A,A,ID,26_16,498,215,0.9667507238255346,0.9838384879023816,0.2069894435518293,12000.0,26.203073501586914,1.3999996185302734,0.0,0.0
FL,band,3,A,A,ID,27_18,130,229,0.9469264360094054,0.9192027043690801,0.03668747818753617,12000.0,5.799225807189941,1.4000000953674316,0.0,0.0
FL,band,3,A,A,ID,28_12,317,130,0.9375394321766561,0.969926781589173,0.15984675710927612,12000.0,25.642684936523438,1.8999996185302734,0.0,0.004444444444422272
FL,band,3,A,A,ID,28_13,195,84,0.934126984126984,0.9688741595682676,0.11288208201785273,24000.0,20.183509826660156,1.7000007629394531,0.0,0.012222222222274934
FL,band,3,A,A,ID,28_14,69,84,0.93391994478951,0.925841456845881,0.2632278699245747,12000.0,21.486988067626953,2.299999237060547,0.0,0.02444444444427702
FL,band,3,A,A,ID,28_15,574,243,0.8665419193874477,0.9416686074661701,0.16497527655276623,24000.0,8.89307975769043,1.799999713897705,0.0,0.0
FL,band,3,A,A,ID,28_17,51,66,0.9747474747474748,0.9719962301574137,0.22279505208131747,12000.0,8.745779037475586,1.4000000953674316,0.0,0.010000000000018324
FL,band,3,A,A,ID,29_13,298,44,0.732992678462477,0.9507570561132302,0.25825670222051667,24000.0,6.346166133880615,0.6999998092651367,0.0,0.0033333333333091246
FL,band,3,A,A,ID,29_15,229,96,0.932905749636099,0.9683048467143061,0.16497527655276623,12000.0,2.84047794342041,1.0,0.0,0.01888888888895382
FL,band,3,A,A,ID,30_13,71,73,0.8996720046305229,0.9000796847639092,0.25825670222051667,12000.0,6.230679035186768,0.6000003814697266,0.0,0.02111111111017967
FL,band,3,A,A,ID,31_7,103,74,0.7566255575964314,0.7492266381533599,,12000.0,0.10000000149011612,0.3999999761581421,0.0,0.9177777777775077
FL,band,3,A,AE,OOD,16_17,141,270,0.9711846598371421,0.949583909332397,0.2084060214673994,12000.0,25.29342269897461,3.700000762939453,0.0,0.0
FL,band,3,A,AE,OOD,17_17,207,596,0.9691421067989495,0.9207813918968594,0.7830257529484034,12000.0,34.55916213989258,4.0,0.0,0.0
FL,band,3,A,AE,OOD,17_18,61,140,0.9826697892271663,0.9620746120043391,0.8215066262225971,24000.0,51.796546936035156,7.0,0.0,0.0
FL,band,3,A,AE,OOD,18_17,43,146,0.9955399808856324,0.9871125107710251,0.2859889626143453,12000.0,22.819414138793945,2.8000030517578125,0.0,0.0
FL,band,3,A,AE,OOD,19_17,351,60,0.9939696106362773,0.9989351984429459,0.2859889626143453,12000.0,8.931045532226562,1.299999713897705,0.0,0.0
FL,band,3,A,AE,OOD,25_17,109,131,0.9738076896141187,0.9694196506490158,0.16729524407643967,12000.0,25.795095443725586,1.1499996185302734,0.0,0.0
FL,band,3,A,AE,OOD,26_14,680,68,0.9873269896193773,0.9987675204411092,0.1440938771548217,6000.0,11.647686958312988,1.9000000953674316,0.0,0.0
FL,band,3,A,AE,OOD,26_16,200,61,0.9745901639344262,0.9926257148051651,0.2069894435518293,12000.0,23.33501434326172,1.0,0.0,0.0
FL,band,3,A,AE,OOD,27_18,118,189,0.9333692045556452,0.9200234052115291,0.03668747818753617,12000.0,5.620376110076904,1.2000000476837158,0.0,0.0
FL,band,3,A,AE,OOD,28_12,249,68,0.9147176943066384,0.9684639120969275,0.15984675710927612,12000.0,24.739072799682617,1.4000015258789062,0.0,0.006666666666709198
FL,band,3,A,AE,OOD,28_13,686,146,0.9210631414992612,0.9801924455726879,0.11288208201785273,24000.0,18.72522258758545,0.8999996185302734,0.0,0.03333333333290935
FL,band,3,A,AE,OOD,28_14,425,186,0.9506135357368753,0.9770722828737355,0.2632278699245747,12000.0,19.808990478515625,0.9000000357627869,0.0,0.0777777777784357
FL,band,3,A,AE,OOD,28_15,392,104,0.8449028649921507,0.9564385168533066,0.16497527655276623,24000.0,8.638687133789062,1.3000001907348633,0.0,0.0
FL,band,3,A,AE,OOD,28_17,58,90,0.9603448275862069,0.9477300065001542,0.22279505208131747,6000.0,6.554019927978516,1.1999998092651367,0.0,0.015000000000118434
FL,band,3,A,AE,OOD,28_8,279,94,0.984824220239457,0.9911892359000354,0.4495251317805067,12000.0,0.3889501392841339,0.5,0.0,0.11555555555607044
FL,band,3,A,AE,OOD,29_13,677,52,0.7627542324735825,0.9776032951979355,0.25825670222051667,24000.0,6.422877311706543,0.6000003814697266,0.0,0.0022222222221959776
FL,band,3,A,AE,OOD,29_15,177,176,0.9186890087313816,0.9181180027088616,0.16497527655276623,12000.0,1.9485689401626587,1.0500001907348633,0.0,0.021111111111119477
FL,band,3,A,AE,OOD,29_7,36,44,0.9999999999999999,1.0,,24000.0,0.0,0.40000003576278687,0.0,1.0
FL,band,3,A,AE,OOD,30_13,201,189,0.9088420332201426,0.9042829206984245,0.25825670222051667,12000.0,6.237838268280029,0.6000003814697266,0.0,0.02888888888910856
FL,band,3,A,AE,OOD,30_14,72,152,0.9680190058479531,0.9553360188493708,0.25825670222051667,12000.0,0.0,0.0,0.0,1.0
FL,band,3,A,AE,OOD,31_7,227,456,0.7229596568513796,0.43485473923485585,,12000.0,0.10000000149011612,0.3000001907348633,0.0,0.9711111111109376
FL,band,3,A,AE,OOD,31_8,179,172,0.8393205144861634,0.7863590336625972,,12000.0,1.0299999713897705,0.5,0.0,0.9066666666677102
FL,band,3,AE,A,OOD,16_17,62,366,0.9748369469416533,0.891526328482432,0.2084060214673994,12000.0,27.97267246246338,5.1000001430511475,0.0,0.0
FL,band,3,AE,A,OOD,17_17,60,283,0.9769140164899882,0.9055717301946233,0.7830257529484034,12000.0,38.56755828857422,4.349999904632568,0.0,0.0
FL,band,3,AE,A,OOD,17_18,50,360,0.9796666666666666,0.8717090527693706,0.8215066262225971,24000.0,57.438615798950195,8.10000228881836,0.0,0.0
FL,band,3,AE,A,OOD,18_17,42,282,0.9858156028368794,0.9382083197169347,0.2859889626143453,12000.0,33.229766845703125,4.599998474121094,0.0,0.0
FL,band,3,AE,A,OOD,19_17,326,141,0.9796153678806073,0.9909675837916884,0.2859889626143453,12000.0,10.039474487304688,1.5,0.0,0.0
FL,band,3,AE,A,OOD,19_18,119,34,0.9928324270884824,0.9978588013939176,0.8183753064621511,12000.0,24.37411117553711,2.8000001907348633,0.0,0.0
FL,band,3,AE,A,OOD,25_17,330,182,0.9819180819180819,0.9862313921829275,0.16729524407643967,12000.0,33.030134201049805,1.0,0.0,0.0
FL,band,3,AE,A,OOD,26_14,53,26,0.9731494920174166,0.9892386382439105,0.1440938771548217,6000.0,11.635262489318848,2.299999952316284,0.0,0.0
FL,band,3,AE,A,OOD,26_16,498,215,0.9691136639581582,0.9866439385462422,0.2069894435518293,12000.0,26.203073501586914,1.3999996185302734,0.0,0.0
FL,band,3,AE,A,OOD,27_18,130,229,0.9611689620423245,0.9489159314356503,0.03668747818753617,12000.0,5.799225807189941,1.4000000953674316,0.0,0.0
FL,band,3,AE,A,OOD,28_12,317,130,0.9496724096093181,0.9788471130598646,0.15984675710927612,12000.0,25.642684936523438,1.8999996185302734,0.0,0.004444444444422272
FL,band,3,AE,A,OOD,28_13,195,84,0.9385225885225885,0.9722679408299062,0.11288208201785273,24000.0,20.183509826660156,1.7000007629394531,0.0,0.012222222222274934
FL,band,3,AE,A,OOD,28_14,69,84,0.9384057971014493,0.9214424054080971,0.2632278699245747,12000.0,21.486988067626953,2.299999237060547,0.0,0.02444444444427702
FL,band,3,AE,A,OOD,28_15,574,243,0.8950330508596092,0.9543248999802114,0.16497527655276623,24000.0,8.89307975769043,1.799999713897705,0.0,0.0
FL,band,3,AE,A,OOD,28_17,51,66,0.9483065953654188,0.9413637139603238,0.22279505208131747,12000.0,8.745779037475586,1.4000000953674316,0.0,0.010000000000018324
FL,band,3,AE,A,OOD,29_13,298,44,0.809411226357535,0.9663759596895598,0.25825670222051667,24000.0,6.346166133880615,0.6999998092651367,0.0,0.0033333333333091246
FL,band,3,AE,A,OOD,29_15,229,96,0.956377365356623,0.9806820307348444,0.16497527655276623,12000.0,2.84047794342041,1.0,0.0,0.01888888888895382
FL,band,3,AE,A,OOD,30_13,71,73,0.9087401119043026,0.9215058461272863,0.25825670222051667,12000.0,6.230679035186768,0.6000003814697266,0.0,0.02111111111017967
FL,band,3,AE,A,OOD,31_7,103,74,0.9155077407504592,0.9367971456871651,,12000.0,0.10000000149011612,0.3999999761581421,0.0,0.9177777777775077
FL,band,3,AE,AE,ID,16_17,141,270,0.9772261623325453,0.9552556610854185,0.2084060214673994,12000.0,25.29342269897461,3.700000762939453,0.0,0.0
FL,band,3,AE,AE,ID,17_17,207,596,0.9693204292708231,0.9100604859837979,0.7830257529484034,12000.0,34.55916213989258,4.0,0.0,0.0
FL,band,3,AE,AE,ID,17_18,61,140,0.9792740046838408,0.9561440894879054,0.8215066262225971,24000.0,51.796546936035156,7.0,0.0,0.0
FL,band,3,AE,AE,ID,18_17,43,146,0.990920675374323,0.9745444436554671,0.2859889626143453,12000.0,22.819414138793945,2.8000030517578125,0.0,0.0
FL,band,3,AE,AE,ID,19_17,351,60,0.9915954415954416,0.9985513541182367,0.2859889626143453,12000.0,8.931045532226562,1.299999713897705,0.0,0.0
FL,band,3,AE,AE,ID,25_17,109,131,0.9808810140766161,0.9760289044163899,0.16729524407643967,12000.0,25.795095443725586,1.1499996185302734,0.0,0.0
FL,band,3,AE,AE,ID,26_14,680,68,0.9896410034602076,0.9989681955023119,0.1440938771548217,6000.0,11.647686958312988,1.9000000953674316,0.0,0.0
FL,band,3,AE,AE,ID,26_16,200,61,0.9765573770491803,0.9932988411418335,0.2069894435518293,12000.0,23.33501434326172,1.0,0.0,0.0
FL,band,3,AE,AE,ID,27_18,118,189,0.9381669805398618,0.9197210513596668,0.03668747818753617,12000.0,5.620376110076904,1.2000000476837158,0.0,0.0
FL,band,3,AE,AE,ID,28_12,249,68,0.9402905740609496,0.9814244815358116,0.15984675710927612,12000.0,24.739072799682617,1.4000015258789062,0.0,0.006666666666709198
FL,band,3,AE,AE,ID,28_13,686,146,0.9242282040017572,0.9807867646888688,0.11288208201785273,24000.0,18.72522258758545,0.8999996185302734,0.0,0.03333333333290935
FL,band,3,AE,AE,ID,28_14,425,186,0.9563314358001265,0.9760860188013798,0.2632278699245747,12000.0,19.808990478515625,0.9000000357627869,0.0,0.0777777777784357
FL,band,3,AE,AE,ID,28_15,392,104,0.8835606357927787,0.9665885823988503,0.16497527655276623,24000.0,8.638687133789062,1.3000001907348633,0.0,0.0
FL,band,3,AE,AE,ID,28_17,58,90,0.9544061302681992,0.9399561580231499,0.22279505208131747,6000.0,6.554019927978516,1.1999998092651367,0.0,0.015000000000118434
FL,band,3,AE,AE,ID,28_8,279,94,0.9938991840158621,0.9975962032582285,0.4495251317805067,12000.0,0.3889501392841339,0.5,0.0,0.11555555555607044
FL,band,3,AE,AE,ID,29_13,677,52,0.8067265083513238,0.9822290948777862,0.25825670222051667,24000.0,6.422877311706543,0.6000003814697266,0.0,0.0022222222221959776
FL,band,3,AE,AE,ID,29_15,177,176,0.9428929121725732,0.945197347958419,0.16497527655276623,12000.0,1.9485689401626587,1.0500001907348633,0.0,0.021111111111119477
FL,band,3,AE,AE,ID,29_7,36,44,1.0,1.0,,24000.0,0.0,0.40000003576278687,0.0,1.0
FL,band,3,AE,AE,ID,30_13,201,189,0.9346652978493775,0.9427147935105638,0.25825670222051667,12000.0,6.237838268280029,0.6000003814697266,0.0,0.02888888888910856
FL,band,3,AE,AE,ID,30_14,72,152,0.9598866959064327,0.9326671191175375,0.25825670222051667,12000.0,0.0,0.0,0.0,1.0
FL,band,3,AE,AE,ID,31_7,227,456,0.855726872246696,0.7424091728781052,,12000.0,0.10000000149011612,0.3000001907348633,0.0,0.9711111111109376
FL,band,3,AE,AE,ID,31_8,179,172,0.8653046641548656,0.8598272585311065,,12000.0,1.0299999713897705,0.5,0.0,0.9066666666677102
FL,shadedX,0,A,A,ID,23_16,33,159,0.9089003239946636,0.8437837430001206,0.031565413329493905,12000.0,5.2238287925720215,1.8000001907348633,0.0,0.0
FL,shadedX,0,A,A,ID,23_18,94,39,0.8248772504091654,0.9083389591432922,0.17492219653502322,24000.0,26.487688064575195,3.3000030517578125,0.0,0.0
FL,shadedX,0,A,A,ID,25_16,197,375,0.9154517766497462,0.8944446320298789,0.16729524407643967,12000.0,9.624789237976074,1.4500007629394531,0.0,0.0
FL,shadedX,0,A,A,ID,26_15,125,74,0.7242162162162162,0.8346322109104076,0.032736793066972275,12000.0,15.166747093200684,2.1000003814697266,0.0,0.0
FL,shadedX,0,A,A,ID,27_13,581,28,0.8621834275879027,0.9924580712400459,0.15984675710927612,24000.0,30.924741744995117,2.0,0.0,0.0
FL,shadedX,0,A,A,ID,29_10,323,1047,0.926095788941425,0.8984315271495192,0.20628257277623194,24000.0,4.394521236419678,0.5999999046325684,0.0,0.0
FL,shadedX,0,A,A,ID,30_12,467,125,0.9725567451820128,0.9929206914627697,0.1275874707130689,24000.0,7.077000141143799,0.8999996185302734,0.0,0.004444444444498063
FL,shadedX,0,A,A,ID,31_10,65,62,0.9535980148883374,0.9726225124868872,0.018654058711205707,6000.0,3.4523444175720215,0.9000000953674316,17.0,0.0777777777770108
FL,shadedX,0,A,AE,OOD,23_16,127,146,0.9312911228562184,0.9444588561298273,0.031565413329493905,12000.0,4.815462112426758,1.6999998092651367,0.0,0.0
FL,shadedX,0,A,AE,OOD,23_18,87,49,0.8318085855031668,0.9155037846831033,0.2211789203462979,24000.0,26.785258293151855,3.59999942779541,0.0,0.0
FL,shadedX,0,A,AE,OOD,25_16,134,240,0.9175062189054727,0.9137645697450592,0.17568605152900577,12000.0,9.914912700653076,1.3500006198883057,0.0,0.0
FL,shadedX,0,A,AE,OOD,26_11,48,139,0.6895983213429256,0.5608156998174351,0.32978745236974377,6000.0,3.058377504348755,1.5,14.0,0.022222222222293257
FL,shadedX,0,A,AE,OOD,26_12,295,650,0.6232073011734028,0.5187967498240069,0.9910530477501255,6000.0,3.1561710834503174,1.3000001907348633,34.0,0.014444444444622492
FL,shadedX,0,A,AE,OOD,26_18,37,34,0.8505564387917328,0.8891511701964954,0.1690305949906459,12000.0,17.66876220703125,0.8999996185302734,0.0,0.0
FL,shadedX,0,A,AE,OOD,27_10,469,1295,0.6711725432407736,0.419040294712057,0.1428175559815026,6000.0,2.9404444694519043,0.7000002861022949,3.5,0.00888888888887486
FL,shadedX,0,A,AE,OOD,27_13,262,57,0.8796035891254854,0.9737376986166195,0.15984675710927612,24000.0,31.24258804321289,2.200000762939453,0.0,0.0
FL,shadedX,0,A,AE,OOD,29_10,373,911,0.9088324705785411,0.9059235262316647,0.20628257277623194,24000.0,4.418637752532959,0.5999999046325684,0.0,0.0
FL,shadedX,0,A,AE,OOD,30_12,406,127,0.9766494705403204,0.9931248491713102,0.1275874707130689,24000.0,6.922450065612793,0.7999997138977051,0.0,0.0033333333333091246
FL,shadedX,0,A,AE,OOD,31_10,111,63,0.9589589589589589,0.9824975717236575,0.018654058711205707,6000.0,3.6300833225250244,0.7999999523162842,0.5,0.0872222222210633
FL,shadedX,0,AE,A,OOD,23_16,33,159,0.9616923956546599,0.902448556506915,0.031565413329493905,12000.0,5.2238287925720215,1.8000001907348633,0.0,0.0
FL,shadedX,0,AE,A,OOD,23_18,94,39,0.8671576650300055,0.9382285437185962,0.17492219653502322,24000.0,26.487688064575195,3.3000030517578125,0.0,0.0
FL,shadedX,0,AE,A,OOD,25_16,197,375,0.900087986463621,0.8718989939368561,0.16729524407643967,12000.0,9.624789237976074,1.4500007629394531,0.0,0.0
FL,shadedX,0,AE,A,OOD,26_15,125,74,0.8128648648648649,0.8858451222466395,0.032736793066972275,12000.0,15.166747093200684,2.1000003814697266,0.0,0.0
FL,shadedX,0,AE,A,OOD,27_13,581,28,0.7828866486353578,0.9870042567792753,0.15984675710927612,24000.0,30.924741744995117,2.0,0.0,0.0
FL,shadedX,0,AE,A,OOD,29_10,323,1047,0.903164281849069,0.8464453716366268,0.20628257277623194,24000.0,4.394521236419678,0.5999999046325684,0.0,0.0
FL,shadedX,0,AE,A,OOD,30_12,467,125,0.9270235546038543,0.9814281040171952,0.1275874707130689,24000.0,7.077000141143799,0.8999996185302734,0.0,0.004444444444498063
FL,shadedX,0,AE,A,OOD,31_10,65,62,0.9364764267990074,0.9604614626199455,0.018654058711205707,6000.0,3.4523444175720215,0.9000000953674316,17.0,0.0777777777770108
FL,shadedX,0,AE,AE,ID,23_16,127,146,0.913817279689354,0.9287906235416357,0.031565413329493905,12000.0,4.815462112426758,1.6999998092651367,0.0,0.0
FL,shadedX,0,AE,AE,ID,23_18,87,49,0.8946751114238798,0.9479736986827525,0.2211789203462979,24000.0,26.785258293151855,3.59999942779541,0.0,0.0
FL,shadedX,0,AE,AE,ID,25_16,134,240,0.9041666666666667,0.8844267495356185,0.17568605152900577,12000.0,9.914912700653076,1.3500006198883057,0.0,0.0
FL,shadedX,0,AE,AE,ID,26_11,48,139,0.8306354916067147,0.6848132219583517,0.32978745236974377,6000.0,3.058377504348755,1.5,14.0,0.022222222222293257
FL,shadedX,0,AE,AE,ID,26_12,295,650,0.695780964797914,0.5841516632561948,0.9910530477501255,6000.0,3.1561710834503174,1.3000001907348633,34.0,0.014444444444622492
FL,shadedX,0,AE,AE,ID,26_18,37,34,0.8322734499205088,0.8582785341556756,0.1690305949906459,12000.0,17.66876220703125,0.8999996185302734,0.0,0.0
FL,shadedX,0,AE,AE,ID,27_10,469,1295,0.7904602744688033,0.6393494487884703,0.1428175559815026,6000.0,2.9404444694519043,0.7000002861022949,3.5,0.00888888888887486
FL,shadedX,0,AE,AE,ID,27_13,262,57,0.7705905986339896,0.9458213895589558,0.15984675710927612,24000.0,31.24258804321289,2.200000762939453,0.0,0.0
FL,shadedX,0,AE,AE,ID,29_10,373,911,0.8842829521811166,0.8565867976583126,0.20628257277623194,24000.0,4.418637752532959,0.5999999046325684,0.0,0.0
FL,shadedX,0,AE,AE,ID,30_12,406,127,0.9107288313098794,0.9739156310794778,0.1275874707130689,24000.0,6.922450065612793,0.7999997138977051,0.0,0.0033333333333091246
FL,shadedX,0,AE,AE,ID,31_10,111,63,0.9415129415129415,0.972864743750368,0.018654058711205707,6000.0,3.6300833225250244,0.7999999523162842,0.5,0.0872222222210633
FL,shadedX,1,A,A,ID,19_16,25,64,0.930625,0.9174341455645805,0.11239476929864274,6000.0,3.1307246685028076,3.200000286102295,35.0,0.029999999999236426
FL,shadedX,1,A,A,ID,20_16,573,162,0.8051946652877428,0.9349404007850112,0.1904464320677894,12000.0,3.9179539680480957,1.0,0.0,0.0
FL,shadedX,1,A,A,ID,22_16,52,189,0.6010378510378511,0.45076668366515804,0.017150084265593363,24000.0,5.021458148956299,2.0,0.0,0.0
FL,shadedX,1,A,A,ID,23_17,637,408,0.7932865453873859,0.8601634889423955,0.031565413329493905,12000.0,10.399238586425781,1.6000003814697266,0.0,0.0
FL,shadedX,1,A,A,ID,24_15,32,316,0.782634493670886,0.470091106253252,0.044001914831197315,6000.0,3.581436514854431,2.0500001907348633,0.0,0.0
FL,shadedX,1,A,A,ID,24_16,1067,250,0.7877375820056232,0.9411978756037346,0.044001914831197315,12000.0,9.527291297912598,1.5,0.0,0.0
FL,shadedX,1,A,A,ID,25_15,541,212,0.8222456666550413,0.9232633756216997,0.07843489770263268,12000.0,3.981684923171997,1.0999999046325684,0.0,0.0
FL,shadedX,1,A,A,ID,27_14,338,61,0.9522262101076729,0.9909063291018315,0.05096279107270798,12000.0,19.809040069580078,1.1999988555908203,0.0,0.03666666666694607
FL,shadedX,1,A,A,ID,27_17,163,159,0.8887602731797661,0.9084722352338594,0.5346385850465465,12000.0,2.978466749191284,0.8999997973442078,0.0,0.004444444444391955
FL,shadedX,1,A,A,ID,28_10,194,846,0.7290646096853598,0.5793655171734652,0.20628257277623194,24000.0,6.1773645877838135,0.6999998092651367,0.0,0.01777777777784067
FL,shadedX,1,A,A,ID,29_11,815,105,0.7965410458661993,0.9686071894499244,0.053495674986241436,12000.0,8.65132761001587,0.5999994277954102,0.0,0.0033333333333091246
FL,shadedX,1,A,A,ID,29_14,149,923,0.7617340594937722,0.4799521417934969,0.25825670222051667,24000.0,3.4382513761520386,0.7999997138977051,0.0,0.0
FL,shadedX,1,A,A,ID,30_10,195,228,0.9749662618083671,0.971111662470194,0.018654058711205707,24000.0,3.4022879600524902,0.40000009536743164,0.0,0.04333333333356434
FL,shadedX,1,A,A,ID,30_11,383,614,0.8656755768363936,0.8541862307500017,0.018892666494895346,24000.0,5.454086780548096,0.40000009536743164,0.0,0.07444444444436867
FL,shadedX,1,A,AE,OOD,20_16,439,141,0.8207887041793891,0.9341436932097149,0.1904464320677894,12000.0,3.770999550819397,1.100000023841858,0.0,0.0
FL,shadedX,1,A,AE,OOD,22_16,91,141,0.6341672511885278,0.5756938537929679,0.017150084265593363,24000.0,4.7096521854400635,1.9000000953674316,0.0,0.0
FL,shadedX,1,A,AE,OOD,23_17,302,334,0.7888527580600389,0.7810194701369035,0.031565413329493905,12000.0,11.618378639221191,1.6499996185302734,0.0,0.0
FL,shadedX,1,A,AE,OOD,24_15,256,240,0.7145833333333333,0.7566264158939544,0.044001914831197315,6000.0,3.049898862838745,1.5,0.0,0.0
FL,shadedX,1,A,AE,OOD,24_16,153,229,0.7845991380540571,0.7440340645620789,0.044001914831197315,12000.0,5.08527398109436,1.3000001907348633,0.0,0.0
FL,shadedX,1,A,AE,OOD,25_15,469,146,0.8200046733066567,0.9340386780846119,0.07843489770263268,12000.0,4.038807392120361,0.8999996185302734,0.0,0.0
FL,shadedX,1,A,AE,OOD,27_14,444,40,0.9713963963963964,0.9973998494063886,0.05096279107270798,12000.0,19.951173782348633,1.3000011444091797,0.0,0.034999999999973185
FL,shadedX,1,A,AE,OOD,27_17,211,104,0.8405486693401387,0.9228174196969718,0.5346385850465465,12000.0,6.151000022888184,1.000000238418579,0.0,0.0044444444441494235
FL,shadedX,1,A,AE,OOD,28_10,123,719,0.6740278390266519,0.41447598290216386,0.1428175559815026,24000.0,5.787545680999756,0.7000000476837158,0.0,0.011666666666778996
FL,shadedX,1,A,AE,OOD,29_11,301,92,0.7636140401560018,0.9183570090173749,0.053495674986241436,12000.0,8.611153602600098,0.6000003814697266,0.0,0.001111111111113147
FL,shadedX,1,A,AE,OOD,29_14,743,762,0.8037112790241732,0.8226034232813196,0.25825670222051667,24000.0,3.1680262088775635,0.6999998092651367,0.0,0.005555555555656686
FL,shadedX,1,A,AE,OOD,30_10,840,177,0.9765738498789345,0.9947019945895266,0.018654058711205707,24000.0,2.740879535675049,0.39999985694885254,0.0,0.07222222222229396
FL,shadedX,1,A,AE,OOD,30_11,92,970,0.8544822949350068,0.6554794224168822,0.018892666494895346,24000.0,6.693464040756226,0.7999992370605469,0.0,0.013333333333418398
FL,shadedX,1,A,AE,OOD,31_9,319,3080,0.6499847331352033,0.2801796052518219,0.029188088072685917,6000.0,2.1541857719421387,0.6999998092651367,45.0,0.027777777777343606
FL,shadedX,1,AE,A,OOD,19_16,25,64,0.881875,0.8675006929087425,0.11239476929864274,6000.0,3.1307246685028076,3.200000286102295,35.0,0.029999999999236426
FL,shadedX,1,AE,A,OOD,20_16,573,162,0.7990218257815699,0.9272922211808543,0.1904464320677894,12000.0,3.9179539680480957,1.0,0.0,0.0
FL,shadedX,1,AE,A,OOD,22_16,52,189,0.6312576312576312,0.41457368070664347,0.017150084265593363,24000.0,5.021458148956299,2.0,0.0,0.0
FL,shadedX,1,AE,A,OOD,23_17,637,408,0.8214901345153446,0.8743925475548016,0.031565413329493905,12000.0,10.399238586425781,1.6000003814697266,0.0,0.0
FL,shadedX,1,AE,A,OOD,24_15,32,316,0.805379746835443,0.5027063143820073,0.044001914831197315,6000.0,3.581436514854431,2.0500001907348633,0.0,0.0
FL,shadedX,1,AE,A,OOD,24_16,1067,250,0.696174320524836,0.902951398901057,0.044001914831197315,12000.0,9.527291297912598,1.5,0.0,0.0
FL,shadedX,1,AE,A,OOD,25_15,541,212,0.7727042862623374,0.8761603468158927,0.07843489770263268,12000.0,3.981684923171997,1.0999999046325684,0.0,0.0
FL,shadedX,1,AE,A,OOD,27_14,338,61,0.9223009021243574,0.9856222400308678,0.05096279107270798,12000.0,19.809040069580078,1.1999988555908203,0.0,0.03666666666694607
FL,shadedX,1,AE,A,OOD,27_17,163,159,0.9002199328625998,0.9177470858792477,0.5346385850465465,12000.0,2.978466749191284,0.8999997973442078,0.0,0.004444444444391955
FL,shadedX,1,AE,A,OOD,28_10,194,846,0.6804611147668836,0.27401404417664427,0.20628257277623194,24000.0,6.1773645877838135,0.6999998092651367,0.0,0.01777777777784067
FL,shadedX,1,AE,A,OOD,29_11,815,105,0.8171311714869997,0.9728333454214799,0.053495674986241436,12000.0,8.65132761001587,0.5999994277954102,0.0,0.0033333333333091246
FL,shadedX,1,AE,A,OOD,29_14,149,923,0.7458753553847608,0.49333162631815086,0.25825670222051667,24000.0,3.4382513761520386,0.7999997138977051,0.0,0.0
FL,shadedX,1,AE,A,OOD,30_10,195,228,0.9629104813315339,0.9516068697176746,0.018654058711205707,24000.0,3.4022879600524902,0.40000009536743164,0.0,0.04333333333356434
FL,shadedX,1,AE,A,OOD,30_11,383,614,0.8922062237946607,0.8766104574868148,0.018892666494895346,24000.0,5.454086780548096,0.40000009536743164,0.0,0.07444444444436867
FL,shadedX,1,AE,AE,ID,20_16,439,141,0.8202878883342218,0.9306545180316237,0.1904464320677894,12000.0,3.770999550819397,1.100000023841858,0.0,0.0
FL,shadedX,1,AE,AE,ID,22_16,91,141,0.6725898215259918,0.5605898555309566,0.017150084265593363,24000.0,4.7096521854400635,1.9000000953674316,0.0,0.0
FL,shadedX,1,AE,AE,ID,23_17,302,334,0.804477138438355,0.7942842347883031,0.031565413329493905,12000.0,11.618378639221191,1.6499996185302734,0.0,0.0
FL,shadedX,1,AE,AE,ID,24_15,256,240,0.7600423177083333,0.8200158721329276,0.044001914831197315,6000.0,3.049898862838745,1.5,0.0,0.0
FL,shadedX,1,AE,AE,ID,24_16,153,229,0.7083654422467677,0.6455931562270685,0.044001914831197315,12000.0,5.08527398109436,1.3000001907348633,0.0,0.0
FL,shadedX,1,AE,AE,ID,25_15,469,146,0.7728042760755907,0.9048045676244074,0.07843489770263268,12000.0,4.038807392120361,0.8999996185302734,0.0,0.0
FL,shadedX,1,AE,AE,ID,27_14,444,40,0.9490427927927929,0.9948660167495411,0.05096279107270798,12000.0,19.951173782348633,1.3000011444091797,0.0,0.034999999999973185
FL,shadedX,1,AE,AE,ID,27_17,211,104,0.8840685380969742,0.9467585182208921,0.5346385850465465,12000.0,6.151000022888184,1.000000238418579,0.0,0.0044444444441494235
FL,shadedX,1,AE,AE,ID,28_10,123,719,0.6683514818458338,0.20636519316719729,0.1428175559815026,24000.0,5.787545680999756,0.7000000476837158,0.0,0.011666666666778996
FL,shadedX,1,AE,AE,ID,29_11,301,92,0.8151090567672974,0.9396882288732389,0.053495674986241436,12000.0,8.611153602600098,0.6000003814697266,0.0,0.001111111111113147
FL,shadedX,1,AE,AE,ID,29_14,743,762,0.8056100154371686,0.8295785385634024,0.25825670222051667,24000.0,3.1680262088775635,0.6999998092651367,0.0,0.005555555555656686
FL,shadedX,1,AE,AE,ID,30_10,840,177,0.9703524347592145,0.992610008188947,0.018654058711205707,24000.0,2.740879535675049,0.39999985694885254,0.0,0.07222222222229396
FL,shadedX,1,AE,AE,ID,30_11,92,970,0.892996414164052,0.6753797857749169,0.018892666494895346,24000.0,6.693464040756226,0.7999992370605469,0.0,0.013333333333418398
FL,shadedX,1,AE,AE,ID,31_9,319,3080,0.6526106338802264,0.24936462603816262,0.029188088072685917,6000.0,2.1541857719421387,0.6999998092651367,45.0,0.027777777777343606
FL,shadedX,2,A,A,ID,20_17,202,25,0.9112871287128713,0.9859428158077896,0.6825807301436665,12000.0,13.34676456451416,2.5,0.0,0.0
FL,shadedX,2,A,A,ID,21_16,900,171,0.8615984405458089,0.9622075380325388,0.07975562019792173,24000.0,4.266143321990967,1.2000000476837158,0.0,0.0
FL,shadedX,2,A,A,ID,22_17,480,598,0.8018290133779264,0.7985975689958396,0.18539784796927666,24000.0,4.964432001113892,1.8000000715255737,0.0,0.0
FL,shadedX,2,A,A,ID,24_17,452,452,0.9273729344506226,0.9483254525068863,0.11678587080871551,12000.0,19.073233604431152,1.9500007629394531,0.0,0.0
FL,shadedX,2,A,A,ID,24_18,30,185,0.7194594594594594,0.5501250968850703,0.13683805302577387,12000.0,23.310422897338867,2.6999988555908203,0.0,0.0
FL,shadedX,2,A,A,ID,26_13,43,388,0.7882402301606329,0.6134711697605221,0.453343921918634,6000.0,7.380136013031006,1.500000238418579,21.0,0.003333333333278808
FL,shadedX,2,A,A,ID,27_11,298,76,0.5276404097492053,0.8342404187519661,0.2623886226362189,12000.0,11.607794284820557,1.299999475479126,0.0,0.0
FL,shadedX,2,A,A,ID,27_16,516,42,0.8913344407530455,0.990567657817504,0.06725932869430318,12000.0,3.988136649131775,1.1499996185302734,0.0,0.002777777777691918
FL,shadedX,2,A,A,ID,28_11,371,137,0.9402286186475692,0.9773213596674067,0.2463294231968003,12000.0,19.590140342712402,1.0,0.0,0.0
FL,shadedX,2,A,A,ID,28_16,291,341,0.821023672037972,0.8079297257458776,0.2785330128915243,12000.0,3.6362972259521484,0.8999996185302734,0.0,0.0
FL,shadedX,2,A,AE,OOD,20_15,47,91,0.7699321954641103,0.5824049942569758,0.1904464320677894,12000.0,3.3155394792556763,1.2999998331069946,0.0,0.0
FL,shadedX,2,A,AE,OOD,21_16,551,123,0.8851607572337066,0.9642646482966046,0.07975562019792173,24000.0,4.155626058578491,1.2999999523162842,0.0,0.0
FL,shadedX,2,A,AE,OOD,22_17,171,458,0.8299241553665824,0.705883872797867,0.18539784796927666,24000.0,4.784827709197998,2.0999999046325684,0.0,0.0
FL,shadedX,2,A,AE,OOD,24_17,127,364,0.9363805485852731,0.9191568620289516,0.11678587080871551,12000.0,17.900943756103516,1.9000005722045898,0.0,0.0
FL,shadedX,2,A,AE,OOD,24_18,67,149,0.7313432835820896,0.6955912663966898,0.13683805302577387,12000.0,22.71467399597168,2.5500001907348633,0.0,0.0
FL,shadedX,2,A,AE,OOD,26_13,270,246,0.8463866305329719,0.8869769596212671,0.453343921918634,6000.0,8.17837142944336,1.7000007629394531,0.0,0.0011111111110828306
FL,shadedX,2,A,AE,OOD,27_11,93,73,0.5676830166445721,0.6959077048055488,0.2623886226362189,12000.0,11.703492641448975,1.6000001430511475,0.0,0.0
FL,shadedX,2,A,AE,OOD,27_9,127,66,0.8489620615604868,0.9204138402422315,0.3039534517150772,12000.0,1.4042375087738037,0.6999998092651367,5.0,0.032222222221250506
FL,shadedX,2,A,AE,OOD,28_11,111,73,0.933111193385166,0.9573278588221515,0.2463294231968003,12000.0,15.97403335571289,0.9500007629394531,0.0,0.0
FL,shadedX,2,A,AE,OOD,28_16,204,255,0.8120530565167244,0.7831413246351873,0.2785330128915243,12000.0,3.5451552867889404,0.7999999523162842,0.0,0.0
FL,shadedX,2,A,AE,OOD,28_9,224,738,0.7154290069686411,0.5042886711526615,0.3039534517150772,6000.0,3.1087985038757324,0.7999999523162842,38.5,0.01888888888877192
FL,shadedX,2,A,AE,OOD,31_11,41,281,0.8477562711570176,0.48959083569092093,0.3742745554838165,12000.0,2.370631217956543,0.6999998092651367,1.0,0.016666666666803314
FL,shadedX,2,AE,A,OOD,20_17,202,25,0.900990099009901,0.984850297930866,0.6825807301436665,12000.0,13.34676456451416,2.5,0.0,0.0
FL,shadedX,2,AE,A,OOD,21_16,900,171,0.8375048732943469,0.9490605575967824,0.07975562019792173,24000.0,4.266143321990967,1.2000000476837158,0.0,0.0
FL,shadedX,2,AE,A,OOD,22_17,480,598,0.8318979933110368,0.8318514500338188,0.18539784796927666,24000.0,4.964432001113892,1.8000000715255737,0.0,0.0
FL,shadedX,2,AE,A,OOD,24_17,452,452,0.9165361422194377,0.9399142264255671,0.11678587080871551,12000.0,19.073233604431152,1.9500007629394531,0.0,0.0
FL,shadedX,2,AE,A,OOD,24_18,30,185,0.7614414414414414,0.5419937226339612,0.13683805302577387,12000.0,23.310422897338867,2.6999988555908203,0.0,0.0
FL,shadedX,2,AE,A,OOD,26_13,43,388,0.8230040757612083,0.6042424286278331,0.453343921918634,6000.0,7.380136013031006,1.500000238418579,21.0,0.003333333333278808
FL,shadedX,2,AE,A,OOD,27_11,298,76,0.7941981631932179,0.9364101362053775,0.2623886226362189,12000.0,11.607794284820557,1.299999475479126,0.0,0.0
FL,shadedX,2,AE,A,OOD,27_16,516,42,0.9240956072351421,0.9934799860309803,0.06725932869430318,12000.0,3.988136649131775,1.1499996185302734,0.0,0.002777777777691918
FL,shadedX,2,AE,A,OOD,28_11,371,137,0.9362740275837644,0.9724444786820411,0.2463294231968003,12000.0,19.590140342712402,1.0,0.0,0.0
FL,shadedX,2,AE,A,OOD,28_16,291,341,0.8399492094204434,0.8315208783057957,0.2785330128915243,12000.0,3.6362972259521484,0.8999996185302734,0.0,0.0
FL,shadedX,2,AE,AE,ID,20_15,47,91,0.7446808510638299,0.5777950617485064,0.1904464320677894,12000.0,3.3155394792556763,1.2999998331069946,0.0,0.0
FL,shadedX,2,AE,AE,ID,21_16,551,123,0.8700810057102385,0.9573370666250571,0.07975562019792173,24000.0,4.155626058578491,1.2999999523162842,0.0,0.0
FL,shadedX,2,AE,AE,ID,22_17,171,458,0.8579892234224572,0.7815193971942489,0.18539784796927666,24000.0,4.784827709197998,2.0999999046325684,0.0,0.0
FL,shadedX,2,AE,AE,ID,24_17,127,364,0.9338928787747685,0.9014337612945797,0.11678587080871551,12000.0,17.900943756103516,1.9000005722045898,0.0,0.0
FL,shadedX,2,AE,AE,ID,24_18,67,149,0.8429329860763298,0.7646872317310037,0.13683805302577387,12000.0,22.71467399597168,2.5500001907348633,0.0,0.0
FL,shadedX,2,AE,AE,ID,26_13,270,246,0.8685185185185185,0.8876589250092439,0.453343921918634,6000.0,8.17837142944336,1.7000007629394531,0.0,0.0011111111110828306
FL,shadedX,2,AE,AE,ID,27_11,93,73,0.7843570481661511,0.8383856275130164,0.2623886226362189,12000.0,11.703492641448975,1.6000001430511475,0.0,0.0
FL,shadedX,2,AE,AE,ID,27_9,127,66,0.9118348842758291,0.9587490357148738,0.3039534517150772,12000.0,1.4042375087738037,0.6999998092651367,5.0,0.032222222221250506
FL,shadedX,2,AE,AE,ID,28_11,111,73,0.9470566456867827,0.9418872200641041,0.2463294231968003,12000.0,15.97403335571289,0.9500007629394531,0.0,0.0
FL,shadedX,2,AE,AE,ID,28_16,204,255,0.8394655901576317,0.8139782005481851,0.2785330128915243,12000.0,3.5451552867889404,0.7999999523162842,0.0,0.0
FL,shadedX,2,AE,AE,ID,28_9,224,738,0.7625096786682153,0.6218664577625179,0.3039534517150772,6000.0,3.1087985038757324,0.7999999523162842,38.5,0.01888888888877192
FL,shadedX,2,AE,AE,ID,31_11,41,281,0.8127766686919538,0.42512362626342454,0.3742745554838165,12000.0,2.370631217956543,0.6999998092651367,1.0,0.016666666666803314
FL,shadedX,3,A,A,ID,16_17,62,110,0.9042521994134898,0.8548350072106521,0.2084060214673994,12000.0,4.012842416763306,1.7000001668930054,0.0,0.0033333333331120674
FL,shadedX,3,A,A,ID,17_17,60,436,0.8466360856269113,0.4434748418790614,0.7830257529484034,12000.0,3.4698588848114014,1.9499998092651367,0.0,0.003333333333339441
FL,shadedX,3,A,A,ID,18_17,42,74,0.8381595881595881,0.7427285671856927,0.2859889626143453,12000.0,2.7622352838516235,2.2000001668930054,0.0,0.027777777777768044
FL,shadedX,3,A,A,ID,19_17,326,98,0.8064667584825341,0.9294956673147693,0.2859889626143453,12000.0,9.545742988586426,1.6000003814697266,0.0,0.0
FL,shadedX,3,A,A,ID,25_17,330,200,0.9187727272727272,0.9557344829086399,0.16729524407643967,12000.0,27.234856605529785,1.0999984741210938,0.0,0.0
FL,shadedX,3,A,A,ID,26_14,53,391,0.7849732181633934,0.503955895763918,0.1440938771548217,6000.0,12.819475173950195,2.600000262260437,0.0,0.0
FL,shadedX,3,A,A,ID,26_16,498,55,0.8115735669952536,0.9673631756870971,0.2069894435518293,12000.0,20.42094612121582,0.8999996185302734,0.0,0.0
FL,shadedX,3,A,A,ID,27_18,130,433,0.9222064309824126,0.8513844995404066,0.03668747818753617,12000.0,2.676913261413574,1.1000001430511475,0.0,0.007777777777852663
FL,shadedX,3,A,A,ID,28_12,317,49,0.8351895963432692,0.9719968775974425,0.15984675710927612,12000.0,24.21816062927246,1.0,0.0,0.007777777777807188
FL,shadedX,3,A,A,ID,28_13,195,138,0.8727238944630249,0.9099714498024347,0.11288208201785273,24000.0,19.225435256958008,1.7000007629394531,0.0,0.03888888888859635
FL,shadedX,3,A,A,ID,28_14,69,155,0.9120149602618046,0.8828901304991018,0.2632278699245747,12000.0,4.651289224624634,2.0,0.0,0.004444444444452588
FL,shadedX,3,A,A,ID,28_15,574,47,0.8195566758099192,0.9826114526541974,0.16497527655276623,24000.0,6.213963985443115,1.1999998092651367,0.0,0.0
FL,shadedX,3,A,A,ID,28_17,51,169,0.9250493096646943,0.8550812329444153,0.22279505208131747,12000.0,2.2716164588928223,1.8499999642372131,0.0,0.020555555554956573
FL,shadedX,3,A,A,ID,29_13,298,459,0.7165197175066894,0.6306298863994789,0.25825670222051667,24000.0,5.897425651550293,0.7000002861022949,0.0,0.0
FL,shadedX,3,A,A,ID,29_15,229,569,0.9299007682212723,0.8935476525360069,0.16497527655276623,12000.0,1.8149045705795288,1.3000000715255737,0.0,0.0
FL,shadedX,3,A,A,ID,30_13,71,412,0.7634691645015725,0.36265188704446394,0.25825670222051667,12000.0,6.029204368591309,0.8000001907348633,3.0,0.007777777777913295
FL,shadedX,3,A,A,ID,31_7,103,43,0.7882140438022128,0.923765919005991,,12000.0,0.785999983549118,0.40000003576278687,0.0,0.391111111111387
FL,shadedX,3,A,A,ID,31_8,167,265,0.8831544458253305,0.8616991644457443,,12000.0,1.7440348863601685,0.5999999046325684,20.5,0.01111111111131337
FL,shadedX,3,A,AE,OOD,16_17,141,106,0.9082697711762344,0.9231723666726255,0.2084060214673994,12000.0,3.771265745162964,1.3999996185302734,0.0,0.005555555555444469
FL,shadedX,3,A,AE,OOD,17_17,207,399,0.883355732325984,0.7900913877287424,0.7830257529484034,12000.0,3.658396363258362,2.1000001430511475,0.0,0.002222222221953446
FL,shadedX,3,A,AE,OOD,18_17,43,63,0.8711701734957549,0.8633686853620763,0.2859889626143453,12000.0,2.3692442178726196,1.9000000953674316,0.0,0.008333333333394078
FL,shadedX,3,A,AE,OOD,19_17,351,104,0.8031722550953321,0.9236290693672312,0.2859889626143453,12000.0,8.76377010345459,1.6000001430511475,0.0,0.0
FL,shadedX,3,A,AE,OOD,25_17,109,155,0.866528558745191,0.8689703560531661,0.16729524407643967,12000.0,25.82772922515869,1.3999996185302734,0.0,0.0
FL,shadedX,3,A,AE,OOD,26_14,680,290,0.762342799188641,0.8944198596489525,0.1440938771548217,6000.0,11.791487216949463,2.1000003814697266,0.0,0.0011111111110828306
FL,shadedX,3,A,AE,OOD,26_16,200,38,0.7923684210526317,0.938930991526878,0.2069894435518293,12000.0,19.777634620666504,0.5999999046325684,0.0,0.0022222222221959776
FL,shadedX,3,A,AE,OOD,27_18,118,310,0.8857025697102242,0.7840776983070201,0.03668747818753617,12000.0,2.6823872327804565,1.100000023841858,0.0,0.007222222222220298
FL,shadedX,3,A,AE,OOD,28_12,249,86,0.848230129821612,0.9446342401548327,0.15984675710927612,12000.0,25.201814651489258,1.3999996185302734,0.0,0.006666666666587932
FL,shadedX,3,A,AE,OOD,28_13,686,65,0.8681542946849068,0.9853200114119348,0.11288208201785273,24000.0,17.80158233642578,0.6999998092651367,0.0,0.08222222222222131
FL,shadedX,3,A,AE,OOD,28_14,425,108,0.87119825708061,0.9669238736079679,0.2632278699245747,12000.0,12.5674409866333,0.3000011444091797,0.0,0.2088888888884229
FL,shadedX,3,A,AE,OOD,28_15,392,54,0.7942649281934996,0.9672370931681842,0.16497527655276623,24000.0,6.546558618545532,1.0,0.0,0.0
FL,shadedX,3,A,AE,OOD,28_17,58,127,0.8806679337496606,0.8573982374671155,0.22279505208131747,6000.0,2.1987040042877197,1.500000238418579,0.0,0.02111111111063441
FL,shadedX,3,A,AE,OOD,28_8,279,117,0.7294672671016758,0.8847357301184167,0.4495251317805067,12000.0,1.2110499143600464,0.5000002384185791,0.0,0.048888888889145235
FL,shadedX,3,A,AE,OOD,29_13,677,404,0.6763860654898577,0.7825558696291885,0.25825670222051667,24000.0,5.961917400360107,0.6999998092651367,0.0,0.0
FL,shadedX,3,A,AE,OOD,29_15,177,438,0.891546061966308,0.8497731819816211,0.16497527655276623,12000.0,1.8249491453170776,1.2000000476837158,0.0,0.0
FL,shadedX,3,A,AE,OOD,30_13,201,353,0.7767254379659775,0.6699126706489253,0.25825670222051667,12000.0,5.994487762451172,0.6999998092651367,0.0,0.008888888888814228
FL,shadedX,3,A,AE,OOD,30_14,72,243,0.8860310928212162,0.8297389902766746,0.25825670222051667,12000.0,1.9501382112503052,1.399999976158142,0.0,0.18333333333157753
FL,shadedX,3,A,AE,OOD,31_7,227,59,0.8334951093854999,0.958051667231902,,12000.0,0.8329999446868896,0.40000009536743164,0.0,0.5883333333337708
FL,shadedX,3,A,AE,OOD,31_8,179,186,0.873640896257584,0.8949522162186061,,12000.0,1.6670000553131104,0.5999999046325684,17.0,0.0133333333332365
FL,shadedX,3,AE,A,OOD,16_17,62,110,0.8436950146627565,0.7907001367121651,0.2084060214673994,12000.0,4.012842416763306,1.7000001668930054,0.0,0.0033333333331120674
FL,shadedX,3,AE,A,OOD,17_17,60,436,0.8754587155963303,0.5339927554459406,0.7830257529484034,12000.0,3.4698588848114014,1.9499998092651367,0.0,0.003333333333339441
FL,shadedX,3,AE,A,OOD,18_17,42,74,0.8925353925353925,0.8593327443009154,0.2859889626143453,12000.0,2.7622352838516235,2.2000001668930054,0.0,0.027777777777768044
FL,shadedX,3,AE,A,OOD,19_17,326,98,0.771628896957556,0.9150253133449417,0.2859889626143453,12000.0,9.545742988586426,1.6000003814697266,0.0,0.0
FL,shadedX,3,AE,A,OOD,25_17,330,200,0.9058181818181819,0.9469628335402275,0.16729524407643967,12000.0,27.234856605529785,1.0999984741210938,0.0,0.0
FL,shadedX,3,AE,A,OOD,26_14,53,391,0.8308642571056315,0.595664383148608,0.1440938771548217,6000.0,12.819475173950195,2.600000262260437,0.0,0.0
FL,shadedX,3,AE,A,OOD,26_16,498,55,0.8616283315078496,0.9794429433161923,0.2069894435518293,12000.0,20.42094612121582,0.8999996185302734,0.0,0.0
FL,shadedX,3,AE,A,OOD,27_18,130,433,0.7781133416237342,0.6000449472204106,0.03668747818753617,12000.0,2.676913261413574,1.1000001430511475,0.0,0.007777777777852663
FL,shadedX,3,AE,A,OOD,28_12,317,49,0.858366059357497,0.9773745337791859,0.15984675710927612,12000.0,24.21816062927246,1.0,0.0,0.007777777777807188
FL,shadedX,3,AE,A,OOD,28_13,195,138,0.8582683017465625,0.9051581987278741,0.11288208201785273,24000.0,19.225435256958008,1.7000007629394531,0.0,0.03888888888859635
FL,shadedX,3,AE,A,OOD,28_14,69,155,0.9203366058906031,0.9021903229041643,0.2632278699245747,12000.0,4.651289224624634,2.0,0.0,0.004444444444452588
FL,shadedX,3,AE,A,OOD,28_15,574,47,0.7794499221587962,0.9773457372930924,0.16497527655276623,24000.0,6.213963985443115,1.1999998092651367,0.0,0.0
FL,shadedX,3,AE,A,OOD,28_17,51,169,0.8606566887109874,0.7062767519740117,0.22279505208131747,12000.0,2.2716164588928223,1.8499999642372131,0.0,0.020555555554956573
FL,shadedX,3,AE,A,OOD,29_13,298,459,0.7459753476334605,0.6576887665453124,0.25825670222051667,24000.0,5.897425651550293,0.7000002861022949,0.0,0.0
FL,shadedX,3,AE,A,OOD,29_15,229,569,0.9291179653264364,0.8804097864861671,0.16497527655276623,12000.0,1.8149045705795288,1.3000000715255737,0.0,0.0
FL,shadedX,3,AE,A,OOD,30_13,71,412,0.7602557090113498,0.4383073018645888,0.25825670222051667,12000.0,6.029204368591309,0.8000001907348633,3.0,0.007777777777913295
FL,shadedX,3,AE,A,OOD,31_7,103,43,0.9191691126665161,0.9691586637906219,,12000.0,0.785999983549118,0.40000003576278687,0.0,0.391111111111387
FL,shadedX,3,AE,A,OOD,31_8,167,265,0.8977064738447633,0.8703703632127461,,12000.0,1.7440348863601685,0.5999999046325684,20.5,0.01111111111131337
FL,shadedX,3,AE,AE,ID,16_17,141,106,0.8623712029974576,0.9122288768056633,0.2084060214673994,12000.0,3.771265745162964,1.3999996185302734,0.0,0.005555555555444469
FL,shadedX,3,AE,AE,ID,17_17,207,399,0.8928722773116367,0.8149939256766747,0.7830257529484034,12000.0,3.658396363258362,2.1000001430511475,0.0,0.002222222221953446
FL,shadedX,3,AE,AE,ID,18_17,43,63,0.8748615725359911,0.8870743644853512,0.2859889626143453,12000.0,2.3692442178726196,1.9000000953674316,0.0,0.008333333333394078
FL,shadedX,3,AE,AE,ID,19_17,351,104,0.7926528599605523,0.9241570302873741,0.2859889626143453,12000.0,8.76377010345459,1.6000001430511475,0.0,0.0
FL,shadedX,3,AE,AE,ID,25_17,109,155,0.8660550458715597,0.8639431360329204,0.16729524407643967,12000.0,25.82772922515869,1.3999996185302734,0.0,0.0
FL,shadedX,3,AE,AE,ID,26_14,680,290,0.844132860040568,0.9296854820144798,0.1440938771548217,6000.0,11.791487216949463,2.1000003814697266,0.0,0.0011111111110828306
FL,shadedX,3,AE,AE,ID,26_16,200,38,0.8239473684210527,0.9508706967431633,0.2069894435518293,12000.0,19.777634620666504,0.5999999046325684,0.0,0.0022222222221959776
FL,shadedX,3,AE,AE,ID,27_18,118,310,0.6659650082012029,0.4964167224663968,0.03668747818753617,12000.0,2.6823872327804565,1.100000023841858,0.0,0.007222222222220298
FL,shadedX,3,AE,AE,ID,28_12,249,86,0.8480900345568321,0.949713862754465,0.15984675710927612,12000.0,25.201814651489258,1.3999996185302734,0.0,0.006666666666587932
FL,shadedX,3,AE,AE,ID,28_13,686,65,0.8429917021753757,0.9830375158338335,0.11288208201785273,24000.0,17.80158233642578,0.6999998092651367,0.0,0.08222222222222131
FL,shadedX,3,AE,AE,ID,28_14,425,108,0.897930283224401,0.9737804161654259,0.2632278699245747,12000.0,12.5674409866333,0.3000011444091797,0.0,0.2088888888884229
FL,shadedX,3,AE,AE,ID,28_15,392,54,0.75609410430839,0.9585554180081717,0.16497527655276623,24000.0,6.546558618545532,1.0,0.0,0.0
FL,shadedX,3,AE,AE,ID,28_17,58,127,0.8479500407276678,0.7974965424681117,0.22279505208131747,6000.0,2.1987040042877197,1.500000238418579,0.0,0.02111111111063441
FL,shadedX,3,AE,AE,ID,28_8,279,117,0.7821891370278468,0.9062622254808439,0.4495251317805067,12000.0,1.2110499143600464,0.5000002384185791,0.0,0.048888888889145235
FL,shadedX,3,AE,AE,ID,29_13,677,404,0.7268452842330023,0.820079927124244,0.25825670222051667,24000.0,5.961917400360107,0.6999998092651367,0.0,0.0
FL,shadedX,3,AE,AE,ID,29_15,177,438,0.8798725588834714,0.8268390733081926,0.16497527655276623,12000.0,1.8249491453170776,1.2000000476837158,0.0,0.0
FL,shadedX,3,AE,AE,ID,30_13,201,353,0.7771341592321678,0.7016552011457953,0.25825670222051667,12000.0,5.994487762451172,0.6999998092651367,0.0,0.008888888888814228
FL,shadedX,3,AE,AE,ID,30_14,72,243,0.8441358024691358,0.7876077650381136,0.25825670222051667,12000.0,1.9501382112503052,1.399999976158142,0.0,0.18333333333157753
FL,shadedX,3,AE,AE,ID,31_7,227,59,0.9244381393265139,0.981302376598908,,12000.0,0.8329999446868896,0.40000009536743164,0.0,0.5883333333337708
FL,shadedX,3,AE,AE,ID,31_8,179,186,0.8766444404397189,0.8899580564291988,,12000.0,1.6670000553131104,0.5999999046325684,17.0,0.0133333333332365
